/usr/scratch/mont-fort11/pfischill/quatrex/src/qttools/__init__.py:56: UserWarning: 'cupy' is unavailable or not working, defaulting to 'numpy'. (No module named 'cupy')
  warnings.warn(
/usr/scratch/mont-fort11/pfischill/quatrex/src/quatrex/core/config.py:1907: UserWarning: The CPU code will run sequentially which may impact performance.
  warnings.warn(
Max Interaction Cutoff: 10.0
Energy window: 0.0 to 55.0 eV with 181 grid points.
Resolution is 0.305556 eV.
comm.stack size: 1, comm.block size: 1
Each comm.block has 181 grid points.
/usr/scratch/mont-fort11/pfischill/quatrex/src/quatrex/core/statistics.py:42: RuntimeWarning: divide by zero encountered in divide
  return 1 / (xp.exp(energy / (k_B * temperature)) - 1)
SSE band-limit: harmonic band top 46.335 THz (fixed above-band mask)
Max Interaction Cutoff: 10.0
RUN config=/usr/scratch/mont-fort11/pfischill/quatrex/phonon/studies/out/local_mw/L2_plain_fft/quatrex_config.toml phonon=True eta=1e-12 retarded=fft nblk=2 ne=181 bcs=1 qcs=1 nranks=1
Entering SCBA loop...
Iteration 0
SSE band-limit: masking 28 bin(s) above 46.335 THz
[it  0] energy J(local)=[77.6692 77.6692 77.6692]
Maximum Self-Energy Update: 2834.4532721504393
Contact Current Difference: 0.0
Current Conservation abs: 0.5014612767699873
Current Conservation rel: 2.8069520525807314e-06
Phonon: rel Sigma^R residual 1.0000e+00; lead balance 1.1893e-14 (best inf; internal spread 4.3052e-13)
Bubble energy balance: P_in=-5.392502e+04 P_out=-5.392502e+04 resid=2.700e-16
Writing output for iteration 0...
Iteration 1
[it  1] energy J(local)=[52.9312 47.6523 52.9392]
Maximum Self-Energy Update: 485.37228684515696
Contact Current Difference: 0.0
Current Conservation abs: 0.007273033784258587
Current Conservation rel: 1.3937426941178962e-06
Phonon: rel Sigma^R residual 3.1986e+00; lead balance 1.5706e-04 (best inf; internal spread 1.0331e-01)
Bubble energy balance: P_in=-4.762654e+03 P_out=-4.762654e+03 resid=2.882e-16
Writing output for iteration 1...
Iteration 2
[it  2] energy J(local)=[52.5803 48.181  52.5892]
Maximum Self-Energy Update: 388.58907440732946
Contact Current Difference: 0.0
Current Conservation abs: 0.007254841676058277
Current Conservation rel: 1.2080828188292449e-06
Phonon: rel Sigma^R residual 2.6153e+00; lead balance 1.7360e-04 (best inf; internal spread 8.6238e-02)
Bubble energy balance: P_in=-5.181942e+03 P_out=-5.181942e+03 resid=1.259e-16
Writing output for iteration 2...
Iteration 3
[it  3] energy J(local)=[52.3468 48.6556 52.3565]
Maximum Self-Energy Update: 307.8157312196529
Contact Current Difference: 0.0
Current Conservation abs: 0.008032685666876205
Current Conservation rel: 1.4525932719469419e-06
Phonon: rel Sigma^R residual 2.3118e+00; lead balance 1.9035e-04 (best 1.9035e-04; internal spread 7.2397e-02)
Bubble energy balance: P_in=-5.273272e+03 P_out=-5.273272e+03 resid=9.141e-17
Writing output for iteration 3...
Iteration 4
[it  4] energy J(local)=[52.2565 49.1593 52.2669]
Maximum Self-Energy Update: 236.21575288357778
Contact Current Difference: 0.0
Current Conservation abs: 0.009084977827569674
Current Conservation rel: 1.7479519253759882e-06
Phonon: rel Sigma^R residual 1.7078e+00; lead balance 2.0246e-04 (best 1.9035e-04; internal spread 6.0663e-02)
Bubble energy balance: P_in=-5.491571e+03 P_out=-5.491571e+03 resid=3.471e-16
Writing output for iteration 4...
Iteration 5
[it  5] energy J(local)=[52.2127 49.6076 52.2235]
Maximum Self-Energy Update: 171.5397502734193
Contact Current Difference: 0.0
Current Conservation abs: 0.009886401623134589
Current Conservation rel: 1.634868047780346e-06
Phonon: rel Sigma^R residual 1.0600e+00; lead balance 2.1027e-04 (best 1.9035e-04; internal spread 5.0944e-02)
Bubble energy balance: P_in=-6.066416e+03 P_out=-6.066416e+03 resid=8.984e-17
Writing output for iteration 5...
Iteration 6
[it  6] energy J(local)=[52.1147 49.8921 52.1256]
Maximum Self-Energy Update: 132.84634809450412
Contact Current Difference: 0.0
Current Conservation abs: 0.010447566215589177
Current Conservation rel: 1.5590079118165963e-06
Phonon: rel Sigma^R residual 7.3993e-01; lead balance 2.1189e-04 (best 1.9035e-04; internal spread 4.3471e-02)
Bubble energy balance: P_in=-6.308148e+03 P_out=-6.308148e+03 resid=8.370e-17
Writing output for iteration 6...
Iteration 7
[it  7] energy J(local)=[51.9623 50.0203 51.9731]
Maximum Self-Energy Update: 94.95057735312642
Contact Current Difference: 0.0
Current Conservation abs: 0.011029439737740176
Current Conservation rel: 1.4071148977407352e-06
Phonon: rel Sigma^R residual 5.0510e-01; lead balance 2.0987e-04 (best 1.9035e-04; internal spread 3.8051e-02)
Bubble energy balance: P_in=-6.726553e+03 P_out=-6.726553e+03 resid=1.385e-16
Writing output for iteration 7...
Iteration 8
[it  8] energy J(local)=[51.7266 49.9754 51.7369]
Maximum Self-Energy Update: 73.6794733053207
Contact Current Difference: 0.0
Current Conservation abs: 0.011707394001859939
Current Conservation rel: 1.2672152377511867e-06
Phonon: rel Sigma^R residual 3.4968e-01; lead balance 2.0171e-04 (best 1.9035e-04; internal spread 3.4439e-02)
Bubble energy balance: P_in=-7.282125e+03 P_out=-7.282125e+03 resid=7.822e-17
Writing output for iteration 8...
Iteration 9
[it  9] energy J(local)=[51.4397 49.8064 51.4493]
Maximum Self-Energy Update: 56.98406591967969
Contact Current Difference: 0.0
Current Conservation abs: 0.012375059414807765
Current Conservation rel: 1.1588652279280622e-06
Phonon: rel Sigma^R residual 2.4337e-01; lead balance 1.8868e-04 (best 1.8868e-04; internal spread 3.2277e-02)
Bubble energy balance: P_in=-7.866949e+03 P_out=-7.866949e+03 resid=3.984e-18
Writing output for iteration 9...
Iteration 10
[it 10] energy J(local)=[51.1224 49.5484 51.1312]
Maximum Self-Energy Update: 53.75922291063446
Contact Current Difference: 0.0
Current Conservation abs: 0.013039014534115267
Current Conservation rel: 1.0726793495496876e-06
Phonon: rel Sigma^R residual 2.1379e-01; lead balance 1.7386e-04 (best 1.7386e-04; internal spread 3.1281e-02)
Bubble energy balance: P_in=-8.460626e+03 P_out=-8.460626e+03 resid=1.149e-16
Writing output for iteration 10...
Iteration 11
[it 11] energy J(local)=[50.7736 49.2052 50.7816]
Maximum Self-Energy Update: 45.240423544075085
Contact Current Difference: 0.0
Current Conservation abs: 0.013609999763502856
Current Conservation rel: 1.041406855794438e-06
Phonon: rel Sigma^R residual 1.7753e-01; lead balance 1.5891e-04 (best 1.5891e-04; internal spread 3.1369e-02)
Bubble energy balance: P_in=-8.888426e+03 P_out=-8.888426e+03 resid=1.116e-16
Writing output for iteration 11...
Iteration 12
[it 12] energy J(local)=[50.4221 48.8151 50.4294]
Maximum Self-Energy Update: 37.51282138190104
Contact Current Difference: 0.0
Current Conservation abs: 0.013864717976503016
Current Conservation rel: 1.0465439396430012e-06
Phonon: rel Sigma^R residual 1.5497e-01; lead balance 1.4639e-04 (best 1.4639e-04; internal spread 3.2358e-02)
Bubble energy balance: P_in=-9.124325e+03 P_out=-9.124325e+03 resid=1.109e-16
Writing output for iteration 12...
Iteration 13
[it 13] energy J(local)=[50.1104 48.431  50.1174]
Maximum Self-Energy Update: 47.53221310822845
Contact Current Difference: 0.0
Current Conservation abs: 0.014170096033012669
Current Conservation rel: 9.931104295657383e-07
Phonon: rel Sigma^R residual 1.9649e-01; lead balance 1.4215e-04 (best 1.4215e-04; internal spread 3.4033e-02)
Bubble energy balance: P_in=-9.705288e+03 P_out=-9.705288e+03 resid=9.451e-17
Writing output for iteration 13...
Iteration 14
[it 14] energy J(local)=[49.7842 47.9783 49.7916]
Maximum Self-Energy Update: 75.81711314165109
Contact Current Difference: 0.0
Current Conservation abs: 0.014954772088458412
Current Conservation rel: 9.035886134104984e-07
Phonon: rel Sigma^R residual 2.9143e-01; lead balance 1.5025e-04 (best 1.4215e-04; internal spread 3.6867e-02)
Bubble energy balance: P_in=-1.083883e+04 P_out=-1.083883e+04 resid=8.436e-17
Writing output for iteration 14...
Iteration 15
[it 15] energy J(local)=[49.3658 47.3407 49.3734]
Maximum Self-Energy Update: 87.1023946646565
Contact Current Difference: 0.0
Current Conservation abs: 0.015007635569418198
Current Conservation rel: 8.829886600531754e-07
Phonon: rel Sigma^R residual 3.4529e-01; lead balance 1.5664e-04 (best 1.4215e-04; internal spread 4.1746e-02)
Bubble energy balance: P_in=-1.138237e+04 P_out=-1.138237e+04 resid=7.993e-17
Writing output for iteration 15...
Iteration 16
[it 16] energy J(local)=[49.0017 46.7433 49.0084]
Maximum Self-Energy Update: 57.37795773858219
Contact Current Difference: 0.0
Current Conservation abs: 0.013263104709039908
Current Conservation rel: 9.361614872864982e-07
Phonon: rel Sigma^R residual 2.2173e-01; lead balance 1.3929e-04 (best 1.3929e-04; internal spread 4.6945e-02)
Bubble energy balance: P_in=-1.025123e+04 P_out=-1.025123e+04 resid=9.175e-17
Writing output for iteration 16...
Iteration 17
[it 17] energy J(local)=[48.8132 46.464  48.8196]
Maximum Self-Energy Update: 38.19954099507616
Contact Current Difference: 0.0
Current Conservation abs: 0.013063389036688022
Current Conservation rel: 9.512954351873687e-07
Phonon: rel Sigma^R residual 1.4025e-01; lead balance 1.3379e-04 (best 1.3379e-04; internal spread 4.9043e-02)
Bubble energy balance: P_in=-9.935554e+03 P_out=-9.935554e+03 resid=3.661e-17
Writing output for iteration 17...
Iteration 18
[it 18] energy J(local)=[48.6604 46.2691 48.6666]
Maximum Self-Energy Update: 31.16020368187771
Contact Current Difference: 0.0
Current Conservation abs: 0.012988344042241806
Current Conservation rel: 9.773909828187866e-07
Phonon: rel Sigma^R residual 1.1652e-01; lead balance 1.2884e-04 (best 1.2884e-04; internal spread 5.0089e-02)
Bubble energy balance: P_in=-9.750181e+03 P_out=-9.750181e+03 resid=9.696e-17
Writing output for iteration 18...
Iteration 19
[it 19] energy J(local)=[48.5466 46.1266 48.5525]
Maximum Self-Energy Update: 25.928864898900454
Contact Current Difference: 0.0
Current Conservation abs: 0.01294881910962431
Current Conservation rel: 9.934162110742076e-07
Phonon: rel Sigma^R residual 9.9382e-02; lead balance 1.2337e-04 (best 1.2337e-04; internal spread 5.0811e-02)
Bubble energy balance: P_in=-9.665117e+03 P_out=-9.665117e+03 resid=9.147e-17
Writing output for iteration 19...
Iteration 20
[it 20] energy J(local)=[48.4569 46.0121 48.4625]
Maximum Self-Energy Update: 22.69452363450271
Contact Current Difference: 0.0
Current Conservation abs: 0.012910986630231491
Current Conservation rel: 1.002768784770462e-06
Phonon: rel Sigma^R residual 8.8951e-02; lead balance 1.1711e-04 (best 1.1711e-04; internal spread 5.1431e-02)
Bubble energy balance: P_in=-9.626841e+03 P_out=-9.626841e+03 resid=1.056e-16
Writing output for iteration 20...
Iteration 21
[it 21] energy J(local)=[48.3826 45.9137 48.3879]
Maximum Self-Energy Update: 19.505026028069047
Contact Current Difference: 0.0
Current Conservation abs: 0.01287711626446253
Current Conservation rel: 1.0057190464482365e-06
Phonon: rel Sigma^R residual 7.7888e-02; lead balance 1.1038e-04 (best 1.1038e-04; internal spread 5.2021e-02)
Bubble energy balance: P_in=-9.629782e+03 P_out=-9.629782e+03 resid=1.911e-16
Writing output for iteration 21...
Iteration 22
[it 22] energy J(local)=[48.3163 45.8217 48.3212]
Maximum Self-Energy Update: 17.898767627196005
Contact Current Difference: 0.0
Current Conservation abs: 0.012845874346567143
Current Conservation rel: 1.0035186534592098e-06
Phonon: rel Sigma^R residual 7.2621e-02; lead balance 1.0354e-04 (best 1.0354e-04; internal spread 5.2637e-02)
Bubble energy balance: P_in=-9.666476e+03 P_out=-9.666476e+03 resid=3.164e-17
Writing output for iteration 22...
Iteration 23
[it 23] energy J(local)=[48.2525 45.729  48.2571]
Maximum Self-Energy Update: 19.66073988810853
Contact Current Difference: 0.0
Current Conservation abs: 0.012815399482860812
Current Conservation rel: 9.970043611705037e-07
Phonon: rel Sigma^R residual 8.0921e-02; lead balance 9.6944e-05 (best 9.6944e-05; internal spread 5.3321e-02)
Bubble energy balance: P_in=-9.732545e+03 P_out=-9.732545e+03 resid=1.926e-16
Writing output for iteration 23...
Iteration 24
[it 24] energy J(local)=[48.187  45.6298 48.1913]
Maximum Self-Energy Update: 22.480922856237793
Contact Current Difference: 0.0
Current Conservation abs: 0.012783337075234158
Current Conservation rel: 9.86695843065092e-07
Phonon: rel Sigma^R residual 9.1539e-02; lead balance 9.0972e-05 (best 9.0972e-05; internal spread 5.4113e-02)
Bubble energy balance: P_in=-9.826299e+03 P_out=-9.826299e+03 resid=9.516e-17
Writing output for iteration 24...
Iteration 25
[it 25] energy J(local)=[48.1171 45.5199 48.1212]
Maximum Self-Energy Update: 26.530859188491082
Contact Current Difference: 0.0
Current Conservation abs: 0.012748656972689787
Current Conservation rel: 9.727112287134443e-07
Phonon: rel Sigma^R residual 1.0706e-01; lead balance 8.6051e-05 (best 8.6051e-05; internal spread 5.5050e-02)
Bubble energy balance: P_in=-9.950391e+03 P_out=-9.950391e+03 resid=1.014e-16
Writing output for iteration 25...
Iteration 26
[it 26] energy J(local)=[48.0408 45.3955 48.0447]
Maximum Self-Energy Update: 32.43016181904452
Contact Current Difference: 0.0
Current Conservation abs: 0.012713146667010733
Current Conservation rel: 9.546207154076448e-07
Phonon: rel Sigma^R residual 1.2993e-01; lead balance 8.2757e-05 (best 8.2757e-05; internal spread 5.6173e-02)
Bubble energy balance: P_in=-1.011437e+04 P_out=-1.011437e+04 resid=9.275e-17
Writing output for iteration 26...
Iteration 27
[it 27] energy J(local)=[47.9564 45.2527 47.9603]
Maximum Self-Energy Update: 41.3453444087974
Contact Current Difference: 0.0
Current Conservation abs: 0.012681812567279849
Current Conservation rel: 9.307605097423592e-07
Phonon: rel Sigma^R residual 1.6457e-01; lead balance 8.1918e-05 (best 8.1918e-05; internal spread 5.7539e-02)
Bubble energy balance: P_in=-1.034102e+04 P_out=-1.034102e+04 resid=9.018e-17
Writing output for iteration 27...
Iteration 28
[it 28] energy J(local)=[47.8632 45.0873 47.8672]
Maximum Self-Energy Update: 55.51355394174792
Contact Current Difference: 0.0
Current Conservation abs: 0.012655327685024531
Current Conservation rel: 8.959224658770551e-07
Phonon: rel Sigma^R residual 2.1895e-01; lead balance 8.4618e-05 (best 8.1918e-05; internal spread 5.9224e-02)
Bubble energy balance: P_in=-1.068234e+04 P_out=-1.068234e+04 resid=1.381e-17
Writing output for iteration 28...
Iteration 29
[it 29] energy J(local)=[47.7617 44.8958 47.766 ]
Maximum Self-Energy Update: 79.2371713205121
Contact Current Difference: 0.0
Current Conservation abs: 0.012582128954818472
Current Conservation rel: 8.343746406588556e-07
Phonon: rel Sigma^R residual 3.0629e-01; lead balance 9.1528e-05 (best 8.1918e-05; internal spread 6.1319e-02)
Bubble energy balance: P_in=-1.126082e+04 P_out=-1.126082e+04 resid=1.646e-16
Writing output for iteration 29...
Iteration 30
[it 30] energy J(local)=[47.6568 44.6814 47.6614]
Maximum Self-Energy Update: 118.07128586759767
Contact Current Difference: 0.0
Current Conservation abs: 0.01212934052455239
Current Conservation rel: 7.062634204486425e-07
Phonon: rel Sigma^R residual 3.8091e-01; lead balance 9.9591e-05 (best 8.1918e-05; internal spread 6.3857e-02)
Bubble energy balance: P_in=-1.234740e+04 P_out=-1.234740e+04 resid=7.389e-17
Writing output for iteration 30...
Iteration 31
[it 31] energy J(local)=[47.5544 44.4631 47.5594]
Maximum Self-Energy Update: 152.64626438254058
Contact Current Difference: 0.0
Current Conservation abs: 0.01018824965103704
Current Conservation rel: 4.868844593763881e-07
Phonon: rel Sigma^R residual 4.1913e-01; lead balance 1.0833e-04 (best 8.1918e-05; internal spread 6.6551e-02)
Bubble energy balance: P_in=-1.399265e+04 P_out=-1.399265e+04 resid=4.655e-17
Writing output for iteration 31...
Iteration 32
[it 32] energy J(local)=[47.4294 44.2492 47.4382]
Maximum Self-Energy Update: 135.14599853095592
Contact Current Difference: 0.0
Current Conservation abs: 0.017519699531476363
Current Conservation rel: 8.126273890044827e-07
Phonon: rel Sigma^R residual 3.8440e-01; lead balance 1.8982e-04 (best 8.1918e-05; internal spread 6.8770e-02)
Bubble energy balance: P_in=-1.409250e+04 P_out=-1.409250e+04 resid=6.180e-18
Writing output for iteration 32...
Iteration 33
[it 33] energy J(local)=[47.2086 43.9527 47.2159]
Maximum Self-Energy Update: 193.7672852781141
Contact Current Difference: 0.0
Current Conservation abs: 0.013760636331426213
Current Conservation rel: 6.352307270542797e-07
Phonon: rel Sigma^R residual 5.6829e-01; lead balance 1.5796e-04 (best 8.1918e-05; internal spread 7.0745e-02)
Bubble energy balance: P_in=-1.408831e+04 P_out=-1.408831e+04 resid=9.119e-17
Writing output for iteration 33...
Iteration 34
[it 34] energy J(local)=[46.9702 43.64   46.9739]
Maximum Self-Energy Update: 223.88623219573986
Contact Current Difference: 0.0
Current Conservation abs: 0.01241340043816308
Current Conservation rel: 6.548736049928606e-07
Phonon: rel Sigma^R residual 5.4640e-01; lead balance 8.0809e-05 (best 8.0809e-05; internal spread 7.2696e-02)
Bubble energy balance: P_in=-1.346265e+04 P_out=-1.346265e+04 resid=1.351e-16
Writing output for iteration 34...
Iteration 35
[it 35] energy J(local)=[46.951  43.5895 46.9562]
Maximum Self-Energy Update: 240.9058390316728
Contact Current Difference: 0.0
Current Conservation abs: 0.016074329734692583
Current Conservation rel: 6.59939818753324e-07
Phonon: rel Sigma^R residual 5.1220e-01; lead balance 1.1399e-04 (best 8.0809e-05; internal spread 7.3458e-02)
Bubble energy balance: P_in=-1.563827e+04 P_out=-1.563827e+04 resid=4.570e-17
Writing output for iteration 35...
Iteration 36
[it 36] energy J(local)=[47.0366 43.6666 47.0411]
Maximum Self-Energy Update: 69.34331356749811
Contact Current Difference: 0.0
Current Conservation abs: 0.017065932197510847
Current Conservation rel: 9.037002684830446e-07
Phonon: rel Sigma^R residual 2.1175e-01; lead balance 9.8654e-05 (best 8.0809e-05; internal spread 7.3495e-02)
Bubble energy balance: P_in=-1.369047e+04 P_out=-1.369047e+04 resid=7.762e-17
Writing output for iteration 36...
Iteration 37
[it 37] energy J(local)=[47.0193 43.665  47.0229]
Maximum Self-Energy Update: 52.68169257772738
Contact Current Difference: 0.0
Current Conservation abs: 0.012468499597162008
Current Conservation rel: 6.28360326304538e-07
Phonon: rel Sigma^R residual 1.8325e-01; lead balance 7.8869e-05 (best 7.8869e-05; internal spread 7.3152e-02)
Bubble energy balance: P_in=-1.389947e+04 P_out=-1.389947e+04 resid=3.720e-17
Writing output for iteration 37...
Iteration 38
[it 38] energy J(local)=[46.895  43.5353 46.8976]
Maximum Self-Energy Update: 65.84079083322797
Contact Current Difference: 0.0
Current Conservation abs: 0.012411848376359558
Current Conservation rel: 5.785457181053519e-07
Phonon: rel Sigma^R residual 2.2439e-01; lead balance 5.8758e-05 (best 5.8758e-05; internal spread 7.3453e-02)
Bubble energy balance: P_in=-1.455608e+04 P_out=-1.455608e+04 resid=6.915e-17
Writing output for iteration 38...
Iteration 39
[it 39] energy J(local)=[46.7274 43.346  46.7295]
Maximum Self-Energy Update: 40.69643882947247
Contact Current Difference: 0.0
Current Conservation abs: 0.01246226664079586
Current Conservation rel: 5.976943458547477e-07
Phonon: rel Sigma^R residual 1.3609e-01; lead balance 4.5466e-05 (best 4.5466e-05; internal spread 7.4199e-02)
Bubble energy balance: P_in=-1.454431e+04 P_out=-1.454431e+04 resid=1.297e-16
Writing output for iteration 39...
Iteration 40
[it 40] energy J(local)=[46.616  43.1994 46.6178]
Maximum Self-Energy Update: 48.25552640513523
Contact Current Difference: 0.0
Current Conservation abs: 0.012298475792704266
Current Conservation rel: 5.388800629142832e-07
Phonon: rel Sigma^R residual 1.4898e-01; lead balance 4.0858e-05 (best 4.0858e-05; internal spread 7.5166e-02)
Bubble energy balance: P_in=-1.546380e+04 P_out=-1.546380e+04 resid=6.057e-17
Writing output for iteration 40...
Iteration 41
[it 41] energy J(local)=[46.484  42.9916 46.4858]
Maximum Self-Energy Update: 84.52041555281066
Contact Current Difference: 0.0
Current Conservation abs: 0.01223459244647529
Current Conservation rel: 4.6026596184420337e-07
Phonon: rel Sigma^R residual 2.2639e-01; lead balance 4.0038e-05 (best 4.0038e-05; internal spread 7.7101e-02)
Bubble energy balance: P_in=-1.701788e+04 P_out=-1.701788e+04 resid=1.070e-16
Writing output for iteration 41...
Iteration 42
[it 42] energy J(local)=[46.2789 42.6638 46.2811]
Maximum Self-Energy Update: 34.38548462292112
Contact Current Difference: 0.0
Current Conservation abs: 0.01255099418995087
Current Conservation rel: 6.58879135740655e-07
Phonon: rel Sigma^R residual 1.0344e-01; lead balance 4.8645e-05 (best 4.0038e-05; internal spread 8.0252e-02)
Bubble energy balance: P_in=-1.390921e+04 P_out=-1.390921e+04 resid=7.434e-17
Writing output for iteration 42...
Iteration 43
[it 43] energy J(local)=[46.2732 42.6547 46.2753]
Maximum Self-Energy Update: 39.214940472842656
Contact Current Difference: 0.0
Current Conservation abs: 0.01286269630145398
Current Conservation rel: 6.047340596788607e-07
Phonon: rel Sigma^R residual 1.1229e-01; lead balance 4.8549e-05 (best 4.0038e-05; internal spread 8.0339e-02)
Bubble energy balance: P_in=-1.498171e+04 P_out=-1.498171e+04 resid=6.930e-17
Writing output for iteration 43...
Iteration 44
[it 44] energy J(local)=[46.1905 42.5372 46.1926]
Maximum Self-Energy Update: 31.86020687967391
Contact Current Difference: 0.0
Current Conservation abs: 0.012987395542950253
Current Conservation rel: 6.223272310166306e-07
Phonon: rel Sigma^R residual 9.1555e-02; lead balance 4.7813e-05 (best 4.0038e-05; internal spread 8.1281e-02)
Bubble energy balance: P_in=-1.490561e+04 P_out=-1.490561e+04 resid=1.265e-16
Writing output for iteration 44...
Iteration 45
[it 45] energy J(local)=[46.1137 42.4284 46.1158]
Maximum Self-Energy Update: 33.030943462569155
Contact Current Difference: 0.0
Current Conservation abs: 0.013137732059476548
Current Conservation rel: 6.099957614750515e-07
Phonon: rel Sigma^R residual 9.2952e-02; lead balance 4.7260e-05 (best 4.0038e-05; internal spread 8.2149e-02)
Bubble energy balance: P_in=-1.530138e+04 P_out=-1.530138e+04 resid=2.270e-17
Writing output for iteration 45...
Iteration 46
[it 46] energy J(local)=[46.0081 42.2772 46.0102]
Maximum Self-Energy Update: 35.48235336101561
Contact Current Difference: 0.0
Current Conservation abs: 0.013263887685752707
Current Conservation rel: 5.952700956754395e-07
Phonon: rel Sigma^R residual 9.7376e-02; lead balance 4.6941e-05 (best 4.0038e-05; internal spread 8.3392e-02)
Bubble energy balance: P_in=-1.573715e+04 P_out=-1.573715e+04 resid=1.159e-16
Writing output for iteration 46...
Iteration 47
[it 47] energy J(local)=[45.8745 42.0815 45.8766]
Maximum Self-Energy Update: 46.345958081681964
Contact Current Difference: 0.0
Current Conservation abs: 0.013278779049869627
Current Conservation rel: 5.489873735388952e-07
Phonon: rel Sigma^R residual 1.2088e-01; lead balance 4.6292e-05 (best 4.0038e-05; internal spread 8.5071e-02)
Bubble energy balance: P_in=-1.662321e+04 P_out=-1.662321e+04 resid=1.094e-16
Writing output for iteration 47...
Iteration 48
[it 48] energy J(local)=[45.6966 41.8162 45.6985]
Maximum Self-Energy Update: 75.31881793769041
Contact Current Difference: 0.0
Current Conservation abs: 0.012505191431046114
Current Conservation rel: 4.271258542392336e-07
Phonon: rel Sigma^R residual 1.7864e-01; lead balance 4.2476e-05 (best 4.0038e-05; internal spread 8.7431e-02)
Bubble energy balance: P_in=-1.850478e+04 P_out=-1.850478e+04 resid=9.887e-17
Writing output for iteration 48...
Iteration 49
[it 49] energy J(local)=[45.4789 41.4941 45.4815]
Maximum Self-Energy Update: 69.1055070652064
Contact Current Difference: 0.0
Current Conservation abs: 0.011043152502679732
Current Conservation rel: 3.501897427523707e-07
Phonon: rel Sigma^R residual 1.6073e-01; lead balance 5.6945e-05 (best 4.0038e-05; internal spread 9.0310e-02)
Bubble energy balance: P_in=-1.916467e+04 P_out=-1.916467e+04 resid=9.774e-17
Writing output for iteration 49...
Iteration 50
[it 50] energy J(local)=[45.2598 41.2143 45.2635]
Maximum Self-Energy Update: 43.13191551389074
Contact Current Difference: 0.0
Current Conservation abs: 0.013762416923782439
Current Conservation rel: 5.124122312972108e-07
Phonon: rel Sigma^R residual 1.1417e-01; lead balance 8.4002e-05 (best 4.0038e-05; internal spread 9.2212e-02)
Bubble energy balance: P_in=-1.741335e+04 P_out=-1.741335e+04 resid=1.084e-16
Writing output for iteration 50...
Iteration 51
[it 51] energy J(local)=[45.1322 41.0925 45.1351]
Maximum Self-Energy Update: 30.290530986030717
Contact Current Difference: 0.0
Current Conservation abs: 0.013424256949292612
Current Conservation rel: 5.003169439351351e-07
Phonon: rel Sigma^R residual 8.0681e-02; lead balance 6.5259e-05 (best 4.0038e-05; internal spread 9.2324e-02)
Bubble energy balance: P_in=-1.744917e+04 P_out=-1.744917e+04 resid=1.043e-16
Writing output for iteration 51...
Iteration 52
[it 52] energy J(local)=[45.0309 40.9913 45.0334]
Maximum Self-Energy Update: 25.745485378118723
Contact Current Difference: 0.0
Current Conservation abs: 0.013209096694481559
Current Conservation rel: 4.932185502632633e-07
Phonon: rel Sigma^R residual 6.8810e-02; lead balance 5.7369e-05 (best 4.0038e-05; internal spread 9.2528e-02)
Bubble energy balance: P_in=-1.741034e+04 P_out=-1.741034e+04 resid=1.047e-16
Writing output for iteration 52...
Iteration 53
[it 53] energy J(local)=[44.9449 40.9064 44.9473]
Maximum Self-Energy Update: 25.06467783448986
Contact Current Difference: 0.0
Current Conservation abs: 0.013069243310383172
Current Conservation rel: 4.84770943323944e-07
Phonon: rel Sigma^R residual 6.6571e-02; lead balance 5.5659e-05 (best 4.0038e-05; internal spread 9.2683e-02)
Bubble energy balance: P_in=-1.745783e+04 P_out=-1.745783e+04 resid=3.252e-17
Writing output for iteration 53...
Iteration 54
[it 54] energy J(local)=[44.8654 40.8263 44.8679]
Maximum Self-Energy Update: 31.90275246728488
Contact Current Difference: 0.0
Current Conservation abs: 0.012964484963958967
Current Conservation rel: 4.778902157589336e-07
Phonon: rel Sigma^R residual 8.3952e-02; lead balance 5.7280e-05 (best 4.0038e-05; internal spread 9.2867e-02)
Bubble energy balance: P_in=-1.750034e+04 P_out=-1.750034e+04 resid=1.099e-16
Writing output for iteration 54...
Iteration 55
[it 55] energy J(local)=[44.7906 40.7495 44.7933]
Maximum Self-Energy Update: 36.73946991748087
Contact Current Difference: 0.0
Current Conservation abs: 0.01287167249211052
Current Conservation rel: 4.7258398582751145e-07
Phonon: rel Sigma^R residual 9.5551e-02; lead balance 6.0798e-05 (best 4.0038e-05; internal spread 9.3079e-02)
Bubble energy balance: P_in=-1.752644e+04 P_out=-1.752644e+04 resid=1.060e-16
Writing output for iteration 55...
Iteration 56
[it 56] energy J(local)=[44.7213 40.677  44.7241]
Maximum Self-Energy Update: 38.02533975682931
Contact Current Difference: 0.0
Current Conservation abs: 0.012798010677215643
Current Conservation rel: 4.6967784173900465e-07
Phonon: rel Sigma^R residual 9.7526e-02; lead balance 6.5598e-05 (best 4.0038e-05; internal spread 9.3308e-02)
Bubble energy balance: P_in=-1.752631e+04 P_out=-1.752631e+04 resid=1.038e-16
Writing output for iteration 56...
Iteration 57
[it 57] energy J(local)=[44.6591 40.6113 44.6622]
Maximum Self-Energy Update: 35.40862728701531
Contact Current Difference: 0.0
Current Conservation abs: 0.01276304400562367
Current Conservation rel: 4.692145981583076e-07
Phonon: rel Sigma^R residual 8.9344e-02; lead balance 7.1296e-05 (best 4.0038e-05; internal spread 9.3532e-02)
Bubble energy balance: P_in=-1.751284e+04 P_out=-1.751284e+04 resid=1.040e-16
Writing output for iteration 57...
Iteration 58
[it 58] energy J(local)=[44.6051 40.5534 44.6084]
Maximum Self-Energy Update: 30.18834362132048
Contact Current Difference: 0.0
Current Conservation abs: 0.012770594581525074
Current Conservation rel: 4.7031709526800153e-07
Phonon: rel Sigma^R residual 7.4782e-02; lead balance 7.7479e-05 (best 4.0038e-05; internal spread 9.3746e-02)
Bubble energy balance: P_in=-1.750355e+04 P_out=-1.750355e+04 resid=1.050e-16
Writing output for iteration 58...
Iteration 59
[it 59] energy J(local)=[44.5579 40.5018 44.5615]
Maximum Self-Energy Update: 25.079308466487653
Contact Current Difference: 0.0
Current Conservation abs: 0.01280704790042364
Current Conservation rel: 4.7207160178846655e-07
Phonon: rel Sigma^R residual 6.0926e-02; lead balance 8.3756e-05 (best 4.0038e-05; internal spread 9.3959e-02)
Bubble energy balance: P_in=-1.750376e+04 P_out=-1.750376e+04 resid=2.105e-16
Writing output for iteration 59...
Iteration 60
[it 60] energy J(local)=[44.5157 40.4543 44.5195]
Maximum Self-Energy Update: 28.46427926921727
Contact Current Difference: 0.0
Current Conservation abs: 0.01285847756844305
Current Conservation rel: 4.741191601103223e-07
Phonon: rel Sigma^R residual 6.7802e-02; lead balance 8.9865e-05 (best 4.0038e-05; internal spread 9.4182e-02)
Bubble energy balance: P_in=-1.750888e+04 P_out=-1.750888e+04 resid=1.052e-16
Writing output for iteration 60...
Iteration 61
[it 61] energy J(local)=[44.4767 40.4092 44.4809]
Maximum Self-Energy Update: 31.224685951757692
Contact Current Difference: 0.0
Current Conservation abs: 0.012917429818116943
Current Conservation rel: 4.7647373520864944e-07
Phonon: rel Sigma^R residual 7.2952e-02; lead balance 9.5651e-05 (best 4.0038e-05; internal spread 9.4421e-02)
Bubble energy balance: P_in=-1.751305e+04 P_out=-1.751305e+04 resid=1.341e-17
Writing output for iteration 61...
Iteration 62
[it 62] energy J(local)=[44.4402 40.3658 44.4446]
Maximum Self-Energy Update: 33.378207989979764
Contact Current Difference: 0.0
Current Conservation abs: 0.012979314335098024
Current Conservation rel: 4.791928794326758e-07
Phonon: rel Sigma^R residual 7.6534e-02; lead balance 1.0098e-04 (best 4.0038e-05; internal spread 9.4672e-02)
Bubble energy balance: P_in=-1.751229e+04 P_out=-1.751229e+04 resid=1.039e-16
Writing output for iteration 62...
Iteration 63
[it 63] energy J(local)=[44.4059 40.324  44.4104]
Maximum Self-Energy Update: 35.00277688962579
Contact Current Difference: 0.0
Current Conservation abs: 0.013038760391282267
Current Conservation rel: 4.822007968154873e-07
Phonon: rel Sigma^R residual 7.8817e-02; lead balance 1.0572e-04 (best 4.0038e-05; internal spread 9.4929e-02)
Bubble energy balance: P_in=-1.750481e+04 P_out=-1.750481e+04 resid=2.099e-16
Writing output for iteration 63...
Iteration 64
[it 64] energy J(local)=[44.3737 40.2844 44.3785]
Maximum Self-Energy Update: 36.18255236653705
Contact Current Difference: 0.0
Current Conservation abs: 0.013089560643493314
Current Conservation rel: 4.852804419188944e-07
Phonon: rel Sigma^R residual 8.0063e-02; lead balance 1.0972e-04 (best 4.0038e-05; internal spread 9.5185e-02)
Bubble energy balance: P_in=-1.749078e+04 P_out=-1.749078e+04 resid=4.612e-18
Writing output for iteration 64...
Iteration 65
[it 65] energy J(local)=[44.3441 40.2473 44.3489]
Maximum Self-Energy Update: 36.972489588117796
Contact Current Difference: 0.0
Current Conservation abs: 0.0131269127032283
Current Conservation rel: 4.881811916782492e-07
Phonon: rel Sigma^R residual 8.0451e-02; lead balance 1.1291e-04 (best 4.0038e-05; internal spread 9.5432e-02)
Bubble energy balance: P_in=-1.747166e+04 P_out=-1.747166e+04 resid=2.092e-16
Writing output for iteration 65...
Iteration 66
[it 66] energy J(local)=[44.3171 40.2131 44.322 ]
Maximum Self-Energy Update: 37.37961431172985
Contact Current Difference: 0.0
Current Conservation abs: 0.013149244854503195
Current Conservation rel: 4.907442408067631e-07
Phonon: rel Sigma^R residual 8.0050e-02; lead balance 1.1531e-04 (best 4.0038e-05; internal spread 9.5666e-02)
Bubble energy balance: P_in=-1.744905e+04 P_out=-1.744905e+04 resid=1.117e-16
Writing output for iteration 66...
Iteration 67
[it 67] energy J(local)=[44.2928 40.182  44.2978]
Maximum Self-Energy Update: 37.365956594149836
Contact Current Difference: 0.0
Current Conservation abs: 0.013158048075638362
Current Conservation rel: 4.92953478593412e-07
Phonon: rel Sigma^R residual 7.8835e-02; lead balance 1.1700e-04 (best 4.0038e-05; internal spread 9.5886e-02)
Bubble energy balance: P_in=-1.742379e+04 P_out=-1.742379e+04 resid=1.055e-16
Writing output for iteration 67...
Iteration 68
[it 68] energy J(local)=[44.2712 40.1539 44.2763]
Maximum Self-Energy Update: 36.86926343287901
Contact Current Difference: 0.0
Current Conservation abs: 0.01315629375858407
Current Conservation rel: 4.948983383049917e-07
Phonon: rel Sigma^R residual 7.6731e-02; lead balance 1.1807e-04 (best 4.0038e-05; internal spread 9.6091e-02)
Bubble energy balance: P_in=-1.739574e+04 P_out=-1.739574e+04 resid=5.467e-17
Writing output for iteration 68...
Iteration 69
[it 69] energy J(local)=[44.2522 40.1289 44.2573]
Maximum Self-Energy Update: 35.82864116795438
Contact Current Difference: 0.0
Current Conservation abs: 0.013146882038199692
Current Conservation rel: 4.967023908001296e-07
Phonon: rel Sigma^R residual 7.3663e-02; lead balance 1.1863e-04 (best 4.0038e-05; internal spread 9.6281e-02)
Bubble energy balance: P_in=-1.736420e+04 P_out=-1.736420e+04 resid=1.048e-16
Writing output for iteration 69...
Iteration 70
[it 70] energy J(local)=[44.2358 40.1068 44.2409]
Maximum Self-Energy Update: 34.205193810568225
Contact Current Difference: 0.0
Current Conservation abs: 0.01313187387859216
Current Conservation rel: 4.984679172206365e-07
Phonon: rel Sigma^R residual 6.9596e-02; lead balance 1.1880e-04 (best 4.0038e-05; internal spread 9.6454e-02)
Bubble energy balance: P_in=-1.732848e+04 P_out=-1.732848e+04 resid=5.426e-18
Writing output for iteration 70...
Iteration 71
[it 71] energy J(local)=[44.2219 40.0878 44.227 ]
Maximum Self-Energy Update: 31.99547393689578
Contact Current Difference: 0.0
Current Conservation abs: 0.013112400129102753
Current Conservation rel: 5.002495158025756e-07
Phonon: rel Sigma^R residual 6.4548e-02; lead balance 1.1864e-04 (best 4.0038e-05; internal spread 9.6608e-02)
Bubble energy balance: P_in=-1.728833e+04 P_out=-1.728833e+04 resid=1.055e-16
Writing output for iteration 71...
Iteration 72
[it 72] energy J(local)=[44.2107 40.072  44.2158]
Maximum Self-Energy Update: 29.238993748001914
Contact Current Difference: 0.0
Current Conservation abs: 0.013088854035231634
Current Conservation rel: 5.020472389028755e-07
Phonon: rel Sigma^R residual 5.8604e-02; lead balance 1.1825e-04 (best 4.0038e-05; internal spread 9.6742e-02)
Bubble energy balance: P_in=-1.724420e+04 P_out=-1.724420e+04 resid=1.086e-16
Writing output for iteration 72...
Iteration 73
[it 73] energy J(local)=[44.2022 40.0597 44.2072]
Maximum Self-Energy Update: 26.020078578752027
Contact Current Difference: 0.0
Current Conservation abs: 0.013061075262157829
Current Conservation rel: 5.038082597197338e-07
Phonon: rel Sigma^R residual 5.1917e-02; lead balance 1.1770e-04 (best 4.0038e-05; internal spread 9.6853e-02)
Bubble energy balance: P_in=-1.719729e+04 P_out=-1.719729e+04 resid=1.058e-16
Writing output for iteration 73...
Iteration 74
[it 74] energy J(local)=[44.1963 40.0507 44.2013]
Maximum Self-Energy Update: 22.4627890347702
Contact Current Difference: 0.0
Current Conservation abs: 0.013028417313762475
Current Conservation rel: 5.054326863038462e-07
Phonon: rel Sigma^R residual 4.4703e-02; lead balance 1.1708e-04 (best 4.0038e-05; internal spread 9.6941e-02)
Bubble energy balance: P_in=-1.714938e+04 P_out=-1.714938e+04 resid=1.084e-16
Writing output for iteration 74...
Iteration 75
[it 75] energy J(local)=[44.1929 40.0449 44.1979]
Maximum Self-Energy Update: 18.718948114488416
Contact Current Difference: 0.0
Current Conservation abs: 0.012989739729164285
Current Conservation rel: 5.067847216791198e-07
Phonon: rel Sigma^R residual 3.7220e-02; lead balance 1.1648e-04 (best 4.0038e-05; internal spread 9.7005e-02)
Bubble energy balance: P_in=-1.710256e+04 P_out=-1.710256e+04 resid=2.136e-16
Writing output for iteration 75...
Iteration 76
[it 76] energy J(local)=[44.1919 40.0422 44.1968]
Maximum Self-Energy Update: 14.947426659244359
Contact Current Difference: 0.0
Current Conservation abs: 0.012943462124894722
Current Conservation rel: 5.077121431352203e-07
Phonon: rel Sigma^R residual 2.9740e-02; lead balance 1.1597e-04 (best 4.0038e-05; internal spread 9.7048e-02)
Bubble energy balance: P_in=-1.705876e+04 P_out=-1.705876e+04 resid=5.978e-17
Writing output for iteration 76...
Iteration 77
[it 77] energy J(local)=[44.1929 40.042  44.1978]
Maximum Self-Energy Update: 11.28769472791819
Contact Current Difference: 0.0
Current Conservation abs: 0.012887823117125663
Current Conservation rel: 5.080746832033135e-07
Phonon: rel Sigma^R residual 2.2500e-02; lead balance 1.1567e-04 (best 4.0038e-05; internal spread 9.7073e-02)
Bubble energy balance: P_in=-1.701934e+04 P_out=-1.701934e+04 resid=1.090e-16
Writing output for iteration 77...
Iteration 78
[it 78] energy J(local)=[44.1956 40.044  44.2005]
Maximum Self-Energy Update: 11.237163079875387
Contact Current Difference: 0.0
Current Conservation abs: 0.012821370875826688
Current Conservation rel: 5.077763669226205e-07
Phonon: rel Sigma^R residual 2.2465e-02; lead balance 1.1564e-04 (best 4.0038e-05; internal spread 9.7085e-02)
Bubble energy balance: P_in=-1.698480e+04 P_out=-1.698480e+04 resid=1.071e-16
Writing output for iteration 78...
Iteration 79
[it 79] energy J(local)=[44.1996 40.0475 44.2046]
Maximum Self-Energy Update: 11.273129216244865
Contact Current Difference: 0.0
Current Conservation abs: 0.012743524841425824
Current Conservation rel: 5.067913061667737e-07
Phonon: rel Sigma^R residual 2.2622e-02; lead balance 1.1597e-04 (best 4.0038e-05; internal spread 9.7088e-02)
Bubble energy balance: P_in=-1.695477e+04 P_out=-1.695477e+04 resid=4.196e-17
Writing output for iteration 79...
Iteration 80
[it 80] energy J(local)=[44.2048 40.0524 44.2098]
Maximum Self-Energy Update: 11.285307301071235
Contact Current Difference: 0.0
Current Conservation abs: 0.01265493298706133
Current Conservation rel: 5.051714166740195e-07
Phonon: rel Sigma^R residual 2.2750e-02; lead balance 1.1669e-04 (best 4.0038e-05; internal spread 9.7085e-02)
Bubble energy balance: P_in=-1.692822e+04 P_out=-1.692822e+04 resid=1.234e-17
Writing output for iteration 80...
Iteration 81
[it 81] energy J(local)=[44.2109 40.0582 44.2159]
Maximum Self-Energy Update: 11.959530333222677
Contact Current Difference: 0.0
Current Conservation abs: 0.012557428837681073
Current Conservation rel: 5.03030981887871e-07
Phonon: rel Sigma^R residual 2.4236e-02; lead balance 1.1781e-04 (best 4.0038e-05; internal spread 9.7078e-02)
Bubble energy balance: P_in=-1.690379e+04 P_out=-1.690379e+04 resid=1.088e-16
Writing output for iteration 81...
Iteration 82
[it 82] energy J(local)=[44.2178 40.065  44.2229]
Maximum Self-Energy Update: 12.243907010918521
Contact Current Difference: 0.0
Current Conservation abs: 0.012453625757189002
Current Conservation rel: 5.005142510644325e-07
Phonon: rel Sigma^R residual 2.4961e-02; lead balance 1.1929e-04 (best 4.0038e-05; internal spread 9.7068e-02)
Bubble energy balance: P_in=-1.688026e+04 P_out=-1.688026e+04 resid=2.112e-17
Writing output for iteration 82...
Iteration 83
[it 83] energy J(local)=[44.2256 40.0727 44.2308]
Maximum Self-Energy Update: 12.240332424398906
Contact Current Difference: 0.0
Current Conservation abs: 0.012346396393695613
Current Conservation rel: 4.977610983767627e-07
Phonon: rel Sigma^R residual 2.5121e-02; lead balance 1.2102e-04 (best 4.0038e-05; internal spread 9.7053e-02)
Bubble energy balance: P_in=-1.685683e+04 P_out=-1.685683e+04 resid=1.079e-16
Writing output for iteration 83...
Iteration 84
[it 84] energy J(local)=[44.2342 40.0816 44.2395]
Maximum Self-Energy Update: 12.036121988560577
Contact Current Difference: 0.0
Current Conservation abs: 0.012238507626534556
Current Conservation rel: 4.948855229970461e-07
Phonon: rel Sigma^R residual 2.4883e-02; lead balance 1.2287e-04 (best 4.0038e-05; internal spread 9.7030e-02)
Bubble energy balance: P_in=-1.683332e+04 P_out=-1.683332e+04 resid=1.118e-16
Writing output for iteration 84...
Iteration 85
[it 85] energy J(local)=[44.2438 40.0916 44.2492]
Maximum Self-Energy Update: 11.696756971149608
Contact Current Difference: 0.0
Current Conservation abs: 0.012132515095800045
Current Conservation rel: 4.919725480640553e-07
Phonon: rel Sigma^R residual 2.4372e-02; lead balance 1.2466e-04 (best 4.0038e-05; internal spread 9.6999e-02)
Bubble energy balance: P_in=-1.681010e+04 P_out=-1.681010e+04 resid=1.201e-16
Writing output for iteration 85...
Iteration 86
[it 86] energy J(local)=[44.2543 40.1031 44.2597]
Maximum Self-Energy Update: 13.371565505935626
Contact Current Difference: 0.0
Current Conservation abs: 0.012030822701490251
Current Conservation rel: 4.89088070233536e-07
Phonon: rel Sigma^R residual 2.8096e-02; lead balance 1.2618e-04 (best 4.0038e-05; internal spread 9.6954e-02)
Bubble energy balance: P_in=-1.678796e+04 P_out=-1.678796e+04 resid=1.089e-16
Writing output for iteration 86...
Iteration 87
[it 87] energy J(local)=[44.2657 40.1158 44.2712]
Maximum Self-Energy Update: 15.048623061181067
Contact Current Difference: 0.0
Current Conservation abs: 0.011935736940358765
Current Conservation rel: 4.862911621208096e-07
Phonon: rel Sigma^R residual 3.1895e-02; lead balance 1.2725e-04 (best 4.0038e-05; internal spread 9.6896e-02)
Bubble energy balance: P_in=-1.676778e+04 P_out=-1.676778e+04 resid=2.177e-16
Writing output for iteration 87...
Iteration 88
[it 88] energy J(local)=[44.2779 40.1299 44.2834]
Maximum Self-Energy Update: 16.46801824698163
Contact Current Difference: 0.0
Current Conservation abs: 0.01184941398059891
Current Conservation rel: 4.836409889874786e-07
Phonon: rel Sigma^R residual 3.5214e-02; lead balance 1.2771e-04 (best 4.0038e-05; internal spread 9.6824e-02)
Bubble energy balance: P_in=-1.675038e+04 P_out=-1.675038e+04 resid=2.236e-16
Writing output for iteration 88...
Iteration 89
[it 89] energy J(local)=[44.2906 40.145  44.2961]
Maximum Self-Energy Update: 17.608736435600374
Contact Current Difference: 0.0
Current Conservation abs: 0.011773708547480055
Current Conservation rel: 4.81196443511177e-07
Phonon: rel Sigma^R residual 3.7990e-02; lead balance 1.2741e-04 (best 4.0038e-05; internal spread 9.6737e-02)
Bubble energy balance: P_in=-1.673633e+04 P_out=-1.673633e+04 resid=2.178e-16
Writing output for iteration 89...
Iteration 90
[it 90] energy J(local)=[44.3038 40.161  44.3092]
Maximum Self-Energy Update: 18.465070167106102
Contact Current Difference: 0.0
Current Conservation abs: 0.011709994914781419
Current Conservation rel: 4.790108861791911e-07
Phonon: rel Sigma^R residual 4.0192e-02; lead balance 1.2625e-04 (best 4.0038e-05; internal spread 9.6637e-02)
Bubble energy balance: P_in=-1.672589e+04 P_out=-1.672589e+04 resid=1.122e-16
Writing output for iteration 90...
Iteration 91
[it 91] energy J(local)=[44.3171 40.1776 44.3224]
Maximum Self-Energy Update: 19.045532980473187
Contact Current Difference: 0.0
Current Conservation abs: 0.0116590272373287
Current Conservation rel: 4.771254842993648e-07
Phonon: rel Sigma^R residual 4.1819e-02; lead balance 1.2415e-04 (best 4.0038e-05; internal spread 9.6526e-02)
Bubble energy balance: P_in=-1.671901e+04 P_out=-1.671901e+04 resid=1.112e-16
Writing output for iteration 91...
Iteration 92
[it 92] energy J(local)=[44.3303 40.1946 44.3355]
Maximum Self-Energy Update: 19.36990181518179
Contact Current Difference: 0.0
Current Conservation abs: 0.011620875033258926
Current Conservation rel: 4.755638021146937e-07
Phonon: rel Sigma^R residual 4.2893e-02; lead balance 1.2107e-04 (best 4.0038e-05; internal spread 9.6406e-02)
Bubble energy balance: P_in=-1.671542e+04 P_out=-1.671542e+04 resid=1.197e-16
Writing output for iteration 92...
Iteration 93
[it 93] energy J(local)=[44.3434 40.2116 44.3484]
Maximum Self-Energy Update: 19.465397537733047
Contact Current Difference: 0.0
Current Conservation abs: 0.011594940693612443
Current Conservation rel: 4.7432901374281344e-07
Phonon: rel Sigma^R residual 4.3459e-02; lead balance 1.1701e-04 (best 4.0038e-05; internal spread 9.6278e-02)
Bubble energy balance: P_in=-1.671464e+04 P_out=-1.671464e+04 resid=8.589e-17
Writing output for iteration 93...
Iteration 94
[it 94] energy J(local)=[44.3561 40.2284 44.3609]
Maximum Self-Energy Update: 19.36282586446354
Contact Current Difference: 0.0
Current Conservation abs: 0.011580048038013047
Current Conservation rel: 4.7340406618354587e-07
Phonon: rel Sigma^R residual 4.3572e-02; lead balance 1.1199e-04 (best 4.0038e-05; internal spread 9.6144e-02)
Bubble energy balance: P_in=-1.671615e+04 P_out=-1.671615e+04 resid=2.764e-17
Writing output for iteration 94...
Iteration 95
[it 95] energy J(local)=[44.3683 40.245  44.3729]
Maximum Self-Energy Update: 19.093236144213616
Contact Current Difference: 0.0
Current Conservation abs: 0.011574582145840395
Current Conservation rel: 4.7275443732313433e-07
Phonon: rel Sigma^R residual 4.3291e-02; lead balance 1.0608e-04 (best 4.0038e-05; internal spread 9.6007e-02)
Bubble energy balance: P_in=-1.671938e+04 P_out=-1.671938e+04 resid=1.096e-16
Writing output for iteration 95...
Iteration 96
[it 96] energy J(local)=[44.3801 40.2612 44.3844]
Maximum Self-Energy Update: 18.68540756997926
Contact Current Difference: 0.0
Current Conservation abs: 0.011576656099350657
Current Conservation rel: 4.723326960709639e-07
Phonon: rel Sigma^R residual 4.2671e-02; lead balance 9.9353e-05 (best 4.0038e-05; internal spread 9.5867e-02)
Bubble energy balance: P_in=-1.672380e+04 P_out=-1.672380e+04 resid=2.170e-17
Writing output for iteration 96...
Iteration 97
[it 97] energy J(local)=[44.3913 40.277  44.3953]
Maximum Self-Energy Update: 18.164266478422444
Contact Current Difference: 0.0
Current Conservation abs: 0.011584279916860396
Current Conservation rel: 4.7208389039890535e-07
Phonon: rel Sigma^R residual 4.1764e-02; lead balance 9.1923e-05 (best 4.0038e-05; internal spread 9.5727e-02)
Bubble energy balance: P_in=-1.672894e+04 P_out=-1.672894e+04 resid=1.120e-16
Writing output for iteration 97...
Iteration 98
[it 98] energy J(local)=[44.402  40.2923 44.4056]
Maximum Self-Energy Update: 17.550181182104325
Contact Current Difference: 0.0
Current Conservation abs: 0.011595510342885973
Current Conservation rel: 4.719508274808078e-07
Phonon: rel Sigma^R residual 4.0612e-02; lead balance 8.3917e-05 (best 4.0038e-05; internal spread 9.5586e-02)
Bubble energy balance: P_in=-1.673443e+04 P_out=-1.673443e+04 resid=1.186e-16
Writing output for iteration 98...
Iteration 99
[it 99] energy J(local)=[44.4123 40.307  44.4155]
Maximum Self-Energy Update: 16.85897558793634
Contact Current Difference: 0.0
Current Conservation abs: 0.011608566725044511
Current Conservation rel: 4.7187852460638814e-07
Phonon: rel Sigma^R residual 3.9247e-02; lead balance 7.5473e-05 (best 4.0038e-05; internal spread 9.5447e-02)
Bubble energy balance: P_in=-1.674000e+04 P_out=-1.674000e+04 resid=1.157e-16
Writing output for iteration 99...
Iteration 100
[it 100] energy J(local)=[44.4221 40.3213 44.4249]
Maximum Self-Energy Update: 16.102450008551806
Contact Current Difference: 0.0
Current Conservation abs: 0.011621906494838186
Current Conservation rel: 4.718174261224215e-07
Phonon: rel Sigma^R residual 3.7696e-02; lead balance 6.6735e-05 (best 4.0038e-05; internal spread 9.5310e-02)
Bubble energy balance: P_in=-1.674546e+04 P_out=-1.674546e+04 resid=2.051e-17
Writing output for iteration 100...
Iteration 101
[it 101] energy J(local)=[44.4315 40.335  44.434 ]
Maximum Self-Energy Update: 15.28919175816867
Contact Current Difference: 0.0
Current Conservation abs: 0.011634261716608307
Current Conservation rel: 4.717253075560077e-07
Phonon: rel Sigma^R residual 3.5976e-02; lead balance 5.7846e-05 (best 4.0038e-05; internal spread 9.5177e-02)
Bubble energy balance: P_in=-1.675069e+04 P_out=-1.675069e+04 resid=5.692e-17
Writing output for iteration 101...
Iteration 102
[it 102] energy J(local)=[44.4406 40.3483 44.4427]
Maximum Self-Energy Update: 14.425487666564976
Contact Current Difference: 0.0
Current Conservation abs: 0.01164464342946303
Current Conservation rel: 4.715680218252126e-07
Phonon: rel Sigma^R residual 3.4103e-02; lead balance 4.8944e-05 (best 4.0038e-05; internal spread 9.5049e-02)
Bubble energy balance: P_in=-1.675565e+04 P_out=-1.675565e+04 resid=1.221e-16
Writing output for iteration 102...
Iteration 103
[it 103] energy J(local)=[44.4494 40.361  44.4511]
Maximum Self-Energy Update: 13.516199951038026
Contact Current Difference: 0.0
Current Conservation abs: 0.011652323455564328
Current Conservation rel: 4.7131939237606604e-07
Phonon: rel Sigma^R residual 3.2088e-02; lead balance 4.0154e-05 (best 4.0038e-05; internal spread 9.4927e-02)
Bubble energy balance: P_in=-1.676032e+04 P_out=-1.676032e+04 resid=2.206e-16
Writing output for iteration 103...
Iteration 104
[it 104] energy J(local)=[44.4579 40.3732 44.4593]
Maximum Self-Energy Update: 12.565520817024648
Contact Current Difference: 0.0
Current Conservation abs: 0.011656802784273168
Current Conservation rel: 4.7096056720426996e-07
Phonon: rel Sigma^R residual 2.9942e-02; lead balance 3.1591e-05 (best 3.1591e-05; internal spread 9.4812e-02)
Bubble energy balance: P_in=-1.676475e+04 P_out=-1.676475e+04 resid=2.201e-16
Writing output for iteration 104...
Iteration 105
[it 105] energy J(local)=[44.4662 40.3849 44.4672]
Maximum Self-Energy Update: 11.577568938882917
Contact Current Difference: 0.0
Current Conservation abs: 0.011657774437480839
Current Conservation rel: 4.704791251369761e-07
Phonon: rel Sigma^R residual 2.7676e-02; lead balance 2.3351e-05 (best 2.3351e-05; internal spread 9.4705e-02)
Bubble energy balance: P_in=-1.676898e+04 P_out=-1.676898e+04 resid=1.173e-16
Writing output for iteration 105...
Iteration 106
[it 106] energy J(local)=[44.4743 40.3959 44.475 ]
Maximum Self-Energy Update: 10.556827932361085
Contact Current Difference: 0.0
Current Conservation abs: 0.011655085887468886
Current Conservation rel: 4.6986812710933024e-07
Phonon: rel Sigma^R residual 2.5303e-02; lead balance 1.5516e-05 (best 1.5516e-05; internal spread 9.4608e-02)
Bubble energy balance: P_in=-1.677307e+04 P_out=-1.677307e+04 resid=1.175e-16
Writing output for iteration 106...
Iteration 107
[it 107] energy J(local)=[44.4821 40.4063 44.4825]
Maximum Self-Energy Update: 9.508454116670215
Contact Current Difference: 0.0
Current Conservation abs: 0.011648704426988843
Current Conservation rel: 4.691252433278732e-07
Phonon: rel Sigma^R residual 2.2839e-02; lead balance 8.1510e-06 (best 8.1510e-06; internal spread 9.4523e-02)
Bubble energy balance: P_in=-1.677707e+04 P_out=-1.677707e+04 resid=1.093e-16
Writing output for iteration 107...
Iteration 108
[it 108] energy J(local)=[44.4897 40.4161 44.4898]
Maximum Self-Energy Update: 8.438504126130862
Contact Current Difference: 0.0
Current Conservation abs: 0.011638686548394617
Current Conservation rel: 4.682519907959837e-07
Phonon: rel Sigma^R residual 2.0302e-02; lead balance 1.3063e-06 (best 1.3063e-06; internal spread 9.4448e-02)
Bubble energy balance: P_in=-1.678105e+04 P_out=-1.678105e+04 resid=4.276e-17
Writing output for iteration 108...
Iteration 109
[it 109] energy J(local)=[44.497  40.425  44.4968]
Maximum Self-Energy Update: 7.354164188099977
Contact Current Difference: 0.0
Current Conservation abs: 0.011625152475971845
Current Conservation rel: 4.672531137646449e-07
Phonon: rel Sigma^R residual 1.7712e-02; lead balance 4.9822e-06 (best 1.3063e-06; internal spread 9.4392e-02)
Bubble energy balance: P_in=-1.678502e+04 P_out=-1.678502e+04 resid=4.229e-19
Writing output for iteration 109...
Iteration 110
[it 110] energy J(local)=[44.504  40.4331 44.5036]
Maximum Self-Energy Update: 6.264129062084555
Contact Current Difference: 0.0
Current Conservation abs: 0.011608265314862365
Current Conservation rel: 4.6613606645645424e-07
Phonon: rel Sigma^R residual 1.5094e-02; lead balance 1.0691e-05 (best 1.3063e-06; internal spread 9.4350e-02)
Bubble energy balance: P_in=-1.678900e+04 P_out=-1.678900e+04 resid=1.228e-16
Writing output for iteration 110...
Iteration 111
[it 111] energy J(local)=[44.5107 40.4404 44.51  ]
Maximum Self-Energy Update: 5.179456158962222
Contact Current Difference: 0.0
Current Conservation abs: 0.011588215013034642
Current Conservation rel: 4.6491058393068046e-07
Phonon: rel Sigma^R residual 1.2481e-02; lead balance 1.5808e-05 (best 1.3063e-06; internal spread 9.4321e-02)
Bubble energy balance: P_in=-1.679296e+04 P_out=-1.679296e+04 resid=1.378e-16
Writing output for iteration 111...
Iteration 112
[it 112] energy J(local)=[44.5169 40.4467 44.516 ]
Maximum Self-Energy Update: 4.115769968444325
Contact Current Difference: 0.0
Current Conservation abs: 0.011565206785235205
Current Conservation rel: 4.635883055886081e-07
Phonon: rel Sigma^R residual 9.9125e-03; lead balance 2.0330e-05 (best 1.3063e-06; internal spread 9.4307e-02)
Bubble energy balance: P_in=-1.679687e+04 P_out=-1.679687e+04 resid=1.100e-16
Writing output for iteration 112...
Iteration 113
[it 113] energy J(local)=[44.5227 40.452  44.5217]
Maximum Self-Energy Update: 4.331721589155556
Contact Current Difference: 0.0
Current Conservation abs: 0.011539453749719542
Current Conservation rel: 4.6218242494217055e-07
Phonon: rel Sigma^R residual 1.0422e-02; lead balance 2.4263e-05 (best 1.3063e-06; internal spread 9.4306e-02)
Bubble energy balance: P_in=-1.680062e+04 P_out=-1.680062e+04 resid=1.107e-16
Writing output for iteration 113...
Iteration 114
[it 114] energy J(local)=[44.5281 40.4563 44.5269]
Maximum Self-Energy Update: 4.804788834415995
Contact Current Difference: 0.0
Current Conservation abs: 0.011511173655890161
Current Conservation rel: 4.607073538773475e-07
Phonon: rel Sigma^R residual 1.1544e-02; lead balance 2.7617e-05 (best 1.3063e-06; internal spread 9.4320e-02)
Bubble energy balance: P_in=-1.680413e+04 P_out=-1.680413e+04 resid=2.933e-18
Writing output for iteration 114...
Iteration 115
[it 115] energy J(local)=[44.533  40.4595 44.5317]
Maximum Self-Energy Update: 5.254182111105836
Contact Current Difference: 0.0
Current Conservation abs: 0.011480589379061712
Current Conservation rel: 4.5917839541306193e-07
Phonon: rel Sigma^R residual 1.2599e-02; lead balance 3.0410e-05 (best 1.3063e-06; internal spread 9.4348e-02)
Bubble energy balance: P_in=-1.680727e+04 P_out=-1.680727e+04 resid=1.121e-16
Writing output for iteration 115...
Iteration 116
[it 116] energy J(local)=[44.5373 40.4618 44.5359]
Maximum Self-Energy Update: 5.672292472564683
Contact Current Difference: 0.0
Current Conservation abs: 0.011447932905866764
Current Conservation rel: 4.576114382645692e-07
Phonon: rel Sigma^R residual 1.3571e-02; lead balance 3.2661e-05 (best 1.3063e-06; internal spread 9.4389e-02)
Bubble energy balance: P_in=-1.680990e+04 P_out=-1.680990e+04 resid=2.329e-17
Writing output for iteration 116...
Iteration 117
[it 117] energy J(local)=[44.5411 40.463  44.5397]
Maximum Self-Energy Update: 6.050617108476045
Contact Current Difference: 0.0
Current Conservation abs: 0.011413452273700386
Current Conservation rel: 4.560226949160445e-07
Phonon: rel Sigma^R residual 1.4437e-02; lead balance 3.4394e-05 (best 1.3063e-06; internal spread 9.4443e-02)
Bubble energy balance: P_in=-1.681189e+04 P_out=-1.681189e+04 resid=2.171e-16
Writing output for iteration 117...
Iteration 118
[it 118] energy J(local)=[44.5444 40.4632 44.5429]
Maximum Self-Energy Update: 6.37999603040455
Contact Current Difference: 0.0
Current Conservation abs: 0.011377421011275146
Current Conservation rel: 4.5442852465408357e-07
Phonon: rel Sigma^R residual 1.5178e-02; lead balance 3.5634e-05 (best 1.3063e-06; internal spread 9.4510e-02)
Bubble energy balance: P_in=-1.681310e+04 P_out=-1.681310e+04 resid=2.178e-16
Writing output for iteration 118...
Iteration 119
[it 119] energy J(local)=[44.5472 40.4625 44.5456]
Maximum Self-Energy Update: 6.657501711065905
Contact Current Difference: 0.0
Current Conservation abs: 0.011340149194438709
Current Conservation rel: 4.528453746694936e-07
Phonon: rel Sigma^R residual 1.5786e-02; lead balance 3.6407e-05 (best 1.3063e-06; internal spread 9.4587e-02)
Bubble energy balance: P_in=-1.681345e+04 P_out=-1.681345e+04 resid=3.209e-17
Writing output for iteration 119...
Iteration 120
[it 120] energy J(local)=[44.5495 40.4609 44.5479]
Maximum Self-Energy Update: 6.876134351775896
Contact Current Difference: 0.0
Current Conservation abs: 0.011301994996756548
Current Conservation rel: 4.5128985987089395e-07
Phonon: rel Sigma^R residual 1.6248e-02; lead balance 3.6743e-05 (best 1.3063e-06; internal spread 9.4673e-02)
Bubble energy balance: P_in=-1.681284e+04 P_out=-1.681284e+04 resid=2.167e-16
Writing output for iteration 120...
Iteration 121
[it 121] energy J(local)=[44.5513 40.4586 44.5497]
Maximum Self-Energy Update: 7.01767433239224
Contact Current Difference: 0.0
Current Conservation abs: 0.011263375457929214
Current Conservation rel: 4.4977897870662267e-07
Phonon: rel Sigma^R residual 1.6523e-02; lead balance 3.6668e-05 (best 1.3063e-06; internal spread 9.4768e-02)
Bubble energy balance: P_in=-1.681126e+04 P_out=-1.681126e+04 resid=1.474e-17
Writing output for iteration 121...
Iteration 122
[it 122] energy J(local)=[44.5526 40.4556 44.5511]
Maximum Self-Energy Update: 7.074286543904882
Contact Current Difference: 0.0
Current Conservation abs: 0.011224774545553373
Current Conservation rel: 4.483304079946056e-07
Phonon: rel Sigma^R residual 1.6594e-02; lead balance 3.6212e-05 (best 1.3063e-06; internal spread 9.4869e-02)
Bubble energy balance: P_in=-1.680871e+04 P_out=-1.680871e+04 resid=1.124e-16
Writing output for iteration 122...
Iteration 123
[it 123] energy J(local)=[44.5536 40.452  44.552 ]
Maximum Self-Energy Update: 7.039839601230585
Contact Current Difference: 0.0
Current Conservation abs: 0.011186746596649755
Current Conservation rel: 4.469627875911089e-07
Phonon: rel Sigma^R residual 1.6452e-02; lead balance 3.5404e-05 (best 1.3063e-06; internal spread 9.4975e-02)
Bubble energy balance: P_in=-1.680522e+04 P_out=-1.680522e+04 resid=1.083e-16
Writing output for iteration 123...
Iteration 124
[it 124] energy J(local)=[44.5541 40.4479 44.5526]
Maximum Self-Energy Update: 6.910498328181824
Contact Current Difference: 0.0
Current Conservation abs: 0.011149913128974731
Current Conservation rel: 4.4569587425026726e-07
Phonon: rel Sigma^R residual 1.6090e-02; lead balance 3.4275e-05 (best 1.3063e-06; internal spread 9.5084e-02)
Bubble energy balance: P_in=-1.680089e+04 P_out=-1.680089e+04 resid=1.331e-17
Writing output for iteration 124...
Iteration 125
[it 125] energy J(local)=[44.5543 40.4435 44.5529]
Maximum Self-Energy Update: 6.789677144626798
Contact Current Difference: 0.0
Current Conservation abs: 0.011114950937553658
Current Conservation rel: 4.445504255846951e-07
Phonon: rel Sigma^R residual 1.5752e-02; lead balance 3.2858e-05 (best 1.3063e-06; internal spread 9.5195e-02)
Bubble energy balance: P_in=-1.679581e+04 P_out=-1.679581e+04 resid=1.033e-17
Writing output for iteration 125...
Iteration 126
[it 126] energy J(local)=[44.5542 40.4388 44.5529]
Maximum Self-Energy Update: 6.956998697698716
Contact Current Difference: 0.0
Current Conservation abs: 0.011082570807047887
Current Conservation rel: 4.4354773052527477e-07
Phonon: rel Sigma^R residual 1.6085e-02; lead balance 3.1185e-05 (best 1.3063e-06; internal spread 9.5305e-02)
Bubble energy balance: P_in=-1.679013e+04 P_out=-1.679013e+04 resid=1.146e-16
Writing output for iteration 126...
Iteration 127
[it 127] energy J(local)=[44.5539 40.4339 44.5526]
Maximum Self-Energy Update: 6.997548861970051
Contact Current Difference: 0.0
Current Conservation abs: 0.011053486095988774
Current Conservation rel: 4.427087100202218e-07
Phonon: rel Sigma^R residual 1.6127e-02; lead balance 2.9292e-05 (best 1.3063e-06; internal spread 9.5413e-02)
Bubble energy balance: P_in=-1.678401e+04 P_out=-1.678401e+04 resid=1.084e-16
Writing output for iteration 127...
Iteration 128
[it 128] energy J(local)=[44.5533 40.429  44.5521]
Maximum Self-Energy Update: 6.911326851159689
Contact Current Difference: 0.0
Current Conservation abs: 0.011028373008230119
Current Conservation rel: 4.42052629853637e-07
Phonon: rel Sigma^R residual 1.5882e-02; lead balance 2.7217e-05 (best 1.3063e-06; internal spread 9.5518e-02)
Bubble energy balance: P_in=-1.677760e+04 P_out=-1.677760e+04 resid=5.799e-17
Writing output for iteration 128...
Iteration 129
[it 129] energy J(local)=[44.5525 40.424  44.5514]
Maximum Self-Energy Update: 6.702096882641848
Contact Current Difference: 0.0
Current Conservation abs: 0.011007824919943232
Current Conservation rel: 4.415955055298336e-07
Phonon: rel Sigma^R residual 1.5361e-02; lead balance 2.5001e-05 (best 1.3063e-06; internal spread 9.5618e-02)
Bubble energy balance: P_in=-1.677108e+04 P_out=-1.677108e+04 resid=4.577e-18
Writing output for iteration 129...
Iteration 130
[it 130] energy J(local)=[44.5515 40.4192 44.5505]
Maximum Self-Energy Update: 6.377422447001483
Contact Current Difference: 0.0
Current Conservation abs: 0.010992305444233352
Current Conservation rel: 4.4134838499765926e-07
Phonon: rel Sigma^R residual 1.4585e-02; lead balance 2.2686e-05 (best 1.3063e-06; internal spread 9.5713e-02)
Bubble energy balance: P_in=-1.676462e+04 P_out=-1.676462e+04 resid=1.138e-16
Writing output for iteration 130...
Iteration 131
[it 131] energy J(local)=[44.5504 40.4146 44.5495]
Maximum Self-Energy Update: 5.948448111279118
Contact Current Difference: 0.0
Current Conservation abs: 0.010982105572111323
Current Conservation rel: 4.4131573159757683e-07
Phonon: rel Sigma^R residual 1.3579e-02; lead balance 2.0318e-05 (best 1.3063e-06; internal spread 9.5800e-02)
Bubble energy balance: P_in=-1.675837e+04 P_out=-1.675837e+04 resid=1.155e-16
Writing output for iteration 131...
Iteration 132
[it 132] energy J(local)=[44.5492 40.4101 44.5484]
Maximum Self-Energy Update: 5.42943486908882
Contact Current Difference: 0.0
Current Conservation abs: 0.010977311208989704
Current Conservation rel: 4.4149417703080074e-07
Phonon: rel Sigma^R residual 1.2376e-02; lead balance 1.7942e-05 (best 1.3063e-06; internal spread 9.5879e-02)
Bubble energy balance: P_in=-1.675248e+04 P_out=-1.675248e+04 resid=6.319e-17
Writing output for iteration 132...
Iteration 133
[it 133] energy J(local)=[44.5479 40.406  44.5472]
Maximum Self-Energy Update: 4.837087302281868
Contact Current Difference: 0.0
Current Conservation abs: 0.010977786614603247
Current Conservation rel: 4.4187188758954185e-07
Phonon: rel Sigma^R residual 1.1014e-02; lead balance 1.5606e-05 (best 1.3063e-06; internal spread 9.5950e-02)
Bubble energy balance: P_in=-1.674709e+04 P_out=-1.674709e+04 resid=3.256e-17
Writing output for iteration 133...
Iteration 134
[it 134] energy J(local)=[44.5465 40.4022 44.546 ]
Maximum Self-Energy Update: 4.189734534462389
Contact Current Difference: 0.0
Current Conservation abs: 0.010983177668094868
Current Conservation rel: 4.4242872569366303e-07
Phonon: rel Sigma^R residual 9.5338e-03; lead balance 1.3353e-05 (best 1.3063e-06; internal spread 9.6012e-02)
Bubble energy balance: P_in=-1.674230e+04 P_out=-1.674230e+04 resid=3.715e-18
Writing output for iteration 134...
Iteration 135
[it 135] energy J(local)=[44.5452 40.3987 44.5447]
Maximum Self-Energy Update: 3.5064407046691537
Contact Current Difference: 0.0
Current Conservation abs: 0.01099293606057472
Current Conservation rel: 4.4313727267181093e-07
Phonon: rel Sigma^R residual 7.9765e-03; lead balance 1.1228e-05 (best 1.3063e-06; internal spread 9.6065e-02)
Bubble energy balance: P_in=-1.673819e+04 P_out=-1.673819e+04 resid=1.088e-16
Writing output for iteration 135...
Iteration 136
[it 136] energy J(local)=[44.5438 40.3957 44.5434]
Maximum Self-Energy Update: 2.806124390363628
Contact Current Difference: 0.0
Current Conservation abs: 0.011006361697582179
Current Conservation rel: 4.4396461617725194e-07
Phonon: rel Sigma^R residual 6.3835e-03; lead balance 9.2675e-06 (best 1.3063e-06; internal spread 9.6109e-02)
Bubble energy balance: P_in=-1.673483e+04 P_out=-1.673483e+04 resid=1.101e-16
Writing output for iteration 136...
Iteration 137
[it 137] energy J(local)=[44.5425 40.3931 44.5422]
Maximum Self-Energy Update: 2.1067613708199673
Contact Current Difference: 0.0
Current Conservation abs: 0.011022657976354822
Current Conservation rel: 4.448746869486066e-07
Phonon: rel Sigma^R residual 4.7941e-03; lead balance 7.5054e-06 (best 1.3063e-06; internal spread 9.6142e-02)
Bubble energy balance: P_in=-1.673224e+04 P_out=-1.673224e+04 resid=2.069e-17
Writing output for iteration 137...
Iteration 138
[it 138] energy J(local)=[44.5412 40.3909 44.541 ]
Maximum Self-Energy Update: 1.9704828395665066
Contact Current Difference: 0.0
Current Conservation abs: 0.011040991830668645
Current Conservation rel: 4.458308040984612e-07
Phonon: rel Sigma^R residual 4.4865e-03; lead balance 5.9680e-06 (best 1.3063e-06; internal spread 9.6167e-02)
Bubble energy balance: P_in=-1.673042e+04 P_out=-1.673042e+04 resid=1.747e-18
Writing output for iteration 138...
Iteration 139
[it 139] energy J(local)=[44.54   40.3891 44.5398]
Maximum Self-Energy Update: 1.8792164612750326
Contact Current Difference: 0.0
Current Conservation abs: 0.011060550530601176
Current Conservation rel: 4.4679808213804983e-07
Phonon: rel Sigma^R residual 4.2822e-03; lead balance 4.6746e-06 (best 1.3063e-06; internal spread 9.6183e-02)
Bubble energy balance: P_in=-1.672937e+04 P_out=-1.672937e+04 resid=1.117e-16
Writing output for iteration 139...
Iteration 140
[it 140] energy J(local)=[44.5389 40.3878 44.5387]
Maximum Self-Energy Update: 1.756672674072617
Contact Current Difference: 0.0
Current Conservation abs: 0.011080588445111061
Current Conservation rel: 4.477453997333478e-07
Phonon: rel Sigma^R residual 4.0068e-03; lead balance 3.6371e-06 (best 1.3063e-06; internal spread 9.6190e-02)
Bubble energy balance: P_in=-1.672903e+04 P_out=-1.672903e+04 resid=1.091e-16
Writing output for iteration 140...
Iteration 141
[it 141] energy J(local)=[44.5379 40.3869 44.5378]
Maximum Self-Energy Update: 1.6469008102876856
Contact Current Difference: 0.0
Current Conservation abs: 0.01110045950190397
Current Conservation rel: 4.4864673738346574e-07
Phonon: rel Sigma^R residual 3.7607e-03; lead balance 2.8605e-06 (best 1.3063e-06; internal spread 9.6189e-02)
Bubble energy balance: P_in=-1.672935e+04 P_out=-1.672935e+04 resid=3.909e-17
Writing output for iteration 141...
Iteration 142
[it 142] energy J(local)=[44.537  40.3865 44.5369]
Maximum Self-Energy Update: 1.6101715877522442
Contact Current Difference: 0.0
Current Conservation abs: 0.01111963431503682
Current Conservation rel: 4.49481832427777e-07
Phonon: rel Sigma^R residual 3.6813e-03; lead balance 2.3429e-06 (best 1.3063e-06; internal spread 9.6181e-02)
Bubble energy balance: P_in=-1.673024e+04 P_out=-1.673024e+04 resid=1.110e-16
Writing output for iteration 142...
Iteration 143
[it 143] energy J(local)=[44.5363 40.3865 44.5362]
Maximum Self-Energy Update: 1.6574358667162985
Contact Current Difference: 0.0
Current Conservation abs: 0.011137703355416306
Current Conservation rel: 4.50236208987825e-07
Phonon: rel Sigma^R residual 3.7943e-03; lead balance 2.0769e-06 (best 1.3063e-06; internal spread 9.6166e-02)
Bubble energy balance: P_in=-1.673162e+04 P_out=-1.673162e+04 resid=1.107e-16
Writing output for iteration 143...
Iteration 144
[it 144] energy J(local)=[44.5357 40.3868 44.5356]
Maximum Self-Energy Update: 1.677741329469899
Contact Current Difference: 0.0
Current Conservation abs: 0.011154369298310485
Current Conservation rel: 4.5090072157320696e-07
Phonon: rel Sigma^R residual 3.8459e-03; lead balance 2.0498e-06 (best 1.3063e-06; internal spread 9.6145e-02)
Bubble energy balance: P_in=-1.673340e+04 P_out=-1.673340e+04 resid=1.094e-16
Writing output for iteration 144...
Iteration 145
[it 145] energy J(local)=[44.5353 40.3875 44.5352]
Maximum Self-Energy Update: 1.969966207773629
Contact Current Difference: 0.0
Current Conservation abs: 0.011169432546012104
Current Conservation rel: 4.514707919774666e-07
Phonon: rel Sigma^R residual 4.5219e-03; lead balance 2.2448e-06 (best 1.3063e-06; internal spread 9.6119e-02)
Bubble energy balance: P_in=-1.673548e+04 P_out=-1.673548e+04 resid=1.144e-16
Writing output for iteration 145...
Iteration 146
[it 146] energy J(local)=[44.5351 40.3885 44.5349]
Maximum Self-Energy Update: 2.196989281814121
Contact Current Difference: 0.0
Current Conservation abs: 0.01118277340538043
Current Conservation rel: 4.5194549965661364e-07
Phonon: rel Sigma^R residual 5.0496e-03; lead balance 2.6417e-06 (best 1.3063e-06; internal spread 9.6089e-02)
Bubble energy balance: P_in=-1.673778e+04 P_out=-1.673778e+04 resid=1.087e-16
Writing output for iteration 146...
Iteration 147
[it 147] energy J(local)=[44.535  40.3899 44.5348]
Maximum Self-Energy Update: 2.3580404791510903
Contact Current Difference: 0.0
Current Conservation abs: 0.011194334038009401
Current Conservation rel: 4.523266690996122e-07
Phonon: rel Sigma^R residual 5.4266e-03; lead balance 3.2179e-06 (best 1.3063e-06; internal spread 9.6056e-02)
Bubble energy balance: P_in=-1.674021e+04 P_out=-1.674021e+04 resid=2.137e-17
Writing output for iteration 147...
Iteration 148
[it 148] energy J(local)=[44.5351 40.3914 44.5349]
Maximum Self-Energy Update: 2.455754459309074
Contact Current Difference: 0.0
Current Conservation abs: 0.011204102000192506
Current Conservation rel: 4.5261804092575505e-07
Phonon: rel Sigma^R residual 5.6582e-03; lead balance 3.9486e-06 (best 1.3063e-06; internal spread 9.6021e-02)
Bubble energy balance: P_in=-1.674270e+04 P_out=-1.674270e+04 resid=1.104e-16
Writing output for iteration 148...
Iteration 149
[it 149] energy J(local)=[44.5353 40.3931 44.5351]
Maximum Self-Energy Update: 2.493548040355159
Contact Current Difference: 0.0
Current Conservation abs: 0.011212096685994766
Current Conservation rel: 4.5282458809577134e-07
Phonon: rel Sigma^R residual 5.7516e-03; lead balance 4.8082e-06 (best 1.3063e-06; internal spread 9.5984e-02)
Bubble energy balance: P_in=-1.674517e+04 P_out=-1.674517e+04 resid=1.088e-16
Writing output for iteration 149...
Iteration 150
[it 150] energy J(local)=[44.5357 40.395  44.5355]
Maximum Self-Energy Update: 2.4754759983601202
Contact Current Difference: 0.0
Current Conservation abs: 0.011218358720725519
Current Conservation rel: 4.529519827174416e-07
Phonon: rel Sigma^R residual 5.7156e-03; lead balance 5.7700e-06 (best 1.3063e-06; internal spread 9.5948e-02)
Bubble energy balance: P_in=-1.674757e+04 P_out=-1.674757e+04 resid=1.116e-16
Writing output for iteration 150...
Iteration 151
[it 151] energy J(local)=[44.5363 40.3971 44.536 ]
Maximum Self-Energy Update: 2.4061223836243384
Contact Current Difference: 0.0
Current Conservation abs: 0.011222942490348942
Current Conservation rel: 4.5300622058926087e-07
Phonon: rel Sigma^R residual 5.5602e-03; lead balance 6.8076e-06 (best 1.3063e-06; internal spread 9.5912e-02)
Bubble energy balance: P_in=-1.674986e+04 P_out=-1.674986e+04 resid=1.088e-16
Writing output for iteration 151...
Iteration 152
[it 152] energy J(local)=[44.537  40.3991 44.5366]
Maximum Self-Energy Update: 2.2905223725489656
Contact Current Difference: 0.0
Current Conservation abs: 0.011225911133806221
Current Conservation rel: 4.529933730730454e-07
Phonon: rel Sigma^R residual 5.2969e-03; lead balance 7.8950e-06 (best 1.3063e-06; internal spread 9.5877e-02)
Bubble energy balance: P_in=-1.675198e+04 P_out=-1.675198e+04 resid=1.119e-16
Writing output for iteration 152...
Iteration 153
[it 153] energy J(local)=[44.5378 40.4012 44.5374]
Maximum Self-Energy Update: 2.134112727542683
Contact Current Difference: 0.0
Current Conservation abs: 0.011227333552596974
Current Conservation rel: 4.529194432698467e-07
Phonon: rel Sigma^R residual 4.9381e-03; lead balance 9.0070e-06 (best 1.3063e-06; internal spread 9.5844e-02)
Bubble energy balance: P_in=-1.675391e+04 P_out=-1.675391e+04 resid=2.202e-16
Writing output for iteration 153...
Iteration 154
[it 154] energy J(local)=[44.5387 40.4033 44.5382]
Maximum Self-Energy Update: 1.9427162145620311
Contact Current Difference: 0.0
Current Conservation abs: 0.011227282882828149
Current Conservation rel: 4.5279029819830215e-07
Phonon: rel Sigma^R residual 4.4971e-03; lead balance 1.0120e-05 (best 1.3063e-06; internal spread 9.5814e-02)
Bubble energy balance: P_in=-1.675562e+04 P_out=-1.675562e+04 resid=2.681e-17
Writing output for iteration 154...
Iteration 155
[it 155] energy J(local)=[44.5397 40.4054 44.5392]
Maximum Self-Energy Update: 1.7225813501248115
Contact Current Difference: 0.0
Current Conservation abs: 0.011225836005905876
Current Conservation rel: 4.5261165386526087e-07
Phonon: rel Sigma^R residual 3.9886e-03; lead balance 1.1212e-05 (best 1.3063e-06; internal spread 9.5787e-02)
Bubble energy balance: P_in=-1.675710e+04 P_out=-1.675710e+04 resid=1.094e-16
Writing output for iteration 155...
Iteration 156
[it 156] energy J(local)=[44.5408 40.4073 44.5403]
Maximum Self-Energy Update: 1.480537781228836
Contact Current Difference: 0.0
Current Conservation abs: 0.011223073583096266
Current Conservation rel: 4.5238908695152056e-07
Phonon: rel Sigma^R residual 3.4286e-03; lead balance 1.2262e-05 (best 1.3063e-06; internal spread 9.5764e-02)
Bubble energy balance: P_in=-1.675831e+04 P_out=-1.675831e+04 resid=5.089e-17
Writing output for iteration 156...
Iteration 157
[it 157] energy J(local)=[44.5419 40.4092 44.5414]
Maximum Self-Energy Update: 1.2244361564412976
Contact Current Difference: 0.0
Current Conservation abs: 0.011219080588489305
Current Conservation rel: 4.5212806749188483e-07
Phonon: rel Sigma^R residual 2.8354e-03; lead balance 1.3254e-05 (best 1.3063e-06; internal spread 9.5745e-02)
Bubble energy balance: P_in=-1.675925e+04 P_out=-1.675925e+04 resid=5.396e-18
Writing output for iteration 157...
Iteration 158
[it 158] energy J(local)=[44.5431 40.4108 44.5425]
Maximum Self-Energy Update: 1.3403339568578518
Contact Current Difference: 0.0
Current Conservation abs: 0.011213946805582964
Current Conservation rel: 4.518339875819955e-07
Phonon: rel Sigma^R residual 3.1032e-03; lead balance 1.4170e-05 (best 1.3063e-06; internal spread 9.5731e-02)
Bubble energy balance: P_in=-1.675992e+04 P_out=-1.675992e+04 resid=2.884e-17
Writing output for iteration 158...
Iteration 159
[it 159] energy J(local)=[44.5443 40.4124 44.5437]
Maximum Self-Energy Update: 1.5492953530853208
Contact Current Difference: 0.0
Current Conservation abs: 0.011207767605810659
Current Conservation rel: 4.515121968537979e-07
Phonon: rel Sigma^R residual 3.5858e-03; lead balance 1.4999e-05 (best 1.3063e-06; internal spread 9.5721e-02)
Bubble energy balance: P_in=-1.676029e+04 P_out=-1.676029e+04 resid=2.209e-16
Writing output for iteration 159...
Iteration 160
[it 160] energy J(local)=[44.5455 40.4137 44.5448]
Maximum Self-Energy Update: 1.7384595623306056
Contact Current Difference: 0.0
Current Conservation abs: 0.011200644406926585
Current Conservation rel: 4.5116801967762725e-07
Phonon: rel Sigma^R residual 4.0217e-03; lead balance 1.5729e-05 (best 1.3063e-06; internal spread 9.5715e-02)
Bubble energy balance: P_in=-1.676037e+04 P_out=-1.676037e+04 resid=1.164e-16
Writing output for iteration 160...
Iteration 161
[it 161] energy J(local)=[44.5467 40.4148 44.546 ]
Maximum Self-Energy Update: 1.9052882448826056
Contact Current Difference: 0.0
Current Conservation abs: 0.01119268517868477
Current Conservation rel: 4.5080676932296813e-07
Phonon: rel Sigma^R residual 4.4050e-03; lead balance 1.6352e-05 (best 1.3063e-06; internal spread 9.5714e-02)
Bubble energy balance: P_in=-1.676016e+04 P_out=-1.676016e+04 resid=1.142e-16
Writing output for iteration 161...
Iteration 162
[it 162] energy J(local)=[44.5478 40.4157 44.5471]
Maximum Self-Energy Update: 2.0476028223440568
Contact Current Difference: 0.0
Current Conservation abs: 0.011184004641108913
Current Conservation rel: 4.5043374619591975e-07
Phonon: rel Sigma^R residual 4.7308e-03; lead balance 1.6863e-05 (best 1.3063e-06; internal spread 9.5717e-02)
Bubble energy balance: P_in=-1.675966e+04 P_out=-1.675966e+04 resid=2.188e-16
Writing output for iteration 162...
Iteration 163
[it 163] energy J(local)=[44.549  40.4164 44.5482]
Maximum Self-Energy Update: 2.1636148324324047
Contact Current Difference: 0.0
Current Conservation abs: 0.011174724289958249
Current Conservation rel: 4.5005422769090944e-07
Phonon: rel Sigma^R residual 4.9949e-03; lead balance 1.7257e-05 (best 1.3063e-06; internal spread 9.5724e-02)
Bubble energy balance: P_in=-1.675886e+04 P_out=-1.675886e+04 resid=1.097e-16
Writing output for iteration 163...
Iteration 164
[it 164] energy J(local)=[44.55   40.417  44.5493]
Maximum Self-Energy Update: 2.2519600282620047
Contact Current Difference: 0.0
Current Conservation abs: 0.011164971994730877
Current Conservation rel: 4.496734418906402e-07
Phonon: rel Sigma^R residual 5.1944e-03; lead balance 1.7534e-05 (best 1.3063e-06; internal spread 9.5735e-02)
Bubble energy balance: P_in=-1.675779e+04 P_out=-1.675779e+04 resid=1.095e-16
Writing output for iteration 164...
Iteration 165
[it 165] energy J(local)=[44.5511 40.4173 44.5503]
Maximum Self-Energy Update: 2.3117335718567213
Contact Current Difference: 0.0
Current Conservation abs: 0.011154881281981943
Current Conservation rel: 4.492965321898322e-07
Phonon: rel Sigma^R residual 5.3274e-03; lead balance 1.7693e-05 (best 1.3063e-06; internal spread 9.5750e-02)
Bubble energy balance: P_in=-1.675645e+04 P_out=-1.675645e+04 resid=1.127e-16
Writing output for iteration 165...
Iteration 166
[it 166] energy J(local)=[44.552  40.4174 44.5512]
Maximum Self-Energy Update: 2.342523110658202
Contact Current Difference: 0.0
Current Conservation abs: 0.01114459011296276
Current Conservation rel: 4.489285074163239e-07
Phonon: rel Sigma^R residual 5.3932e-03; lead balance 1.7738e-05 (best 1.3063e-06; internal spread 9.5767e-02)
Bubble energy balance: P_in=-1.675486e+04 P_out=-1.675486e+04 resid=7.664e-19
Writing output for iteration 166...
Iteration 167
[it 167] energy J(local)=[44.5529 40.4173 44.5521]
Maximum Self-Energy Update: 2.3446697027302084
Contact Current Difference: 0.0
Current Conservation abs: 0.011134239242892363
Current Conservation rel: 4.485741827144929e-07
Phonon: rel Sigma^R residual 5.3929e-03; lead balance 1.7672e-05 (best 1.3063e-06; internal spread 9.5788e-02)
Bubble energy balance: P_in=-1.675303e+04 P_out=-1.675303e+04 resid=1.086e-16
Writing output for iteration 167...
Iteration 168
[it 168] energy J(local)=[44.5537 40.4171 44.553 ]
Maximum Self-Energy Update: 2.3224546139491014
Contact Current Difference: 0.0
Current Conservation abs: 0.011123970054541132
Current Conservation rel: 4.4823810793027576e-07
Phonon: rel Sigma^R residual 5.3365e-03; lead balance 1.7502e-05 (best 1.3063e-06; internal spread 9.5811e-02)
Bubble energy balance: P_in=-1.675101e+04 P_out=-1.675101e+04 resid=1.097e-16
Writing output for iteration 168...
Iteration 169
[it 169] energy J(local)=[44.5545 40.4168 44.5537]
Maximum Self-Energy Update: 2.272948370647887
Contact Current Difference: 0.0
Current Conservation abs: 0.011113921957075945
Current Conservation rel: 4.479244874598047e-07
Phonon: rel Sigma^R residual 5.2177e-03; lead balance 1.7235e-05 (best 1.3063e-06; internal spread 9.5835e-02)
Bubble energy balance: P_in=-1.674881e+04 P_out=-1.674881e+04 resid=1.426e-17
Writing output for iteration 169...
Iteration 170
[it 170] energy J(local)=[44.5551 40.4163 44.5544]
Maximum Self-Energy Update: 2.197810898210372
Contact Current Difference: 0.0
Current Conservation abs: 0.011104229331976967
Current Conservation rel: 4.476370903791026e-07
Phonon: rel Sigma^R residual 5.0405e-03; lead balance 1.6879e-05 (best 1.3063e-06; internal spread 9.5860e-02)
Bubble energy balance: P_in=-1.674647e+04 P_out=-1.674647e+04 resid=2.195e-16
Writing output for iteration 170...
Iteration 171
[it 171] energy J(local)=[44.5558 40.4158 44.555 ]
Maximum Self-Energy Update: 2.099213623871027
Contact Current Difference: 0.0
Current Conservation abs: 0.011095018378910027
Current Conservation rel: 4.473791639746243e-07
Phonon: rel Sigma^R residual 4.8101e-03; lead balance 1.6445e-05 (best 1.3063e-06; internal spread 9.5887e-02)
Bubble energy balance: P_in=-1.674403e+04 P_out=-1.674403e+04 resid=5.177e-17
Writing output for iteration 171...
Iteration 172
[it 172] energy J(local)=[44.5563 40.4152 44.5556]
Maximum Self-Energy Update: 1.9797936456870582
Contact Current Difference: 0.0
Current Conservation abs: 0.011086403614172013
Current Conservation rel: 4.471533391005167e-07
Phonon: rel Sigma^R residual 4.5326e-03; lead balance 1.5942e-05 (best 1.3063e-06; internal spread 9.5913e-02)
Bubble energy balance: P_in=-1.674152e+04 P_out=-1.674152e+04 resid=1.091e-16
Writing output for iteration 172...
Iteration 173
[it 173] energy J(local)=[44.5568 40.4145 44.5561]
Maximum Self-Energy Update: 1.8425896242529718
Contact Current Difference: 0.0
Current Conservation abs: 0.011078484678364475
Current Conservation rel: 4.4696155190719223e-07
Phonon: rel Sigma^R residual 4.2152e-03; lead balance 1.5382e-05 (best 1.3063e-06; internal spread 9.5940e-02)
Bubble energy balance: P_in=-1.673898e+04 P_out=-1.673898e+04 resid=1.092e-16
Writing output for iteration 173...
Iteration 174
[it 174] energy J(local)=[44.5572 40.4138 44.5566]
Maximum Self-Energy Update: 1.762857502562778
Contact Current Difference: 0.0
Current Conservation abs: 0.011071343333242112
Current Conservation rel: 4.4680497504603317e-07
Phonon: rel Sigma^R residual 4.0300e-03; lead balance 1.4777e-05 (best 1.3063e-06; internal spread 9.5965e-02)
Bubble energy balance: P_in=-1.673646e+04 P_out=-1.673646e+04 resid=6.702e-18
Writing output for iteration 174...
Iteration 175
[it 175] energy J(local)=[44.5576 40.4132 44.557 ]
Maximum Self-Energy Update: 1.6833605041184612
Contact Current Difference: 0.0
Current Conservation abs: 0.01106504094786942
Current Conservation rel: 4.4668396842029036e-07
Phonon: rel Sigma^R residual 3.8459e-03; lead balance 1.4139e-05 (best 1.3063e-06; internal spread 9.5990e-02)
Bubble energy balance: P_in=-1.673398e+04 P_out=-1.673398e+04 resid=2.412e-17
Writing output for iteration 175...
Iteration 176
[it 176] energy J(local)=[44.558  40.4125 44.5574]
Maximum Self-Energy Update: 1.5801762936826171
Contact Current Difference: 0.0
Current Conservation abs: 0.011059616736019962
Current Conservation rel: 4.4659805818178014e-07
Phonon: rel Sigma^R residual 3.6083e-03; lead balance 1.3480e-05 (best 1.3063e-06; internal spread 9.6013e-02)
Bubble energy balance: P_in=-1.673159e+04 P_out=-1.673159e+04 resid=7.846e-18
Writing output for iteration 176...
Iteration 177
[it 177] energy J(local)=[44.5583 40.4119 44.5577]
Maximum Self-Energy Update: 1.456326076795553
Contact Current Difference: 0.0
Current Conservation abs: 0.011055086835767725
Current Conservation rel: 4.465459460275408e-07
Phonon: rel Sigma^R residual 3.3241e-03; lead balance 1.2812e-05 (best 1.3063e-06; internal spread 9.6035e-02)
Bubble energy balance: P_in=-1.672932e+04 P_out=-1.672932e+04 resid=1.135e-17
Writing output for iteration 177...
Iteration 178
[it 178] energy J(local)=[44.5586 40.4113 44.558 ]
Maximum Self-Energy Update: 1.315502607805727
Contact Current Difference: 0.0
Current Conservation abs: 0.011051444296754198
Current Conservation rel: 4.4652555011730095e-07
Phonon: rel Sigma^R residual 3.0016e-03; lead balance 1.2147e-05 (best 1.3063e-06; internal spread 9.6054e-02)
Bubble energy balance: P_in=-1.672719e+04 P_out=-1.672719e+04 resid=3.113e-17
Writing output for iteration 178...
Iteration 179
[it 179] energy J(local)=[44.5588 40.4108 44.5583]
Maximum Self-Energy Update: 1.1616131992485743
Contact Current Difference: 0.0
Current Conservation abs: 0.011048660011510947
Current Conservation rel: 4.465340780666646e-07
Phonon: rel Sigma^R residual 2.6499e-03; lead balance 1.1496e-05 (best 1.3063e-06; internal spread 9.6072e-02)
Bubble energy balance: P_in=-1.672523e+04 P_out=-1.672523e+04 resid=1.267e-16
Writing output for iteration 179...
Iteration 180
[it 180] energy J(local)=[44.5591 40.4104 44.5586]
Maximum Self-Energy Update: 0.9986712371343117
Contact Current Difference: 0.0
Current Conservation abs: 0.011046684585380717
Current Conservation rel: 4.465681310816099e-07
Phonon: rel Sigma^R residual 2.2778e-03; lead balance 1.0869e-05 (best 1.3063e-06; internal spread 9.6087e-02)
Bubble energy balance: P_in=-1.672345e+04 P_out=-1.672345e+04 resid=1.104e-16
Writing output for iteration 180...
Iteration 181
[it 181] energy J(local)=[44.5593 40.4101 44.5588]
Maximum Self-Energy Update: 0.8307001571406256
Contact Current Difference: 0.0
Current Conservation abs: 0.011045450915844413
Current Conservation rel: 4.466238295333174e-07
Phonon: rel Sigma^R residual 1.8945e-03; lead balance 1.0275e-05 (best 1.3063e-06; internal spread 9.6100e-02)
Bubble energy balance: P_in=-1.672186e+04 P_out=-1.672186e+04 resid=2.313e-17
Writing output for iteration 181...
Iteration 182
[it 182] energy J(local)=[44.5595 40.4099 44.5591]
Maximum Self-Energy Update: 0.661668045769254
Contact Current Difference: 0.0
Current Conservation abs: 0.011044877408494358
Current Conservation rel: 4.4669695684287033e-07
Phonon: rel Sigma^R residual 1.5090e-03; lead balance 9.7224e-06 (best 1.3063e-06; internal spread 9.6110e-02)
Bubble energy balance: P_in=-1.672048e+04 P_out=-1.672048e+04 resid=1.371e-17
Writing output for iteration 182...
Iteration 183
[it 183] energy J(local)=[44.5598 40.4098 44.5594]
Maximum Self-Energy Update: 0.618500322712558
Contact Current Difference: 0.0
Current Conservation abs: 0.011044871494959807
Current Conservation rel: 4.4678310819101337e-07
Phonon: rel Sigma^R residual 1.4107e-03; lead balance 9.2180e-06 (best 1.3063e-06; internal spread 9.6118e-02)
Bubble energy balance: P_in=-1.671930e+04 P_out=-1.671930e+04 resid=2.192e-16
Writing output for iteration 183...
Iteration 184
[it 184] energy J(local)=[44.56   40.4097 44.5596]
Maximum Self-Energy Update: 0.5953998644077519
Contact Current Difference: 0.0
Current Conservation abs: 0.01104533336001623
Current Conservation rel: 4.468778405694456e-07
Phonon: rel Sigma^R residual 1.3582e-03; lead balance 8.7671e-06 (best 1.3063e-06; internal spread 9.6123e-02)
Bubble energy balance: P_in=-1.671832e+04 P_out=-1.671832e+04 resid=1.110e-16
Writing output for iteration 184...
Iteration 185
[it 185] energy J(local)=[44.5603 40.4098 44.5599]
Maximum Self-Energy Update: 0.5727503897561782
Contact Current Difference: 0.0
Current Conservation abs: 0.011046159475881723
Current Conservation rel: 4.469768083967649e-07
Phonon: rel Sigma^R residual 1.3067e-03; lead balance 8.3734e-06 (best 1.3063e-06; internal spread 9.6126e-02)
Bubble energy balance: P_in=-1.671753e+04 P_out=-1.671753e+04 resid=1.203e-16
Writing output for iteration 185...
Iteration 186
[it 186] energy J(local)=[44.5605 40.4101 44.5602]
Maximum Self-Energy Update: 0.5506548896357416
Contact Current Difference: 0.0
Current Conservation abs: 0.011047246007365175
Current Conservation rel: 4.470758879550979e-07
Phonon: rel Sigma^R residual 1.2566e-03; lead balance 8.0395e-06 (best 1.3063e-06; internal spread 9.6127e-02)
Bubble energy balance: P_in=-1.671692e+04 P_out=-1.671692e+04 resid=1.101e-16
Writing output for iteration 186...
Iteration 187
[it 187] energy J(local)=[44.5608 40.4104 44.5605]
Maximum Self-Energy Update: 0.5292050298679369
Contact Current Difference: 0.0
Current Conservation abs: 0.011048491731344257
Current Conservation rel: 4.471712770807008e-07
Phonon: rel Sigma^R residual 1.2080e-03; lead balance 7.7663e-06 (best 1.3063e-06; internal spread 9.6126e-02)
Bubble energy balance: P_in=-1.671647e+04 P_out=-1.671647e+04 resid=1.103e-16
Writing output for iteration 187...
Iteration 188
[it 188] energy J(local)=[44.5612 40.4108 44.5608]
Maximum Self-Energy Update: 0.5084839738627154
Contact Current Difference: 0.0
Current Conservation abs: 0.011049800419641542
Current Conservation rel: 4.4725956903605694e-07
Phonon: rel Sigma^R residual 1.1610e-03; lead balance 7.5534e-06 (best 1.3063e-06; internal spread 9.6123e-02)
Bubble energy balance: P_in=-1.671617e+04 P_out=-1.671617e+04 resid=2.407e-17
Writing output for iteration 188...
Iteration 189
[it 189] energy J(local)=[44.5615 40.4113 44.5612]
Maximum Self-Energy Update: 0.488568268108833
Contact Current Difference: 0.0
Current Conservation abs: 0.011051082828998915
Current Conservation rel: 4.4733780745429074e-07
Phonon: rel Sigma^R residual 1.1158e-03; lead balance 7.3993e-06 (best 1.3063e-06; internal spread 9.6119e-02)
Bubble energy balance: P_in=-1.671599e+04 P_out=-1.671599e+04 resid=1.928e-18
Writing output for iteration 189...
Iteration 190
[it 190] energy J(local)=[44.5619 40.4119 44.5616]
Maximum Self-Energy Update: 0.4695286638240333
Contact Current Difference: 0.0
Current Conservation abs: 0.011052258045310737
Current Conservation rel: 4.474035132186467e-07
Phonon: rel Sigma^R residual 1.0727e-03; lead balance 7.3011e-06 (best 1.3063e-06; internal spread 9.6113e-02)
Bubble energy balance: P_in=-1.671591e+04 P_out=-1.671591e+04 resid=1.098e-16
Writing output for iteration 190...
Iteration 191
[it 191] energy J(local)=[44.5623 40.4125 44.562 ]
Maximum Self-Energy Update: 0.4685571534126837
Contact Current Difference: 0.0
Current Conservation abs: 0.011053254387661582
Current Conservation rel: 4.474546926491307e-07
Phonon: rel Sigma^R residual 1.0708e-03; lead balance 7.2551e-06 (best 1.3063e-06; internal spread 9.6106e-02)
Bubble energy balance: P_in=-1.671592e+04 P_out=-1.671592e+04 resid=5.687e-17
Writing output for iteration 191...
Iteration 192
[it 192] energy J(local)=[44.5628 40.4133 44.5624]
Maximum Self-Energy Update: 0.515576122563486
Contact Current Difference: 0.0
Current Conservation abs: 0.011054009923100239
Current Conservation rel: 4.474898300127347e-07
Phonon: rel Sigma^R residual 1.1786e-03; lead balance 7.2567e-06 (best 1.3063e-06; internal spread 9.6099e-02)
Bubble energy balance: P_in=-1.671598e+04 P_out=-1.671598e+04 resid=1.757e-17
Writing output for iteration 192...
Iteration 193
[it 193] energy J(local)=[44.5633 40.4141 44.5629]
Maximum Self-Energy Update: 0.545998765874367
Contact Current Difference: 0.0
Current Conservation abs: 0.011054472590330988
Current Conservation rel: 4.4750786509303545e-07
Phonon: rel Sigma^R residual 1.2484e-03; lead balance 7.3004e-06 (best 1.3063e-06; internal spread 9.6091e-02)
Bubble energy balance: P_in=-1.671609e+04 P_out=-1.671609e+04 resid=2.491e-17
Writing output for iteration 193...
Iteration 194
[it 194] energy J(local)=[44.5638 40.4149 44.5635]
Maximum Self-Energy Update: 0.5604061754751192
Contact Current Difference: 0.0
Current Conservation abs: 0.011054600170609774
Current Conservation rel: 4.475081661026446e-07
Phonon: rel Sigma^R residual 1.2817e-03; lead balance 7.3806e-06 (best 1.3063e-06; internal spread 9.6082e-02)
Bubble energy balance: P_in=-1.671621e+04 P_out=-1.671621e+04 resid=1.234e-17
Writing output for iteration 194...
Iteration 195
[it 195] energy J(local)=[44.5643 40.4157 44.564 ]
Maximum Self-Energy Update: 0.5597154536357709
Contact Current Difference: 0.0
Current Conservation abs: 0.011054359880290576
Current Conservation rel: 4.4749048926291444e-07
Phonon: rel Sigma^R residual 1.2804e-03; lead balance 7.4909e-06 (best 1.3063e-06; internal spread 9.6073e-02)
Bubble energy balance: P_in=-1.671634e+04 P_out=-1.671634e+04 resid=2.310e-17
Writing output for iteration 195...
Iteration 196
[it 196] energy J(local)=[44.5649 40.4166 44.5646]
Maximum Self-Energy Update: 0.5451263284171994
Contact Current Difference: 0.0
Current Conservation abs: 0.01105372803613136
Current Conservation rel: 4.4745494359440223e-07
Phonon: rel Sigma^R residual 1.2472e-03; lead balance 7.6250e-06 (best 1.3063e-06; internal spread 9.6065e-02)
Bubble energy balance: P_in=-1.671644e+04 P_out=-1.671644e+04 resid=1.092e-16
Writing output for iteration 196...
Iteration 197
[it 197] energy J(local)=[44.5655 40.4175 44.5652]
Maximum Self-Energy Update: 0.5180852682984483
Contact Current Difference: 0.0
Current Conservation abs: 0.01105268950050231
Current Conservation rel: 4.474019491927024e-07
Phonon: rel Sigma^R residual 1.1855e-03; lead balance 7.7765e-06 (best 1.3063e-06; internal spread 9.6057e-02)
Bubble energy balance: P_in=-1.671652e+04 P_out=-1.671652e+04 resid=1.917e-17
Writing output for iteration 197...
Iteration 198
[it 198] energy J(local)=[44.5662 40.4184 44.5658]
Maximum Self-Energy Update: 0.5062400276728061
Contact Current Difference: 0.0
Current Conservation abs: 0.011051237153878901
Current Conservation rel: 4.4733219901486247e-07
Phonon: rel Sigma^R residual 1.1585e-03; lead balance 7.9391e-06 (best 1.3063e-06; internal spread 9.6050e-02)
Bubble energy balance: P_in=-1.671655e+04 P_out=-1.671655e+04 resid=4.455e-17
Writing output for iteration 198...
Iteration 199
[it 199] energy J(local)=[44.5668 40.4193 44.5665]
Maximum Self-Energy Update: 0.5107699297768994
Contact Current Difference: 0.0
Current Conservation abs: 0.011049371381886886
Current Conservation rel: 4.4724662358845747e-07
Phonon: rel Sigma^R residual 1.1690e-03; lead balance 8.1065e-06 (best 1.3063e-06; internal spread 9.6043e-02)
Bubble energy balance: P_in=-1.671652e+04 P_out=-1.671652e+04 resid=1.099e-16
Writing output for iteration 199...
Iteration 200
[it 200] energy J(local)=[44.5675 40.4201 44.5671]
Maximum Self-Energy Update: 0.5114043359344402
Contact Current Difference: 0.0
Current Conservation abs: 0.011047099407733185
Current Conservation rel: 4.47146351677963e-07
Phonon: rel Sigma^R residual 1.1705e-03; lead balance 8.2731e-06 (best 1.3063e-06; internal spread 9.6037e-02)
Bubble energy balance: P_in=-1.671643e+04 P_out=-1.671643e+04 resid=3.493e-18
Writing output for iteration 200...
Iteration 201
[it 201] energy J(local)=[44.5682 40.421  44.5678]
Maximum Self-Energy Update: 0.5082839511177407
Contact Current Difference: 0.0
Current Conservation abs: 0.011044434819268645
Current Conservation rel: 4.470326809137682e-07
Phonon: rel Sigma^R residual 1.1633e-03; lead balance 8.4335e-06 (best 1.3063e-06; internal spread 9.6032e-02)
Bubble energy balance: P_in=-1.671625e+04 P_out=-1.671625e+04 resid=1.160e-16
Writing output for iteration 201...
Iteration 202
[it 202] energy J(local)=[44.5689 40.4217 44.5685]
Maximum Self-Energy Update: 0.5016108458453691
Contact Current Difference: 0.0
Current Conservation abs: 0.011041396937798709
Current Conservation rel: 4.469070439806827e-07
Phonon: rel Sigma^R residual 1.1480e-03; lead balance 8.5828e-06 (best 1.3063e-06; internal spread 9.6028e-02)
Bubble energy balance: P_in=-1.671600e+04 P_out=-1.671600e+04 resid=2.184e-16
Writing output for iteration 202...
Iteration 203
[it 203] energy J(local)=[44.5696 40.4225 44.5692]
Maximum Self-Energy Update: 0.4916425242111328
Contact Current Difference: 0.0
Current Conservation abs: 0.011038010319680325
Current Conservation rel: 4.467709820564431e-07
Phonon: rel Sigma^R residual 1.1251e-03; lead balance 8.7167e-06 (best 1.3063e-06; internal spread 9.6026e-02)
Bubble energy balance: P_in=-1.671565e+04 P_out=-1.671565e+04 resid=3.277e-16
Writing output for iteration 203...
Iteration 204
[it 204] energy J(local)=[44.5703 40.4232 44.5699]
Maximum Self-Energy Update: 0.5301410862072472
Contact Current Difference: 0.0
Current Conservation abs: 0.0110343041287706
Current Conservation rel: 4.46626114845001e-07
Phonon: rel Sigma^R residual 1.2130e-03; lead balance 8.8315e-06 (best 1.3063e-06; internal spread 9.6024e-02)
Bubble energy balance: P_in=-1.671522e+04 P_out=-1.671522e+04 resid=1.092e-16
Writing output for iteration 204...
Iteration 205
[it 205] energy J(local)=[44.571  40.4238 44.5706]
Maximum Self-Energy Update: 0.5745460094111744
Contact Current Difference: 0.0
Current Conservation abs: 0.01103031156162615
Current Conservation rel: 4.4647411454975895e-07
Phonon: rel Sigma^R residual 1.3144e-03; lead balance 8.9242e-06 (best 1.3063e-06; internal spread 9.6024e-02)
Bubble energy balance: P_in=-1.671470e+04 P_out=-1.671470e+04 resid=1.223e-17
Writing output for iteration 205...
Iteration 206
[it 206] energy J(local)=[44.5716 40.4244 44.5713]
Maximum Self-Energy Update: 0.6119020432375267
Contact Current Difference: 0.0
Current Conservation abs: 0.011026069227227708
Current Conservation rel: 4.4631667982075726e-07
Phonon: rel Sigma^R residual 1.3996e-03; lead balance 8.9924e-06 (best 1.3063e-06; internal spread 9.6025e-02)
Bubble energy balance: P_in=-1.671408e+04 P_out=-1.671408e+04 resid=1.202e-16
Writing output for iteration 206...
Iteration 207
[it 207] energy J(local)=[44.5723 40.425  44.5719]
Maximum Self-Energy Update: 0.6416334625173499
Contact Current Difference: 0.0
Current Conservation abs: 0.011021616513971821
Current Conservation rel: 4.4615551102420925e-07
Phonon: rel Sigma^R residual 1.4674e-03; lead balance 9.0344e-06 (best 1.3063e-06; internal spread 9.6027e-02)
Bubble energy balance: P_in=-1.671338e+04 P_out=-1.671338e+04 resid=1.090e-16
Writing output for iteration 207...
Iteration 208
[it 208] energy J(local)=[44.573  40.4254 44.5726]
Maximum Self-Energy Update: 0.6637651246924692
Contact Current Difference: 0.0
Current Conservation abs: 0.011016994880264974
Current Conservation rel: 4.4599228427687306e-07
Phonon: rel Sigma^R residual 1.5176e-03; lead balance 9.0490e-06 (best 1.3063e-06; internal spread 9.6030e-02)
Bubble energy balance: P_in=-1.671260e+04 P_out=-1.671260e+04 resid=1.205e-17
Writing output for iteration 208...
Iteration 209
[it 209] energy J(local)=[44.5737 40.4259 44.5733]
Maximum Self-Energy Update: 0.6782371763513932
Contact Current Difference: 0.0
Current Conservation abs: 0.01101224719604943
Current Conservation rel: 4.458286293980829e-07
Phonon: rel Sigma^R residual 1.5504e-03; lead balance 9.0358e-06 (best 1.3063e-06; internal spread 9.6034e-02)
Bubble energy balance: P_in=-1.671174e+04 P_out=-1.671174e+04 resid=6.576e-17
Writing output for iteration 209...
Iteration 210
[it 210] energy J(local)=[44.5743 40.4263 44.5739]
Maximum Self-Energy Update: 0.684425160932228
Contact Current Difference: 0.0
Current Conservation abs: 0.011007416967913741
Current Conservation rel: 4.4566610496731247e-07
Phonon: rel Sigma^R residual 1.5641e-03; lead balance 8.9949e-06 (best 1.3063e-06; internal spread 9.6038e-02)
Bubble energy balance: P_in=-1.671082e+04 P_out=-1.671082e+04 resid=1.141e-16
Writing output for iteration 210...
Iteration 211
[it 211] energy J(local)=[44.5749 40.4266 44.5745]
Maximum Self-Energy Update: 0.6824402007899949
Contact Current Difference: 0.0
Current Conservation abs: 0.011002547586031142
Current Conservation rel: 4.4550617599631077e-07
Phonon: rel Sigma^R residual 1.5592e-03; lead balance 8.9270e-06 (best 1.3063e-06; internal spread 9.6044e-02)
Bubble energy balance: P_in=-1.670983e+04 P_out=-1.670983e+04 resid=5.973e-17
Writing output for iteration 211...
Iteration 212
[it 212] energy J(local)=[44.5755 40.4269 44.5752]
Maximum Self-Energy Update: 0.672557901969742
Contact Current Difference: 0.0
Current Conservation abs: 0.010997681582011865
Current Conservation rel: 4.4535019363142184e-07
Phonon: rel Sigma^R residual 1.5363e-03; lead balance 8.8334e-06 (best 1.3063e-06; internal spread 9.6050e-02)
Bubble energy balance: P_in=-1.670879e+04 P_out=-1.670879e+04 resid=1.601e-17
Writing output for iteration 212...
Iteration 213
[it 213] energy J(local)=[44.5761 40.4272 44.5757]
Maximum Self-Energy Update: 0.6552067509469872
Contact Current Difference: 0.0
Current Conservation abs: 0.010992859857651638
Current Conservation rel: 4.451993750646562e-07
Phonon: rel Sigma^R residual 1.4963e-03; lead balance 8.7156e-06 (best 1.3063e-06; internal spread 9.6056e-02)
Bubble energy balance: P_in=-1.670771e+04 P_out=-1.670771e+04 resid=1.210e-16
Writing output for iteration 213...
Iteration 214
[it 214] energy J(local)=[44.5767 40.4274 44.5763]
Maximum Self-Energy Update: 0.6309535199458377
Contact Current Difference: 0.0
Current Conservation abs: 0.0109881209955347
Current Conservation rel: 4.450547878906366e-07
Phonon: rel Sigma^R residual 1.4406e-03; lead balance 8.5758e-06 (best 1.3063e-06; internal spread 9.6063e-02)
Bubble energy balance: P_in=-1.670660e+04 P_out=-1.670660e+04 resid=1.568e-17
Writing output for iteration 214...
Iteration 215
[it 215] energy J(local)=[44.5772 40.4276 44.5769]
Maximum Self-Energy Update: 0.6004859558169151
Contact Current Difference: 0.0
Current Conservation abs: 0.01098350050051522
Current Conservation rel: 4.449173324931617e-07
Phonon: rel Sigma^R residual 1.3707e-03; lead balance 8.4164e-06 (best 1.3063e-06; internal spread 9.6070e-02)
Bubble energy balance: P_in=-1.670547e+04 P_out=-1.670547e+04 resid=4.389e-18
Writing output for iteration 215...
Iteration 216
[it 216] energy J(local)=[44.5778 40.4278 44.5774]
Maximum Self-Energy Update: 0.5645931412131789
Contact Current Difference: 0.0
Current Conservation abs: 0.010979030270391377
Current Conservation rel: 4.4478773420691685e-07
Phonon: rel Sigma^R residual 1.2885e-03; lead balance 8.2400e-06 (best 1.3063e-06; internal spread 9.6077e-02)
Bubble energy balance: P_in=-1.670434e+04 P_out=-1.670434e+04 resid=1.848e-17
Writing output for iteration 216...
Iteration 217
[it 217] energy J(local)=[44.5783 40.428  44.5779]
Maximum Self-Energy Update: 0.5241440210723918
Contact Current Difference: 0.0
Current Conservation abs: 0.01097473800109583
Current Conservation rel: 4.446665329647585e-07
Phonon: rel Sigma^R residual 1.1960e-03; lead balance 8.0496e-06 (best 1.3063e-06; internal spread 9.6084e-02)
Bubble energy balance: P_in=-1.670320e+04 P_out=-1.670320e+04 resid=5.887e-17
Writing output for iteration 217...
Iteration 218
[it 218] energy J(local)=[44.5788 40.4281 44.5784]
Maximum Self-Energy Update: 0.4800646742347749
Contact Current Difference: 0.0
Current Conservation abs: 0.010970646737405332
Current Conservation rel: 4.445540786174197e-07
Phonon: rel Sigma^R residual 1.0952e-03; lead balance 7.8482e-06 (best 1.3063e-06; internal spread 9.6091e-02)
Bubble energy balance: P_in=-1.670209e+04 P_out=-1.670209e+04 resid=4.823e-17
Writing output for iteration 218...
Iteration 219
[it 219] energy J(local)=[44.5793 40.4283 44.5789]
Maximum Self-Energy Update: 0.4333149724854344
Contact Current Difference: 0.0
Current Conservation abs: 0.010966774674670887
Current Conservation rel: 4.4445053585708937e-07
Phonon: rel Sigma^R residual 9.8845e-04; lead balance 7.6388e-06 (best 1.3063e-06; internal spread 9.6098e-02)
Bubble energy balance: P_in=-1.670099e+04 P_out=-1.670099e+04 resid=1.144e-16
SCBA converged after 219 iterations.
SAVED /usr/scratch/mont-fort11/pfischill/quatrex/phonon/studies/out/local_mw/L2_plain_fft/run.npz  final_heat=[44.579 40.428 44.579]  best=[44.49  40.416 44.49 ]  best_cons=1.3063204800999794e-06
