/usr/scratch/mont-fort11/pfischill/quatrex/src/qttools/__init__.py:56: UserWarning: 'cupy' is unavailable or not working, defaulting to 'numpy'. (No module named 'cupy')
  warnings.warn(
/usr/scratch/mont-fort11/pfischill/quatrex/src/quatrex/core/config.py:1907: UserWarning: The CPU code will run sequentially which may impact performance.
  warnings.warn(
Max Interaction Cutoff: 10.0
Energy window: 0.0 to 55.0 eV with 181 grid points.
Resolution is 0.305556 eV.
comm.stack size: 1, comm.block size: 1
Each comm.block has 181 grid points.
/usr/scratch/mont-fort11/pfischill/quatrex/src/quatrex/core/statistics.py:42: RuntimeWarning: divide by zero encountered in divide
  return 1 / (xp.exp(energy / (k_B * temperature)) - 1)
SSE band-limit: harmonic band top 46.335 THz (fixed above-band mask)
Max Interaction Cutoff: 10.0
RUN config=/usr/scratch/mont-fort11/pfischill/quatrex/phonon/studies/out/local_mw/L3_eta0/quatrex_config.toml phonon=True eta=1e-12 retarded=fft nblk=3 ne=181 bcs=1 qcs=1 nranks=1
Entering SCBA loop...
Iteration 0
SSE band-limit: masking 28 bin(s) above 46.335 THz
[it  0] energy J(local)=[77.6692 77.6692 77.6692 77.6692]
Maximum Self-Energy Update: 2834.453271323726
Contact Current Difference: 0.0
Current Conservation abs: 0.7744238328596111
Current Conservation rel: 1.931838617308303e-06
Phonon: rel Sigma^R residual 1.0000e+00; lead balance 2.4700e-14 (best inf; internal spread 7.4266e-13)
Bubble energy balance: P_in=-1.115632e+05 P_out=-1.115632e+05 resid=1.678e-16
Writing output for iteration 0...
Iteration 1
[it  1] energy J(local)=[55.6152 49.4681 51.7819 55.5543]
Maximum Self-Energy Update: 925.056398146503
Contact Current Difference: 0.0
Current Conservation abs: 0.017935090538685472
Current Conservation rel: 2.9825889182182968e-06
Phonon: rel Sigma^R residual 9.6867e-01; lead balance 1.1474e-03 (best inf; internal spread 1.1575e-01)
Bubble energy balance: P_in=-6.569364e+03 P_out=-6.569364e+03 resid=1.419e-16
Writing output for iteration 1...
Iteration 2
[it  2] energy J(local)=[55.2673 49.853  51.0108 55.2498]
Maximum Self-Energy Update: 365.53926794222576
Contact Current Difference: 0.0
Current Conservation abs: 0.013588201625225338
Current Conservation rel: 2.1065001626808693e-06
Phonon: rel Sigma^R residual 2.1053e+00; lead balance 3.3176e-04 (best inf; internal spread 1.0246e-01)
Bubble energy balance: P_in=-6.572946e+03 P_out=-6.572946e+03 resid=1.173e-16
Writing output for iteration 2...
Iteration 3
[it  3] energy J(local)=[54.7264 50.637  50.528  54.7188]
Maximum Self-Energy Update: 294.96360049833584
Contact Current Difference: 0.0
Current Conservation abs: 0.013192529916977946
Current Conservation rel: 2.0482840539938407e-06
Phonon: rel Sigma^R residual 1.5740e+00; lead balance 1.4255e-04 (best 1.4255e-04; internal spread 7.9736e-02)
Bubble energy balance: P_in=-6.677474e+03 P_out=-6.677474e+03 resid=3.682e-17
Writing output for iteration 3...
Iteration 4
[it  4] energy J(local)=[54.1873 50.4537 50.6267 54.1623]
Maximum Self-Energy Update: 235.8966543502441
Contact Current Difference: 0.0
Current Conservation abs: 0.012758666715399158
Current Conservation rel: 1.7767585319830845e-06
Phonon: rel Sigma^R residual 1.1733e+00; lead balance 4.7818e-04 (best 1.4255e-04; internal spread 7.1309e-02)
Bubble energy balance: P_in=-7.202455e+03 P_out=-7.202455e+03 resid=7.622e-17
Writing output for iteration 4...
Iteration 5
[it  5] energy J(local)=[53.568  50.261  50.4011 53.5411]
Maximum Self-Energy Update: 187.14623364270471
Contact Current Difference: 0.0
Current Conservation abs: 0.012770744713634485
Current Conservation rel: 1.6096735111678702e-06
Phonon: rel Sigma^R residual 9.7261e-01; lead balance 5.1840e-04 (best 1.4255e-04; internal spread 6.3666e-02)
Bubble energy balance: P_in=-7.819875e+03 P_out=-7.819875e+03 resid=6.479e-17
Writing output for iteration 5...
Iteration 6
[it  6] energy J(local)=[52.9697 50.0311 50.1474 52.9428]
Maximum Self-Energy Update: 155.19238876461046
Contact Current Difference: 0.0
Current Conservation abs: 0.013134364418874611
Current Conservation rel: 1.5821299182600401e-06
Phonon: rel Sigma^R residual 8.1932e-01; lead balance 5.2272e-04 (best 1.4255e-04; internal spread 5.7035e-02)
Bubble energy balance: P_in=-8.251800e+03 P_out=-8.251800e+03 resid=1.873e-17
Writing output for iteration 6...
Iteration 7
[it  7] energy J(local)=[52.4328 49.794  49.897  52.4061]
Maximum Self-Energy Update: 130.76014451413525
Contact Current Difference: 0.0
Current Conservation abs: 0.01399973923980724
Current Conservation rel: 1.6185789974968208e-06
Phonon: rel Sigma^R residual 6.5211e-01; lead balance 5.2166e-04 (best 1.4255e-04; internal spread 5.1609e-02)
Bubble energy balance: P_in=-8.676405e+03 P_out=-8.676405e+03 resid=1.050e-16
Writing output for iteration 7...
Iteration 8
[it  8] energy J(local)=[51.9058 49.4782 49.5715 51.8792]
Maximum Self-Energy Update: 108.20492399160167
Contact Current Difference: 0.0
Current Conservation abs: 0.014857310876323027
Current Conservation rel: 1.595519556928556e-06
Phonon: rel Sigma^R residual 5.0765e-01; lead balance 5.2434e-04 (best 1.4255e-04; internal spread 4.7874e-02)
Bubble energy balance: P_in=-9.298231e+03 P_out=-9.298231e+03 resid=1.960e-16
Writing output for iteration 8...
Iteration 9
[it  9] energy J(local)=[51.3462 49.0265 49.1197 51.3193]
Maximum Self-Energy Update: 88.61780271032546
Contact Current Difference: 0.0
Current Conservation abs: 0.015543598577096418
Current Conservation rel: 1.4876610952075866e-06
Phonon: rel Sigma^R residual 3.9541e-01; lead balance 5.3618e-04 (best 1.4255e-04; internal spread 4.6206e-02)
Bubble energy balance: P_in=-1.014920e+04 P_out=-1.014920e+04 resid=4.011e-17
Writing output for iteration 9...
Iteration 10
[it 10] energy J(local)=[50.752  48.4431 48.5398 50.7242]
Maximum Self-Energy Update: 72.1818292332168
Contact Current Difference: 0.0
Current Conservation abs: 0.01668770189917268
Current Conservation rel: 1.4188891645759788e-06
Phonon: rel Sigma^R residual 3.1054e-01; lead balance 5.5976e-04 (best 1.4255e-04; internal spread 4.6536e-02)
Bubble energy balance: P_in=-1.103161e+04 P_out=-1.103161e+04 resid=8.375e-17
Writing output for iteration 10...
Iteration 11
[it 11] energy J(local)=[50.1061 47.6964 47.8263 50.0786]
Maximum Self-Energy Update: 58.54235402102597
Contact Current Difference: 0.0
Current Conservation abs: 0.018351616614381783
Current Conservation rel: 1.3803489410013293e-06
Phonon: rel Sigma^R residual 2.4514e-01; lead balance 5.6218e-04 (best 1.4255e-04; internal spread 4.9251e-02)
Bubble energy balance: P_in=-1.205427e+04 P_out=-1.205427e+04 resid=7.012e-17
Writing output for iteration 11...
Iteration 12
[it 12] energy J(local)=[49.373  46.7393 46.9275 49.3482]
Maximum Self-Energy Update: 95.1020724351275
Contact Current Difference: 0.0
Current Conservation abs: 0.017023799340677215
Current Conservation rel: 9.642805644540332e-07
Phonon: rel Sigma^R residual 3.8642e-01; lead balance 5.1639e-04 (best 1.4255e-04; internal spread 5.4757e-02)
Bubble energy balance: P_in=-1.473417e+04 P_out=-1.473417e+04 resid=1.268e-16
Writing output for iteration 12...
Iteration 13
[it 13] energy J(local)=[48.4412 45.4213 45.6571 48.4236]
Maximum Self-Energy Update: 357.62435419217684
Contact Current Difference: 0.0
Current Conservation abs: 0.002196146295318613
Current Conservation rel: 4.7656777316766234e-08
Phonon: rel Sigma^R residual 8.0277e-01; lead balance 3.7461e-04 (best 1.4255e-04; internal spread 6.4272e-02)
Bubble energy balance: P_in=-2.584189e+04 P_out=-2.584189e+04 resid=1.577e-16
Writing output for iteration 13...
Iteration 14
[it 14] energy J(local)=[47.0858 43.3578 43.4847 47.0736]
Maximum Self-Energy Update: 238.10361990522512
Contact Current Difference: 0.0
Current Conservation abs: 0.01181569485743239
Current Conservation rel: 4.07174004167525e-07
Phonon: rel Sigma^R residual 5.9925e-01; lead balance 2.6890e-04 (best 1.4255e-04; internal spread 8.2386e-02)
Bubble energy balance: P_in=-1.951742e+04 P_out=-1.951742e+04 resid=5.075e-18
Writing output for iteration 14...
Iteration 15
[it 15] energy J(local)=[46.3384 42.3506 42.3945 46.3233]
Maximum Self-Energy Update: 101.03329222724886
Contact Current Difference: 0.0
Current Conservation abs: 0.012629402497623232
Current Conservation rel: 7.759508871046538e-07
Phonon: rel Sigma^R residual 3.1720e-01; lead balance 3.4201e-04 (best 1.4255e-04; internal spread 8.9915e-02)
Bubble energy balance: P_in=-1.356935e+04 P_out=-1.356935e+04 resid=5.426e-17
Writing output for iteration 15...
Iteration 16
[it 16] energy J(local)=[45.9509 42.101  42.1493 45.938 ]
Maximum Self-Energy Update: 59.08024203448662
Contact Current Difference: 0.0
Current Conservation abs: 0.013848121765477117
Current Conservation rel: 8.84689891187942e-07
Phonon: rel Sigma^R residual 1.9907e-01; lead balance 2.9336e-04 (best 1.4255e-04; internal spread 8.7430e-02)
Bubble energy balance: P_in=-1.341124e+04 P_out=-1.341124e+04 resid=9.801e-18
Writing output for iteration 16...
Iteration 17
[it 17] energy J(local)=[45.6332 41.9256 41.9862 45.622 ]
Maximum Self-Energy Update: 43.316487480103895
Contact Current Difference: 0.0
Current Conservation abs: 0.014376608872225916
Current Conservation rel: 9.263705580151018e-07
Phonon: rel Sigma^R residual 1.5504e-01; lead balance 2.5644e-04 (best 1.4255e-04; internal spread 8.4665e-02)
Bubble energy balance: P_in=-1.349219e+04 P_out=-1.349219e+04 resid=2.792e-17
Writing output for iteration 17...
Iteration 18
[it 18] energy J(local)=[45.363  41.7841 41.8629 45.3531]
Maximum Self-Energy Update: 39.35960111781021
Contact Current Difference: 0.0
Current Conservation abs: 0.014640607661931426
Current Conservation rel: 9.388366133502893e-07
Phonon: rel Sigma^R residual 1.4797e-01; lead balance 2.2720e-04 (best 1.4255e-04; internal spread 8.2101e-02)
Bubble energy balance: P_in=-1.365378e+04 P_out=-1.365378e+04 resid=1.355e-16
Writing output for iteration 18...
Iteration 19
[it 19] energy J(local)=[45.1264 41.656  41.7604 45.1177]
Maximum Self-Energy Update: 43.120289687165915
Contact Current Difference: 0.0
Current Conservation abs: 0.014797959685893147
Current Conservation rel: 9.357930919533306e-07
Phonon: rel Sigma^R residual 1.6849e-01; lead balance 2.0102e-04 (best 1.4255e-04; internal spread 7.9936e-02)
Bubble energy balance: P_in=-1.385623e+04 P_out=-1.385623e+04 resid=6.639e-17
Writing output for iteration 19...
Iteration 20
[it 20] energy J(local)=[44.9113 41.5271 41.6655 44.9038]
Maximum Self-Energy Update: 48.20229776270638
Contact Current Difference: 0.0
Current Conservation abs: 0.014872605987875431
Current Conservation rel: 9.190741394739093e-07
Phonon: rel Sigma^R residual 1.9377e-01; lead balance 1.7319e-04 (best 1.4255e-04; internal spread 7.8243e-02)
Bubble energy balance: P_in=-1.410867e+04 P_out=-1.410867e+04 resid=1.298e-16
Writing output for iteration 20...
Iteration 21
[it 21] energy J(local)=[44.7076 41.3884 41.5677 44.7016]
Maximum Self-Energy Update: 54.28847179211238
Contact Current Difference: 0.0
Current Conservation abs: 0.01483557921164902
Current Conservation rel: 8.857018226684011e-07
Phonon: rel Sigma^R residual 2.2301e-01; lead balance 1.3819e-04 (best 1.3819e-04; internal spread 7.7026e-02)
Bubble energy balance: P_in=-1.444175e+04 P_out=-1.444175e+04 resid=9.259e-17
Writing output for iteration 21...
Iteration 22
[it 22] energy J(local)=[44.5076 41.2338 41.4563 44.5036]
Maximum Self-Energy Update: 59.74344869639038
Contact Current Difference: 0.0
Current Conservation abs: 0.014689112696942175
Current Conservation rel: 8.346009743283771e-07
Phonon: rel Sigma^R residual 2.3903e-01; lead balance 9.2751e-05 (best 9.2751e-05; internal spread 7.6268e-02)
Bubble energy balance: P_in=-1.489812e+04 P_out=-1.489812e+04 resid=6.870e-17
Writing output for iteration 22...
Iteration 23
[it 23] energy J(local)=[44.3063 41.0602 41.3177 44.3044]
Maximum Self-Energy Update: 63.00007601732253
Contact Current Difference: 0.0
Current Conservation abs: 0.014827602839432075
Current Conservation rel: 7.930389078613226e-07
Phonon: rel Sigma^R residual 2.2978e-01; lead balance 4.5539e-05 (best 4.5539e-05; internal spread 7.5939e-02)
Bubble energy balance: P_in=-1.545972e+04 P_out=-1.545972e+04 resid=1.247e-16
Writing output for iteration 23...
Iteration 24
[it 24] energy J(local)=[44.1045 40.877  41.1436 44.1039]
Maximum Self-Energy Update: 63.44648484861977
Contact Current Difference: 0.0
Current Conservation abs: 0.015851439888137975
Current Conservation rel: 8.194488013449015e-07
Phonon: rel Sigma^R residual 2.2157e-01; lead balance 1.6161e-05 (best 1.6161e-05; internal spread 7.5841e-02)
Bubble energy balance: P_in=-1.579456e+04 P_out=-1.579456e+04 resid=1.369e-16
Writing output for iteration 24...
Iteration 25
[it 25] energy J(local)=[43.9084 40.7116 40.9557 43.9093]
Maximum Self-Energy Update: 60.46395096643832
Contact Current Difference: 0.0
Current Conservation abs: 0.015248230223733117
Current Conservation rel: 7.917136599069198e-07
Phonon: rel Sigma^R residual 2.1521e-01; lead balance 1.9761e-05 (best 1.6161e-05; internal spread 7.5467e-02)
Bubble energy balance: P_in=-1.575605e+04 P_out=-1.575605e+04 resid=5.777e-17
Writing output for iteration 25...
Iteration 26
[it 26] energy J(local)=[43.7286 40.5801 40.7915 43.7318]
Maximum Self-Energy Update: 74.68131625836448
Contact Current Difference: 0.0
Current Conservation abs: 0.014771102249142132
Current Conservation rel: 7.597561499681002e-07
Phonon: rel Sigma^R residual 2.7149e-01; lead balance 7.4192e-05 (best 1.6161e-05; internal spread 7.4670e-02)
Bubble energy balance: P_in=-1.586109e+04 P_out=-1.586109e+04 resid=5.736e-17
Writing output for iteration 26...
Iteration 27
[it 27] energy J(local)=[43.568  40.4726 40.6577 43.5736]
Maximum Self-Energy Update: 88.62072258739302
Contact Current Difference: 0.0
Current Conservation abs: 0.0157822196088091
Current Conservation rel: 7.923510717530449e-07
Phonon: rel Sigma^R residual 3.2056e-01; lead balance 1.3355e-04 (best 1.6161e-05; internal spread 7.3715e-02)
Bubble energy balance: P_in=-1.616224e+04 P_out=-1.616224e+04 resid=4.733e-18
Writing output for iteration 27...
Iteration 28
[it 28] energy J(local)=[43.42   40.3796 40.5477 43.4279]
Maximum Self-Energy Update: 104.4624553334001
Contact Current Difference: 0.0
Current Conservation abs: 0.017784546776965726
Current Conservation rel: 8.725826222154475e-07
Phonon: rel Sigma^R residual 3.7489e-01; lead balance 1.8839e-04 (best 1.6161e-05; internal spread 7.2674e-02)
Bubble energy balance: P_in=-1.652473e+04 P_out=-1.652473e+04 resid=1.105e-16
Writing output for iteration 28...
Iteration 29
[it 29] energy J(local)=[43.2871 40.311  40.4681 43.2961]
Maximum Self-Energy Update: 123.87343582279757
Contact Current Difference: 0.0
Current Conservation abs: 0.019475853281619493
Current Conservation rel: 9.382607988132609e-07
Phonon: rel Sigma^R residual 4.3224e-01; lead balance 2.1649e-04 (best 1.6161e-05; internal spread 7.1345e-02)
Bubble energy balance: P_in=-1.692509e+04 P_out=-1.692509e+04 resid=1.143e-16
Writing output for iteration 29...
Iteration 30
[it 30] energy J(local)=[43.1821 40.2909 40.4357 43.1904]
Maximum Self-Energy Update: 151.64821529727274
Contact Current Difference: 0.0
Current Conservation abs: 0.018920495338534238
Current Conservation rel: 8.760291755099162e-07
Phonon: rel Sigma^R residual 4.4723e-01; lead balance 1.9856e-04 (best 1.6161e-05; internal spread 6.9407e-02)
Bubble energy balance: P_in=-1.758626e+04 P_out=-1.758626e+04 resid=2.074e-16
Writing output for iteration 30...
Iteration 31
[it 31] energy J(local)=[43.1168 40.3458 40.4638 43.1217]
Maximum Self-Energy Update: 183.03361185812545
Contact Current Difference: 0.0
Current Conservation abs: 0.015018085778137902
Current Conservation rel: 6.206342896871557e-07
Phonon: rel Sigma^R residual 4.5676e-01; lead balance 1.1646e-04 (best 1.6161e-05; internal spread 6.6469e-02)
Bubble energy balance: P_in=-1.890163e+04 P_out=-1.890163e+04 resid=1.004e-16
Writing output for iteration 31...
Iteration 32
[it 32] energy J(local)=[43.1209 40.5063 40.5601 43.1145]
Maximum Self-Energy Update: 163.68492612380822
Contact Current Difference: 0.0
Current Conservation abs: 0.017872797307063593
Current Conservation rel: 6.880143017653213e-07
Phonon: rel Sigma^R residual 4.0243e-01; lead balance 1.5200e-04 (best 1.6161e-05; internal spread 6.2511e-02)
Bubble energy balance: P_in=-1.949120e+04 P_out=-1.949120e+04 resid=1.020e-16
Writing output for iteration 32...
Iteration 33
[it 33] energy J(local)=[43.1663 40.6618 40.6469 43.1484]
Maximum Self-Energy Update: 46.39040406514654
Contact Current Difference: 0.0
Current Conservation abs: 0.010580453437796677
Current Conservation rel: 4.84612458936672e-07
Phonon: rel Sigma^R residual 1.6799e-01; lead balance 4.2662e-04 (best 1.6161e-05; internal spread 6.0121e-02)
Bubble energy balance: P_in=-1.765188e+04 P_out=-1.765188e+04 resid=1.043e-16
Writing output for iteration 33...
Iteration 34
[it 34] energy J(local)=[43.1423 40.6906 40.6667 43.1291]
Maximum Self-Energy Update: 38.448367562318154
Contact Current Difference: 0.0
Current Conservation abs: 0.009221504145898507
Current Conservation rel: 4.0647585832564063e-07
Phonon: rel Sigma^R residual 1.4700e-01; lead balance 3.1532e-04 (best 1.6161e-05; internal spread 5.9073e-02)
Bubble energy balance: P_in=-1.809397e+04 P_out=-1.809397e+04 resid=1.138e-16
Writing output for iteration 34...
Iteration 35
[it 35] energy J(local)=[43.0775 40.6597 40.633  43.0697]
Maximum Self-Energy Update: 49.600815856977846
Contact Current Difference: 0.0
Current Conservation abs: 0.00917264143936336
Current Conservation rel: 3.8405668876000594e-07
Phonon: rel Sigma^R residual 1.8508e-01; lead balance 1.8763e-04 (best 1.6161e-05; internal spread 5.8398e-02)
Bubble energy balance: P_in=-1.866791e+04 P_out=-1.866791e+04 resid=3.871e-18
Writing output for iteration 35...
Iteration 36
[it 36] energy J(local)=[42.9749 40.5826 40.5521 42.9716]
Maximum Self-Energy Update: 65.2416525135085
Contact Current Difference: 0.0
Current Conservation abs: 0.009870594769381569
Current Conservation rel: 3.88911369945757e-07
Phonon: rel Sigma^R residual 2.3555e-01; lead balance 7.9181e-05 (best 1.6161e-05; internal spread 5.8003e-02)
Bubble energy balance: P_in=-1.934615e+04 P_out=-1.934615e+04 resid=2.363e-17
Writing output for iteration 36...
Iteration 37
[it 37] energy J(local)=[42.8277 40.4555 40.4194 42.8278]
Maximum Self-Energy Update: 73.16140095146753
Contact Current Difference: 0.0
Current Conservation abs: 0.01160699349384231
Current Conservation rel: 4.3757118924168083e-07
Phonon: rel Sigma^R residual 2.5650e-01; lead balance 3.8110e-06 (best 3.8110e-06; internal spread 5.7849e-02)
Bubble energy balance: P_in=-1.984035e+04 P_out=-1.984035e+04 resid=1.851e-16
Writing output for iteration 37...
Iteration 38
[it 38] energy J(local)=[42.643  40.2827 40.2421 42.6457]
Maximum Self-Energy Update: 56.23391331753088
Contact Current Difference: 0.0
Current Conservation abs: 0.014339846284201485
Current Conservation rel: 5.535412925285041e-07
Phonon: rel Sigma^R residual 1.9964e-01; lead balance 6.4465e-05 (best 3.8110e-06; internal spread 5.7983e-02)
Bubble energy balance: P_in=-1.958286e+04 P_out=-1.958286e+04 resid=9.444e-17
Writing output for iteration 38...
Iteration 39
[it 39] energy J(local)=[42.484  40.134  40.09   42.4879]
Maximum Self-Energy Update: 43.25151031553028
Contact Current Difference: 0.0
Current Conservation abs: 0.016400056389102247
Current Conservation rel: 6.573937792059327e-07
Phonon: rel Sigma^R residual 1.5637e-01; lead balance 9.5696e-05 (best 3.8110e-06; internal spread 5.8062e-02)
Bubble energy balance: P_in=-1.921913e+04 P_out=-1.921913e+04 resid=1.894e-16
Writing output for iteration 39...
Iteration 40
[it 40] energy J(local)=[42.374  40.0367 39.9881 42.3782]
Maximum Self-Energy Update: 36.84776577176794
Contact Current Difference: 0.0
Current Conservation abs: 0.017436743115467834
Current Conservation rel: 7.039900800793876e-07
Phonon: rel Sigma^R residual 1.3231e-01; lead balance 1.0306e-04 (best 3.8110e-06; internal spread 5.8021e-02)
Bubble energy balance: P_in=-1.920004e+04 P_out=-1.920004e+04 resid=1.911e-16
Writing output for iteration 40...
Iteration 41
[it 41] energy J(local)=[42.2872 39.9606 39.9056 42.2914]
Maximum Self-Energy Update: 33.327884695994896
Contact Current Difference: 0.0
Current Conservation abs: 0.017889370101329405
Current Conservation rel: 7.1979556070208e-07
Phonon: rel Sigma^R residual 1.1844e-01; lead balance 1.0263e-04 (best 3.8110e-06; internal spread 5.8032e-02)
Bubble energy balance: P_in=-1.928494e+04 P_out=-1.928494e+04 resid=1.888e-16
Writing output for iteration 41...
Iteration 42
[it 42] energy J(local)=[42.2107 39.8914 39.8285 42.2149]
Maximum Self-Energy Update: 31.07360185407082
Contact Current Difference: 0.0
Current Conservation abs: 0.01813558101457602
Current Conservation rel: 7.246464226529156e-07
Phonon: rel Sigma^R residual 1.0934e-01; lead balance 1.0368e-04 (best 3.8110e-06; internal spread 5.8153e-02)
Bubble energy balance: P_in=-1.939982e+04 P_out=-1.939982e+04 resid=9.468e-17
Writing output for iteration 42...
Iteration 43
[it 43] energy J(local)=[42.1388 39.8228 39.7512 42.1433]
Maximum Self-Energy Update: 29.473633219634657
Contact Current Difference: 0.0
Current Conservation abs: 0.018379432689471287
Current Conservation rel: 7.275258081976651e-07
Phonon: rel Sigma^R residual 1.0275e-01; lead balance 1.0956e-04 (best 3.8110e-06; internal spread 5.8396e-02)
Bubble energy balance: P_in=-1.953692e+04 P_out=-1.953692e+04 resid=9.684e-17
Writing output for iteration 43...
Iteration 44
[it 44] energy J(local)=[42.068  39.7511 39.6702 42.073 ]
Maximum Self-Energy Update: 28.00684908685921
Contact Current Difference: 0.0
Current Conservation abs: 0.018723437846347224
Current Conservation rel: 7.323733672474705e-07
Phonon: rel Sigma^R residual 9.6763e-02; lead balance 1.2106e-04 (best 3.8110e-06; internal spread 5.8762e-02)
Bubble energy balance: P_in=-1.970015e+04 P_out=-1.970015e+04 resid=9.402e-17
Writing output for iteration 44...
Iteration 45
[it 45] energy J(local)=[41.9954 39.673  39.5829 42.0011]
Maximum Self-Energy Update: 26.57815026636982
Contact Current Difference: 0.0
Current Conservation abs: 0.01924598448931647
Current Conservation rel: 7.416424084492139e-07
Phonon: rel Sigma^R residual 9.1040e-02; lead balance 1.3858e-04 (best 3.8110e-06; internal spread 5.9249e-02)
Bubble energy balance: P_in=-1.989813e+04 P_out=-1.989813e+04 resid=7.538e-18
Writing output for iteration 45...
Iteration 46
[it 46] energy J(local)=[41.9181 39.5855 39.4867 41.9248]
Maximum Self-Energy Update: 25.181782226991242
Contact Current Difference: 0.0
Current Conservation abs: 0.0200660217233235
Current Conservation rel: 7.586620714651309e-07
Phonon: rel Sigma^R residual 8.5536e-02; lead balance 1.6324e-04 (best 3.8110e-06; internal spread 5.9861e-02)
Bubble energy balance: P_in=-2.014516e+04 P_out=-2.014516e+04 resid=9.030e-17
Writing output for iteration 46...
Iteration 47
[it 47] energy J(local)=[41.833  39.4851 39.3783 41.841 ]
Maximum Self-Energy Update: 26.591948206820113
Contact Current Difference: 0.0
Current Conservation abs: 0.02142272231685638
Current Conservation rel: 7.899728780904944e-07
Phonon: rel Sigma^R residual 8.9589e-02; lead balance 1.9790e-04 (best 3.8110e-06; internal spread 6.0607e-02)
Bubble energy balance: P_in=-2.046501e+04 P_out=-2.046501e+04 resid=9.555e-17
Writing output for iteration 47...
Iteration 48
[it 48] energy J(local)=[41.7359 39.3669 39.2531 41.746 ]
Maximum Self-Energy Update: 33.688062660917694
Contact Current Difference: 0.0
Current Conservation abs: 0.023829443207432632
Current Conservation rel: 8.491457088352127e-07
Phonon: rel Sigma^R residual 1.1148e-01; lead balance 2.4840e-04 (best 3.8110e-06; internal spread 6.1514e-02)
Bubble energy balance: P_in=-2.089902e+04 P_out=-2.089902e+04 resid=1.763e-16
Writing output for iteration 48...
Iteration 49
[it 49] energy J(local)=[41.621  39.224  39.1042 41.6342]
Maximum Self-Energy Update: 42.80560516191157
Contact Current Difference: 0.0
Current Conservation abs: 0.028402447989719803
Current Conservation rel: 9.633929403398097e-07
Phonon: rel Sigma^R residual 1.3459e-01; lead balance 3.2610e-04 (best 3.8110e-06; internal spread 6.2630e-02)
Bubble energy balance: P_in=-2.152157e+04 P_out=-2.152157e+04 resid=3.726e-18
Writing output for iteration 49...
Iteration 50
[it 50] energy J(local)=[41.4794 39.0455 38.9203 41.4975]
Maximum Self-Energy Update: 54.200599493404575
Contact Current Difference: 0.0
Current Conservation abs: 0.037274623866323964
Current Conservation rel: 1.175261845604325e-06
Phonon: rel Sigma^R residual 1.6037e-01; lead balance 4.4896e-04 (best 3.8110e-06; internal spread 6.4052e-02)
Bubble energy balance: P_in=-2.245697e+04 P_out=-2.245697e+04 resid=1.623e-16
Writing output for iteration 50...
Iteration 51
[it 51] energy J(local)=[41.299  38.8148 38.6837 41.3233]
Maximum Self-Energy Update: 65.561624055021
Contact Current Difference: 0.0
Current Conservation abs: 0.050790336052159546
Current Conservation rel: 1.4521387661087248e-06
Phonon: rel Sigma^R residual 1.8203e-01; lead balance 6.0840e-04 (best 3.8110e-06; internal spread 6.5940e-02)
Bubble energy balance: P_in=-2.379021e+04 P_out=-2.379021e+04 resid=8.275e-17
Writing output for iteration 51...
Iteration 52
[it 52] energy J(local)=[41.0792 38.5226 38.3819 41.1022]
Maximum Self-Energy Update: 80.01943688118297
Contact Current Difference: 0.0
Current Conservation abs: 0.04666886655104463
Current Conservation rel: 1.2218448721591459e-06
Phonon: rel Sigma^R residual 2.1020e-01; lead balance 5.8065e-04 (best 3.8110e-06; internal spread 6.8399e-02)
Bubble energy balance: P_in=-2.513602e+04 P_out=-2.513602e+04 resid=7.442e-17
Writing output for iteration 52...
Iteration 53
[it 53] energy J(local)=[40.8813 38.2257 38.0581 40.8862]
Maximum Self-Energy Update: 78.18138141965301
Contact Current Difference: 0.0
Current Conservation abs: 0.007444265946105588
Current Conservation rel: 1.9469351616628416e-07
Phonon: rel Sigma^R residual 1.9800e-01; lead balance 1.2377e-04 (best 3.8110e-06; internal spread 7.1574e-02)
Bubble energy balance: P_in=-2.526888e+04 P_out=-2.526888e+04 resid=2.890e-17
Writing output for iteration 53...
Iteration 54
[it 54] energy J(local)=[40.7627 38.0208 37.8087 40.7613]
Maximum Self-Energy Update: 55.512101365470954
Contact Current Difference: 0.0
Current Conservation abs: 0.006960960705328034
Current Conservation rel: 1.9636136751094108e-07
Phonon: rel Sigma^R residual 1.4236e-01; lead balance 3.4444e-05 (best 3.8110e-06; internal spread 7.5091e-02)
Bubble energy balance: P_in=-2.432183e+04 P_out=-2.432183e+04 resid=8.655e-17
Writing output for iteration 54...
Iteration 55
[it 55] energy J(local)=[40.6796 37.8935 37.6707 40.6799]
Maximum Self-Energy Update: 83.1561972159219
Contact Current Difference: 0.0
Current Conservation abs: 0.012934832226164872
Current Conservation rel: 3.494290754640002e-07
Phonon: rel Sigma^R residual 1.9394e-01; lead balance 8.1116e-06 (best 3.8110e-06; internal spread 7.6706e-02)
Bubble energy balance: P_in=-2.493251e+04 P_out=-2.493251e+04 resid=1.557e-16
Writing output for iteration 55...
Iteration 56
[it 56] energy J(local)=[40.5821 37.7575 37.5408 40.5836]
Maximum Self-Energy Update: 128.82130541733594
Contact Current Difference: 0.0
Current Conservation abs: 0.01594503924206947
Current Conservation rel: 3.949364892865277e-07
Phonon: rel Sigma^R residual 2.6427e-01; lead balance 3.8708e-05 (best 3.8110e-06; internal spread 7.7790e-02)
Bubble energy balance: P_in=-2.609196e+04 P_out=-2.609196e+04 resid=9.865e-17
Writing output for iteration 56...
Iteration 57
[it 57] energy J(local)=[40.474  37.5964 37.3895 40.4725]
Maximum Self-Energy Update: 113.37939144147818
Contact Current Difference: 0.0
Current Conservation abs: 0.01852384332960355
Current Conservation rel: 4.481057207392407e-07
Phonon: rel Sigma^R residual 2.3578e-01; lead balance 3.8776e-05 (best 3.8110e-06; internal spread 7.9124e-02)
Bubble energy balance: P_in=-2.642509e+04 P_out=-2.642509e+04 resid=5.083e-17
Writing output for iteration 57...
Iteration 58
[it 58] energy J(local)=[40.3865 37.44   37.2293 40.3784]
Maximum Self-Energy Update: 104.74456027800508
Contact Current Difference: 0.0
Current Conservation abs: 0.0185819851103588
Current Conservation rel: 4.852996321000548e-07
Phonon: rel Sigma^R residual 2.3874e-01; lead balance 2.0850e-04 (best 3.8110e-06; internal spread 8.1251e-02)
Bubble energy balance: P_in=-2.537861e+04 P_out=-2.537861e+04 resid=7.518e-17
Writing output for iteration 58...
Iteration 59
[it 59] energy J(local)=[40.3122 37.3152 37.1019 40.3012]
Maximum Self-Energy Update: 76.7924366993347
Contact Current Difference: 0.0
Current Conservation abs: 0.018571914937638212
Current Conservation rel: 4.949003131617653e-07
Phonon: rel Sigma^R residual 1.7520e-01; lead balance 2.8358e-04 (best 3.8110e-06; internal spread 8.2832e-02)
Bubble energy balance: P_in=-2.516759e+04 P_out=-2.516759e+04 resid=1.584e-17
Writing output for iteration 59...
Iteration 60
[it 60] energy J(local)=[40.2362 37.1962 36.9837 40.2244]
Maximum Self-Energy Update: 64.29199502228731
Contact Current Difference: 0.0
Current Conservation abs: 0.01868075788661372
Current Conservation rel: 5.022609927711133e-07
Phonon: rel Sigma^R residual 1.4769e-01; lead balance 3.0528e-04 (best 3.8110e-06; internal spread 8.4129e-02)
Bubble energy balance: P_in=-2.511743e+04 P_out=-2.511743e+04 resid=2.173e-16
Writing output for iteration 60...
Iteration 61
[it 61] energy J(local)=[40.1692 37.0967 36.8867 40.1573]
Maximum Self-Energy Update: 50.75361140987898
Contact Current Difference: 0.0
Current Conservation abs: 0.01863177393533988
Current Conservation rel: 5.061444128793524e-07
Phonon: rel Sigma^R residual 1.1731e-01; lead balance 3.1013e-04 (best 3.8110e-06; internal spread 8.5090e-02)
Bubble energy balance: P_in=-2.503647e+04 P_out=-2.503647e+04 resid=5.720e-18
Writing output for iteration 61...
Iteration 62
[it 62] energy J(local)=[40.1175 37.0238 36.8175 40.1055]
Maximum Self-Energy Update: 40.15547920433264
Contact Current Difference: 0.0
Current Conservation abs: 0.01852387791950605
Current Conservation rel: 5.056224986020133e-07
Phonon: rel Sigma^R residual 9.2900e-02; lead balance 3.1208e-04 (best 3.8110e-06; internal spread 8.5679e-02)
Bubble energy balance: P_in=-2.502282e+04 P_out=-2.502282e+04 resid=1.536e-16
Writing output for iteration 62...
Iteration 63
[it 63] energy J(local)=[40.0771 36.971  36.7691 40.065 ]
Maximum Self-Energy Update: 32.25124560651894
Contact Current Difference: 0.0
Current Conservation abs: 0.018430829357384937
Current Conservation rel: 5.040303091987152e-07
Phonon: rel Sigma^R residual 7.4434e-02; lead balance 3.1305e-04 (best 3.8110e-06; internal spread 8.5987e-02)
Bubble energy balance: P_in=-2.503775e+04 P_out=-2.503775e+04 resid=7.018e-18
Writing output for iteration 63...
Iteration 64
[it 64] energy J(local)=[40.0443 36.9323 36.7352 40.0323]
Maximum Self-Energy Update: 26.005939146477992
Contact Current Difference: 0.0
Current Conservation abs: 0.01836095627368195
Current Conservation rel: 5.024780594560695e-07
Phonon: rel Sigma^R residual 5.9766e-02; lead balance 3.1305e-04 (best 3.8110e-06; internal spread 8.6094e-02)
Bubble energy balance: P_in=-2.505979e+04 P_out=-2.505979e+04 resid=2.384e-17
Writing output for iteration 64...
Iteration 65
[it 65] energy J(local)=[40.017  36.9038 36.7116 40.005 ]
Maximum Self-Energy Update: 20.920487280741472
Contact Current Difference: 0.0
Current Conservation abs: 0.01830451023124624
Current Conservation rel: 5.010338563974223e-07
Phonon: rel Sigma^R residual 4.7826e-02; lead balance 3.1209e-04 (best 3.8110e-06; internal spread 8.6057e-02)
Bubble energy balance: P_in=-2.508263e+04 P_out=-2.508263e+04 resid=1.484e-17
Writing output for iteration 65...
Iteration 66
[it 66] energy J(local)=[39.9936 36.8826 36.6953 39.9817]
Maximum Self-Energy Update: 16.752737590869742
Contact Current Difference: 0.0
Current Conservation abs: 0.018252931880851975
Current Conservation rel: 4.99621353550659e-07
Phonon: rel Sigma^R residual 3.8076e-02; lead balance 3.1024e-04 (best 3.8110e-06; internal spread 8.5920e-02)
Bubble energy balance: P_in=-2.510384e+04 P_out=-2.510384e+04 resid=2.070e-17
Writing output for iteration 66...
Iteration 67
[it 67] energy J(local)=[39.9732 36.8667 36.6841 39.9614]
Maximum Self-Energy Update: 14.214869402052763
Contact Current Difference: 0.0
Current Conservation abs: 0.01820172364023165
Current Conservation rel: 4.981940232837412e-07
Phonon: rel Sigma^R residual 3.2112e-02; lead balance 3.0761e-04 (best 3.8110e-06; internal spread 8.5718e-02)
Bubble energy balance: P_in=-2.512253e+04 P_out=-2.512253e+04 resid=1.169e-17
Writing output for iteration 67...
Iteration 68
[it 68] energy J(local)=[39.9552 36.8548 36.6766 39.9436]
Maximum Self-Energy Update: 12.082827034183232
Contact Current Difference: 0.0
Current Conservation abs: 0.018149352617911063
Current Conservation rel: 4.967461380249052e-07
Phonon: rel Sigma^R residual 2.7126e-02; lead balance 3.0434e-04 (best 3.8110e-06; internal spread 8.5476e-02)
Bubble energy balance: P_in=-2.513850e+04 P_out=-2.513850e+04 resid=7.337e-17
Writing output for iteration 68...
Iteration 69
[it 69] energy J(local)=[39.9393 36.8457 36.6716 39.9277]
Maximum Self-Energy Update: 11.929302384137625
Contact Current Difference: 0.0
Current Conservation abs: 0.0180959414683457
Current Conservation rel: 4.952945076559913e-07
Phonon: rel Sigma^R residual 2.6616e-02; lead balance 3.0053e-04 (best 3.8110e-06; internal spread 8.5215e-02)
Bubble energy balance: P_in=-2.515194e+04 P_out=-2.515194e+04 resid=1.166e-18
Writing output for iteration 69...
Iteration 70
[it 70] energy J(local)=[39.9249 36.8386 36.6683 39.9135]
Maximum Self-Energy Update: 12.31308746620739
Contact Current Difference: 0.0
Current Conservation abs: 0.018042343868728494
Current Conservation rel: 4.938639363674801e-07
Phonon: rel Sigma^R residual 2.7303e-02; lead balance 2.9627e-04 (best 3.8110e-06; internal spread 8.4948e-02)
Bubble energy balance: P_in=-2.516322e+04 P_out=-2.516322e+04 resid=1.467e-16
Writing output for iteration 70...
Iteration 71
[it 71] energy J(local)=[39.9119 36.8328 36.666  39.9007]
Maximum Self-Energy Update: 12.603536134401914
Contact Current Difference: 0.0
Current Conservation abs: 0.017989598167332588
Current Conservation rel: 4.924786465633388e-07
Phonon: rel Sigma^R residual 2.7778e-02; lead balance 2.9163e-04 (best 3.8110e-06; internal spread 8.4685e-02)
Bubble energy balance: P_in=-2.517275e+04 P_out=-2.517275e+04 resid=1.449e-16
Writing output for iteration 71...
Iteration 72
[it 72] energy J(local)=[39.8999 36.828  36.6644 39.889 ]
Maximum Self-Energy Update: 12.792547785010957
Contact Current Difference: 0.0
Current Conservation abs: 0.017938643701199908
Current Conservation rel: 4.911582267448407e-07
Phonon: rel Sigma^R residual 2.8028e-02; lead balance 2.8668e-04 (best 3.8110e-06; internal spread 8.4434e-02)
Bubble energy balance: P_in=-2.518092e+04 P_out=-2.518092e+04 resid=7.307e-17
Writing output for iteration 72...
Iteration 73
[it 73] energy J(local)=[39.889  36.8238 36.663  39.8782]
Maximum Self-Energy Update: 12.888793572185861
Contact Current Difference: 0.0
Current Conservation abs: 0.017890201692353003
Current Conservation rel: 4.899162827909364e-07
Phonon: rel Sigma^R residual 2.8076e-02; lead balance 2.8145e-04 (best 3.8110e-06; internal spread 8.4198e-02)
Bubble energy balance: P_in=-2.518808e+04 P_out=-2.518808e+04 resid=7.270e-17
Writing output for iteration 73...
Iteration 74
[it 74] energy J(local)=[39.8787 36.8199 36.6617 39.8682]
Maximum Self-Energy Update: 12.901587294824962
Contact Current Difference: 0.0
Current Conservation abs: 0.017844750964286504
Current Conservation rel: 4.887606133464216e-07
Phonon: rel Sigma^R residual 2.7947e-02; lead balance 2.7601e-04 (best 3.8110e-06; internal spread 8.3980e-02)
Bubble energy balance: P_in=-2.519448e+04 P_out=-2.519448e+04 resid=1.445e-16
Writing output for iteration 74...
Iteration 75
[it 75] energy J(local)=[39.8692 36.8161 36.6603 39.8588]
Maximum Self-Energy Update: 12.84017640472571
Contact Current Difference: 0.0
Current Conservation abs: 0.01780255199264502
Current Conservation rel: 4.876941245743725e-07
Phonon: rel Sigma^R residual 2.7663e-02; lead balance 2.7038e-04 (best 3.8110e-06; internal spread 8.3780e-02)
Bubble energy balance: P_in=-2.520034e+04 P_out=-2.520034e+04 resid=9.270e-17
Writing output for iteration 75...
Iteration 76
[it 76] energy J(local)=[39.8602 36.8123 36.6587 39.85  ]
Maximum Self-Energy Update: 12.713430374995657
Contact Current Difference: 0.0
Current Conservation abs: 0.017763690295396373
Current Conservation rel: 4.8671599649543e-07
Phonon: rel Sigma^R residual 2.7247e-02; lead balance 2.6462e-04 (best 3.8110e-06; internal spread 8.3600e-02)
Bubble energy balance: P_in=-2.520580e+04 P_out=-2.520580e+04 resid=8.141e-17
Writing output for iteration 76...
Iteration 77
[it 77] energy J(local)=[39.8516 36.8085 36.6568 39.8417]
Maximum Self-Energy Update: 12.550553069932077
Contact Current Difference: 0.0
Current Conservation abs: 0.017728123464621603
Current Conservation rel: 4.858228372399508e-07
Phonon: rel Sigma^R residual 2.6763e-02; lead balance 2.5877e-04 (best 3.8110e-06; internal spread 8.3439e-02)
Bubble energy balance: P_in=-2.521097e+04 P_out=-2.521097e+04 resid=7.694e-17
Writing output for iteration 77...
Iteration 78
[it 78] energy J(local)=[39.8435 36.8045 36.6546 39.8338]
Maximum Self-Energy Update: 12.347739914484206
Contact Current Difference: 0.0
Current Conservation abs: 0.017695722803182434
Current Conservation rel: 4.850096594672465e-07
Phonon: rel Sigma^R residual 2.6204e-02; lead balance 2.5286e-04 (best 3.8110e-06; internal spread 8.3296e-02)
Bubble energy balance: P_in=-2.521593e+04 P_out=-2.521593e+04 resid=1.453e-16
Writing output for iteration 78...
Iteration 79
[it 79] energy J(local)=[39.8357 36.8004 36.6521 39.8263]
Maximum Self-Energy Update: 12.1016142207533
Contact Current Difference: 0.0
Current Conservation abs: 0.017666306710452773
Current Conservation rel: 4.842706362249301e-07
Phonon: rel Sigma^R residual 2.5564e-02; lead balance 2.4695e-04 (best 3.8110e-06; internal spread 8.3169e-02)
Bubble energy balance: P_in=-2.522073e+04 P_out=-2.522073e+04 resid=7.350e-17
Writing output for iteration 79...
Iteration 80
[it 80] energy J(local)=[39.8283 36.7962 36.6493 39.8191]
Maximum Self-Energy Update: 11.818430410576369
Contact Current Difference: 0.0
Current Conservation abs: 0.017639665798924398
Current Conservation rel: 4.835996488525127e-07
Phonon: rel Sigma^R residual 2.4856e-02; lead balance 2.4106e-04 (best 3.8110e-06; internal spread 8.3059e-02)
Bubble energy balance: P_in=-2.522540e+04 P_out=-2.522540e+04 resid=6.815e-18
Writing output for iteration 80...
Iteration 81
[it 81] energy J(local)=[39.8211 36.7918 36.6463 39.8121]
Maximum Self-Energy Update: 11.504048209327562
Contact Current Difference: 0.0
Current Conservation abs: 0.017615580174606293
Current Conservation rel: 4.829906418908871e-07
Phonon: rel Sigma^R residual 2.4093e-02; lead balance 2.3523e-04 (best 3.8110e-06; internal spread 8.2964e-02)
Bubble energy balance: P_in=-2.522995e+04 P_out=-2.522995e+04 resid=1.485e-16
Writing output for iteration 81...
Iteration 82
[it 82] energy J(local)=[39.8142 36.7873 36.643  39.8054]
Maximum Self-Energy Update: 11.163907776342015
Contact Current Difference: 0.0
Current Conservation abs: 0.01759383077660459
Current Conservation rel: 4.824378360275616e-07
Phonon: rel Sigma^R residual 2.3288e-02; lead balance 2.2948e-04 (best 3.8110e-06; internal spread 8.2882e-02)
Bubble energy balance: P_in=-2.523441e+04 P_out=-2.523441e+04 resid=1.442e-16
Writing output for iteration 82...
Iteration 83
[it 83] energy J(local)=[39.8076 36.7827 36.6394 39.799 ]
Maximum Self-Energy Update: 10.803020590643326
Contact Current Difference: 0.0
Current Conservation abs: 0.017574206343851984
Current Conservation rel: 4.81935839767083e-07
Phonon: rel Sigma^R residual 2.2450e-02; lead balance 2.2385e-04 (best 3.8110e-06; internal spread 8.2812e-02)
Bubble energy balance: P_in=-2.523877e+04 P_out=-2.523877e+04 resid=4.562e-17
Writing output for iteration 83...
Iteration 84
[it 84] energy J(local)=[39.8011 36.778  36.6357 39.7928]
Maximum Self-Energy Update: 10.425971357262535
Contact Current Difference: 0.0
Current Conservation abs: 0.017556506973051
Current Conservation rel: 4.814796836867319e-07
Phonon: rel Sigma^R residual 2.1589e-02; lead balance 2.1835e-04 (best 3.8110e-06; internal spread 8.2753e-02)
Bubble energy balance: P_in=-2.524303e+04 P_out=-2.524303e+04 resid=2.057e-17
Writing output for iteration 84...
Iteration 85
[it 85] energy J(local)=[39.7949 36.7732 36.6317 39.7868]
Maximum Self-Energy Update: 10.04347100789461
Contact Current Difference: 0.0
Current Conservation abs: 0.017540545803058194
Current Conservation rel: 4.810648169534603e-07
Phonon: rel Sigma^R residual 2.0727e-02; lead balance 2.1299e-04 (best 3.8110e-06; internal spread 8.2705e-02)
Bubble energy balance: P_in=-2.524719e+04 P_out=-2.524719e+04 resid=2.174e-16
Writing output for iteration 85...
Iteration 86
[it 86] energy J(local)=[39.7889 36.7684 36.6276 39.7809]
Maximum Self-Energy Update: 9.653948967227455
Contact Current Difference: 0.0
Current Conservation abs: 0.017526149305922445
Current Conservation rel: 4.806870771358545e-07
Phonon: rel Sigma^R residual 1.9859e-02; lead balance 2.0778e-04 (best 3.8110e-06; internal spread 8.2665e-02)
Bubble energy balance: P_in=-2.525126e+04 P_out=-2.525126e+04 resid=4.582e-17
Writing output for iteration 86...
Iteration 87
[it 87] energy J(local)=[39.7831 36.7636 36.6234 39.7753]
Maximum Self-Energy Update: 9.25955285194998
Contact Current Difference: 0.0
Current Conservation abs: 0.017513156766653992
Current Conservation rel: 4.80342647431352e-07
Phonon: rel Sigma^R residual 1.8991e-02; lead balance 2.0274e-04 (best 3.8110e-06; internal spread 8.2634e-02)
Bubble energy balance: P_in=-2.525522e+04 P_out=-2.525522e+04 resid=2.165e-16
Writing output for iteration 87...
Iteration 88
[it 88] energy J(local)=[39.7774 36.7588 36.6191 39.7699]
Maximum Self-Energy Update: 8.863254612361393
Contact Current Difference: 0.0
Current Conservation abs: 0.01750141950469697
Current Conservation rel: 4.800280148899321e-07
Phonon: rel Sigma^R residual 1.8126e-02; lead balance 1.9785e-04 (best 3.8110e-06; internal spread 8.2610e-02)
Bubble energy balance: P_in=-2.525907e+04 P_out=-2.525907e+04 resid=3.183e-17
Writing output for iteration 88...
Iteration 89
[it 89] energy J(local)=[39.772  36.754  36.6148 39.7646]
Maximum Self-Energy Update: 8.467673502758295
Contact Current Difference: 0.0
Current Conservation abs: 0.017490799895313103
Current Conservation rel: 4.797399298546157e-07
Phonon: rel Sigma^R residual 1.7271e-02; lead balance 1.9312e-04 (best 3.8110e-06; internal spread 8.2592e-02)
Bubble energy balance: P_in=-2.526282e+04 P_out=-2.526282e+04 resid=3.661e-17
Writing output for iteration 89...
Iteration 90
[it 90] energy J(local)=[39.7667 36.7492 36.6104 39.7595]
Maximum Self-Energy Update: 8.075103775393128
Contact Current Difference: 0.0
Current Conservation abs: 0.017481170420069247
Current Conservation rel: 4.794753716929139e-07
Phonon: rel Sigma^R residual 1.6429e-02; lead balance 1.8854e-04 (best 3.8110e-06; internal spread 8.2579e-02)
Bubble energy balance: P_in=-2.526646e+04 P_out=-2.526646e+04 resid=2.719e-17
Writing output for iteration 90...
Iteration 91
[it 91] energy J(local)=[39.7615 36.7445 36.6059 39.7545]
Maximum Self-Energy Update: 7.687540375636338
Contact Current Difference: 0.0
Current Conservation abs: 0.017472412990173325
Current Conservation rel: 4.792315264246351e-07
Phonon: rel Sigma^R residual 1.5604e-02; lead balance 1.8412e-04 (best 3.8110e-06; internal spread 8.2571e-02)
Bubble energy balance: P_in=-2.526999e+04 P_out=-2.526999e+04 resid=7.974e-17
Writing output for iteration 91...
Iteration 92
[it 92] energy J(local)=[39.7566 36.7399 36.6015 39.7497]
Maximum Self-Energy Update: 7.306702729578285
Contact Current Difference: 0.0
Current Conservation abs: 0.017464418055169517
Current Conservation rel: 4.790057619070041e-07
Phonon: rel Sigma^R residual 1.4798e-02; lead balance 1.7984e-04 (best 3.8110e-06; internal spread 8.2567e-02)
Bubble energy balance: P_in=-2.527340e+04 P_out=-2.527340e+04 resid=2.202e-16
Writing output for iteration 92...
Iteration 93
[it 93] energy J(local)=[39.7518 36.7353 36.5971 39.7451]
Maximum Self-Energy Update: 6.93405683940899
Contact Current Difference: 0.0
Current Conservation abs: 0.017457084431953263
Current Conservation rel: 4.787956253551584e-07
Phonon: rel Sigma^R residual 1.4014e-02; lead balance 1.7569e-04 (best 3.8110e-06; internal spread 8.2567e-02)
Bubble energy balance: P_in=-2.527671e+04 P_out=-2.527671e+04 resid=8.826e-17
Writing output for iteration 93...
Iteration 94
[it 94] energy J(local)=[39.7472 36.7309 36.5927 39.7406]
Maximum Self-Energy Update: 6.57083595098717
Contact Current Difference: 0.0
Current Conservation abs: 0.017450318537157727
Current Conservation rel: 4.785988263113974e-07
Phonon: rel Sigma^R residual 1.3255e-02; lead balance 1.7167e-04 (best 3.8110e-06; internal spread 8.2570e-02)
Bubble energy balance: P_in=-2.527992e+04 P_out=-2.527992e+04 resid=7.198e-17
Writing output for iteration 94...
Iteration 95
[it 95] energy J(local)=[39.7427 36.7265 36.5884 39.7363]
Maximum Self-Energy Update: 6.218060050575193
Contact Current Difference: 0.0
Current Conservation abs: 0.01744403431075625
Current Conservation rel: 4.784132397220196e-07
Phonon: rel Sigma^R residual 1.2520e-02; lead balance 1.6778e-04 (best 3.8110e-06; internal spread 8.2576e-02)
Bubble energy balance: P_in=-2.528301e+04 P_out=-2.528301e+04 resid=8.530e-17
Writing output for iteration 95...
Iteration 96
[it 96] energy J(local)=[39.7383 36.7223 36.5841 39.7321]
Maximum Self-Energy Update: 5.876554402579699
Contact Current Difference: 0.0
Current Conservation abs: 0.017438153008697554
Current Conservation rel: 4.782369060111007e-07
Phonon: rel Sigma^R residual 1.1813e-02; lead balance 1.6399e-04 (best 3.8110e-06; internal spread 8.2584e-02)
Bubble energy balance: P_in=-2.528600e+04 P_out=-2.528600e+04 resid=8.235e-17
Writing output for iteration 96...
Iteration 97
[it 97] energy J(local)=[39.7342 36.7182 36.5799 39.7281]
Maximum Self-Energy Update: 5.5469672771591
Contact Current Difference: 0.0
Current Conservation abs: 0.017432602908229455
Current Conservation rel: 4.78068028894332e-07
Phonon: rel Sigma^R residual 1.1133e-02; lead balance 1.6031e-04 (best 3.8110e-06; internal spread 8.2593e-02)
Bubble energy balance: P_in=-2.528889e+04 P_out=-2.528889e+04 resid=1.442e-16
Writing output for iteration 97...
Iteration 98
[it 98] energy J(local)=[39.7302 36.7142 36.5758 39.7242]
Maximum Self-Energy Update: 5.229786949577474
Contact Current Difference: 0.0
Current Conservation abs: 0.01742731933336472
Current Conservation rel: 4.779049817551876e-07
Phonon: rel Sigma^R residual 1.0481e-02; lead balance 1.5672e-04 (best 3.8110e-06; internal spread 8.2604e-02)
Bubble energy balance: P_in=-2.529169e+04 P_out=-2.529169e+04 resid=3.446e-17
Writing output for iteration 98...
Iteration 99
[it 99] energy J(local)=[39.7263 36.7103 36.5718 39.7204]
Maximum Self-Energy Update: 4.925357994360108
Contact Current Difference: 0.0
Current Conservation abs: 0.017422244232875528
Current Conservation rel: 4.777463012771466e-07
Phonon: rel Sigma^R residual 9.8573e-03; lead balance 1.5323e-04 (best 3.8110e-06; internal spread 8.2617e-02)
Bubble energy balance: P_in=-2.529438e+04 P_out=-2.529438e+04 resid=2.176e-16
Writing output for iteration 99...
Iteration 100
[it 100] energy J(local)=[39.7225 36.7066 36.5679 39.7168]
Maximum Self-Energy Update: 4.633896852617862
Contact Current Difference: 0.0
Current Conservation abs: 0.01741732610753388
Current Conservation rel: 4.77590690015065e-07
Phonon: rel Sigma^R residual 9.2623e-03; lead balance 1.4981e-04 (best 3.8110e-06; internal spread 8.2630e-02)
Bubble energy balance: P_in=-2.529699e+04 P_out=-2.529699e+04 resid=1.490e-16
Writing output for iteration 100...
Iteration 101
[it 101] energy J(local)=[39.719  36.703  36.564  39.7134]
Maximum Self-Energy Update: 4.355506622320155
Contact Current Difference: 0.0
Current Conservation abs: 0.01741251983185066
Current Conservation rel: 4.774370153443634e-07
Phonon: rel Sigma^R residual 8.6956e-03; lead balance 1.4648e-04 (best 3.8110e-06; internal spread 8.2645e-02)
Bubble energy balance: P_in=-2.529950e+04 P_out=-2.529950e+04 resid=8.183e-17
Writing output for iteration 101...
Iteration 102
[it 102] energy J(local)=[39.7155 36.6995 36.5603 39.71  ]
Maximum Self-Energy Update: 4.090191009901275
Contact Current Difference: 0.0
Current Conservation abs: 0.01740778634484741
Current Conservation rel: 4.772843040640475e-07
Phonon: rel Sigma^R residual 8.1569e-03; lead balance 1.4322e-04 (best 3.8110e-06; internal spread 8.2660e-02)
Bubble energy balance: P_in=-2.530193e+04 P_out=-2.530193e+04 resid=2.209e-16
Writing output for iteration 102...
Iteration 103
[it 103] energy J(local)=[39.7122 36.6961 36.5566 39.7068]
Maximum Self-Energy Update: 3.8378673828430623
Contact Current Difference: 0.0
Current Conservation abs: 0.017403092308086343
Current Conservation rel: 4.771317353708263e-07
Phonon: rel Sigma^R residual 7.6459e-03; lead balance 1.4002e-04 (best 3.8110e-06; internal spread 8.2675e-02)
Bubble energy balance: P_in=-2.530427e+04 P_out=-2.530427e+04 resid=1.914e-17
Writing output for iteration 103...
Iteration 104
[it 104] energy J(local)=[39.709  36.6929 36.5531 39.7038]
Maximum Self-Energy Update: 3.598378875339936
Contact Current Difference: 0.0
Current Conservation abs: 0.01739840976370033
Current Conservation rel: 4.769786331612867e-07
Phonon: rel Sigma^R residual 7.1621e-03; lead balance 1.3689e-04 (best 3.8110e-06; internal spread 8.2691e-02)
Bubble energy balance: P_in=-2.530653e+04 P_out=-2.530653e+04 resid=5.892e-17
Writing output for iteration 104...
Iteration 105
[it 105] energy J(local)=[39.7059 36.6898 36.5497 39.7008]
Maximum Self-Energy Update: 3.371505517260934
Contact Current Difference: 0.0
Current Conservation abs: 0.017393715865182457
Current Conservation rel: 4.768244597391287e-07
Phonon: rel Sigma^R residual 6.7046e-03; lead balance 1.3382e-04 (best 3.8110e-06; internal spread 8.2707e-02)
Bubble energy balance: P_in=-2.530871e+04 P_out=-2.530871e+04 resid=7.263e-17
Writing output for iteration 105...
Iteration 106
[it 106] energy J(local)=[39.703  36.6868 36.5464 39.698 ]
Maximum Self-Energy Update: 3.156974377914059
Contact Current Difference: 0.0
Current Conservation abs: 0.017388992349879118
Current Conservation rel: 4.7666880194663813e-07
Phonon: rel Sigma^R residual 6.2729e-03; lead balance 1.3080e-04 (best 3.8110e-06; internal spread 8.2723e-02)
Bubble energy balance: P_in=-2.531082e+04 P_out=-2.531082e+04 resid=7.364e-17
Writing output for iteration 106...
Iteration 107
[it 107] energy J(local)=[39.7002 36.6839 36.5432 39.6953]
Maximum Self-Energy Update: 2.95446873735261
Contact Current Difference: 0.0
Current Conservation abs: 0.017384225171554135
Current Conservation rel: 4.7651136128938254e-07
Phonon: rel Sigma^R residual 5.8661e-03; lead balance 1.2784e-04 (best 3.8110e-06; internal spread 8.2740e-02)
Bubble energy balance: P_in=-2.531284e+04 P_out=-2.531284e+04 resid=7.193e-17
Writing output for iteration 107...
Iteration 108
[it 108] energy J(local)=[39.6975 36.6812 36.5401 39.6927]
Maximum Self-Energy Update: 2.7636363166427516
Contact Current Difference: 0.0
Current Conservation abs: 0.017379404162056744
Current Conservation rel: 4.7635194455834375e-07
Phonon: rel Sigma^R residual 5.4833e-03; lead balance 1.2494e-04 (best 3.8110e-06; internal spread 8.2756e-02)
Bubble energy balance: P_in=-2.531480e+04 P_out=-2.531480e+04 resid=7.789e-17
Writing output for iteration 108...
Iteration 109
[it 109] energy J(local)=[39.6949 36.6786 36.5371 39.6902]
Maximum Self-Energy Update: 2.5840966141424966
Contact Current Difference: 0.0
Current Conservation abs: 0.017374522398313275
Current Conservation rel: 4.761904461627317e-07
Phonon: rel Sigma^R residual 5.1238e-03; lead balance 1.2208e-04 (best 3.8110e-06; internal spread 8.2772e-02)
Bubble energy balance: P_in=-2.531668e+04 P_out=-2.531668e+04 resid=1.497e-16
Writing output for iteration 109...
Iteration 110
[it 110] energy J(local)=[39.6924 36.676  36.5342 39.6879]
Maximum Self-Energy Update: 2.415447405709375
Contact Current Difference: 0.0
Current Conservation abs: 0.017369576125929598
Current Conservation rel: 4.760268455838752e-07
Phonon: rel Sigma^R residual 4.7865e-03; lead balance 1.1928e-04 (best 3.8110e-06; internal spread 8.2789e-02)
Bubble energy balance: P_in=-2.531850e+04 P_out=-2.531850e+04 resid=4.459e-17
Writing output for iteration 110...
Iteration 111
[it 111] energy J(local)=[39.6901 36.6736 36.5315 39.6856]
Maximum Self-Energy Update: 2.25727047389297
Contact Current Difference: 0.0
Current Conservation abs: 0.017364564006129513
Current Conservation rel: 4.7586118621151306e-07
Phonon: rel Sigma^R residual 4.4706e-03; lead balance 1.1652e-04 (best 3.8110e-06; internal spread 8.2805e-02)
Bubble energy balance: P_in=-2.532024e+04 P_out=-2.532024e+04 resid=1.441e-16
Writing output for iteration 111...
Iteration 112
[it 112] energy J(local)=[39.6878 36.6713 36.5288 39.6834]
Maximum Self-Energy Update: 2.109136634248907
Contact Current Difference: 0.0
Current Conservation abs: 0.017359486912027933
Current Conservation rel: 4.756935692174883e-07
Phonon: rel Sigma^R residual 4.1750e-03; lead balance 1.1381e-04 (best 3.8110e-06; internal spread 8.2821e-02)
Bubble energy balance: P_in=-2.532193e+04 P_out=-2.532193e+04 resid=2.166e-16
Writing output for iteration 112...
Iteration 113
[it 113] energy J(local)=[39.6856 36.6691 36.5262 39.6814]
Maximum Self-Energy Update: 1.9706101266695937
Contact Current Difference: 0.0
Current Conservation abs: 0.017354347561195027
Current Conservation rel: 4.755241429623457e-07
Phonon: rel Sigma^R residual 3.8989e-03; lead balance 1.1114e-04 (best 3.8110e-06; internal spread 8.2836e-02)
Bubble energy balance: P_in=-2.532355e+04 P_out=-2.532355e+04 resid=7.196e-17
Writing output for iteration 113...
Iteration 114
[it 114] energy J(local)=[39.6835 36.667  36.5237 39.6794]
Maximum Self-Energy Update: 1.8412524371653722
Contact Current Difference: 0.0
Current Conservation abs: 0.01734915021370398
Current Conservation rel: 4.753530942451622e-07
Phonon: rel Sigma^R residual 3.6414e-03; lead balance 1.0853e-04 (best 3.8110e-06; internal spread 8.2852e-02)
Bubble energy balance: P_in=-2.532510e+04 P_out=-2.532510e+04 resid=7.916e-18
Writing output for iteration 114...
Iteration 115
[it 115] energy J(local)=[39.6815 36.665  36.5213 39.6775]
Maximum Self-Energy Update: 1.7206256110237796
Contact Current Difference: 0.0
Current Conservation abs: 0.017343900151900016
Current Conservation rel: 4.751806336407056e-07
Phonon: rel Sigma^R residual 3.4014e-03; lead balance 1.0596e-04 (best 3.8110e-06; internal spread 8.2867e-02)
Bubble energy balance: P_in=-2.532660e+04 P_out=-2.532660e+04 resid=7.384e-17
Writing output for iteration 115...
Iteration 116
[it 116] energy J(local)=[39.6796 36.663  36.519  39.6757]
Maximum Self-Energy Update: 1.6082951130826284
Contact Current Difference: 0.0
Current Conservation abs: 0.01733860368040041
Current Conservation rel: 4.7500699516980943e-07
Phonon: rel Sigma^R residual 3.1781e-03; lead balance 1.0343e-04 (best 3.8110e-06; internal spread 8.2882e-02)
Bubble energy balance: P_in=-2.532804e+04 P_out=-2.532804e+04 resid=7.359e-17
Writing output for iteration 116...
Iteration 117
[it 117] energy J(local)=[39.6778 36.6612 36.5168 39.674 ]
Maximum Self-Energy Update: 1.503832284786059
Contact Current Difference: 0.0
Current Conservation abs: 0.017333267718640855
Current Conservation rel: 4.748324248886111e-07
Phonon: rel Sigma^R residual 2.9706e-03; lead balance 1.0095e-04 (best 3.8110e-06; internal spread 8.2896e-02)
Bubble energy balance: P_in=-2.532942e+04 P_out=-2.532942e+04 resid=9.117e-17
Writing output for iteration 117...
Iteration 118
[it 118] energy J(local)=[39.6761 36.6594 36.5147 39.6723]
Maximum Self-Energy Update: 1.4068164419843416
Contact Current Difference: 0.0
Current Conservation abs: 0.017327899622614495
Current Conservation rel: 4.7465717584062627e-07
Phonon: rel Sigma^R residual 2.7780e-03; lead balance 9.8522e-05 (best 3.8110e-06; internal spread 8.2911e-02)
Bubble energy balance: P_in=-2.533074e+04 P_out=-2.533074e+04 resid=1.477e-16
Writing output for iteration 118...
Iteration 119
[it 119] energy J(local)=[39.6744 36.6577 36.5126 39.6708]
Maximum Self-Energy Update: 1.3168366518325876
Contact Current Difference: 0.0
Current Conservation abs: 0.017322506897471612
Current Conservation rel: 4.744815000981164e-07
Phonon: rel Sigma^R residual 2.5995e-03; lead balance 9.6135e-05 (best 3.8110e-06; internal spread 8.2925e-02)
Bubble energy balance: P_in=-2.533202e+04 P_out=-2.533202e+04 resid=4.557e-17
Writing output for iteration 119...
Iteration 120
[it 120] energy J(local)=[39.6728 36.6561 36.5106 39.6693]
Maximum Self-Energy Update: 1.233493222110831
Contact Current Difference: 0.0
Current Conservation abs: 0.017317097201157594
Current Conservation rel: 4.7430564884834813e-07
Phonon: rel Sigma^R residual 2.4343e-03; lead balance 9.3794e-05 (best 3.8110e-06; internal spread 8.2938e-02)
Bubble energy balance: P_in=-2.533324e+04 P_out=-2.533324e+04 resid=1.569e-16
Writing output for iteration 120...
Iteration 121
[it 121] energy J(local)=[39.6713 36.6545 36.5087 39.6678]
Maximum Self-Energy Update: 1.1563989319028039
Contact Current Difference: 0.0
Current Conservation abs: 0.01731167810430634
Current Conservation rel: 4.7412986586721754e-07
Phonon: rel Sigma^R residual 2.2815e-03; lead balance 9.1499e-05 (best 3.8110e-06; internal spread 8.2952e-02)
Bubble energy balance: P_in=-2.533441e+04 P_out=-2.533441e+04 resid=5.621e-17
Writing output for iteration 121...
Iteration 122
[it 122] energy J(local)=[39.6699 36.6531 36.5069 39.6665]
Maximum Self-Energy Update: 1.0851800287937703
Contact Current Difference: 0.0
Current Conservation abs: 0.017306256933807163
Current Conservation rel: 4.7395438334109953e-07
Phonon: rel Sigma^R residual 2.1405e-03; lead balance 8.9250e-05 (best 3.8110e-06; internal spread 8.2965e-02)
Bubble energy balance: P_in=-2.533553e+04 P_out=-2.533553e+04 resid=3.091e-17
Writing output for iteration 122...
Iteration 123
[it 123] energy J(local)=[39.6685 36.6517 36.5052 39.6652]
Maximum Self-Energy Update: 1.0194770147063497
Contact Current Difference: 0.0
Current Conservation abs: 0.0173008407218731
Current Conservation rel: 4.7377942062490905e-07
Phonon: rel Sigma^R residual 2.0104e-03; lead balance 8.7046e-05 (best 3.8110e-06; internal spread 8.2978e-02)
Bubble energy balance: P_in=-2.533661e+04 P_out=-2.533661e+04 resid=1.042e-17
Writing output for iteration 123...
Iteration 124
[it 124] energy J(local)=[39.6672 36.6503 36.5035 39.6639]
Maximum Self-Energy Update: 0.958945239969909
Contact Current Difference: 0.0
Current Conservation abs: 0.01729543618785101
Current Conservation rel: 4.73605183934165e-07
Phonon: rel Sigma^R residual 1.8906e-03; lead balance 8.4889e-05 (best 3.8110e-06; internal spread 8.2990e-02)
Bubble energy balance: P_in=-2.533764e+04 P_out=-2.533764e+04 resid=6.975e-19
Writing output for iteration 124...
Iteration 125
[it 125] energy J(local)=[39.6659 36.649  36.5019 39.6628]
Maximum Self-Energy Update: 0.9032553231734631
Contact Current Difference: 0.0
Current Conservation abs: 0.017290049570874544
Current Conservation rel: 4.734318619818117e-07
Phonon: rel Sigma^R residual 1.7804e-03; lead balance 8.2777e-05 (best 3.8110e-06; internal spread 8.3002e-02)
Bubble energy balance: P_in=-2.533863e+04 P_out=-2.533863e+04 resid=1.845e-17
Writing output for iteration 125...
Iteration 126
[it 126] energy J(local)=[39.6647 36.6478 36.5003 39.6616]
Maximum Self-Energy Update: 0.8520934128576422
Contact Current Difference: 0.0
Current Conservation abs: 0.01728468666988192
Current Conservation rel: 4.7325962731551693e-07
Phonon: rel Sigma^R residual 1.6792e-03; lead balance 8.0710e-05 (best 3.8110e-06; internal spread 8.3014e-02)
Bubble energy balance: P_in=-2.533958e+04 P_out=-2.533958e+04 resid=5.641e-18
Writing output for iteration 126...
Iteration 127
[it 127] energy J(local)=[39.6635 36.6466 36.4988 39.6606]
Maximum Self-Energy Update: 0.8051613058900556
Contact Current Difference: 0.0
Current Conservation abs: 0.01727935282542603
Current Conservation rel: 4.7308863607544585e-07
Phonon: rel Sigma^R residual 1.5864e-03; lead balance 7.8689e-05 (best 3.8110e-06; internal spread 8.3026e-02)
Bubble energy balance: P_in=-2.534048e+04 P_out=-2.534048e+04 resid=3.913e-17
Writing output for iteration 127...
Iteration 128
[it 128] energy J(local)=[39.6624 36.6455 36.4974 39.6595]
Maximum Self-Energy Update: 0.7621764365085497
Contact Current Difference: 0.0
Current Conservation abs: 0.017274052726861555
Current Conservation rel: 4.729190229800595e-07
Phonon: rel Sigma^R residual 1.5015e-03; lead balance 7.6713e-05 (best 3.8110e-06; internal spread 8.3037e-02)
Bubble energy balance: P_in=-2.534135e+04 P_out=-2.534135e+04 resid=3.239e-17
Writing output for iteration 128...
Iteration 129
[it 129] energy J(local)=[39.6614 36.6444 36.496  39.6585]
Maximum Self-Energy Update: 0.7228717493351473
Contact Current Difference: 0.0
Current Conservation abs: 0.01726879071429721
Current Conservation rel: 4.727509098617313e-07
Phonon: rel Sigma^R residual 1.4238e-03; lead balance 7.4783e-05 (best 3.8110e-06; internal spread 8.3048e-02)
Bubble energy balance: P_in=-2.534218e+04 P_out=-2.534218e+04 resid=2.154e-16
Writing output for iteration 129...
Iteration 130
[it 130] energy J(local)=[39.6604 36.6434 36.4947 39.6576]
Maximum Self-Energy Update: 0.6869954692840439
Contact Current Difference: 0.0
Current Conservation abs: 0.01726357047664351
Current Conservation rel: 4.725843976673373e-07
Phonon: rel Sigma^R residual 1.3529e-03; lead balance 7.2896e-05 (best 3.8110e-06; internal spread 8.3058e-02)
Bubble energy balance: P_in=-2.534298e+04 P_out=-2.534298e+04 resid=1.452e-16
Writing output for iteration 130...
Iteration 131
[it 131] energy J(local)=[39.6594 36.6424 36.4934 39.6567]
Maximum Self-Energy Update: 0.654310780958147
Contact Current Difference: 0.0
Current Conservation abs: 0.017258395251701586
Current Conservation rel: 4.7241957219949037e-07
Phonon: rel Sigma^R residual 1.2883e-03; lead balance 7.1054e-05 (best 3.8110e-06; internal spread 8.3069e-02)
Bubble energy balance: P_in=-2.534373e+04 P_out=-2.534373e+04 resid=7.177e-17
Writing output for iteration 131...
Iteration 132
[it 132] energy J(local)=[39.6585 36.6414 36.4922 39.6559]
Maximum Self-Energy Update: 0.6595846274627172
Contact Current Difference: 0.0
Current Conservation abs: 0.01725326773521374
Current Conservation rel: 4.7225650188264563e-07
Phonon: rel Sigma^R residual 1.2985e-03; lead balance 6.9256e-05 (best 3.8110e-06; internal spread 8.3079e-02)
Bubble energy balance: P_in=-2.534446e+04 P_out=-2.534446e+04 resid=7.986e-17
Writing output for iteration 132...
Iteration 133
[it 133] energy J(local)=[39.6576 36.6405 36.491  39.655 ]
Maximum Self-Energy Update: 0.6907293470408955
Contact Current Difference: 0.0
Current Conservation abs: 0.017248190230020555
Current Conservation rel: 4.720952420923033e-07
Phonon: rel Sigma^R residual 1.3596e-03; lead balance 6.7501e-05 (best 3.8110e-06; internal spread 8.3088e-02)
Bubble energy balance: P_in=-2.534516e+04 P_out=-2.534516e+04 resid=1.436e-16
Writing output for iteration 133...
Iteration 134
[it 134] energy J(local)=[39.6568 36.6397 36.4899 39.6543]
Maximum Self-Energy Update: 0.7212703844696338
Contact Current Difference: 0.0
Current Conservation abs: 0.017243164460523985
Current Conservation rel: 4.7193583031149334e-07
Phonon: rel Sigma^R residual 1.4195e-03; lead balance 6.5788e-05 (best 3.8110e-06; internal spread 8.3098e-02)
Bubble energy balance: P_in=-2.534582e+04 P_out=-2.534582e+04 resid=7.419e-17
Writing output for iteration 134...
Iteration 135
[it 135] energy J(local)=[39.656  36.6388 36.4888 39.6535]
Maximum Self-Energy Update: 0.7512553692045565
Contact Current Difference: 0.0
Current Conservation abs: 0.01723819183825981
Current Conservation rel: 4.71778293622312e-07
Phonon: rel Sigma^R residual 1.4783e-03; lead balance 6.4119e-05 (best 3.8110e-06; internal spread 8.3107e-02)
Bubble energy balance: P_in=-2.534646e+04 P_out=-2.534646e+04 resid=1.932e-17
Writing output for iteration 135...
Iteration 136
[it 136] energy J(local)=[39.6552 36.6381 36.4878 39.6528]
Maximum Self-Energy Update: 0.7807314135728516
Contact Current Difference: 0.0
Current Conservation abs: 0.017233273247256875
Current Conservation rel: 4.7162264304016825e-07
Phonon: rel Sigma^R residual 1.5360e-03; lead balance 6.2490e-05 (best 3.8110e-06; internal spread 8.3116e-02)
Bubble energy balance: P_in=-2.534707e+04 P_out=-2.534707e+04 resid=2.160e-16
Writing output for iteration 136...
Iteration 137
[it 137] energy J(local)=[39.6545 36.6373 36.4868 39.6521]
Maximum Self-Energy Update: 0.8097451230512165
Contact Current Difference: 0.0
Current Conservation abs: 0.01722840928050573
Current Conservation rel: 4.714688801808609e-07
Phonon: rel Sigma^R residual 1.5929e-03; lead balance 6.0903e-05 (best 3.8110e-06; internal spread 8.3125e-02)
Bubble energy balance: P_in=-2.534765e+04 P_out=-2.534765e+04 resid=8.211e-17
Writing output for iteration 137...
Iteration 138
[it 138] energy J(local)=[39.6538 36.6366 36.4858 39.6515]
Maximum Self-Energy Update: 0.8383426026629949
Contact Current Difference: 0.0
Current Conservation abs: 0.017223600123543292
Current Conservation rel: 4.7131699425536684e-07
Phonon: rel Sigma^R residual 1.6489e-03; lead balance 5.9356e-05 (best 3.8110e-06; internal spread 8.3133e-02)
Bubble energy balance: P_in=-2.534821e+04 P_out=-2.534821e+04 resid=7.331e-17
Writing output for iteration 138...
Iteration 139
[it 139] energy J(local)=[39.6531 36.6359 36.4849 39.6509]
Maximum Self-Energy Update: 0.8665694597212551
Contact Current Difference: 0.0
Current Conservation abs: 0.017218845681782113
Current Conservation rel: 4.711669657212124e-07
Phonon: rel Sigma^R residual 1.7041e-03; lead balance 5.7849e-05 (best 3.8110e-06; internal spread 8.3141e-02)
Bubble energy balance: P_in=-2.534874e+04 P_out=-2.534874e+04 resid=1.855e-17
Writing output for iteration 139...
Iteration 140
[it 140] energy J(local)=[39.6524 36.6352 36.484  39.6503]
Maximum Self-Energy Update: 0.8944708037237606
Contact Current Difference: 0.0
Current Conservation abs: 0.0172141455077508
Current Conservation rel: 4.7101876444425884e-07
Phonon: rel Sigma^R residual 1.7587e-03; lead balance 5.6380e-05 (best 3.8110e-06; internal spread 8.3149e-02)
Bubble energy balance: P_in=-2.534925e+04 P_out=-2.534925e+04 resid=1.594e-16
Writing output for iteration 140...
Iteration 141
[it 141] energy J(local)=[39.6518 36.6346 36.4831 39.6497]
Maximum Self-Energy Update: 0.9220912444896916
Contact Current Difference: 0.0
Current Conservation abs: 0.017209498928423272
Current Conservation rel: 4.708723533221829e-07
Phonon: rel Sigma^R residual 1.8127e-03; lead balance 5.4950e-05 (best 3.8110e-06; internal spread 8.3157e-02)
Bubble energy balance: P_in=-2.534974e+04 P_out=-2.534974e+04 resid=7.974e-17
Writing output for iteration 141...
Iteration 142
[it 142] energy J(local)=[39.6512 36.634  36.4823 39.6492]
Maximum Self-Energy Update: 0.9494748896016583
Contact Current Difference: 0.0
Current Conservation abs: 0.017204904994287062
Current Conservation rel: 4.707276870168699e-07
Phonon: rel Sigma^R residual 1.8663e-03; lead balance 5.3557e-05 (best 3.8110e-06; internal spread 8.3165e-02)
Bubble energy balance: P_in=-2.535021e+04 P_out=-2.535021e+04 resid=8.154e-17
Writing output for iteration 142...
Iteration 143
[it 143] energy J(local)=[39.6506 36.6334 36.4815 39.6486]
Maximum Self-Energy Update: 0.9766653423052399
Contact Current Difference: 0.0
Current Conservation abs: 0.017200362504809164
Current Conservation rel: 4.705847127648184e-07
Phonon: rel Sigma^R residual 1.9194e-03; lead balance 5.2201e-05 (best 3.8110e-06; internal spread 8.3172e-02)
Bubble energy balance: P_in=-2.535066e+04 P_out=-2.535066e+04 resid=2.775e-17
Writing output for iteration 143...
Iteration 144
[it 144] energy J(local)=[39.6501 36.6329 36.4807 39.6481]
Maximum Self-Energy Update: 1.0037057006737482
Contact Current Difference: 0.0
Current Conservation abs: 0.017195870146679226
Current Conservation rel: 4.7044337426079285e-07
Phonon: rel Sigma^R residual 1.9723e-03; lead balance 5.0880e-05 (best 3.8110e-06; internal spread 8.3179e-02)
Bubble energy balance: P_in=-2.535109e+04 P_out=-2.535109e+04 resid=7.185e-17
Writing output for iteration 144...
Iteration 145
[it 145] energy J(local)=[39.6495 36.6324 36.4799 39.6476]
Maximum Self-Energy Update: 1.0306385589461178
Contact Current Difference: 0.0
Current Conservation abs: 0.01719142630099668
Current Conservation rel: 4.7030360647267845e-07
Phonon: rel Sigma^R residual 2.0249e-03; lead balance 4.9594e-05 (best 3.8110e-06; internal spread 8.3186e-02)
Bubble energy balance: P_in=-2.535150e+04 P_out=-2.535150e+04 resid=1.462e-16
Writing output for iteration 145...
Iteration 146
[it 146] energy J(local)=[39.649  36.6319 36.4792 39.6472]
Maximum Self-Energy Update: 1.0575060115828852
Contact Current Difference: 0.0
Current Conservation abs: 0.01718702929429128
Current Conservation rel: 4.7016534258832174e-07
Phonon: rel Sigma^R residual 2.0774e-03; lead balance 4.8342e-05 (best 3.8110e-06; internal spread 8.3193e-02)
Bubble energy balance: P_in=-2.535190e+04 P_out=-2.535190e+04 resid=8.777e-17
Writing output for iteration 146...
Iteration 147
[it 147] energy J(local)=[39.6485 36.6314 36.4785 39.6467]
Maximum Self-Energy Update: 1.0843496605857
Contact Current Difference: 0.0
Current Conservation abs: 0.01718267725664191
Current Conservation rel: 4.700285102030205e-07
Phonon: rel Sigma^R residual 2.1298e-03; lead balance 4.7123e-05 (best 3.8110e-06; internal spread 8.3200e-02)
Bubble energy balance: P_in=-2.535228e+04 P_out=-2.535228e+04 resid=8.570e-17
Writing output for iteration 147...
Iteration 148
[it 148] energy J(local)=[39.648  36.6309 36.4778 39.6463]
Maximum Self-Energy Update: 1.1112106263775923
Contact Current Difference: 0.0
Current Conservation abs: 0.017178368143504485
Current Conservation rel: 4.6989303197662366e-07
Phonon: rel Sigma^R residual 2.1822e-03; lead balance 4.5937e-05 (best 3.8110e-06; internal spread 8.3206e-02)
Bubble energy balance: P_in=-2.535265e+04 P_out=-2.535265e+04 resid=1.440e-16
Writing output for iteration 148...
Iteration 149
[it 149] energy J(local)=[39.6476 36.6305 36.4771 39.6459]
Maximum Self-Energy Update: 1.1381295625194734
Contact Current Difference: 0.0
Current Conservation abs: 0.017174099906696938
Current Conservation rel: 4.6975883036156426e-07
Phonon: rel Sigma^R residual 2.2347e-03; lead balance 4.4782e-05 (best 3.8110e-06; internal spread 8.3213e-02)
Bubble energy balance: P_in=-2.535300e+04 P_out=-2.535300e+04 resid=8.121e-17
Writing output for iteration 149...
Iteration 150
[it 150] energy J(local)=[39.6471 36.63   36.4765 39.6455]
Maximum Self-Energy Update: 1.1651466743742644
Contact Current Difference: 0.0
Current Conservation abs: 0.017169870305224322
Current Conservation rel: 4.696258224707316e-07
Phonon: rel Sigma^R residual 2.2874e-03; lead balance 4.3657e-05 (best 3.8110e-06; internal spread 8.3219e-02)
Bubble energy balance: P_in=-2.535334e+04 P_out=-2.535334e+04 resid=8.437e-17
Writing output for iteration 150...
Iteration 151
[it 151] energy J(local)=[39.6467 36.6296 36.4759 39.6451]
Maximum Self-Energy Update: 1.192301741761405
Contact Current Difference: 0.0
Current Conservation abs: 0.017165677061711904
Current Conservation rel: 4.694939243915761e-07
Phonon: rel Sigma^R residual 2.3403e-03; lead balance 4.2562e-05 (best 3.8110e-06; internal spread 8.3225e-02)
Bubble energy balance: P_in=-2.535367e+04 P_out=-2.535367e+04 resid=7.275e-17
Writing output for iteration 151...
Iteration 152
[it 152] energy J(local)=[39.6463 36.6292 36.4753 39.6447]
Maximum Self-Energy Update: 1.2196341455955073
Contact Current Difference: 0.0
Current Conservation abs: 0.017161517764179735
Current Conservation rel: 4.6936304852737664e-07
Phonon: rel Sigma^R residual 2.3936e-03; lead balance 4.1496e-05 (best 3.8110e-06; internal spread 8.3231e-02)
Bubble energy balance: P_in=-2.535399e+04 P_out=-2.535399e+04 resid=7.251e-17
Writing output for iteration 152...
Iteration 153
[it 153] energy J(local)=[39.6459 36.6288 36.4747 39.6443]
Maximum Self-Energy Update: 1.2471828984376034
Contact Current Difference: 0.0
Current Conservation abs: 0.01715738998245797
Current Conservation rel: 4.692331068028163e-07
Phonon: rel Sigma^R residual 2.4473e-03; lead balance 4.0459e-05 (best 3.8110e-06; internal spread 8.3237e-02)
Bubble energy balance: P_in=-2.535430e+04 P_out=-2.535430e+04 resid=1.445e-16
Writing output for iteration 153...
Iteration 154
[it 154] energy J(local)=[39.6455 36.6285 36.4741 39.644 ]
Maximum Self-Energy Update: 1.2749866788483957
Contact Current Difference: 0.0
Current Conservation abs: 0.01715329119906528
Current Conservation rel: 4.691040087887985e-07
Phonon: rel Sigma^R residual 2.5014e-03; lead balance 3.9448e-05 (best 3.8110e-06; internal spread 8.3242e-02)
Bubble energy balance: P_in=-2.535460e+04 P_out=-2.535460e+04 resid=7.251e-17
Writing output for iteration 154...
Iteration 155
[it 155] energy J(local)=[39.6451 36.6281 36.4735 39.6436]
Maximum Self-Energy Update: 1.3030838694021463
Contact Current Difference: 0.0
Current Conservation abs: 0.017149218867416494
Current Conservation rel: 4.689756633042281e-07
Phonon: rel Sigma^R residual 2.5561e-03; lead balance 3.8464e-05 (best 3.8110e-06; internal spread 8.3248e-02)
Bubble energy balance: P_in=-2.535489e+04 P_out=-2.535489e+04 resid=8.882e-17
Writing output for iteration 155...
Iteration 156
[it 156] energy J(local)=[39.6447 36.6278 36.473  39.6433]
Maximum Self-Energy Update: 1.3315125982265035
Contact Current Difference: 0.0
Current Conservation abs: 0.017145170335425064
Current Conservation rel: 4.6884797633137865e-07
Phonon: rel Sigma^R residual 2.6115e-03; lead balance 3.7505e-05 (best 3.8110e-06; internal spread 8.3253e-02)
Bubble energy balance: P_in=-2.535518e+04 P_out=-2.535518e+04 resid=2.012e-17
Writing output for iteration 156...
Iteration 157
[it 157] energy J(local)=[39.6443 36.6275 36.4724 39.6429]
Maximum Self-Energy Update: 1.360310783841445
Contact Current Difference: 0.0
Current Conservation abs: 0.01714114297647029
Current Conservation rel: 4.6872085459738677e-07
Phonon: rel Sigma^R residual 2.6675e-03; lead balance 3.6571e-05 (best 3.8110e-06; internal spread 8.3259e-02)
Bubble energy balance: P_in=-2.535545e+04 P_out=-2.535545e+04 resid=7.448e-17
Writing output for iteration 157...
Iteration 158
[it 158] energy J(local)=[39.644  36.6271 36.4719 39.6426]
Maximum Self-Energy Update: 1.3895161832162408
Contact Current Difference: 0.0
Current Conservation abs: 0.01713713406570605
Current Conservation rel: 4.685942021872077e-07
Phonon: rel Sigma^R residual 2.7243e-03; lead balance 3.5661e-05 (best 3.8110e-06; internal spread 8.3264e-02)
Bubble energy balance: P_in=-2.535572e+04 P_out=-2.535572e+04 resid=7.465e-17
Writing output for iteration 158...
Iteration 159
[it 159] energy J(local)=[39.6436 36.6268 36.4714 39.6423]
Maximum Self-Energy Update: 1.4191664427835757
Contact Current Difference: 0.0
Current Conservation abs: 0.017133140892838128
Current Conservation rel: 4.684679236190099e-07
Phonon: rel Sigma^R residual 2.7819e-03; lead balance 3.4774e-05 (best 3.8110e-06; internal spread 8.3269e-02)
Bubble energy balance: P_in=-2.535599e+04 P_out=-2.535599e+04 resid=8.525e-17
Writing output for iteration 159...
Iteration 160
[it 160] energy J(local)=[39.6433 36.6265 36.4709 39.642 ]
Maximum Self-Energy Update: 1.4492991522378955
Contact Current Difference: 0.0
Current Conservation abs: 0.017129160645708907
Current Conservation rel: 4.683419206485364e-07
Phonon: rel Sigma^R residual 2.8405e-03; lead balance 3.3910e-05 (best 3.8110e-06; internal spread 8.3274e-02)
Bubble energy balance: P_in=-2.535625e+04 P_out=-2.535625e+04 resid=8.811e-17
Writing output for iteration 160...
Iteration 161
[it 161] energy J(local)=[39.6429 36.6262 36.4704 39.6417]
Maximum Self-Energy Update: 1.4799519010326052
Contact Current Difference: 0.0
Current Conservation abs: 0.017125190530350665
Current Conservation rel: 4.6821609553594667e-07
Phonon: rel Sigma^R residual 2.9001e-03; lead balance 3.3067e-05 (best 3.8110e-06; internal spread 8.3279e-02)
Bubble energy balance: P_in=-2.535651e+04 P_out=-2.535651e+04 resid=9.525e-17
Writing output for iteration 161...
Iteration 162
[it 162] energy J(local)=[39.6426 36.626  36.4699 39.6414]
Maximum Self-Energy Update: 1.5111623372877492
Contact Current Difference: 0.0
Current Conservation abs: 0.017121227763709612
Current Conservation rel: 4.6809035082746045e-07
Phonon: rel Sigma^R residual 2.9607e-03; lead balance 3.2245e-05 (best 3.8110e-06; internal spread 8.3284e-02)
Bubble energy balance: P_in=-2.535676e+04 P_out=-2.535676e+04 resid=7.237e-17
Writing output for iteration 162...
Iteration 163
[it 163] energy J(local)=[39.6423 36.6257 36.4694 39.6411]
Maximum Self-Energy Update: 1.5429682290368234
Contact Current Difference: 0.0
Current Conservation abs: 0.017117269380833022
Current Conservation rel: 4.679645840616489e-07
Phonon: rel Sigma^R residual 3.0224e-03; lead balance 3.1444e-05 (best 3.8110e-06; internal spread 8.3289e-02)
Bubble energy balance: P_in=-2.535701e+04 P_out=-2.535701e+04 resid=1.901e-17
Writing output for iteration 163...
Iteration 164
[it 164] energy J(local)=[39.6419 36.6254 36.4689 39.6408]
Maximum Self-Energy Update: 1.5754075276297774
Contact Current Difference: 0.0
Current Conservation abs: 0.017113312565925298
Current Conservation rel: 4.6783869679536306e-07
Phonon: rel Sigma^R residual 3.0854e-03; lead balance 3.0662e-05 (best 3.8110e-06; internal spread 8.3294e-02)
Bubble energy balance: P_in=-2.535726e+04 P_out=-2.535726e+04 resid=7.216e-17
Writing output for iteration 164...
Iteration 165
[it 165] energy J(local)=[39.6416 36.6251 36.4684 39.6405]
Maximum Self-Energy Update: 1.6085184330939697
Contact Current Difference: 0.0
Current Conservation abs: 0.017109354306739988
Current Conservation rel: 4.677125851271262e-07
Phonon: rel Sigma^R residual 3.1496e-03; lead balance 2.9899e-05 (best 3.8110e-06; internal spread 8.3299e-02)
Bubble energy balance: P_in=-2.535751e+04 P_out=-2.535751e+04 resid=7.222e-17
Writing output for iteration 165...
Iteration 166
[it 166] energy J(local)=[39.6413 36.6249 36.468  39.6402]
Maximum Self-Energy Update: 1.6423394614332119
Contact Current Difference: 0.0
Current Conservation abs: 0.017105391692894045
Current Conservation rel: 4.675861478220748e-07
Phonon: rel Sigma^R residual 3.2152e-03; lead balance 2.9155e-05 (best 3.8110e-06; internal spread 8.3304e-02)
Bubble energy balance: P_in=-2.535776e+04 P_out=-2.535776e+04 resid=8.772e-17
Writing output for iteration 166...
Iteration 167
[it 167] energy J(local)=[39.641  36.6246 36.4675 39.6399]
Maximum Self-Energy Update: 1.6769095135566525
Contact Current Difference: 0.0
Current Conservation abs: 0.01710142167212325
Current Conservation rel: 4.6745927961552345e-07
Phonon: rel Sigma^R residual 3.2822e-03; lead balance 2.8428e-05 (best 3.8110e-06; internal spread 8.3308e-02)
Bubble energy balance: P_in=-2.535801e+04 P_out=-2.535801e+04 resid=8.098e-17
Writing output for iteration 167...
Iteration 168
[it 168] energy J(local)=[39.6406 36.6244 36.467  39.6396]
Maximum Self-Energy Update: 1.7122679458740813
Contact Current Difference: 0.0
Current Conservation abs: 0.017097441206715303
Current Conservation rel: 4.673318754538846e-07
Phonon: rel Sigma^R residual 3.3508e-03; lead balance 2.7718e-05 (best 3.8110e-06; internal spread 8.3313e-02)
Bubble energy balance: P_in=-2.535826e+04 P_out=-2.535826e+04 resid=2.167e-16
Writing output for iteration 168...
Iteration 169
[it 169] energy J(local)=[39.6403 36.6241 36.4665 39.6393]
Maximum Self-Energy Update: 1.7484546422841842
Contact Current Difference: 0.0
Current Conservation abs: 0.017093447248043958
Current Conservation rel: 4.6720382976045916e-07
Phonon: rel Sigma^R residual 3.4209e-03; lead balance 2.7025e-05 (best 3.8110e-06; internal spread 8.3318e-02)
Bubble energy balance: P_in=-2.535851e+04 P_out=-2.535851e+04 resid=8.169e-17
Writing output for iteration 169...
Iteration 170
[it 170] energy J(local)=[39.64   36.6239 36.4661 39.639 ]
Maximum Self-Energy Update: 1.7855100875069994
Contact Current Difference: 0.0
Current Conservation abs: 0.017089436627429677
Current Conservation rel: 4.670750334121061e-07
Phonon: rel Sigma^R residual 3.4926e-03; lead balance 2.6348e-05 (best 3.8110e-06; internal spread 8.3323e-02)
Bubble energy balance: P_in=-2.535877e+04 P_out=-2.535877e+04 resid=1.845e-17
Writing output for iteration 170...
Iteration 171
[it 171] energy J(local)=[39.6397 36.6236 36.4656 39.6387]
Maximum Self-Energy Update: 1.8234754415480035
Contact Current Difference: 0.0
Current Conservation abs: 0.017085406190744834
Current Conservation rel: 4.669453773758488e-07
Phonon: rel Sigma^R residual 3.5661e-03; lead balance 2.5686e-05 (best 3.8110e-06; internal spread 8.3328e-02)
Bubble energy balance: P_in=-2.535903e+04 P_out=-2.535903e+04 resid=7.510e-17
Writing output for iteration 171...
Iteration 172
[it 172] energy J(local)=[39.6394 36.6234 36.4651 39.6384]
Maximum Self-Energy Update: 1.8623926152278059
Contact Current Difference: 0.0
Current Conservation abs: 0.017081352681998396
Current Conservation rel: 4.668147494821078e-07
Phonon: rel Sigma^R residual 3.6414e-03; lead balance 2.5038e-05 (best 3.8110e-06; internal spread 8.3332e-02)
Bubble energy balance: P_in=-2.535929e+04 P_out=-2.535929e+04 resid=6.525e-18
Writing output for iteration 172...
Iteration 173
[it 173] energy J(local)=[39.639  36.6231 36.4646 39.6381]
Maximum Self-Energy Update: 1.9023043465284593
Contact Current Difference: 0.0
Current Conservation abs: 0.0170772728160955
Current Conservation rel: 4.666830363660548e-07
Phonon: rel Sigma^R residual 3.7186e-03; lead balance 2.4405e-05 (best 3.8110e-06; internal spread 8.3337e-02)
Bubble energy balance: P_in=-2.535956e+04 P_out=-2.535956e+04 resid=2.159e-16
Writing output for iteration 173...
Iteration 174
[it 174] energy J(local)=[39.6387 36.6229 36.4641 39.6378]
Maximum Self-Energy Update: 1.9432542776317339
Contact Current Difference: 0.0
Current Conservation abs: 0.017073163311579265
Current Conservation rel: 4.665501243125318e-07
Phonon: rel Sigma^R residual 3.7977e-03; lead balance 2.3785e-05 (best 3.8110e-06; internal spread 8.3342e-02)
Bubble energy balance: P_in=-2.535984e+04 P_out=-2.535984e+04 resid=1.461e-16
Writing output for iteration 174...
Iteration 175
[it 175] energy J(local)=[39.6384 36.6227 36.4636 39.6375]
Maximum Self-Energy Update: 1.985287032403723
Contact Current Difference: 0.0
Current Conservation abs: 0.017069020668714074
Current Conservation rel: 4.6641589313956424e-07
Phonon: rel Sigma^R residual 3.8789e-03; lead balance 2.3179e-05 (best 3.8110e-06; internal spread 8.3347e-02)
Bubble energy balance: P_in=-2.536012e+04 P_out=-2.536012e+04 resid=8.476e-17
Writing output for iteration 175...
Iteration 176
[it 176] energy J(local)=[39.638  36.6224 36.4632 39.6372]
Maximum Self-Energy Update: 2.028448294174871
Contact Current Difference: 0.0
Current Conservation abs: 0.01706484150054166
Current Conservation rel: 4.6628022519049627e-07
Phonon: rel Sigma^R residual 3.9623e-03; lead balance 2.2586e-05 (best 3.8110e-06; internal spread 8.3352e-02)
Bubble energy balance: P_in=-2.536041e+04 P_out=-2.536041e+04 resid=6.152e-17
Writing output for iteration 176...
Iteration 177
[it 177] energy J(local)=[39.6377 36.6222 36.4627 39.6369]
Maximum Self-Energy Update: 2.0727848834192657
Contact Current Difference: 0.0
Current Conservation abs: 0.01706062219454907
Current Conservation rel: 4.661429960314216e-07
Phonon: rel Sigma^R residual 4.0479e-03; lead balance 2.2004e-05 (best 3.8110e-06; internal spread 8.3356e-02)
Bubble energy balance: P_in=-2.536071e+04 P_out=-2.536071e+04 resid=7.495e-17
Writing output for iteration 177...
Iteration 178
[it 178] energy J(local)=[39.6373 36.6219 36.4621 39.6365]
Maximum Self-Energy Update: 2.118344835140495
Contact Current Difference: 0.0
Current Conservation abs: 0.017056359138223343
Current Conservation rel: 4.6600408055471277e-07
Phonon: rel Sigma^R residual 4.1358e-03; lead balance 2.1435e-05 (best 3.8110e-06; internal spread 8.3361e-02)
Bubble energy balance: P_in=-2.536102e+04 P_out=-2.536102e+04 resid=4.575e-17
Writing output for iteration 178...
Iteration 179
[it 179] energy J(local)=[39.637  36.6216 36.4616 39.6362]
Maximum Self-Energy Update: 2.165177475520855
Contact Current Difference: 0.0
Current Conservation abs: 0.01705204858808429
Current Conservation rel: 4.6586334933773246e-07
Phonon: rel Sigma^R residual 4.2261e-03; lead balance 2.0876e-05 (best 3.8110e-06; internal spread 8.3366e-02)
Bubble energy balance: P_in=-2.536133e+04 P_out=-2.536133e+04 resid=8.063e-17
Writing output for iteration 179...
Iteration 180
[it 180] energy J(local)=[39.6366 36.6214 36.4611 39.6359]
Maximum Self-Energy Update: 2.213333497424581
Contact Current Difference: 0.0
Current Conservation abs: 0.01704768676790991
Current Conservation rel: 4.6572067126086896e-07
Phonon: rel Sigma^R residual 4.3190e-03; lead balance 2.0329e-05 (best 3.8110e-06; internal spread 8.3372e-02)
Bubble energy balance: P_in=-2.536167e+04 P_out=-2.536167e+04 resid=1.447e-16
Writing output for iteration 180...
Iteration 181
[it 181] energy J(local)=[39.6363 36.6211 36.4606 39.6355]
Maximum Self-Energy Update: 2.2628650342616967
Contact Current Difference: 0.0
Current Conservation abs: 0.017043269705027342
Current Conservation rel: 4.65575908966388e-07
Phonon: rel Sigma^R residual 4.4144e-03; lead balance 1.9792e-05 (best 3.8110e-06; internal spread 8.3377e-02)
Bubble energy balance: P_in=-2.536201e+04 P_out=-2.536201e+04 resid=7.708e-17
Writing output for iteration 181...
Iteration 182
[it 182] energy J(local)=[39.6359 36.6208 36.46   39.6351]
Maximum Self-Energy Update: 2.313825731540871
Contact Current Difference: 0.0
Current Conservation abs: 0.017038793419487774
Current Conservation rel: 4.6542892395471536e-07
Phonon: rel Sigma^R residual 4.5125e-03; lead balance 1.9265e-05 (best 3.8110e-06; internal spread 8.3382e-02)
Bubble energy balance: P_in=-2.536237e+04 P_out=-2.536237e+04 resid=1.446e-16
Writing output for iteration 182...
Iteration 183
[it 183] energy J(local)=[39.6355 36.6206 36.4595 39.6348]
Maximum Self-Energy Update: 2.3662708154855423
Contact Current Difference: 0.0
Current Conservation abs: 0.01703425372033962
Current Conservation rel: 4.6527957094392184e-07
Phonon: rel Sigma^R residual 4.6135e-03; lead balance 1.8747e-05 (best 3.8110e-06; internal spread 8.3387e-02)
Bubble energy balance: P_in=-2.536274e+04 P_out=-2.536274e+04 resid=7.246e-17
Writing output for iteration 183...
Iteration 184
[it 184] energy J(local)=[39.6351 36.6203 36.4589 39.6344]
Maximum Self-Energy Update: 2.420257157771146
Contact Current Difference: 0.0
Current Conservation abs: 0.01702964634387172
Current Conservation rel: 4.651277015676863e-07
Phonon: rel Sigma^R residual 4.7173e-03; lead balance 1.8239e-05 (best 3.8110e-06; internal spread 8.3393e-02)
Bubble energy balance: P_in=-2.536313e+04 P_out=-2.536313e+04 resid=2.774e-17
Writing output for iteration 184...
Iteration 185
[it 185] energy J(local)=[39.6347 36.62   36.4583 39.634 ]
Maximum Self-Energy Update: 2.475843335433076
Contact Current Difference: 0.0
Current Conservation abs: 0.017024966884491732
Current Conservation rel: 4.6497316240496486e-07
Phonon: rel Sigma^R residual 4.8242e-03; lead balance 1.7739e-05 (best 3.8110e-06; internal spread 8.3398e-02)
Bubble energy balance: P_in=-2.536353e+04 P_out=-2.536353e+04 resid=7.707e-17
Writing output for iteration 185...
Iteration 186
[it 186] energy J(local)=[39.6343 36.6197 36.4577 39.6336]
Maximum Self-Energy Update: 2.533089684753457
Contact Current Difference: 0.0
Current Conservation abs: 0.017020210765622323
Current Conservation rel: 4.648157940994624e-07
Phonon: rel Sigma^R residual 4.9342e-03; lead balance 1.7248e-05 (best 3.8110e-06; internal spread 8.3404e-02)
Bubble energy balance: P_in=-2.536396e+04 P_out=-2.536396e+04 resid=7.379e-17
Writing output for iteration 186...
Iteration 187
[it 187] energy J(local)=[39.6338 36.6194 36.4571 39.6332]
Maximum Self-Energy Update: 2.5920583477218715
Contact Current Difference: 0.0
Current Conservation abs: 0.017015373276080936
Current Conservation rel: 4.646554322637129e-07
Phonon: rel Sigma^R residual 5.0475e-03; lead balance 1.6765e-05 (best 3.8110e-06; internal spread 8.3409e-02)
Bubble energy balance: P_in=-2.536440e+04 P_out=-2.536440e+04 resid=7.722e-18
Writing output for iteration 187...
Iteration 188
[it 188] energy J(local)=[39.6334 36.619  36.4565 39.6328]
Maximum Self-Energy Update: 2.6528133094266937
Contact Current Difference: 0.0
Current Conservation abs: 0.017010449490044266
Current Conservation rel: 4.644919052000184e-07
Phonon: rel Sigma^R residual 5.1641e-03; lead balance 1.6289e-05 (best 3.8110e-06; internal spread 8.3415e-02)
Bubble energy balance: P_in=-2.536487e+04 P_out=-2.536487e+04 resid=5.069e-17
Writing output for iteration 188...
Iteration 189
[it 189] energy J(local)=[39.6329 36.6187 36.4558 39.6323]
Maximum Self-Energy Update: 2.7154204244323212
Contact Current Difference: 0.0
Current Conservation abs: 0.017005434336169856
Current Conservation rel: 4.643250356908128e-07
Phonon: rel Sigma^R residual 5.2842e-03; lead balance 1.5821e-05 (best 3.8110e-06; internal spread 8.3421e-02)
Bubble energy balance: P_in=-2.536536e+04 P_out=-2.536536e+04 resid=7.178e-17
Writing output for iteration 189...
Iteration 190
[it 190] energy J(local)=[39.6324 36.6183 36.4552 39.6319]
Maximum Self-Energy Update: 2.779947429942063
Contact Current Difference: 0.0
Current Conservation abs: 0.017000322564854287
Current Conservation rel: 4.6415464000317826e-07
Phonon: rel Sigma^R residual 5.4078e-03; lead balance 1.5359e-05 (best 3.8110e-06; internal spread 8.3427e-02)
Bubble energy balance: P_in=-2.536588e+04 P_out=-2.536588e+04 resid=2.603e-17
Writing output for iteration 190...
Iteration 191
[it 191] energy J(local)=[39.632  36.618  36.4545 39.6314]
Maximum Self-Energy Update: 2.846463943000479
Contact Current Difference: 0.0
Current Conservation abs: 0.01699510865728371
Current Conservation rel: 4.639805253005142e-07
Phonon: rel Sigma^R residual 5.5353e-03; lead balance 1.4904e-05 (best 3.8110e-06; internal spread 8.3433e-02)
Bubble energy balance: P_in=-2.536642e+04 P_out=-2.536642e+04 resid=1.486e-17
Writing output for iteration 191...
Iteration 192
[it 192] energy J(local)=[39.6314 36.6176 36.4538 39.6309]
Maximum Self-Energy Update: 2.9150414387049004
Contact Current Difference: 0.0
Current Conservation abs: 0.0169897868836415
Current Conservation rel: 4.638024911231879e-07
Phonon: rel Sigma^R residual 5.6665e-03; lead balance 1.4455e-05 (best 3.8110e-06; internal spread 8.3440e-02)
Bubble energy balance: P_in=-2.536700e+04 P_out=-2.536700e+04 resid=1.456e-16
Writing output for iteration 192...
Iteration 193
[it 193] energy J(local)=[39.6309 36.6172 36.453  39.6304]
Maximum Self-Energy Update: 2.9857532058047735
Contact Current Difference: 0.0
Current Conservation abs: 0.01698435133585008
Current Conservation rel: 4.636203301696764e-07
Phonon: rel Sigma^R residual 5.8018e-03; lead balance 1.4012e-05 (best 3.8110e-06; internal spread 8.3446e-02)
Bubble energy balance: P_in=-2.536760e+04 P_out=-2.536760e+04 resid=1.094e-16
Writing output for iteration 193...
Iteration 194
[it 194] energy J(local)=[39.6304 36.6168 36.4523 39.6298]
Maximum Self-Energy Update: 3.058674275402534
Contact Current Difference: 0.0
Current Conservation abs: 0.01697879571656813
Current Conservation rel: 4.6343382242086696e-07
Phonon: rel Sigma^R residual 5.9412e-03; lead balance 1.3573e-05 (best 3.8110e-06; internal spread 8.3453e-02)
Bubble energy balance: P_in=-2.536824e+04 P_out=-2.536824e+04 resid=1.484e-16
Writing output for iteration 194...
Iteration 195
[it 195] energy J(local)=[39.6298 36.6163 36.4515 39.6293]
Maximum Self-Energy Update: 3.1338813179190375
Contact Current Difference: 0.0
Current Conservation abs: 0.01697311360112508
Current Conservation rel: 4.632427421717829e-07
Phonon: rel Sigma^R residual 6.0848e-03; lead balance 1.3140e-05 (best 3.8110e-06; internal spread 8.3460e-02)
Bubble energy balance: P_in=-2.536891e+04 P_out=-2.536891e+04 resid=1.080e-17
Writing output for iteration 195...
Iteration 196
[it 196] energy J(local)=[39.6292 36.6159 36.4507 39.6287]
Maximum Self-Energy Update: 3.211452502549106
Contact Current Difference: 0.0
Current Conservation abs: 0.01696729811737896
Current Conservation rel: 4.6304684917240997e-07
Phonon: rel Sigma^R residual 6.2329e-03; lead balance 1.2712e-05 (best 3.8110e-06; internal spread 8.3467e-02)
Bubble energy balance: P_in=-2.536963e+04 P_out=-2.536963e+04 resid=7.964e-17
Writing output for iteration 196...
Iteration 197
[it 197] energy J(local)=[39.6286 36.6154 36.4498 39.6281]
Maximum Self-Energy Update: 3.291467312603917
Contact Current Difference: 0.0
Current Conservation abs: 0.01696134216763312
Current Conservation rel: 4.6284589456306147e-07
Phonon: rel Sigma^R residual 6.3855e-03; lead balance 1.2287e-05 (best 3.8110e-06; internal spread 8.3475e-02)
Bubble energy balance: P_in=-2.537038e+04 P_out=-2.537038e+04 resid=4.045e-17
Writing output for iteration 197...
Iteration 198
[it 198] energy J(local)=[39.6279 36.6149 36.4489 39.6275]
Maximum Self-Energy Update: 3.374006309000209
Contact Current Difference: 0.0
Current Conservation abs: 0.01695523830858292
Current Conservation rel: 4.6263961747537766e-07
Phonon: rel Sigma^R residual 6.5428e-03; lead balance 1.1866e-05 (best 3.8110e-06; internal spread 8.3482e-02)
Bubble energy balance: P_in=-2.537118e+04 P_out=-2.537118e+04 resid=3.647e-17
Writing output for iteration 198...
Iteration 199
[it 199] energy J(local)=[39.6272 36.6144 36.448  39.6268]
Maximum Self-Energy Update: 3.4591508330238034
Contact Current Difference: 0.0
Current Conservation abs: 0.01694897864945233
Current Conservation rel: 4.6242774213229395e-07
Phonon: rel Sigma^R residual 6.7049e-03; lead balance 1.1449e-05 (best 3.8110e-06; internal spread 8.3490e-02)
Bubble energy balance: P_in=-2.537203e+04 P_out=-2.537203e+04 resid=7.889e-17
Writing output for iteration 199...
Iteration 200
[it 200] energy J(local)=[39.6265 36.6138 36.4471 39.6261]
Maximum Self-Energy Update: 3.546982638045985
Contact Current Difference: 0.0
Current Conservation abs: 0.016942554982961155
Current Conservation rel: 4.6220998130425237e-07
Phonon: rel Sigma^R residual 6.8719e-03; lead balance 1.1034e-05 (best 3.8110e-06; internal spread 8.3498e-02)
Bubble energy balance: P_in=-2.537292e+04 P_out=-2.537292e+04 resid=7.463e-17
Writing output for iteration 200...
Iteration 201
[it 201] energy J(local)=[39.6258 36.6132 36.4461 39.6254]
Maximum Self-Energy Update: 3.63758343832025
Contact Current Difference: 0.0
Current Conservation abs: 0.01693595862525399
Current Conservation rel: 4.6198603182969987e-07
Phonon: rel Sigma^R residual 7.0441e-03; lead balance 1.0622e-05 (best 3.8110e-06; internal spread 8.3506e-02)
Bubble energy balance: P_in=-2.537388e+04 P_out=-2.537388e+04 resid=1.534e-16
Writing output for iteration 201...
Iteration 202
[it 202] energy J(local)=[39.625  36.6126 36.445  39.6246]
Maximum Self-Energy Update: 3.7310343611598316
Contact Current Difference: 0.0
Current Conservation abs: 0.01692918048138381
Current Conservation rel: 4.6175557629842857e-07
Phonon: rel Sigma^R residual 7.2215e-03; lead balance 1.0212e-05 (best 3.8110e-06; internal spread 8.3515e-02)
Bubble energy balance: P_in=-2.537489e+04 P_out=-2.537489e+04 resid=8.182e-17
Writing output for iteration 202...
Iteration 203
[it 203] energy J(local)=[39.6242 36.612  36.444  39.6238]
Maximum Self-Energy Update: 3.827415286779076
Contact Current Difference: 0.0
Current Conservation abs: 0.01692221088524093
Current Conservation rel: 4.615182785943211e-07
Phonon: rel Sigma^R residual 7.4043e-03; lead balance 9.8036e-06 (best 3.8110e-06; internal spread 8.3524e-02)
Bubble energy balance: P_in=-2.537596e+04 P_out=-2.537596e+04 resid=2.964e-17
Writing output for iteration 203...
Iteration 204
[it 204] energy J(local)=[39.6234 36.6113 36.4428 39.623 ]
Maximum Self-Energy Update: 3.9268040578435475
Contact Current Difference: 0.0
Current Conservation abs: 0.01691503975962405
Current Conservation rel: 4.6127378818771455e-07
Phonon: rel Sigma^R residual 7.5926e-03; lead balance 9.3963e-06 (best 3.8110e-06; internal spread 8.3533e-02)
Bubble energy balance: P_in=-2.537710e+04 P_out=-2.537710e+04 resid=1.442e-16
Writing output for iteration 204...
Iteration 205
[it 205] energy J(local)=[39.6225 36.6106 36.4417 39.6221]
Maximum Self-Energy Update: 4.029275538047275
Contact Current Difference: 0.0
Current Conservation abs: 0.016907656390685588
Current Conservation rel: 4.610217339324461e-07
Phonon: rel Sigma^R residual 7.7865e-03; lead balance 8.9897e-06 (best 3.8110e-06; internal spread 8.3543e-02)
Bubble energy balance: P_in=-2.537831e+04 P_out=-2.537831e+04 resid=7.216e-17
Writing output for iteration 205...
Iteration 206
[it 206] energy J(local)=[39.6216 36.6098 36.4404 39.6212]
Maximum Self-Energy Update: 4.134900496377712
Contact Current Difference: 0.0
Current Conservation abs: 0.016900049475225387
Current Conservation rel: 4.607617253352963e-07
Phonon: rel Sigma^R residual 7.9861e-03; lead balance 8.5832e-06 (best 3.8110e-06; internal spread 8.3553e-02)
Bubble energy balance: P_in=-2.537960e+04 P_out=-2.537960e+04 resid=5.007e-17
Writing output for iteration 206...
Iteration 207
[it 207] energy J(local)=[39.6206 36.609  36.4392 39.6203]
Maximum Self-Energy Update: 4.243744290414915
Contact Current Difference: 0.0
Current Conservation abs: 0.016892207077034982
Current Conservation rel: 4.6049335138333693e-07
Phonon: rel Sigma^R residual 8.1916e-03; lead balance 8.1764e-06 (best 3.8110e-06; internal spread 8.3563e-02)
Bubble energy balance: P_in=-2.538098e+04 P_out=-2.538098e+04 resid=1.978e-17
Writing output for iteration 207...
Iteration 208
[it 208] energy J(local)=[39.6195 36.6081 36.4378 39.6193]
Maximum Self-Energy Update: 4.3558653186184495
Contact Current Difference: 0.0
Current Conservation abs: 0.016884116539586103
Current Conservation rel: 4.6021617823083737e-07
Phonon: rel Sigma^R residual 8.4030e-03; lead balance 7.7686e-06 (best 3.8110e-06; internal spread 8.3574e-02)
Bubble energy balance: P_in=-2.538244e+04 P_out=-2.538244e+04 resid=7.437e-17
Writing output for iteration 208...
Iteration 209
[it 209] energy J(local)=[39.6185 36.6072 36.4364 39.6182]
Maximum Self-Energy Update: 4.471313207900404
Contact Current Difference: 0.0
Current Conservation abs: 0.016875764526048442
Current Conservation rel: 4.599297504197071e-07
Phonon: rel Sigma^R residual 8.6204e-03; lead balance 7.3593e-06 (best 3.8110e-06; internal spread 8.3585e-02)
Bubble energy balance: P_in=-2.538400e+04 P_out=-2.538400e+04 resid=1.924e-17
Writing output for iteration 209...
Iteration 210
[it 210] energy J(local)=[39.6173 36.6062 36.4349 39.6171]
Maximum Self-Energy Update: 4.590126698671792
Contact Current Difference: 0.0
Current Conservation abs: 0.01686713685921859
Current Conservation rel: 4.5963358672363436e-07
Phonon: rel Sigma^R residual 8.8438e-03; lead balance 6.9480e-06 (best 3.8110e-06; internal spread 8.3596e-02)
Bubble energy balance: P_in=-2.538566e+04 P_out=-2.538566e+04 resid=8.147e-17
Writing output for iteration 210...
Iteration 211
[it 211] energy J(local)=[39.6161 36.6052 36.4334 39.6159]
Maximum Self-Energy Update: 4.712331185662268
Contact Current Difference: 0.0
Current Conservation abs: 0.01685821852515801
Current Conservation rel: 4.593271805519694e-07
Phonon: rel Sigma^R residual 9.0732e-03; lead balance 6.5338e-06 (best 3.8110e-06; internal spread 8.3608e-02)
Bubble energy balance: P_in=-2.538743e+04 P_out=-2.538743e+04 resid=7.455e-17
Writing output for iteration 211...
Iteration 212
[it 212] energy J(local)=[39.6149 36.6041 36.4317 39.6146]
Maximum Self-Energy Update: 4.837935868479986
Contact Current Difference: 0.0
Current Conservation abs: 0.01684899357132963
Current Conservation rel: 4.5900999759760707e-07
Phonon: rel Sigma^R residual 9.3086e-03; lead balance 6.1162e-06 (best 3.8110e-06; internal spread 8.3621e-02)
Bubble energy balance: P_in=-2.538932e+04 P_out=-2.538932e+04 resid=7.379e-17
Writing output for iteration 212...
Iteration 213
[it 213] energy J(local)=[39.6135 36.6029 36.43   39.6133]
Maximum Self-Energy Update: 4.966930462066229
Contact Current Difference: 0.0
Current Conservation abs: 0.016839445179357426
Current Conservation rel: 4.5868147838864105e-07
Phonon: rel Sigma^R residual 9.5500e-03; lead balance 5.6945e-06 (best 3.8110e-06; internal spread 8.3634e-02)
Bubble energy balance: P_in=-2.539134e+04 P_out=-2.539134e+04 resid=8.525e-17
Writing output for iteration 213...
Iteration 214
[it 214] energy J(local)=[39.6121 36.6016 36.4282 39.6119]
Maximum Self-Energy Update: 5.099281413567802
Contact Current Difference: 0.0
Current Conservation abs: 0.016829555403091945
Current Conservation rel: 4.583410318995464e-07
Phonon: rel Sigma^R residual 9.7973e-03; lead balance 5.2679e-06 (best 3.8110e-06; internal spread 8.3648e-02)
Bubble energy balance: P_in=-2.539349e+04 P_out=-2.539349e+04 resid=9.100e-17
Writing output for iteration 214...
Iteration 215
[it 215] energy J(local)=[39.6106 36.6003 36.4263 39.6104]
Maximum Self-Energy Update: 5.234927569315765
Contact Current Difference: 0.0
Current Conservation abs: 0.016819305277749663
Current Conservation rel: 4.579880394869186e-07
Phonon: rel Sigma^R residual 1.0050e-02; lead balance 4.8355e-06 (best 3.8110e-06; internal spread 8.3662e-02)
Bubble energy balance: P_in=-2.539579e+04 P_out=-2.539579e+04 resid=7.550e-17
Writing output for iteration 215...
Iteration 216
[it 216] energy J(local)=[39.609  36.5989 36.4243 39.6089]
Maximum Self-Energy Update: 5.373775234154321
Contact Current Difference: 0.0
Current Conservation abs: 0.016808674576168414
Current Conservation rel: 4.5762184947195525e-07
Phonon: rel Sigma^R residual 1.0309e-02; lead balance 4.3966e-06 (best 3.8110e-06; internal spread 8.3677e-02)
Bubble energy balance: P_in=-2.539824e+04 P_out=-2.539824e+04 resid=2.811e-17
Writing output for iteration 216...
Iteration 217
[it 217] energy J(local)=[39.6074 36.5974 36.4222 39.6072]
Maximum Self-Energy Update: 5.515692565685573
Contact Current Difference: 0.0
Current Conservation abs: 0.016797641950688558
Current Conservation rel: 4.5724178253350957e-07
Phonon: rel Sigma^R residual 1.0572e-02; lead balance 3.9502e-06 (best 3.8110e-06; internal spread 8.3692e-02)
Bubble energy balance: P_in=-2.540087e+04 P_out=-2.540087e+04 resid=1.071e-16
Writing output for iteration 217...
Iteration 218
[it 218] energy J(local)=[39.6056 36.5957 36.4199 39.6055]
Maximum Self-Energy Update: 5.660503249097876
Contact Current Difference: 0.0
Current Conservation abs: 0.016786184711236274
Current Conservation rel: 4.568471275598611e-07
Phonon: rel Sigma^R residual 1.0840e-02; lead balance 3.4953e-06 (best 3.4953e-06; internal spread 8.3709e-02)
Bubble energy balance: P_in=-2.540366e+04 P_out=-2.540366e+04 resid=7.499e-17
Writing output for iteration 218...
Iteration 219
[it 219] energy J(local)=[39.6037 36.594  36.4176 39.6036]
Maximum Self-Energy Update: 5.807979405268622
Contact Current Difference: 0.0
Current Conservation abs: 0.016774278752563987
Current Conservation rel: 4.5643714199318253e-07
Phonon: rel Sigma^R residual 1.1113e-02; lead balance 3.0310e-06 (best 3.0310e-06; internal spread 8.3726e-02)
Bubble energy balance: P_in=-2.540665e+04 P_out=-2.540665e+04 resid=1.566e-16
Writing output for iteration 219...
Iteration 220
[it 220] energy J(local)=[39.6017 36.5922 36.4151 39.6016]
Maximum Self-Energy Update: 5.957833696880097
Contact Current Difference: 0.0
Current Conservation abs: 0.01676189865975175
Current Conservation rel: 4.560110575234562e-07
Phonon: rel Sigma^R residual 1.1389e-02; lead balance 2.5561e-06 (best 2.5561e-06; internal spread 8.3744e-02)
Bubble energy balance: P_in=-2.540984e+04 P_out=-2.540984e+04 resid=1.546e-16
Writing output for iteration 220...
Iteration 221
[it 221] energy J(local)=[39.5996 36.5902 36.4124 39.5995]
Maximum Self-Energy Update: 6.109710616261988
Contact Current Difference: 0.0
Current Conservation abs: 0.016749017449910752
Current Conservation rel: 4.5556807645626124e-07
Phonon: rel Sigma^R residual 1.1668e-02; lead balance 2.0695e-06 (best 2.0695e-06; internal spread 8.3762e-02)
Bubble energy balance: P_in=-2.541325e+04 P_out=-2.541325e+04 resid=4.837e-18
Writing output for iteration 221...
Iteration 222
[it 222] energy J(local)=[39.5974 36.5881 36.4096 39.5973]
Maximum Self-Energy Update: 6.263176966403894
Contact Current Difference: 0.0
Current Conservation abs: 0.016735606659494806
Current Conservation rel: 4.5510737813676355e-07
Phonon: rel Sigma^R residual 1.1949e-02; lead balance 1.5699e-06 (best 1.5699e-06; internal spread 8.3782e-02)
Bubble energy balance: P_in=-2.541688e+04 P_out=-2.541688e+04 resid=7.157e-17
Writing output for iteration 222...
Iteration 223
[it 223] energy J(local)=[39.595  36.5858 36.4067 39.595 ]
Maximum Self-Energy Update: 6.417711585215252
Contact Current Difference: 0.0
Current Conservation abs: 0.016721636297006626
Current Conservation rel: 4.546281224352983e-07
Phonon: rel Sigma^R residual 1.2231e-02; lead balance 1.0561e-06 (best 1.0561e-06; internal spread 8.3803e-02)
Bubble energy balance: P_in=-2.542075e+04 P_out=-2.542075e+04 resid=7.282e-17
Writing output for iteration 223...
Iteration 224
[it 224] energy J(local)=[39.5925 36.5834 36.4036 39.5925]
Maximum Self-Energy Update: 6.572694415440628
Contact Current Difference: 0.0
Current Conservation abs: 0.016707074817531975
Current Conservation rel: 4.541294546179343e-07
Phonon: rel Sigma^R residual 1.2513e-02; lead balance 5.2668e-07 (best 5.2668e-07; internal spread 8.3824e-02)
Bubble energy balance: P_in=-2.542488e+04 P_out=-2.542488e+04 resid=7.155e-17
Writing output for iteration 224...
Iteration 225
[it 225] energy J(local)=[39.5898 36.5808 36.4002 39.5898]
Maximum Self-Energy Update: 6.727395090727104
Contact Current Difference: 0.0
Current Conservation abs: 0.01669188921005116
Current Conservation rel: 4.5361051412028054e-07
Phonon: rel Sigma^R residual 1.2793e-02; lead balance 1.9792e-08 (best 1.9792e-08; internal spread 8.3847e-02)
Bubble energy balance: P_in=-2.542927e+04 P_out=-2.542927e+04 resid=1.792e-17
Writing output for iteration 225...
Iteration 226
[it 226] energy J(local)=[39.587  36.578  36.3967 39.587 ]
Maximum Self-Energy Update: 6.8809612952835355
Contact Current Difference: 0.0
Current Conservation abs: 0.016676044961059233
Current Conservation rel: 4.5307044081090707e-07
Phonon: rel Sigma^R residual 1.3069e-02; lead balance 5.8480e-07 (best 1.9792e-08; internal spread 8.3872e-02)
Bubble energy balance: P_in=-2.543394e+04 P_out=-2.543394e+04 resid=2.157e-16
Writing output for iteration 226...
Iteration 227
[it 227] energy J(local)=[39.5839 36.575  36.393  39.584 ]
Maximum Self-Energy Update: 7.032407261547449
Contact Current Difference: 0.0
Current Conservation abs: 0.016659506407449953
Current Conservation rel: 4.5250839264955686e-07
Phonon: rel Sigma^R residual 1.3340e-02; lead balance 1.1699e-06 (best 1.9792e-08; internal spread 8.3897e-02)
Bubble energy balance: P_in=-2.543890e+04 P_out=-2.543890e+04 resid=1.444e-16
Writing output for iteration 227...
Iteration 228
[it 228] energy J(local)=[39.5807 36.5718 36.3891 39.5808]
Maximum Self-Energy Update: 7.180602898836019
Contact Current Difference: 0.0
Current Conservation abs: 0.016642236743791727
Current Conservation rel: 4.519235546610904e-07
Phonon: rel Sigma^R residual 1.3604e-02; lead balance 1.7767e-06 (best 1.9792e-08; internal spread 8.3924e-02)
Bubble energy balance: P_in=-2.544415e+04 P_out=-2.544415e+04 resid=3.013e-17
Writing output for iteration 228...
Iteration 229
[it 229] energy J(local)=[39.5773 36.5684 36.3849 39.5774]
Maximum Self-Energy Update: 7.324264194866006
Contact Current Difference: 0.0
Current Conservation abs: 0.01662419841159135
Current Conservation rel: 4.513151587903706e-07
Phonon: rel Sigma^R residual 1.3858e-02; lead balance 2.4067e-06 (best 1.9792e-08; internal spread 8.3952e-02)
Bubble energy balance: P_in=-2.544971e+04 P_out=-2.544971e+04 resid=7.164e-17
Writing output for iteration 229...
Iteration 230
[it 230] energy J(local)=[39.5737 36.5648 36.3805 39.5738]
Maximum Self-Energy Update: 7.461945697888903
Contact Current Difference: 0.0
Current Conservation abs: 0.016605353663180722
Current Conservation rel: 4.5068250865682307e-07
Phonon: rel Sigma^R residual 1.4099e-02; lead balance 3.0616e-06 (best 1.9792e-08; internal spread 8.3982e-02)
Bubble energy balance: P_in=-2.545557e+04 P_out=-2.545557e+04 resid=3.722e-18
Writing output for iteration 230...
Iteration 231
[it 231] energy J(local)=[39.5698 36.5609 36.3759 39.57  ]
Maximum Self-Energy Update: 7.592036062848736
Contact Current Difference: 0.0
Current Conservation abs: 0.016585664914600784
Current Conservation rel: 4.500249982381993e-07
Phonon: rel Sigma^R residual 1.4324e-02; lead balance 3.7429e-06 (best 1.9792e-08; internal spread 8.4013e-02)
Bubble energy balance: P_in=-2.546175e+04 P_out=-2.546175e+04 resid=1.431e-16
Writing output for iteration 231...
Iteration 232
[it 232] energy J(local)=[39.5657 36.5567 36.3709 39.5659]
Maximum Self-Energy Update: 7.71275781854996
Contact Current Difference: 0.0
Current Conservation abs: 0.016565095720579848
Current Conservation rel: 4.4934214640047953e-07
Phonon: rel Sigma^R residual 1.4529e-02; lead balance 4.4522e-06 (best 1.9792e-08; internal spread 8.4045e-02)
Bubble energy balance: P_in=-2.546822e+04 P_out=-2.546822e+04 resid=8.097e-17
Writing output for iteration 232...
Iteration 233
[it 233] energy J(local)=[39.5614 36.5523 36.3657 39.5616]
Maximum Self-Energy Update: 7.822172666673124
Contact Current Difference: 0.0
Current Conservation abs: 0.0165436117858917
Current Conservation rel: 4.486336304495597e-07
Phonon: rel Sigma^R residual 1.4712e-02; lead balance 5.1907e-06 (best 1.9792e-08; internal spread 8.4079e-02)
Bubble energy balance: P_in=-2.547499e+04 P_out=-2.547499e+04 resid=1.434e-16
Writing output for iteration 233...
Iteration 234
[it 234] energy J(local)=[39.5568 36.5476 36.3602 39.557 ]
Maximum Self-Energy Update: 7.918193733821659
Contact Current Difference: 0.0
Current Conservation abs: 0.01652118208585307
Current Conservation rel: 4.478993195476424e-07
Phonon: rel Sigma^R residual 1.4869e-02; lead balance 5.9596e-06 (best 1.9792e-08; internal spread 8.4114e-02)
Bubble energy balance: P_in=-2.548203e+04 P_out=-2.548203e+04 resid=1.851e-17
Writing output for iteration 234...
Iteration 235
[it 235] energy J(local)=[39.552  36.5426 36.3545 39.5522]
Maximum Self-Energy Update: 7.998606235113552
Contact Current Difference: 0.0
Current Conservation abs: 0.016497780510690063
Current Conservation rel: 4.4713931791080397e-07
Phonon: rel Sigma^R residual 1.4994e-02; lead balance 6.7597e-06 (best 1.9792e-08; internal spread 8.4151e-02)
Bubble energy balance: P_in=-2.548933e+04 P_out=-2.548933e+04 resid=1.389e-17
Writing output for iteration 235...
Iteration 236
[it 236] energy J(local)=[39.5469 36.5372 36.3484 39.5472]
Maximum Self-Energy Update: 8.061097938018534
Contact Current Difference: 0.0
Current Conservation abs: 0.01647338772090734
Current Conservation rel: 4.463540078473678e-07
Phonon: rel Sigma^R residual 1.5085e-02; lead balance 7.5916e-06 (best 1.9792e-08; internal spread 8.4189e-02)
Bubble energy balance: P_in=-2.549685e+04 P_out=-2.549685e+04 resid=1.583e-16
Writing output for iteration 236...
Iteration 237
[it 237] energy J(local)=[39.5415 36.5316 36.342  39.5418]
Maximum Self-Energy Update: 8.10330060261804
Contact Current Difference: 0.0
Current Conservation abs: 0.016447993304609554
Current Conservation rel: 4.455440936693696e-07
Phonon: rel Sigma^R residual 1.5136e-02; lead balance 8.4551e-06 (best 1.9792e-08; internal spread 8.4229e-02)
Bubble energy balance: P_in=-2.550457e+04 P_out=-2.550457e+04 resid=1.434e-16
Writing output for iteration 237...
Iteration 238
[it 238] energy J(local)=[39.5359 36.5257 36.3354 39.5362]
Maximum Self-Energy Update: 8.122843186990739
Contact Current Difference: 0.0
Current Conservation abs: 0.016421598236775026
Current Conservation rel: 4.44710645255088e-07
Phonon: rel Sigma^R residual 1.5145e-02; lead balance 9.3497e-06 (best 1.9792e-08; internal spread 8.4269e-02)
Bubble energy balance: P_in=-2.551242e+04 P_out=-2.551242e+04 resid=1.455e-16
Writing output for iteration 238...
Iteration 239
[it 239] energy J(local)=[39.5299 36.5194 36.3284 39.5303]
Maximum Self-Energy Update: 8.117417020400683
Contact Current Difference: 0.0
Current Conservation abs: 0.016394217520428356
Current Conservation rel: 4.438551372654875e-07
Phonon: rel Sigma^R residual 1.5105e-02; lead balance 1.0274e-05 (best 1.9792e-08; internal spread 8.4311e-02)
Bubble energy balance: P_in=-2.552037e+04 P_out=-2.552037e+04 resid=2.140e-16
Writing output for iteration 239...
Iteration 240
[it 240] energy J(local)=[39.5238 36.5128 36.3212 39.5242]
Maximum Self-Energy Update: 8.084852355088607
Contact Current Difference: 0.0
Current Conservation abs: 0.01636588303881581
Current Conservation rel: 4.429794848387766e-07
Phonon: rel Sigma^R residual 1.5015e-02; lead balance 1.1226e-05 (best 1.9792e-08; internal spread 8.4354e-02)
Bubble energy balance: P_in=-2.552836e+04 P_out=-2.552836e+04 resid=7.422e-17
Writing output for iteration 240...
Iteration 241
[it 241] energy J(local)=[39.5173 36.506  36.3138 39.5178]
Maximum Self-Energy Update: 8.023204724141747
Contact Current Difference: 0.0
Current Conservation abs: 0.01633664620021591
Current Conservation rel: 4.420860655508178e-07
Phonon: rel Sigma^R residual 1.4871e-02; lead balance 1.2202e-05 (best 1.9792e-08; internal spread 8.4398e-02)
Bubble energy balance: P_in=-2.553632e+04 P_out=-2.553632e+04 resid=1.097e-17
Writing output for iteration 241...
Iteration 242
[it 242] energy J(local)=[39.5107 36.4988 36.3061 39.5112]
Maximum Self-Energy Update: 7.9308484011494995
Contact Current Difference: 0.0
Current Conservation abs: 0.01630658045542077
Current Conservation rel: 4.411777322317761e-07
Phonon: rel Sigma^R residual 1.4669e-02; lead balance 1.3197e-05 (best 1.9792e-08; internal spread 8.4442e-02)
Bubble energy balance: P_in=-2.554419e+04 P_out=-2.554419e+04 resid=2.197e-16
Writing output for iteration 242...
Iteration 243
[it 243] energy J(local)=[39.5038 36.4914 36.2981 39.5044]
Maximum Self-Energy Update: 7.806573049947026
Contact Current Difference: 0.0
Current Conservation abs: 0.01627578317129519
Current Conservation rel: 4.402578064479312e-07
Phonon: rel Sigma^R residual 1.4410e-02; lead balance 1.4207e-05 (best 1.9792e-08; internal spread 8.4487e-02)
Bubble energy balance: P_in=-2.555191e+04 P_out=-2.555191e+04 resid=4.902e-17
Writing output for iteration 243...
Iteration 244
[it 244] energy J(local)=[39.4968 36.4838 36.29   39.4973]
Maximum Self-Energy Update: 7.649678474975397
Contact Current Difference: 0.0
Current Conservation abs: 0.016244376594841015
Current Conservation rel: 4.393300504575368e-07
Phonon: rel Sigma^R residual 1.4090e-02; lead balance 1.5224e-05 (best 1.9792e-08; internal spread 8.4532e-02)
Bubble energy balance: P_in=-2.555942e+04 P_out=-2.555942e+04 resid=5.306e-17
Writing output for iteration 244...
Iteration 245
[it 245] energy J(local)=[39.4895 36.4759 36.2818 39.4901]
Maximum Self-Energy Update: 7.460061368291583
Contact Current Difference: 0.0
Current Conservation abs: 0.01621250790412887
Current Conservation rel: 4.3839862327053956e-07
Phonon: rel Sigma^R residual 1.3712e-02; lead balance 1.6240e-05 (best 1.9792e-08; internal spread 8.4576e-02)
Bubble energy balance: P_in=-2.556666e+04 P_out=-2.556666e+04 resid=1.736e-17
Writing output for iteration 245...
Iteration 246
[it 246] energy J(local)=[39.4822 36.4679 36.2735 39.4828]
Maximum Self-Energy Update: 7.238287254586137
Contact Current Difference: 0.0
Current Conservation abs: 0.01618034762213938
Current Conservation rel: 4.3746800696524696e-07
Phonon: rel Sigma^R residual 1.3276e-02; lead balance 1.7246e-05 (best 1.9792e-08; internal spread 8.4621e-02)
Bubble energy balance: P_in=-2.557358e+04 P_out=-2.557358e+04 resid=8.453e-17
Writing output for iteration 246...
Iteration 247
[it 247] energy J(local)=[39.4747 36.4597 36.2651 39.4754]
Maximum Self-Energy Update: 6.985640629068925
Contact Current Difference: 0.0
Current Conservation abs: 0.016148086735483957
Current Conservation rel: 4.3654291734607936e-07
Phonon: rel Sigma^R residual 1.2786e-02; lead balance 1.8230e-05 (best 1.9792e-08; internal spread 8.4665e-02)
Bubble energy balance: P_in=-2.558016e+04 P_out=-2.558016e+04 resid=7.142e-17
Writing output for iteration 247...
Iteration 248
[it 248] energy J(local)=[39.4672 36.4515 36.2566 39.468 ]
Maximum Self-Energy Update: 6.704146723139144
Contact Current Difference: 0.0
Current Conservation abs: 0.016115932161483215
Current Conservation rel: 4.356281923155112e-07
Phonon: rel Sigma^R residual 1.2245e-02; lead balance 1.9182e-05 (best 1.9792e-08; internal spread 8.4708e-02)
Bubble energy balance: P_in=-2.558638e+04 P_out=-2.558638e+04 resid=1.423e-16
Writing output for iteration 248...
Iteration 249
[it 249] energy J(local)=[39.4597 36.4432 36.2482 39.4605]
Maximum Self-Energy Update: 6.396559539403619
Contact Current Difference: 0.0
Current Conservation abs: 0.016084101021988317
Current Conservation rel: 4.347286708476073e-07
Phonon: rel Sigma^R residual 1.1660e-02; lead balance 2.0090e-05 (best 1.9792e-08; internal spread 8.4750e-02)
Bubble energy balance: P_in=-2.559221e+04 P_out=-2.559221e+04 resid=1.672e-16
Writing output for iteration 249...
Iteration 250
[it 250] energy J(local)=[39.4522 36.435  36.2399 39.453 ]
Maximum Self-Energy Update: 6.066312810575007
Contact Current Difference: 0.0
Current Conservation abs: 0.016052813934948063
Current Conservation rel: 4.3384906593458866e-07
Phonon: rel Sigma^R residual 1.1036e-02; lead balance 2.0940e-05 (best 1.9792e-08; internal spread 8.4790e-02)
Bubble energy balance: P_in=-2.559767e+04 P_out=-2.559767e+04 resid=1.422e-16
Writing output for iteration 250...
Iteration 251
[it 251] energy J(local)=[39.4448 36.4268 36.2317 39.4457]
Maximum Self-Energy Update: 5.717433277131432
Contact Current Difference: 0.0
Current Conservation abs: 0.016022287905798294
Current Conservation rel: 4.3299384229913215e-07
Phonon: rel Sigma^R residual 1.0381e-02; lead balance 2.1721e-05 (best 1.9792e-08; internal spread 8.4830e-02)
Bubble energy balance: P_in=-2.560277e+04 P_out=-2.560277e+04 resid=7.430e-17
Writing output for iteration 251...
Iteration 252
[it 252] energy J(local)=[39.4375 36.4186 36.2236 39.4384]
Maximum Self-Energy Update: 5.4989640192405425
Contact Current Difference: 0.0
Current Conservation abs: 0.015992728905985132
Current Conservation rel: 4.321670943954297e-07
Phonon: rel Sigma^R residual 9.9659e-03; lead balance 2.2421e-05 (best 1.9792e-08; internal spread 8.4868e-02)
Bubble energy balance: P_in=-2.560754e+04 P_out=-2.560754e+04 resid=1.447e-16
Writing output for iteration 252...
Iteration 253
[it 253] energy J(local)=[39.4304 36.4107 36.2158 39.4312]
Maximum Self-Energy Update: 5.394200883891157
Contact Current Difference: 0.0
Current Conservation abs: 0.015964325622917386
Current Conservation rel: 4.313724571399031e-07
Phonon: rel Sigma^R residual 9.7586e-03; lead balance 2.3029e-05 (best 1.9792e-08; internal spread 8.4904e-02)
Bubble energy balance: P_in=-2.561199e+04 P_out=-2.561199e+04 resid=1.427e-16
Writing output for iteration 253...
Iteration 254
[it 254] energy J(local)=[39.4234 36.4029 36.2081 39.4243]
Maximum Self-Energy Update: 5.2618388408462
Contact Current Difference: 0.0
Current Conservation abs: 0.015937243813823443
Current Conservation rel: 4.30613026697448e-07
Phonon: rel Sigma^R residual 9.5031e-03; lead balance 2.3535e-05 (best 1.9792e-08; internal spread 8.4939e-02)
Bubble energy balance: P_in=-2.561618e+04 P_out=-2.561618e+04 resid=7.199e-17
Writing output for iteration 254...
Iteration 255
[it 255] energy J(local)=[39.4166 36.3953 36.2007 39.4175]
Maximum Self-Energy Update: 5.103685108622659
Contact Current Difference: 0.0
Current Conservation abs: 0.015911622289422667
Current Conservation rel: 4.298913130803226e-07
Phonon: rel Sigma^R residual 9.2027e-03; lead balance 2.3932e-05 (best 1.9792e-08; internal spread 8.4972e-02)
Bubble energy balance: P_in=-2.562014e+04 P_out=-2.562014e+04 resid=2.832e-17
Writing output for iteration 255...
Iteration 256
[it 256] energy J(local)=[39.4101 36.3879 36.1935 39.411 ]
Maximum Self-Energy Update: 4.92212663034664
Contact Current Difference: 0.0
Current Conservation abs: 0.015887570414633956
Current Conservation rel: 4.2920921759656693e-07
Phonon: rel Sigma^R residual 8.8621e-03; lead balance 2.4213e-05 (best 1.9792e-08; internal spread 8.5004e-02)
Bubble energy balance: P_in=-2.562390e+04 P_out=-2.562390e+04 resid=7.844e-17
Writing output for iteration 256...
Iteration 257
[it 257] energy J(local)=[39.4038 36.3808 36.1866 39.4047]
Maximum Self-Energy Update: 4.720036683435123
Contact Current Difference: 0.0
Current Conservation abs: 0.015865167337324237
Current Conservation rel: 4.285680392381295e-07
Phonon: rel Sigma^R residual 8.4864e-03; lead balance 2.4374e-05 (best 1.9792e-08; internal spread 8.5034e-02)
Bubble energy balance: P_in=-2.562750e+04 P_out=-2.562750e+04 resid=1.432e-16
Writing output for iteration 257...
Iteration 258
[it 258] energy J(local)=[39.3977 36.3739 36.18   39.3986]
Maximum Self-Energy Update: 4.5006631690590435
Contact Current Difference: 0.0
Current Conservation abs: 0.01584446255947114
Current Conservation rel: 4.2796850011846634e-07
Phonon: rel Sigma^R residual 8.0815e-03; lead balance 2.4413e-05 (best 1.9792e-08; internal spread 8.5063e-02)
Bubble energy balance: P_in=-2.563098e+04 P_out=-2.563098e+04 resid=4.871e-17
Writing output for iteration 258...
Iteration 259
[it 259] energy J(local)=[39.3919 36.3674 36.1737 39.3928]
Maximum Self-Energy Update: 4.267506195089392
Contact Current Difference: 0.0
Current Conservation abs: 0.015825477858015802
Current Conservation rel: 4.274107923569846e-07
Phonon: rel Sigma^R residual 7.6537e-03; lead balance 2.4330e-05 (best 1.9792e-08; internal spread 8.5091e-02)
Bubble energy balance: P_in=-2.563435e+04 P_out=-2.563435e+04 resid=7.218e-17
Writing output for iteration 259...
Iteration 260
[it 260] energy J(local)=[39.3864 36.3611 36.1677 39.3873]
Maximum Self-Energy Update: 4.024192691153649
Contact Current Difference: 0.0
Current Conservation abs: 0.015808210355316987
Current Conservation rel: 4.268946442542143e-07
Phonon: rel Sigma^R residual 7.2095e-03; lead balance 2.4127e-05 (best 1.9792e-08; internal spread 8.5118e-02)
Bubble energy balance: P_in=-2.563765e+04 P_out=-2.563765e+04 resid=2.140e-16
Writing output for iteration 260...
Iteration 261
[it 261] energy J(local)=[39.3812 36.3551 36.1619 39.3821]
Maximum Self-Energy Update: 3.774355250701973
Contact Current Difference: 0.0
Current Conservation abs: 0.01579263604071457
Current Conservation rel: 4.264193905653432e-07
Phonon: rel Sigma^R residual 6.7552e-03; lead balance 2.3808e-05 (best 1.9792e-08; internal spread 8.5144e-02)
Bubble energy balance: P_in=-2.564089e+04 P_out=-2.564089e+04 resid=1.372e-17
Writing output for iteration 261...
Iteration 262
[it 262] energy J(local)=[39.3762 36.3494 36.1565 39.3771]
Maximum Self-Energy Update: 3.5215213198618045
Contact Current Difference: 0.0
Current Conservation abs: 0.015778713783220155
Current Conservation rel: 4.2598405152637686e-07
Phonon: rel Sigma^R residual 6.2971e-03; lead balance 2.3379e-05 (best 1.9792e-08; internal spread 8.5168e-02)
Bubble energy balance: P_in=-2.564409e+04 P_out=-2.564409e+04 resid=7.607e-17
Writing output for iteration 262...
Iteration 263
[it 263] energy J(local)=[39.3715 36.344  36.1513 39.3724]
Maximum Self-Energy Update: 3.2690174225116224
Contact Current Difference: 0.0
Current Conservation abs: 0.015766389577038353
Current Conservation rel: 4.2558741675489957e-07
Phonon: rel Sigma^R residual 5.8408e-03; lead balance 2.2847e-05 (best 1.9792e-08; internal spread 8.5192e-02)
Bubble energy balance: P_in=-2.564726e+04 P_out=-2.564726e+04 resid=7.093e-17
Writing output for iteration 263...
Iteration 264
[it 264] energy J(local)=[39.367  36.3389 36.1463 39.3679]
Maximum Self-Energy Update: 3.0198915141123224
Contact Current Difference: 0.0
Current Conservation abs: 0.015755600477859844
Current Conservation rel: 4.2522812181533376e-07
Phonon: rel Sigma^R residual 5.3918e-03; lead balance 2.2218e-05 (best 1.9792e-08; internal spread 8.5215e-02)
Bubble energy balance: P_in=-2.565040e+04 P_out=-2.565040e+04 resid=2.134e-16
Writing output for iteration 264...
Iteration 265
[it 265] energy J(local)=[39.3628 36.334  36.1416 39.3636]
Maximum Self-Energy Update: 2.7768549713353186
Contact Current Difference: 0.0
Current Conservation abs: 0.015746278422739124
Current Conservation rel: 4.249047243478722e-07
Phonon: rel Sigma^R residual 4.9547e-03; lead balance 2.1502e-05 (best 1.9792e-08; internal spread 8.5238e-02)
Bubble energy balance: P_in=-2.565352e+04 P_out=-2.565352e+04 resid=3.556e-17
Writing output for iteration 265...
Iteration 266
[it 266] energy J(local)=[39.3589 36.3294 36.1372 39.3596]
Maximum Self-Energy Update: 2.542244289731202
Contact Current Difference: 0.0
Current Conservation abs: 0.015738353329652455
Current Conservation rel: 4.246157644674872e-07
Phonon: rel Sigma^R residual 4.5335e-03; lead balance 2.0708e-05 (best 1.9792e-08; internal spread 8.5259e-02)
Bubble energy balance: P_in=-2.565663e+04 P_out=-2.565663e+04 resid=2.360e-17
Writing output for iteration 266...
Iteration 267
[it 267] energy J(local)=[39.3551 36.3251 36.1329 39.3559]
Maximum Self-Energy Update: 2.3192628320837447
Contact Current Difference: 0.0
Current Conservation abs: 0.015731756095192395
Current Conservation rel: 4.243598265533189e-07
Phonon: rel Sigma^R residual 4.1337e-03; lead balance 1.9845e-05 (best 1.9792e-08; internal spread 8.5281e-02)
Bubble energy balance: P_in=-2.565972e+04 P_out=-2.565972e+04 resid=7.280e-17
Writing output for iteration 267...
Iteration 268
[it 268] energy J(local)=[39.3516 36.3209 36.1289 39.3523]
Maximum Self-Energy Update: 2.1092206120598322
Contact Current Difference: 0.0
Current Conservation abs: 0.01572642073733732
Current Conservation rel: 4.2413558209227683e-07
Phonon: rel Sigma^R residual 3.7577e-03; lead balance 1.8923e-05 (best 1.9792e-08; internal spread 8.5301e-02)
Bubble energy balance: P_in=-2.566279e+04 P_out=-2.566279e+04 resid=7.164e-17
Writing output for iteration 268...
Iteration 269
[it 269] energy J(local)=[39.3482 36.317  36.1251 39.3489]
Maximum Self-Energy Update: 1.9118113630517912
Contact Current Difference: 0.0
Current Conservation abs: 0.0157222858761088
Current Conservation rel: 4.239418184701834e-07
Phonon: rel Sigma^R residual 3.4046e-03; lead balance 1.7949e-05 (best 1.9792e-08; internal spread 8.5321e-02)
Bubble energy balance: P_in=-2.566584e+04 P_out=-2.566584e+04 resid=2.314e-17
Writing output for iteration 269...
Iteration 270
[it 270] energy J(local)=[39.3451 36.3133 36.1214 39.3457]
Maximum Self-Energy Update: 1.7278619286758914
Contact Current Difference: 0.0
Current Conservation abs: 0.01571929610145162
Current Conservation rel: 4.2377746802743606e-07
Phonon: rel Sigma^R residual 3.0759e-03; lead balance 1.6934e-05 (best 1.9792e-08; internal spread 8.5341e-02)
Bubble energy balance: P_in=-2.566887e+04 P_out=-2.566887e+04 resid=1.430e-16
Writing output for iteration 270...
Iteration 271
[it 271] energy J(local)=[39.3421 36.3098 36.1179 39.3427]
Maximum Self-Energy Update: 1.6176972569523207
Contact Current Difference: 0.0
Current Conservation abs: 0.01571740246436093
Current Conservation rel: 4.2364161619289607e-07
Phonon: rel Sigma^R residual 2.8789e-03; lead balance 1.5886e-05 (best 1.9792e-08; internal spread 8.5360e-02)
Bubble energy balance: P_in=-2.567187e+04 P_out=-2.567187e+04 resid=1.703e-17
Writing output for iteration 271...
Iteration 272
[it 272] energy J(local)=[39.3393 36.3064 36.1146 39.3398]
Maximum Self-Energy Update: 1.5757817522275503
Contact Current Difference: 0.0
Current Conservation abs: 0.01571656270243693
Current Conservation rel: 4.235335045946373e-07
Phonon: rel Sigma^R residual 2.8036e-03; lead balance 1.4811e-05 (best 1.9792e-08; internal spread 8.5378e-02)
Bubble energy balance: P_in=-2.567485e+04 P_out=-2.567485e+04 resid=1.918e-17
Writing output for iteration 272...
Iteration 273
[it 273] energy J(local)=[39.3366 36.3033 36.1115 39.3371]
Maximum Self-Energy Update: 1.5320169994510997
Contact Current Difference: 0.0
Current Conservation abs: 0.015716741130745504
Current Conservation rel: 4.2345252673522375e-07
Phonon: rel Sigma^R residual 2.7250e-03; lead balance 1.3717e-05 (best 1.9792e-08; internal spread 8.5396e-02)
Bubble energy balance: P_in=-2.567778e+04 P_out=-2.567778e+04 resid=8.216e-17
Writing output for iteration 273...
Iteration 274
[it 274] energy J(local)=[39.3341 36.3003 36.1085 39.3345]
Maximum Self-Energy Update: 1.4867194743140029
Contact Current Difference: 0.0
Current Conservation abs: 0.015717908263468416
Current Conservation rel: 4.2339821752290063e-07
Phonon: rel Sigma^R residual 2.6439e-03; lead balance 1.2610e-05 (best 1.9792e-08; internal spread 8.5414e-02)
Bubble energy balance: P_in=-2.568068e+04 P_out=-2.568068e+04 resid=7.083e-17
Writing output for iteration 274...
Iteration 275
[it 275] energy J(local)=[39.3317 36.2974 36.1057 39.3321]
Maximum Self-Energy Update: 1.44019555605666
Contact Current Difference: 0.0
Current Conservation abs: 0.01572004022091278
Current Conservation rel: 4.2337023774151945e-07
Phonon: rel Sigma^R residual 2.5606e-03; lead balance 1.1495e-05 (best 1.9792e-08; internal spread 8.5431e-02)
Bubble energy balance: P_in=-2.568354e+04 P_out=-2.568354e+04 resid=7.611e-17
Writing output for iteration 275...
Iteration 276
[it 276] energy J(local)=[39.3294 36.2947 36.1029 39.3298]
Maximum Self-Energy Update: 1.392736742410472
Contact Current Difference: 0.0
Current Conservation abs: 0.01572311795098358
Current Conservation rel: 4.233683539439197e-07
Phonon: rel Sigma^R residual 2.4758e-03; lead balance 1.0378e-05 (best 1.9792e-08; internal spread 8.5447e-02)
Bubble energy balance: P_in=-2.568634e+04 P_out=-2.568634e+04 resid=7.540e-17
Writing output for iteration 276...
Iteration 277
[it 277] energy J(local)=[39.3272 36.2921 36.1003 39.3276]
Maximum Self-Energy Update: 1.3446162434179985
Contact Current Difference: 0.0
Current Conservation abs: 0.015727126570709515
Current Conservation rel: 4.2339242177906456e-07
Phonon: rel Sigma^R residual 2.3899e-03; lead balance 9.2625e-06 (best 1.9792e-08; internal spread 8.5463e-02)
Bubble energy balance: P_in=-2.568910e+04 P_out=-2.568910e+04 resid=8.320e-17
Writing output for iteration 277...
Iteration 278
[it 278] energy J(local)=[39.3252 36.2896 36.0978 39.3255]
Maximum Self-Energy Update: 1.2960868334691347
Contact Current Difference: 0.0
Current Conservation abs: 0.015732054424006492
Current Conservation rel: 4.2344236172821553e-07
Phonon: rel Sigma^R residual 2.3033e-03; lead balance 8.1513e-06 (best 1.9792e-08; internal spread 8.5478e-02)
Bubble energy balance: P_in=-2.569179e+04 P_out=-2.569179e+04 resid=8.534e-18
Writing output for iteration 278...
Iteration 279
[it 279] energy J(local)=[39.3232 36.2873 36.0955 39.3235]
Maximum Self-Energy Update: 1.2473797866533871
Contact Current Difference: 0.0
Current Conservation abs: 0.015737892423203448
Current Conservation rel: 4.235181424409253e-07
Phonon: rel Sigma^R residual 2.2164e-03; lead balance 7.0474e-06 (best 1.9792e-08; internal spread 8.5493e-02)
Bubble energy balance: P_in=-2.569443e+04 P_out=-2.569443e+04 resid=8.334e-17
Writing output for iteration 279...
Iteration 280
[it 280] energy J(local)=[39.3214 36.285  36.0932 39.3216]
Maximum Self-Energy Update: 1.1987046930887209
Contact Current Difference: 0.0
Current Conservation abs: 0.015744633299618727
Current Conservation rel: 4.236197615318762e-07
Phonon: rel Sigma^R residual 2.1296e-03; lead balance 5.9528e-06 (best 1.9792e-08; internal spread 8.5507e-02)
Bubble energy balance: P_in=-2.569700e+04 P_out=-2.569700e+04 resid=1.905e-17
Writing output for iteration 280...
Iteration 281
[it 281] energy J(local)=[39.3196 36.2829 36.0911 39.3198]
Maximum Self-Energy Update: 1.1502499485253868
Contact Current Difference: 0.0
Current Conservation abs: 0.01575227100693155
Current Conservation rel: 4.2374723038474267e-07
Phonon: rel Sigma^R residual 2.0432e-03; lead balance 4.8691e-06 (best 1.9792e-08; internal spread 8.5521e-02)
Bubble energy balance: P_in=-2.569950e+04 P_out=-2.569950e+04 resid=8.375e-17
Writing output for iteration 281...
Iteration 282
[it 282] energy J(local)=[39.3179 36.2808 36.089  39.318 ]
Maximum Self-Energy Update: 1.1021837207971015
Contact Current Difference: 0.0
Current Conservation abs: 0.01576080000086222
Current Conservation rel: 4.239005555293682e-07
Phonon: rel Sigma^R residual 1.9576e-03; lead balance 3.7970e-06 (best 1.9792e-08; internal spread 8.5534e-02)
Bubble energy balance: P_in=-2.570193e+04 P_out=-2.570193e+04 resid=1.278e-17
Writing output for iteration 282...
Iteration 283
[it 283] energy J(local)=[39.3163 36.2789 36.087  39.3164]
Maximum Self-Energy Update: 1.0546552191559146
Contact Current Difference: 0.0
Current Conservation abs: 0.015770214991789544
Current Conservation rel: 4.2407973266096146e-07
Phonon: rel Sigma^R residual 1.8730e-03; lead balance 2.7373e-06 (best 1.9792e-08; internal spread 8.5547e-02)
Bubble energy balance: P_in=-2.570428e+04 P_out=-2.570428e+04 resid=3.830e-18
Writing output for iteration 283...
Iteration 284
[it 284] energy J(local)=[39.3147 36.277  36.0852 39.3148]
Maximum Self-Energy Update: 1.0077961213059652
Contact Current Difference: 0.0
Current Conservation abs: 0.01578051048272755
Current Conservation rel: 4.2428473482599504e-07
Phonon: rel Sigma^R residual 1.7895e-03; lead balance 1.6898e-06 (best 1.9792e-08; internal spread 8.5559e-02)
Bubble energy balance: P_in=-2.570656e+04 P_out=-2.570656e+04 resid=7.482e-17
Writing output for iteration 284...
Iteration 285
[it 285] energy J(local)=[39.3133 36.2752 36.0834 39.3133]
Maximum Self-Energy Update: 0.9617220442201871
Contact Current Difference: 0.0
Current Conservation abs: 0.015791680416441523
Current Conservation rel: 4.2451550351359947e-07
Phonon: rel Sigma^R residual 1.7075e-03; lead balance 6.5438e-07 (best 1.9792e-08; internal spread 8.5570e-02)
Bubble energy balance: P_in=-2.570875e+04 P_out=-2.570875e+04 resid=1.427e-16
Writing output for iteration 285...
Iteration 286
[it 286] energy J(local)=[39.3119 36.2735 36.0817 39.3119]
Maximum Self-Energy Update: 0.9165339753422509
Contact Current Difference: 0.0
Current Conservation abs: 0.015803718102688435
Current Conservation rel: 4.24771947270305e-07
Phonon: rel Sigma^R residual 1.6271e-03; lead balance 3.6963e-07 (best 1.9792e-08; internal spread 8.5581e-02)
Bubble energy balance: P_in=-2.571087e+04 P_out=-2.571087e+04 resid=7.116e-17
Writing output for iteration 286...
Iteration 287
[it 287] energy J(local)=[39.3106 36.2719 36.08   39.3105]
Maximum Self-Energy Update: 0.8723196086071588
Contact Current Difference: 0.0
Current Conservation abs: 0.015816615981748328
Current Conservation rel: 4.2505393592358317e-07
Phonon: rel Sigma^R residual 1.5484e-03; lead balance 1.3831e-06 (best 1.9792e-08; internal spread 8.5592e-02)
Bubble energy balance: P_in=-2.571290e+04 P_out=-2.571290e+04 resid=1.493e-16
Writing output for iteration 287...
Iteration 288
[it 288] energy J(local)=[39.3093 36.2703 36.0785 39.3092]
Maximum Self-Energy Update: 0.8291545533742583
Contact Current Difference: 0.0
Current Conservation abs: 0.01583036557713058
Current Conservation rel: 4.2536129991731026e-07
Phonon: rel Sigma^R residual 1.4716e-03; lead balance 2.3871e-06 (best 1.9792e-08; internal spread 8.5603e-02)
Bubble energy balance: P_in=-2.571485e+04 P_out=-2.571485e+04 resid=7.301e-17
Writing output for iteration 288...
Iteration 289
[it 289] energy J(local)=[39.3081 36.2688 36.077  39.3079]
Maximum Self-Energy Update: 0.7871034034932348
Contact Current Difference: 0.0
Current Conservation abs: 0.01584495749193593
Current Conservation rel: 4.2569383085499746e-07
Phonon: rel Sigma^R residual 1.3968e-03; lead balance 3.3828e-06 (best 1.9792e-08; internal spread 8.5613e-02)
Bubble energy balance: P_in=-2.571672e+04 P_out=-2.571672e+04 resid=3.332e-17
Writing output for iteration 289...
Iteration 290
[it 290] energy J(local)=[39.3069 36.2674 36.0756 39.3067]
Maximum Self-Energy Update: 0.7462206680562455
Contact Current Difference: 0.0
Current Conservation abs: 0.01586038135792478
Current Conservation rel: 4.2605128081236115e-07
Phonon: rel Sigma^R residual 1.3240e-03; lead balance 4.3717e-06 (best 1.9792e-08; internal spread 8.5623e-02)
Bubble energy balance: P_in=-2.571849e+04 P_out=-2.571849e+04 resid=8.140e-17
Writing output for iteration 290...
Iteration 291
[it 291] energy J(local)=[39.3058 36.2661 36.0742 39.3056]
Maximum Self-Energy Update: 0.7065515752751947
Contact Current Difference: 0.0
Current Conservation abs: 0.015876625871896977
Current Conservation rel: 4.264333640372137e-07
Phonon: rel Sigma^R residual 1.2535e-03; lead balance 5.3553e-06 (best 1.9792e-08; internal spread 8.5632e-02)
Bubble energy balance: P_in=-2.572019e+04 P_out=-2.572019e+04 resid=7.181e-17
Writing output for iteration 291...
Iteration 292
[it 292] energy J(local)=[39.3048 36.2648 36.073  39.3045]
Maximum Self-Energy Update: 0.668132767055149
Contact Current Difference: 0.0
Current Conservation abs: 0.015893678875727346
Current Conservation rel: 4.268397598595815e-07
Phonon: rel Sigma^R residual 1.1852e-03; lead balance 6.3350e-06 (best 1.9792e-08; internal spread 8.5640e-02)
Bubble energy balance: P_in=-2.572180e+04 P_out=-2.572180e+04 resid=1.468e-16
Writing output for iteration 292...
Iteration 293
[it 293] energy J(local)=[39.3037 36.2635 36.0718 39.3035]
Maximum Self-Energy Update: 0.6309929046409211
Contact Current Difference: 0.0
Current Conservation abs: 0.015911527389107505
Current Conservation rel: 4.272701143638719e-07
Phonon: rel Sigma^R residual 1.1191e-03; lead balance 7.3125e-06 (best 1.9792e-08; internal spread 8.5648e-02)
Bubble energy balance: P_in=-2.572332e+04 P_out=-2.572332e+04 resid=1.682e-17
Writing output for iteration 293...
Iteration 294
[it 294] energy J(local)=[39.3028 36.2623 36.0706 39.3025]
Maximum Self-Energy Update: 0.59515320615704
Contact Current Difference: 0.0
Current Conservation abs: 0.015930157565890113
Current Conservation rel: 4.277240400355859e-07
Phonon: rel Sigma^R residual 1.0554e-03; lead balance 8.2894e-06 (best 1.9792e-08; internal spread 8.5656e-02)
Bubble energy balance: P_in=-2.572477e+04 P_out=-2.572477e+04 resid=1.548e-17
Writing output for iteration 294...
Iteration 295
[it 295] energy J(local)=[39.3019 36.2612 36.0695 39.3015]
Maximum Self-Energy Update: 0.560627935441956
Contact Current Difference: 0.0
Current Conservation abs: 0.01594955491600558
Current Conservation rel: 4.282011225565493e-07
Phonon: rel Sigma^R residual 9.9407e-04; lead balance 9.2672e-06 (best 1.9792e-08; internal spread 8.5663e-02)
Bubble energy balance: P_in=-2.572613e+04 P_out=-2.572613e+04 resid=1.415e-16
SCBA converged after 295 iterations.
SAVED /usr/scratch/mont-fort11/pfischill/quatrex/phonon/studies/out/local_mw/L3_eta0/run.npz  final_heat=[39.302 36.261 36.07  39.302]  best=[39.59  36.581 36.4   39.59 ]  best_cons=1.9792323493921614e-08
