  422

    1
0.0000000000e+00 0.0000000000e+00 0.0000000000e+00
0.0000000000e+00 0.0000000000e+00 0.0000000000e+00
     1      1      1
 1  1  1     0.0000000000e+00
 1  1  2     0.0000000000e+00
 1  1  3     0.0000000000e+00
 1  2  1     0.0000000000e+00
 1  2  2     0.0000000000e+00
 1  2  3     3.4336151258e+01
 1  3  1     0.0000000000e+00
 1  3  2     3.4336151258e+01
 1  3  3     0.0000000000e+00
 2  1  1     0.0000000000e+00
 2  1  2     0.0000000000e+00
 2  1  3     3.4336151258e+01
 2  2  1     0.0000000000e+00
 2  2  2     0.0000000000e+00
 2  2  3     0.0000000000e+00
 2  3  1     3.4336151258e+01
 2  3  2     0.0000000000e+00
 2  3  3     0.0000000000e+00
 3  1  1     0.0000000000e+00
 3  1  2     3.4336151258e+01
 3  1  3     0.0000000000e+00
 3  2  1     3.4336151258e+01
 3  2  2     0.0000000000e+00
 3  2  3     0.0000000000e+00
 3  3  1     0.0000000000e+00
 3  3  2     0.0000000000e+00
 3  3  3     0.0000000000e+00

    2
0.0000000000e+00 0.0000000000e+00 0.0000000000e+00
0.0000000000e+00 0.0000000000e+00 0.0000000000e+00
     1      1      2
 1  1  1    -3.1817402863e+00
 1  1  2    -6.2421160195e+00
 1  1  3    -6.2421160195e+00
 1  2  1    -6.4017840150e+00
 1  2  2    -6.4017840150e+00
 1  2  3    -8.8822392399e+00
 1  3  1    -6.4017840150e+00
 1  3  2    -8.8822392399e+00
 1  3  3    -6.4017840150e+00
 2  1  1    -6.4017840150e+00
 2  1  2    -6.4017840150e+00
 2  1  3    -8.8822392399e+00
 2  2  1    -6.2421160195e+00
 2  2  2    -3.1817402863e+00
 2  2  3    -6.2421160195e+00
 2  3  1    -8.8822392399e+00
 2  3  2    -6.4017840150e+00
 2  3  3    -6.4017840150e+00
 3  1  1    -6.4017840150e+00
 3  1  2    -8.8822392399e+00
 3  1  3    -6.4017840150e+00
 3  2  1    -8.8822392399e+00
 3  2  2    -6.4017840150e+00
 3  2  3    -6.4017840150e+00
 3  3  1    -6.2421160195e+00
 3  3  2    -6.2421160195e+00
 3  3  3    -3.1817402863e+00

    3
0.0000000000e+00 0.0000000000e+00 0.0000000000e+00
0.0000000000e+00 2.7009000000e+00 2.7009000000e+00
     1      1      1
 1  1  1     1.5953594981e-01
 1  1  2     0.0000000000e+00
 1  1  3     0.0000000000e+00
 1  2  1     0.0000000000e+00
 1  2  2    -1.8739634866e-01
 1  2  3     2.7146614263e-01
 1  3  1     0.0000000000e+00
 1  3  2     2.7146614263e-01
 1  3  3    -1.8739634866e-01
 2  1  1     0.0000000000e+00
 2  1  2    -1.8739634866e-01
 2  1  3     2.7146614263e-01
 2  2  1    -1.9427549508e-01
 2  2  2     0.0000000000e+00
 2  2  3     0.0000000000e+00
 2  3  1     1.1047329564e-02
 2  3  2     0.0000000000e+00
 2  3  3     0.0000000000e+00
 3  1  1     0.0000000000e+00
 3  1  2     2.7146614263e-01
 3  1  3    -1.8739634866e-01
 3  2  1     1.1047329564e-02
 3  2  2     0.0000000000e+00
 3  2  3     0.0000000000e+00
 3  3  1    -1.9427549508e-01
 3  3  2     0.0000000000e+00
 3  3  3     0.0000000000e+00

    4
0.0000000000e+00 0.0000000000e+00 0.0000000000e+00
0.0000000000e+00 -2.7009000000e+00 -2.7009000000e+00
     1      1      2
 1  1  1    -3.1817402863e+00
 1  1  2     6.2421160195e+00
 1  1  3     6.2421160195e+00
 1  2  1     6.4017840150e+00
 1  2  2    -6.4017840150e+00
 1  2  3    -8.8822392399e+00
 1  3  1     6.4017840150e+00
 1  3  2    -8.8822392399e+00
 1  3  3    -6.4017840150e+00
 2  1  1     6.4017840150e+00
 2  1  2    -6.4017840150e+00
 2  1  3    -8.8822392399e+00
 2  2  1    -6.2421160195e+00
 2  2  2     3.1817402863e+00
 2  2  3     6.2421160195e+00
 2  3  1    -8.8822392399e+00
 2  3  2     6.4017840150e+00
 2  3  3     6.4017840150e+00
 3  1  1     6.4017840150e+00
 3  1  2    -8.8822392399e+00
 3  1  3    -6.4017840150e+00
 3  2  1    -8.8822392399e+00
 3  2  2     6.4017840150e+00
 3  2  3     6.4017840150e+00
 3  3  1    -6.2421160195e+00
 3  3  2     6.2421160195e+00
 3  3  3     3.1817402863e+00

    5
0.0000000000e+00 0.0000000000e+00 0.0000000000e+00
2.7009000000e+00 0.0000000000e+00 2.7009000000e+00
     1      1      1
 1  1  1     0.0000000000e+00
 1  1  2    -1.9427549508e-01
 1  1  3     0.0000000000e+00
 1  2  1    -1.8739634866e-01
 1  2  2     0.0000000000e+00
 1  2  3     2.7146614263e-01
 1  3  1     0.0000000000e+00
 1  3  2     1.1047329564e-02
 1  3  3     0.0000000000e+00
 2  1  1    -1.8739634866e-01
 2  1  2     0.0000000000e+00
 2  1  3     2.7146614263e-01
 2  2  1     0.0000000000e+00
 2  2  2     1.5953594981e-01
 2  2  3     0.0000000000e+00
 2  3  1     2.7146614263e-01
 2  3  2     0.0000000000e+00
 2  3  3    -1.8739634866e-01
 3  1  1     0.0000000000e+00
 3  1  2     1.1047329564e-02
 3  1  3     0.0000000000e+00
 3  2  1     2.7146614263e-01
 3  2  2     0.0000000000e+00
 3  2  3    -1.8739634866e-01
 3  3  1     0.0000000000e+00
 3  3  2    -1.9427549508e-01
 3  3  3     0.0000000000e+00

    6
0.0000000000e+00 0.0000000000e+00 0.0000000000e+00
-2.7009000000e+00 0.0000000000e+00 -2.7009000000e+00
     1      1      2
 1  1  1     3.1817402863e+00
 1  1  2    -6.2421160195e+00
 1  1  3     6.2421160195e+00
 1  2  1    -6.4017840150e+00
 1  2  2     6.4017840150e+00
 1  2  3    -8.8822392399e+00
 1  3  1     6.4017840150e+00
 1  3  2    -8.8822392399e+00
 1  3  3     6.4017840150e+00
 2  1  1    -6.4017840150e+00
 2  1  2     6.4017840150e+00
 2  1  3    -8.8822392399e+00
 2  2  1     6.2421160195e+00
 2  2  2    -3.1817402863e+00
 2  2  3     6.2421160195e+00
 2  3  1    -8.8822392399e+00
 2  3  2     6.4017840150e+00
 2  3  3    -6.4017840150e+00
 3  1  1     6.4017840150e+00
 3  1  2    -8.8822392399e+00
 3  1  3     6.4017840150e+00
 3  2  1    -8.8822392399e+00
 3  2  2     6.4017840150e+00
 3  2  3    -6.4017840150e+00
 3  3  1     6.2421160195e+00
 3  3  2    -6.2421160195e+00
 3  3  3     3.1817402863e+00

    7
0.0000000000e+00 0.0000000000e+00 0.0000000000e+00
2.7009000000e+00 -2.7009000000e+00 0.0000000000e+00
     1      1      1
 1  1  1     0.0000000000e+00
 1  1  2     0.0000000000e+00
 1  1  3     1.9427549508e-01
 1  2  1     0.0000000000e+00
 1  2  2     0.0000000000e+00
 1  2  3     1.1047329564e-02
 1  3  1     1.8739634866e-01
 1  3  2     2.7146614263e-01
 1  3  3     0.0000000000e+00
 2  1  1     0.0000000000e+00
 2  1  2     0.0000000000e+00
 2  1  3     1.1047329564e-02
 2  2  1     0.0000000000e+00
 2  2  2     0.0000000000e+00
 2  2  3     1.9427549508e-01
 2  3  1     2.7146614263e-01
 2  3  2     1.8739634866e-01
 2  3  3     0.0000000000e+00
 3  1  1     1.8739634866e-01
 3  1  2     2.7146614263e-01
 3  1  3     0.0000000000e+00
 3  2  1     2.7146614263e-01
 3  2  2     1.8739634866e-01
 3  2  3     0.0000000000e+00
 3  3  1     0.0000000000e+00
 3  3  2     0.0000000000e+00
 3  3  3    -1.5953594981e-01

    8
0.0000000000e+00 0.0000000000e+00 0.0000000000e+00
2.7009000000e+00 -2.7009000000e+00 0.0000000000e+00
     1      1      2
 1  1  1    -9.5773596497e-02
 1  1  2    -6.9627531252e-03
 1  1  3     6.9627531252e-03
 1  2  1     7.3313067057e-02
 1  2  2     7.3313067057e-02
 1  2  3     2.1211618157e-02
 1  3  1    -7.3313067057e-02
 1  3  2     2.1211618157e-02
 1  3  3     7.3313067057e-02
 2  1  1     7.3313067057e-02
 2  1  2     7.3313067057e-02
 2  1  3     2.1211618157e-02
 2  2  1    -6.9627531252e-03
 2  2  2    -9.5773596497e-02
 2  2  3     6.9627531252e-03
 2  3  1     2.1211618157e-02
 2  3  2    -7.3313067057e-02
 2  3  3     7.3313067057e-02
 3  1  1    -7.3313067057e-02
 3  1  2     2.1211618157e-02
 3  1  3     7.3313067057e-02
 3  2  1     2.1211618157e-02
 3  2  2    -7.3313067057e-02
 3  2  3     7.3313067057e-02
 3  3  1    -6.9627531252e-03
 3  3  2    -6.9627531252e-03
 3  3  3     9.5773596497e-02

    9
0.0000000000e+00 0.0000000000e+00 0.0000000000e+00
2.7009000000e+00 2.7009000000e+00 0.0000000000e+00
     1      1      1
 1  1  1     0.0000000000e+00
 1  1  2     0.0000000000e+00
 1  1  3    -1.9427549508e-01
 1  2  1     0.0000000000e+00
 1  2  2     0.0000000000e+00
 1  2  3     1.1047329564e-02
 1  3  1    -1.8739634866e-01
 1  3  2     2.7146614263e-01
 1  3  3     0.0000000000e+00
 2  1  1     0.0000000000e+00
 2  1  2     0.0000000000e+00
 2  1  3     1.1047329564e-02
 2  2  1     0.0000000000e+00
 2  2  2     0.0000000000e+00
 2  2  3    -1.9427549508e-01
 2  3  1     2.7146614263e-01
 2  3  2    -1.8739634866e-01
 2  3  3     0.0000000000e+00
 3  1  1    -1.8739634866e-01
 3  1  2     2.7146614263e-01
 3  1  3     0.0000000000e+00
 3  2  1     2.7146614263e-01
 3  2  2    -1.8739634866e-01
 3  2  3     0.0000000000e+00
 3  3  1     0.0000000000e+00
 3  3  2     0.0000000000e+00
 3  3  3     1.5953594981e-01

   10
0.0000000000e+00 0.0000000000e+00 0.0000000000e+00
-2.7009000000e+00 -2.7009000000e+00 0.0000000000e+00
     1      1      2
 1  1  1     3.1817402863e+00
 1  1  2     6.2421160195e+00
 1  1  3    -6.2421160195e+00
 1  2  1     6.4017840150e+00
 1  2  2     6.4017840150e+00
 1  2  3    -8.8822392399e+00
 1  3  1    -6.4017840150e+00
 1  3  2    -8.8822392399e+00
 1  3  3     6.4017840150e+00
 2  1  1     6.4017840150e+00
 2  1  2     6.4017840150e+00
 2  1  3    -8.8822392399e+00
 2  2  1     6.2421160195e+00
 2  2  2     3.1817402863e+00
 2  2  3    -6.2421160195e+00
 2  3  1    -8.8822392399e+00
 2  3  2    -6.4017840150e+00
 2  3  3     6.4017840150e+00
 3  1  1    -6.4017840150e+00
 3  1  2    -8.8822392399e+00
 3  1  3     6.4017840150e+00
 3  2  1    -8.8822392399e+00
 3  2  2    -6.4017840150e+00
 3  2  3     6.4017840150e+00
 3  3  1     6.2421160195e+00
 3  3  2     6.2421160195e+00
 3  3  3    -3.1817402863e+00

   11
0.0000000000e+00 0.0000000000e+00 0.0000000000e+00
2.7009000000e+00 0.0000000000e+00 -2.7009000000e+00
     1      1      1
 1  1  1     0.0000000000e+00
 1  1  2     1.9427549508e-01
 1  1  3     0.0000000000e+00
 1  2  1     1.8739634866e-01
 1  2  2     0.0000000000e+00
 1  2  3     2.7146614263e-01
 1  3  1     0.0000000000e+00
 1  3  2     1.1047329564e-02
 1  3  3     0.0000000000e+00
 2  1  1     1.8739634866e-01
 2  1  2     0.0000000000e+00
 2  1  3     2.7146614263e-01
 2  2  1     0.0000000000e+00
 2  2  2    -1.5953594981e-01
 2  2  3     0.0000000000e+00
 2  3  1     2.7146614263e-01
 2  3  2     0.0000000000e+00
 2  3  3     1.8739634866e-01
 3  1  1     0.0000000000e+00
 3  1  2     1.1047329564e-02
 3  1  3     0.0000000000e+00
 3  2  1     2.7146614263e-01
 3  2  2     0.0000000000e+00
 3  2  3     1.8739634866e-01
 3  3  1     0.0000000000e+00
 3  3  2     1.9427549508e-01
 3  3  3     0.0000000000e+00

   12
0.0000000000e+00 0.0000000000e+00 0.0000000000e+00
2.7009000000e+00 0.0000000000e+00 -2.7009000000e+00
     1      1      2
 1  1  1    -9.5773596497e-02
 1  1  2     6.9627531252e-03
 1  1  3    -6.9627531252e-03
 1  2  1    -7.3313067057e-02
 1  2  2     7.3313067057e-02
 1  2  3     2.1211618157e-02
 1  3  1     7.3313067057e-02
 1  3  2     2.1211618157e-02
 1  3  3     7.3313067057e-02
 2  1  1    -7.3313067057e-02
 2  1  2     7.3313067057e-02
 2  1  3     2.1211618157e-02
 2  2  1    -6.9627531252e-03
 2  2  2     9.5773596497e-02
 2  2  3    -6.9627531252e-03
 2  3  1     2.1211618157e-02
 2  3  2     7.3313067057e-02
 2  3  3    -7.3313067057e-02
 3  1  1     7.3313067057e-02
 3  1  2     2.1211618157e-02
 3  1  3     7.3313067057e-02
 3  2  1     2.1211618157e-02
 3  2  2     7.3313067057e-02
 3  2  3    -7.3313067057e-02
 3  3  1    -6.9627531252e-03
 3  3  2     6.9627531252e-03
 3  3  3    -9.5773596497e-02

   13
0.0000000000e+00 0.0000000000e+00 0.0000000000e+00
0.0000000000e+00 2.7009000000e+00 -2.7009000000e+00
     1      1      1
 1  1  1    -1.5953594981e-01
 1  1  2     0.0000000000e+00
 1  1  3     0.0000000000e+00
 1  2  1     0.0000000000e+00
 1  2  2     1.8739634866e-01
 1  2  3     2.7146614263e-01
 1  3  1     0.0000000000e+00
 1  3  2     2.7146614263e-01
 1  3  3     1.8739634866e-01
 2  1  1     0.0000000000e+00
 2  1  2     1.8739634866e-01
 2  1  3     2.7146614263e-01
 2  2  1     1.9427549508e-01
 2  2  2     0.0000000000e+00
 2  2  3     0.0000000000e+00
 2  3  1     1.1047329564e-02
 2  3  2     0.0000000000e+00
 2  3  3     0.0000000000e+00
 3  1  1     0.0000000000e+00
 3  1  2     2.7146614263e-01
 3  1  3     1.8739634866e-01
 3  2  1     1.1047329564e-02
 3  2  2     0.0000000000e+00
 3  2  3     0.0000000000e+00
 3  3  1     1.9427549508e-01
 3  3  2     0.0000000000e+00
 3  3  3     0.0000000000e+00

   14
0.0000000000e+00 0.0000000000e+00 0.0000000000e+00
0.0000000000e+00 -2.7009000000e+00 2.7009000000e+00
     1      1      2
 1  1  1     9.5773596497e-02
 1  1  2    -6.9627531252e-03
 1  1  3    -6.9627531252e-03
 1  2  1     7.3313067057e-02
 1  2  2    -7.3313067057e-02
 1  2  3     2.1211618157e-02
 1  3  1     7.3313067057e-02
 1  3  2     2.1211618157e-02
 1  3  3    -7.3313067057e-02
 2  1  1     7.3313067057e-02
 2  1  2    -7.3313067057e-02
 2  1  3     2.1211618157e-02
 2  2  1     6.9627531252e-03
 2  2  2    -9.5773596497e-02
 2  2  3    -6.9627531252e-03
 2  3  1     2.1211618157e-02
 2  3  2     7.3313067057e-02
 2  3  3     7.3313067057e-02
 3  1  1     7.3313067057e-02
 3  1  2     2.1211618157e-02
 3  1  3    -7.3313067057e-02
 3  2  1     2.1211618157e-02
 3  2  2     7.3313067057e-02
 3  2  3     7.3313067057e-02
 3  3  1     6.9627531252e-03
 3  3  2    -6.9627531252e-03
 3  3  3    -9.5773596497e-02

   15
0.0000000000e+00 0.0000000000e+00 0.0000000000e+00
0.0000000000e+00 -5.4018000000e+00 0.0000000000e+00
     1      1      2
 1  1  1     9.5773596497e-02
 1  1  2     6.9627531252e-03
 1  1  3     6.9627531252e-03
 1  2  1    -7.3313067057e-02
 1  2  2    -7.3313067057e-02
 1  2  3     2.1211618157e-02
 1  3  1    -7.3313067057e-02
 1  3  2     2.1211618157e-02
 1  3  3    -7.3313067057e-02
 2  1  1    -7.3313067057e-02
 2  1  2    -7.3313067057e-02
 2  1  3     2.1211618157e-02
 2  2  1     6.9627531252e-03
 2  2  2     9.5773596497e-02
 2  2  3     6.9627531252e-03
 2  3  1     2.1211618157e-02
 2  3  2    -7.3313067057e-02
 2  3  3    -7.3313067057e-02
 3  1  1    -7.3313067057e-02
 3  1  2     2.1211618157e-02
 3  1  3    -7.3313067057e-02
 3  2  1     2.1211618157e-02
 3  2  2    -7.3313067057e-02
 3  2  3    -7.3313067057e-02
 3  3  1     6.9627531252e-03
 3  3  2     6.9627531252e-03
 3  3  3     9.5773596497e-02

   16
0.0000000000e+00 0.0000000000e+00 0.0000000000e+00
0.0000000000e+00 0.0000000000e+00 0.0000000000e+00
     1      2      1
 1  1  1    -3.1817402863e+00
 1  1  2    -6.4017840150e+00
 1  1  3    -6.4017840150e+00
 1  2  1    -6.2421160195e+00
 1  2  2    -6.4017840150e+00
 1  2  3    -8.8822392399e+00
 1  3  1    -6.2421160195e+00
 1  3  2    -8.8822392399e+00
 1  3  3    -6.4017840150e+00
 2  1  1    -6.4017840150e+00
 2  1  2    -6.2421160195e+00
 2  1  3    -8.8822392399e+00
 2  2  1    -6.4017840150e+00
 2  2  2    -3.1817402863e+00
 2  2  3    -6.4017840150e+00
 2  3  1    -8.8822392399e+00
 2  3  2    -6.2421160195e+00
 2  3  3    -6.4017840150e+00
 3  1  1    -6.4017840150e+00
 3  1  2    -8.8822392399e+00
 3  1  3    -6.2421160195e+00
 3  2  1    -8.8822392399e+00
 3  2  2    -6.4017840150e+00
 3  2  3    -6.2421160195e+00
 3  3  1    -6.4017840150e+00
 3  3  2    -6.4017840150e+00
 3  3  3    -3.1817402863e+00

   17
0.0000000000e+00 0.0000000000e+00 0.0000000000e+00
0.0000000000e+00 0.0000000000e+00 0.0000000000e+00
     1      2      2
 1  1  1     3.1817402863e+00
 1  1  2     6.4017840150e+00
 1  1  3     6.4017840150e+00
 1  2  1     6.4017840150e+00
 1  2  2     6.2421160195e+00
 1  2  3     8.8822392399e+00
 1  3  1     6.4017840150e+00
 1  3  2     8.8822392399e+00
 1  3  3     6.2421160195e+00
 2  1  1     6.2421160195e+00
 2  1  2     6.4017840150e+00
 2  1  3     8.8822392399e+00
 2  2  1     6.4017840150e+00
 2  2  2     3.1817402863e+00
 2  2  3     6.4017840150e+00
 2  3  1     8.8822392399e+00
 2  3  2     6.4017840150e+00
 2  3  3     6.2421160195e+00
 3  1  1     6.2421160195e+00
 3  1  2     8.8822392399e+00
 3  1  3     6.4017840150e+00
 3  2  1     8.8822392399e+00
 3  2  2     6.2421160195e+00
 3  2  3     6.4017840150e+00
 3  3  1     6.4017840150e+00
 3  3  2     6.4017840150e+00
 3  3  3     3.1817402863e+00

   18
0.0000000000e+00 0.0000000000e+00 0.0000000000e+00
0.0000000000e+00 2.7009000000e+00 2.7009000000e+00
     1      2      1
 1  1  1    -1.1455871129e-01
 1  1  2    -1.3497980895e-02
 1  1  3    -1.3497980895e-02
 1  2  1     0.0000000000e+00
 1  2  2     2.6271688328e-01
 1  2  3    -8.4883251094e-02
 1  3  1     0.0000000000e+00
 1  3  2    -8.4883251094e-02
 1  3  3     2.6271688328e-01
 2  1  1     1.3497980895e-02
 2  1  2     4.7606926298e-02
 2  1  3    -4.9808615039e-01
 2  2  1     2.6271688328e-01
 2  2  2     0.0000000000e+00
 2  2  3    -6.6841051572e-02
 2  3  1    -8.4883251094e-02
 2  3  2     0.0000000000e+00
 2  3  3     6.6841051572e-02
 3  1  1     1.3497980895e-02
 3  1  2    -4.9808615039e-01
 3  1  3     4.7606926298e-02
 3  2  1    -8.4883251094e-02
 3  2  2     6.6841051572e-02
 3  2  3     0.0000000000e+00
 3  3  1     2.6271688328e-01
 3  3  2    -6.6841051572e-02
 3  3  3     0.0000000000e+00

   19
0.0000000000e+00 0.0000000000e+00 0.0000000000e+00
0.0000000000e+00 -2.7009000000e+00 -2.7009000000e+00
     1      2      2
 1  1  1     1.1455871129e-01
 1  1  2     1.3497980895e-02
 1  1  3     1.3497980895e-02
 1  2  1    -1.3497980895e-02
 1  2  2    -4.7606926298e-02
 1  2  3     4.9808615039e-01
 1  3  1    -1.3497980895e-02
 1  3  2     4.9808615039e-01
 1  3  3    -4.7606926298e-02
 2  1  1     0.0000000000e+00
 2  1  2    -2.6271688328e-01
 2  1  3     8.4883251094e-02
 2  2  1    -2.6271688328e-01
 2  2  2     0.0000000000e+00
 2  2  3     6.6841051572e-02
 2  3  1     8.4883251094e-02
 2  3  2    -6.6841051572e-02
 2  3  3     0.0000000000e+00
 3  1  1     0.0000000000e+00
 3  1  2     8.4883251094e-02
 3  1  3    -2.6271688328e-01
 3  2  1     8.4883251094e-02
 3  2  2     0.0000000000e+00
 3  2  3    -6.6841051572e-02
 3  3  1    -2.6271688328e-01
 3  3  2     6.6841051572e-02
 3  3  3     0.0000000000e+00

   20
0.0000000000e+00 0.0000000000e+00 0.0000000000e+00
2.7009000000e+00 0.0000000000e+00 2.7009000000e+00
     1      2      1
 1  1  1     0.0000000000e+00
 1  1  2     2.6271688328e-01
 1  1  3    -6.6841051572e-02
 1  2  1     4.7606926298e-02
 1  2  2     1.3497980895e-02
 1  2  3    -4.9808615039e-01
 1  3  1     0.0000000000e+00
 1  3  2    -8.4883251094e-02
 1  3  3     6.6841051572e-02
 2  1  1     2.6271688328e-01
 2  1  2     0.0000000000e+00
 2  1  3    -8.4883251094e-02
 2  2  1    -1.3497980895e-02
 2  2  2    -1.1455871129e-01
 2  2  3    -1.3497980895e-02
 2  3  1    -8.4883251094e-02
 2  3  2     0.0000000000e+00
 2  3  3     2.6271688328e-01
 3  1  1     6.6841051572e-02
 3  1  2    -8.4883251094e-02
 3  1  3     0.0000000000e+00
 3  2  1    -4.9808615039e-01
 3  2  2     1.3497980895e-02
 3  2  3     4.7606926298e-02
 3  3  1    -6.6841051572e-02
 3  3  2     2.6271688328e-01
 3  3  3     0.0000000000e+00

   21
0.0000000000e+00 0.0000000000e+00 0.0000000000e+00
-2.7009000000e+00 0.0000000000e+00 -2.7009000000e+00
     1      2      2
 1  1  1     0.0000000000e+00
 1  1  2    -2.6271688328e-01
 1  1  3     6.6841051572e-02
 1  2  1    -2.6271688328e-01
 1  2  2     0.0000000000e+00
 1  2  3     8.4883251094e-02
 1  3  1    -6.6841051572e-02
 1  3  2     8.4883251094e-02
 1  3  3     0.0000000000e+00
 2  1  1    -4.7606926298e-02
 2  1  2    -1.3497980895e-02
 2  1  3     4.9808615039e-01
 2  2  1     1.3497980895e-02
 2  2  2     1.1455871129e-01
 2  2  3     1.3497980895e-02
 2  3  1     4.9808615039e-01
 2  3  2    -1.3497980895e-02
 2  3  3    -4.7606926298e-02
 3  1  1     0.0000000000e+00
 3  1  2     8.4883251094e-02
 3  1  3    -6.6841051572e-02
 3  2  1     8.4883251094e-02
 3  2  2     0.0000000000e+00
 3  2  3    -2.6271688328e-01
 3  3  1     6.6841051572e-02
 3  3  2    -2.6271688328e-01
 3  3  3     0.0000000000e+00

   22
0.0000000000e+00 0.0000000000e+00 0.0000000000e+00
2.7009000000e+00 -2.7009000000e+00 0.0000000000e+00
     1      2      1
 1  1  1     2.9567687509e-02
 1  1  2     3.3202051217e-02
 1  1  3     2.5164203694e-02
 1  2  1     4.4789058074e-02
 1  2  2    -1.7355461497e-02
 1  2  3    -3.9333786320e-02
 1  3  1    -8.1556607922e-03
 1  3  2    -1.7544200508e-02
 1  3  3    -4.4354891269e-02
 2  1  1    -1.7355461497e-02
 2  1  2     4.4789058074e-02
 2  1  3    -3.9333786320e-02
 2  2  1     3.3202051217e-02
 2  2  2     2.9567687509e-02
 2  2  3     2.5164203694e-02
 2  3  1    -1.7544200508e-02
 2  3  2    -8.1556607922e-03
 2  3  3    -4.4354891269e-02
 3  1  1     5.0891905195e-03
 3  1  2    -3.8267726566e-02
 3  1  3     4.2526434434e-02
 3  2  1    -3.8267726566e-02
 3  2  2     5.0891905195e-03
 3  2  3     4.2526434434e-02
 3  3  1     3.5359846116e-02
 3  3  2     3.5359846116e-02
 3  3  3     2.0798643268e-02

   23
0.0000000000e+00 0.0000000000e+00 0.0000000000e+00
2.7009000000e+00 -2.7009000000e+00 0.0000000000e+00
     1      2      2
 1  1  1    -2.9567687509e-02
 1  1  2    -3.3202051217e-02
 1  1  3    -2.5164203694e-02
 1  2  1     1.7355461497e-02
 1  2  2    -4.4789058074e-02
 1  2  3     3.9333786320e-02
 1  3  1    -5.0891905195e-03
 1  3  2     3.8267726566e-02
 1  3  3    -4.2526434434e-02
 2  1  1    -4.4789058074e-02
 2  1  2     1.7355461497e-02
 2  1  3     3.9333786320e-02
 2  2  1    -3.3202051217e-02
 2  2  2    -2.9567687509e-02
 2  2  3    -2.5164203694e-02
 2  3  1     3.8267726566e-02
 2  3  2    -5.0891905195e-03
 2  3  3    -4.2526434434e-02
 3  1  1     8.1556607922e-03
 3  1  2     1.7544200508e-02
 3  1  3     4.4354891269e-02
 3  2  1     1.7544200508e-02
 3  2  2     8.1556607922e-03
 3  2  3     4.4354891269e-02
 3  3  1    -3.5359846116e-02
 3  3  2    -3.5359846116e-02
 3  3  3    -2.0798643268e-02

   24
0.0000000000e+00 0.0000000000e+00 0.0000000000e+00
2.7009000000e+00 2.7009000000e+00 0.0000000000e+00
     1      2      1
 1  1  1     0.0000000000e+00
 1  1  2    -6.6841051572e-02
 1  1  3     2.6271688328e-01
 1  2  1     0.0000000000e+00
 1  2  2     6.6841051572e-02
 1  2  3    -8.4883251094e-02
 1  3  1     4.7606926298e-02
 1  3  2    -4.9808615039e-01
 1  3  3     1.3497980895e-02
 2  1  1     6.6841051572e-02
 2  1  2     0.0000000000e+00
 2  1  3    -8.4883251094e-02
 2  2  1    -6.6841051572e-02
 2  2  2     0.0000000000e+00
 2  2  3     2.6271688328e-01
 2  3  1    -4.9808615039e-01
 2  3  2     4.7606926298e-02
 2  3  3     1.3497980895e-02
 3  1  1     2.6271688328e-01
 3  1  2    -8.4883251094e-02
 3  1  3     0.0000000000e+00
 3  2  1    -8.4883251094e-02
 3  2  2     2.6271688328e-01
 3  2  3     0.0000000000e+00
 3  3  1    -1.3497980895e-02
 3  3  2    -1.3497980895e-02
 3  3  3    -1.1455871129e-01

   25
0.0000000000e+00 0.0000000000e+00 0.0000000000e+00
-2.7009000000e+00 -2.7009000000e+00 0.0000000000e+00
     1      2      2
 1  1  1     0.0000000000e+00
 1  1  2     6.6841051572e-02
 1  1  3    -2.6271688328e-01
 1  2  1    -6.6841051572e-02
 1  2  2     0.0000000000e+00
 1  2  3     8.4883251094e-02
 1  3  1    -2.6271688328e-01
 1  3  2     8.4883251094e-02
 1  3  3     0.0000000000e+00
 2  1  1     0.0000000000e+00
 2  1  2    -6.6841051572e-02
 2  1  3     8.4883251094e-02
 2  2  1     6.6841051572e-02
 2  2  2     0.0000000000e+00
 2  2  3    -2.6271688328e-01
 2  3  1     8.4883251094e-02
 2  3  2    -2.6271688328e-01
 2  3  3     0.0000000000e+00
 3  1  1    -4.7606926298e-02
 3  1  2     4.9808615039e-01
 3  1  3    -1.3497980895e-02
 3  2  1     4.9808615039e-01
 3  2  2    -4.7606926298e-02
 3  2  3    -1.3497980895e-02
 3  3  1     1.3497980895e-02
 3  3  2     1.3497980895e-02
 3  3  3     1.1455871129e-01

   26
0.0000000000e+00 0.0000000000e+00 0.0000000000e+00
2.7009000000e+00 0.0000000000e+00 -2.7009000000e+00
     1      2      1
 1  1  1     2.9567687509e-02
 1  1  2     2.5164203694e-02
 1  1  3     3.3202051217e-02
 1  2  1    -8.1556607922e-03
 1  2  2    -4.4354891269e-02
 1  2  3    -1.7544200508e-02
 1  3  1     4.4789058074e-02
 1  3  2    -3.9333786320e-02
 1  3  3    -1.7355461497e-02
 2  1  1     5.0891905195e-03
 2  1  2     4.2526434434e-02
 2  1  3    -3.8267726566e-02
 2  2  1     3.5359846116e-02
 2  2  2     2.0798643268e-02
 2  2  3     3.5359846116e-02
 2  3  1    -3.8267726566e-02
 2  3  2     4.2526434434e-02
 2  3  3     5.0891905195e-03
 3  1  1    -1.7355461497e-02
 3  1  2    -3.9333786320e-02
 3  1  3     4.4789058074e-02
 3  2  1    -1.7544200508e-02
 3  2  2    -4.4354891269e-02
 3  2  3    -8.1556607922e-03
 3  3  1     3.3202051217e-02
 3  3  2     2.5164203694e-02
 3  3  3     2.9567687509e-02

   27
0.0000000000e+00 0.0000000000e+00 0.0000000000e+00
2.7009000000e+00 0.0000000000e+00 -2.7009000000e+00
     1      2      2
 1  1  1    -2.9567687509e-02
 1  1  2    -2.5164203694e-02
 1  1  3    -3.3202051217e-02
 1  2  1    -5.0891905195e-03
 1  2  2    -4.2526434434e-02
 1  2  3     3.8267726566e-02
 1  3  1     1.7355461497e-02
 1  3  2     3.9333786320e-02
 1  3  3    -4.4789058074e-02
 2  1  1     8.1556607922e-03
 2  1  2     4.4354891269e-02
 2  1  3     1.7544200508e-02
 2  2  1    -3.5359846116e-02
 2  2  2    -2.0798643268e-02
 2  2  3    -3.5359846116e-02
 2  3  1     1.7544200508e-02
 2  3  2     4.4354891269e-02
 2  3  3     8.1556607922e-03
 3  1  1    -4.4789058074e-02
 3  1  2     3.9333786320e-02
 3  1  3     1.7355461497e-02
 3  2  1     3.8267726566e-02
 3  2  2    -4.2526434434e-02
 3  2  3    -5.0891905195e-03
 3  3  1    -3.3202051217e-02
 3  3  2    -2.5164203694e-02
 3  3  3    -2.9567687509e-02

   28
0.0000000000e+00 0.0000000000e+00 0.0000000000e+00
0.0000000000e+00 2.7009000000e+00 -2.7009000000e+00
     1      2      1
 1  1  1     2.0798643268e-02
 1  1  2     3.5359846116e-02
 1  1  3     3.5359846116e-02
 1  2  1     4.2526434434e-02
 1  2  2     5.0891905195e-03
 1  2  3    -3.8267726566e-02
 1  3  1     4.2526434434e-02
 1  3  2    -3.8267726566e-02
 1  3  3     5.0891905195e-03
 2  1  1    -4.4354891269e-02
 2  1  2    -8.1556607922e-03
 2  1  3    -1.7544200508e-02
 2  2  1     2.5164203694e-02
 2  2  2     2.9567687509e-02
 2  2  3     3.3202051217e-02
 2  3  1    -3.9333786320e-02
 2  3  2     4.4789058074e-02
 2  3  3    -1.7355461497e-02
 3  1  1    -4.4354891269e-02
 3  1  2    -1.7544200508e-02
 3  1  3    -8.1556607922e-03
 3  2  1    -3.9333786320e-02
 3  2  2    -1.7355461497e-02
 3  2  3     4.4789058074e-02
 3  3  1     2.5164203694e-02
 3  3  2     3.3202051217e-02
 3  3  3     2.9567687509e-02

   29
0.0000000000e+00 0.0000000000e+00 0.0000000000e+00
0.0000000000e+00 -2.7009000000e+00 2.7009000000e+00
     1      2      2
 1  1  1    -2.0798643268e-02
 1  1  2    -3.5359846116e-02
 1  1  3    -3.5359846116e-02
 1  2  1     4.4354891269e-02
 1  2  2     8.1556607922e-03
 1  2  3     1.7544200508e-02
 1  3  1     4.4354891269e-02
 1  3  2     1.7544200508e-02
 1  3  3     8.1556607922e-03
 2  1  1    -4.2526434434e-02
 2  1  2    -5.0891905195e-03
 2  1  3     3.8267726566e-02
 2  2  1    -2.5164203694e-02
 2  2  2    -2.9567687509e-02
 2  2  3    -3.3202051217e-02
 2  3  1     3.9333786320e-02
 2  3  2     1.7355461497e-02
 2  3  3    -4.4789058074e-02
 3  1  1    -4.2526434434e-02
 3  1  2     3.8267726566e-02
 3  1  3    -5.0891905195e-03
 3  2  1     3.9333786320e-02
 3  2  2    -4.4789058074e-02
 3  2  3     1.7355461497e-02
 3  3  1    -2.5164203694e-02
 3  3  2    -3.3202051217e-02
 3  3  3    -2.9567687509e-02

   30
0.0000000000e+00 2.7009000000e+00 2.7009000000e+00
0.0000000000e+00 0.0000000000e+00 0.0000000000e+00
     1      1      1
 1  1  1     1.5953594981e-01
 1  1  2     0.0000000000e+00
 1  1  3     0.0000000000e+00
 1  2  1     0.0000000000e+00
 1  2  2    -1.8739634866e-01
 1  2  3     2.7146614263e-01
 1  3  1     0.0000000000e+00
 1  3  2     2.7146614263e-01
 1  3  3    -1.8739634866e-01
 2  1  1     0.0000000000e+00
 2  1  2    -1.9427549508e-01
 2  1  3     1.1047329564e-02
 2  2  1    -1.8739634866e-01
 2  2  2     0.0000000000e+00
 2  2  3     0.0000000000e+00
 2  3  1     2.7146614263e-01
 2  3  2     0.0000000000e+00
 2  3  3     0.0000000000e+00
 3  1  1     0.0000000000e+00
 3  1  2     1.1047329564e-02
 3  1  3    -1.9427549508e-01
 3  2  1     2.7146614263e-01
 3  2  2     0.0000000000e+00
 3  2  3     0.0000000000e+00
 3  3  1    -1.8739634866e-01
 3  3  2     0.0000000000e+00
 3  3  3     0.0000000000e+00

   31
0.0000000000e+00 2.7009000000e+00 2.7009000000e+00
0.0000000000e+00 0.0000000000e+00 0.0000000000e+00
     1      1      2
 1  1  1    -1.1455871129e-01
 1  1  2     0.0000000000e+00
 1  1  3     0.0000000000e+00
 1  2  1    -1.3497980895e-02
 1  2  2     2.6271688328e-01
 1  2  3    -8.4883251094e-02
 1  3  1    -1.3497980895e-02
 1  3  2    -8.4883251094e-02
 1  3  3     2.6271688328e-01
 2  1  1     1.3497980895e-02
 2  1  2     2.6271688328e-01
 2  1  3    -8.4883251094e-02
 2  2  1     4.7606926298e-02
 2  2  2     0.0000000000e+00
 2  2  3     0.0000000000e+00
 2  3  1    -4.9808615039e-01
 2  3  2    -6.6841051572e-02
 2  3  3     6.6841051572e-02
 3  1  1     1.3497980895e-02
 3  1  2    -8.4883251094e-02
 3  1  3     2.6271688328e-01
 3  2  1    -4.9808615039e-01
 3  2  2     6.6841051572e-02
 3  2  3    -6.6841051572e-02
 3  3  1     4.7606926298e-02
 3  3  2     0.0000000000e+00
 3  3  3     0.0000000000e+00

   32
0.0000000000e+00 2.7009000000e+00 2.7009000000e+00
0.0000000000e+00 2.7009000000e+00 2.7009000000e+00
     1      1      1
 1  1  1     1.5953594981e-01
 1  1  2     0.0000000000e+00
 1  1  3     0.0000000000e+00
 1  2  1     0.0000000000e+00
 1  2  2    -1.9427549508e-01
 1  2  3     1.1047329564e-02
 1  3  1     0.0000000000e+00
 1  3  2     1.1047329564e-02
 1  3  3    -1.9427549508e-01
 2  1  1     0.0000000000e+00
 2  1  2    -1.8739634866e-01
 2  1  3     2.7146614263e-01
 2  2  1    -1.8739634866e-01
 2  2  2     0.0000000000e+00
 2  2  3     0.0000000000e+00
 2  3  1     2.7146614263e-01
 2  3  2     0.0000000000e+00
 2  3  3     0.0000000000e+00
 3  1  1     0.0000000000e+00
 3  1  2     2.7146614263e-01
 3  1  3    -1.8739634866e-01
 3  2  1     2.7146614263e-01
 3  2  2     0.0000000000e+00
 3  2  3     0.0000000000e+00
 3  3  1    -1.8739634866e-01
 3  3  2     0.0000000000e+00
 3  3  3     0.0000000000e+00

   33
0.0000000000e+00 -2.7009000000e+00 -2.7009000000e+00
0.0000000000e+00 -2.7009000000e+00 -2.7009000000e+00
     1      1      2
 1  1  1    -1.1455871129e-01
 1  1  2     0.0000000000e+00
 1  1  3     0.0000000000e+00
 1  2  1     1.3497980895e-02
 1  2  2     2.6271688328e-01
 1  2  3    -8.4883251094e-02
 1  3  1     1.3497980895e-02
 1  3  2    -8.4883251094e-02
 1  3  3     2.6271688328e-01
 2  1  1    -1.3497980895e-02
 2  1  2     2.6271688328e-01
 2  1  3    -8.4883251094e-02
 2  2  1     4.7606926298e-02
 2  2  2     0.0000000000e+00
 2  2  3     0.0000000000e+00
 2  3  1    -4.9808615039e-01
 2  3  2     6.6841051572e-02
 2  3  3    -6.6841051572e-02
 3  1  1    -1.3497980895e-02
 3  1  2    -8.4883251094e-02
 3  1  3     2.6271688328e-01
 3  2  1    -4.9808615039e-01
 3  2  2    -6.6841051572e-02
 3  2  3     6.6841051572e-02
 3  3  1     4.7606926298e-02
 3  3  2     0.0000000000e+00
 3  3  3     0.0000000000e+00

   34
0.0000000000e+00 2.7009000000e+00 2.7009000000e+00
2.7009000000e+00 0.0000000000e+00 2.7009000000e+00
     1      1      1
 1  1  1     1.8451752316e-02
 1  1  2     6.4360348475e-04
 1  1  3    -6.4360348475e-04
 1  2  1     4.9465008683e-02
 1  2  2     6.4360348474e-04
 1  2  3     1.3593549152e-02
 1  3  1    -6.4360348474e-04
 1  3  2     3.7134281580e-02
 1  3  3     6.4360348475e-04
 2  1  1     6.4360348474e-04
 2  1  2     6.4360348475e-04
 2  1  3     3.7134281580e-02
 2  2  1     4.9465008683e-02
 2  2  2     1.8451752316e-02
 2  2  3    -6.4360348474e-04
 2  3  1     1.3593549152e-02
 2  3  2    -6.4360348475e-04
 2  3  3     6.4360348475e-04
 3  1  1    -4.9465008683e-02
 3  1  2     1.3593549152e-02
 3  1  3     6.4360348474e-04
 3  2  1     1.6102513025e-01
 3  2  2    -4.9465008683e-02
 3  2  3     4.9465008683e-02
 3  3  1     4.9465008683e-02
 3  3  2     6.4360348474e-04
 3  3  3    -1.8451752316e-02

   35
0.0000000000e+00 2.7009000000e+00 2.7009000000e+00
-2.7009000000e+00 0.0000000000e+00 -2.7009000000e+00
     1      1      2
 1  1  1    -2.0798643268e-02
 1  1  2     4.2526434434e-02
 1  1  3    -4.2526434434e-02
 1  2  1     3.5359846116e-02
 1  2  2    -5.0891905195e-03
 1  2  3    -3.8267726566e-02
 1  3  1    -3.5359846116e-02
 1  3  2    -3.8267726566e-02
 1  3  3    -5.0891905195e-03
 2  1  1    -4.4354891269e-02
 2  1  2    -2.5164203694e-02
 2  1  3    -3.9333786320e-02
 2  2  1     8.1556607922e-03
 2  2  2     2.9567687509e-02
 2  2  3    -4.4789058074e-02
 2  3  1    -1.7544200508e-02
 2  3  2    -3.3202051217e-02
 2  3  3    -1.7355461497e-02
 3  1  1     4.4354891269e-02
 3  1  2    -3.9333786320e-02
 3  1  3    -2.5164203694e-02
 3  2  1    -1.7544200508e-02
 3  2  2     1.7355461497e-02
 3  2  3     3.3202051217e-02
 3  3  1     8.1556607922e-03
 3  3  2     4.4789058074e-02
 3  3  3    -2.9567687509e-02

   36
0.0000000000e+00 2.7009000000e+00 2.7009000000e+00
-2.7009000000e+00 2.7009000000e+00 0.0000000000e+00
     1      1      1
 1  1  1     1.8451752316e-02
 1  1  2     6.4360348475e-04
 1  1  3    -6.4360348475e-04
 1  2  1     6.4360348474e-04
 1  2  2     6.4360348475e-04
 1  2  3     3.7134281580e-02
 1  3  1    -4.9465008683e-02
 1  3  2     1.3593549152e-02
 1  3  3     6.4360348474e-04
 2  1  1     4.9465008683e-02
 2  1  2     6.4360348474e-04
 2  1  3     1.3593549152e-02
 2  2  1     4.9465008683e-02
 2  2  2     1.8451752316e-02
 2  2  3    -6.4360348474e-04
 2  3  1     1.6102513025e-01
 2  3  2    -4.9465008683e-02
 2  3  3     4.9465008683e-02
 3  1  1    -6.4360348474e-04
 3  1  2     3.7134281580e-02
 3  1  3     6.4360348475e-04
 3  2  1     1.3593549152e-02
 3  2  2    -6.4360348475e-04
 3  2  3     6.4360348475e-04
 3  3  1     4.9465008683e-02
 3  3  2     6.4360348474e-04
 3  3  3    -1.8451752316e-02

   37
0.0000000000e+00 2.7009000000e+00 2.7009000000e+00
-2.7009000000e+00 2.7009000000e+00 0.0000000000e+00
     1      1      2
 1  1  1    -2.0798643268e-02
 1  1  2     4.2526434434e-02
 1  1  3    -4.2526434434e-02
 1  2  1    -4.4354891269e-02
 1  2  2    -2.5164203694e-02
 1  2  3    -3.9333786320e-02
 1  3  1     4.4354891269e-02
 1  3  2    -3.9333786320e-02
 1  3  3    -2.5164203694e-02
 2  1  1     3.5359846116e-02
 2  1  2    -5.0891905195e-03
 2  1  3    -3.8267726566e-02
 2  2  1     8.1556607922e-03
 2  2  2     2.9567687509e-02
 2  2  3    -4.4789058074e-02
 2  3  1    -1.7544200508e-02
 2  3  2     1.7355461497e-02
 2  3  3     3.3202051217e-02
 3  1  1    -3.5359846116e-02
 3  1  2    -3.8267726566e-02
 3  1  3    -5.0891905195e-03
 3  2  1    -1.7544200508e-02
 3  2  2    -3.3202051217e-02
 3  2  3    -1.7355461497e-02
 3  3  1     8.1556607922e-03
 3  3  2     4.4789058074e-02
 3  3  3    -2.9567687509e-02

   38
0.0000000000e+00 2.7009000000e+00 2.7009000000e+00
2.7009000000e+00 2.7009000000e+00 0.0000000000e+00
     1      1      1
 1  1  1     1.8451752316e-02
 1  1  2    -6.4360348475e-04
 1  1  3     6.4360348475e-04
 1  2  1    -6.4360348474e-04
 1  2  2     6.4360348475e-04
 1  2  3     3.7134281580e-02
 1  3  1     4.9465008683e-02
 1  3  2     1.3593549152e-02
 1  3  3     6.4360348474e-04
 2  1  1    -4.9465008683e-02
 2  1  2     6.4360348474e-04
 2  1  3     1.3593549152e-02
 2  2  1     4.9465008683e-02
 2  2  2    -1.8451752316e-02
 2  2  3     6.4360348474e-04
 2  3  1     1.6102513025e-01
 2  3  2     4.9465008683e-02
 2  3  3    -4.9465008683e-02
 3  1  1     6.4360348474e-04
 3  1  2     3.7134281580e-02
 3  1  3     6.4360348475e-04
 3  2  1     1.3593549152e-02
 3  2  2     6.4360348475e-04
 3  2  3    -6.4360348475e-04
 3  3  1     4.9465008683e-02
 3  3  2    -6.4360348474e-04
 3  3  3     1.8451752316e-02

   39
0.0000000000e+00 -2.7009000000e+00 -2.7009000000e+00
-2.7009000000e+00 -2.7009000000e+00 0.0000000000e+00
     1      1      2
 1  1  1    -2.0798643268e-02
 1  1  2    -4.2526434434e-02
 1  1  3     4.2526434434e-02
 1  2  1    -3.5359846116e-02
 1  2  2    -5.0891905195e-03
 1  2  3    -3.8267726566e-02
 1  3  1     3.5359846116e-02
 1  3  2    -3.8267726566e-02
 1  3  3    -5.0891905195e-03
 2  1  1     4.4354891269e-02
 2  1  2    -2.5164203694e-02
 2  1  3    -3.9333786320e-02
 2  2  1     8.1556607922e-03
 2  2  2    -2.9567687509e-02
 2  2  3     4.4789058074e-02
 2  3  1    -1.7544200508e-02
 2  3  2     3.3202051217e-02
 2  3  3     1.7355461497e-02
 3  1  1    -4.4354891269e-02
 3  1  2    -3.9333786320e-02
 3  1  3    -2.5164203694e-02
 3  2  1    -1.7544200508e-02
 3  2  2    -1.7355461497e-02
 3  2  3    -3.3202051217e-02
 3  3  1     8.1556607922e-03
 3  3  2    -4.4789058074e-02
 3  3  3     2.9567687509e-02

   40
0.0000000000e+00 2.7009000000e+00 2.7009000000e+00
-2.7009000000e+00 0.0000000000e+00 2.7009000000e+00
     1      1      1
 1  1  1     1.8451752316e-02
 1  1  2    -6.4360348475e-04
 1  1  3     6.4360348475e-04
 1  2  1    -4.9465008683e-02
 1  2  2     6.4360348474e-04
 1  2  3     1.3593549152e-02
 1  3  1     6.4360348474e-04
 1  3  2     3.7134281580e-02
 1  3  3     6.4360348475e-04
 2  1  1    -6.4360348474e-04
 2  1  2     6.4360348475e-04
 2  1  3     3.7134281580e-02
 2  2  1     4.9465008683e-02
 2  2  2    -1.8451752316e-02
 2  2  3     6.4360348474e-04
 2  3  1     1.3593549152e-02
 2  3  2     6.4360348475e-04
 2  3  3    -6.4360348475e-04
 3  1  1     4.9465008683e-02
 3  1  2     1.3593549152e-02
 3  1  3     6.4360348474e-04
 3  2  1     1.6102513025e-01
 3  2  2     4.9465008683e-02
 3  2  3    -4.9465008683e-02
 3  3  1     4.9465008683e-02
 3  3  2    -6.4360348474e-04
 3  3  3     1.8451752316e-02

   41
0.0000000000e+00 -2.7009000000e+00 -2.7009000000e+00
-2.7009000000e+00 -5.4018000000e+00 -2.7009000000e+00
     1      1      2
 1  1  1    -2.0798643268e-02
 1  1  2    -4.2526434434e-02
 1  1  3     4.2526434434e-02
 1  2  1     4.4354891269e-02
 1  2  2    -2.5164203694e-02
 1  2  3    -3.9333786320e-02
 1  3  1    -4.4354891269e-02
 1  3  2    -3.9333786320e-02
 1  3  3    -2.5164203694e-02
 2  1  1    -3.5359846116e-02
 2  1  2    -5.0891905195e-03
 2  1  3    -3.8267726566e-02
 2  2  1     8.1556607922e-03
 2  2  2    -2.9567687509e-02
 2  2  3     4.4789058074e-02
 2  3  1    -1.7544200508e-02
 2  3  2    -1.7355461497e-02
 2  3  3    -3.3202051217e-02
 3  1  1     3.5359846116e-02
 3  1  2    -3.8267726566e-02
 3  1  3    -5.0891905195e-03
 3  2  1    -1.7544200508e-02
 3  2  2     3.3202051217e-02
 3  2  3     1.7355461497e-02
 3  3  1     8.1556607922e-03
 3  3  2    -4.4789058074e-02
 3  3  3     2.9567687509e-02

   42
0.0000000000e+00 2.7009000000e+00 2.7009000000e+00
0.0000000000e+00 -2.7009000000e+00 2.7009000000e+00
     1      1      2
 1  1  1    -4.0283456619e-02
 1  1  2     0.0000000000e+00
 1  1  3     0.0000000000e+00
 1  2  1    -3.8245878644e-03
 1  2  2    -4.2914774162e-02
 1  2  3    -2.9499802849e-02
 1  3  1    -3.8245878644e-03
 1  3  2    -2.9499802849e-02
 1  3  3    -4.2914774162e-02
 2  1  1     3.8245878644e-03
 2  1  2    -4.2914774162e-02
 2  1  3    -2.9499802849e-02
 2  2  1     2.4548083413e-02
 2  2  2     0.0000000000e+00
 2  2  3     0.0000000000e+00
 2  3  1     8.7089729381e-02
 2  3  2     9.9489805960e-02
 2  3  3    -9.9489805960e-02
 3  1  1     3.8245878644e-03
 3  1  2    -2.9499802849e-02
 3  1  3    -4.2914774162e-02
 3  2  1     8.7089729381e-02
 3  2  2    -9.9489805960e-02
 3  2  3     9.9489805960e-02
 3  3  1     2.4548083413e-02
 3  3  2     0.0000000000e+00
 3  3  3     0.0000000000e+00

   43
0.0000000000e+00 -2.7009000000e+00 -2.7009000000e+00
0.0000000000e+00 0.0000000000e+00 -5.4018000000e+00
     1      1      2
 1  1  1    -4.0283456619e-02
 1  1  2     0.0000000000e+00
 1  1  3     0.0000000000e+00
 1  2  1     3.8245878644e-03
 1  2  2    -4.2914774162e-02
 1  2  3    -2.9499802849e-02
 1  3  1     3.8245878644e-03
 1  3  2    -2.9499802849e-02
 1  3  3    -4.2914774162e-02
 2  1  1    -3.8245878644e-03
 2  1  2    -4.2914774162e-02
 2  1  3    -2.9499802849e-02
 2  2  1     2.4548083413e-02
 2  2  2     0.0000000000e+00
 2  2  3     0.0000000000e+00
 2  3  1     8.7089729381e-02
 2  3  2    -9.9489805960e-02
 2  3  3     9.9489805960e-02
 3  1  1    -3.8245878644e-03
 3  1  2    -2.9499802849e-02
 3  1  3    -4.2914774162e-02
 3  2  1     8.7089729381e-02
 3  2  2     9.9489805960e-02
 3  2  3    -9.9489805960e-02
 3  3  1     2.4548083413e-02
 3  3  2     0.0000000000e+00
 3  3  3     0.0000000000e+00

   44
0.0000000000e+00 -2.7009000000e+00 -2.7009000000e+00
0.0000000000e+00 0.0000000000e+00 0.0000000000e+00
     1      2      1
 1  1  1    -3.1817402863e+00
 1  1  2     6.4017840150e+00
 1  1  3     6.4017840150e+00
 1  2  1     6.2421160195e+00
 1  2  2    -6.4017840150e+00
 1  2  3    -8.8822392399e+00
 1  3  1     6.2421160195e+00
 1  3  2    -8.8822392399e+00
 1  3  3    -6.4017840150e+00
 2  1  1     6.4017840150e+00
 2  1  2    -6.2421160195e+00
 2  1  3    -8.8822392399e+00
 2  2  1    -6.4017840150e+00
 2  2  2     3.1817402863e+00
 2  2  3     6.4017840150e+00
 2  3  1    -8.8822392399e+00
 2  3  2     6.2421160195e+00
 2  3  3     6.4017840150e+00
 3  1  1     6.4017840150e+00
 3  1  2    -8.8822392399e+00
 3  1  3    -6.2421160195e+00
 3  2  1    -8.8822392399e+00
 3  2  2     6.4017840150e+00
 3  2  3     6.2421160195e+00
 3  3  1    -6.4017840150e+00
 3  3  2     6.4017840150e+00
 3  3  3     3.1817402863e+00

   45
0.0000000000e+00 -2.7009000000e+00 -2.7009000000e+00
0.0000000000e+00 0.0000000000e+00 0.0000000000e+00
     1      2      2
 1  1  1     1.1455871129e-01
 1  1  2    -1.3497980895e-02
 1  1  3    -1.3497980895e-02
 1  2  1     1.3497980895e-02
 1  2  2    -4.7606926298e-02
 1  2  3     4.9808615039e-01
 1  3  1     1.3497980895e-02
 1  3  2     4.9808615039e-01
 1  3  3    -4.7606926298e-02
 2  1  1     0.0000000000e+00
 2  1  2    -2.6271688328e-01
 2  1  3     8.4883251094e-02
 2  2  1    -2.6271688328e-01
 2  2  2     0.0000000000e+00
 2  2  3    -6.6841051572e-02
 2  3  1     8.4883251094e-02
 2  3  2     6.6841051572e-02
 2  3  3     0.0000000000e+00
 3  1  1     0.0000000000e+00
 3  1  2     8.4883251094e-02
 3  1  3    -2.6271688328e-01
 3  2  1     8.4883251094e-02
 3  2  2     0.0000000000e+00
 3  2  3     6.6841051572e-02
 3  3  1    -2.6271688328e-01
 3  3  2    -6.6841051572e-02
 3  3  3     0.0000000000e+00

   46
0.0000000000e+00 -2.7009000000e+00 -2.7009000000e+00
0.0000000000e+00 -2.7009000000e+00 -2.7009000000e+00
     1      2      1
 1  1  1    -1.1455871129e-01
 1  1  2     1.3497980895e-02
 1  1  3     1.3497980895e-02
 1  2  1     0.0000000000e+00
 1  2  2     2.6271688328e-01
 1  2  3    -8.4883251094e-02
 1  3  1     0.0000000000e+00
 1  3  2    -8.4883251094e-02
 1  3  3     2.6271688328e-01
 2  1  1    -1.3497980895e-02
 2  1  2     4.7606926298e-02
 2  1  3    -4.9808615039e-01
 2  2  1     2.6271688328e-01
 2  2  2     0.0000000000e+00
 2  2  3     6.6841051572e-02
 2  3  1    -8.4883251094e-02
 2  3  2     0.0000000000e+00
 2  3  3    -6.6841051572e-02
 3  1  1    -1.3497980895e-02
 3  1  2    -4.9808615039e-01
 3  1  3     4.7606926298e-02
 3  2  1    -8.4883251094e-02
 3  2  2    -6.6841051572e-02
 3  2  3     0.0000000000e+00
 3  3  1     2.6271688328e-01
 3  3  2     6.6841051572e-02
 3  3  3     0.0000000000e+00

   47
0.0000000000e+00 -2.7009000000e+00 -2.7009000000e+00
0.0000000000e+00 -2.7009000000e+00 -2.7009000000e+00
     1      2      2
 1  1  1     3.1817402863e+00
 1  1  2    -6.4017840150e+00
 1  1  3    -6.4017840150e+00
 1  2  1    -6.4017840150e+00
 1  2  2     6.2421160195e+00
 1  2  3     8.8822392399e+00
 1  3  1    -6.4017840150e+00
 1  3  2     8.8822392399e+00
 1  3  3     6.2421160195e+00
 2  1  1    -6.2421160195e+00
 2  1  2     6.4017840150e+00
 2  1  3     8.8822392399e+00
 2  2  1     6.4017840150e+00
 2  2  2    -3.1817402863e+00
 2  2  3    -6.4017840150e+00
 2  3  1     8.8822392399e+00
 2  3  2    -6.4017840150e+00
 2  3  3    -6.2421160195e+00
 3  1  1    -6.2421160195e+00
 3  1  2     8.8822392399e+00
 3  1  3     6.4017840150e+00
 3  2  1     8.8822392399e+00
 3  2  2    -6.2421160195e+00
 3  2  3    -6.4017840150e+00
 3  3  1     6.4017840150e+00
 3  3  2    -6.4017840150e+00
 3  3  3    -3.1817402863e+00

   48
0.0000000000e+00 -2.7009000000e+00 -2.7009000000e+00
2.7009000000e+00 0.0000000000e+00 2.7009000000e+00
     1      2      1
 1  1  1     2.9567687509e-02
 1  1  2    -2.5164203694e-02
 1  1  3    -3.3202051217e-02
 1  2  1     8.1556607922e-03
 1  2  2    -4.4354891269e-02
 1  2  3    -1.7544200508e-02
 1  3  1    -4.4789058074e-02
 1  3  2    -3.9333786320e-02
 1  3  3    -1.7355461497e-02
 2  1  1    -5.0891905195e-03
 2  1  2     4.2526434434e-02
 2  1  3    -3.8267726566e-02
 2  2  1     3.5359846116e-02
 2  2  2    -2.0798643268e-02
 2  2  3    -3.5359846116e-02
 2  3  1    -3.8267726566e-02
 2  3  2    -4.2526434434e-02
 2  3  3    -5.0891905195e-03
 3  1  1     1.7355461497e-02
 3  1  2    -3.9333786320e-02
 3  1  3     4.4789058074e-02
 3  2  1    -1.7544200508e-02
 3  2  2     4.4354891269e-02
 3  2  3     8.1556607922e-03
 3  3  1     3.3202051217e-02
 3  3  2    -2.5164203694e-02
 3  3  3    -2.9567687509e-02

   49
0.0000000000e+00 -2.7009000000e+00 -2.7009000000e+00
-2.7009000000e+00 0.0000000000e+00 -2.7009000000e+00
     1      2      2
 1  1  1     0.0000000000e+00
 1  1  2    -6.6841051572e-02
 1  1  3     2.6271688328e-01
 1  2  1     6.6841051572e-02
 1  2  2     0.0000000000e+00
 1  2  3     8.4883251094e-02
 1  3  1     2.6271688328e-01
 1  3  2     8.4883251094e-02
 1  3  3     0.0000000000e+00
 2  1  1     0.0000000000e+00
 2  1  2    -6.6841051572e-02
 2  1  3     8.4883251094e-02
 2  2  1     6.6841051572e-02
 2  2  2     0.0000000000e+00
 2  2  3     2.6271688328e-01
 2  3  1     8.4883251094e-02
 2  3  2     2.6271688328e-01
 2  3  3     0.0000000000e+00
 3  1  1     4.7606926298e-02
 3  1  2     4.9808615039e-01
 3  1  3    -1.3497980895e-02
 3  2  1     4.9808615039e-01
 3  2  2     4.7606926298e-02
 3  2  3     1.3497980895e-02
 3  3  1     1.3497980895e-02
 3  3  2    -1.3497980895e-02
 3  3  3    -1.1455871129e-01

   50
0.0000000000e+00 -2.7009000000e+00 -2.7009000000e+00
2.7009000000e+00 -2.7009000000e+00 0.0000000000e+00
     1      2      1
 1  1  1     0.0000000000e+00
 1  1  2     6.6841051572e-02
 1  1  3    -2.6271688328e-01
 1  2  1     0.0000000000e+00
 1  2  2     6.6841051572e-02
 1  2  3    -8.4883251094e-02
 1  3  1    -4.7606926298e-02
 1  3  2    -4.9808615039e-01
 1  3  3     1.3497980895e-02
 2  1  1    -6.6841051572e-02
 2  1  2     0.0000000000e+00
 2  1  3    -8.4883251094e-02
 2  2  1    -6.6841051572e-02
 2  2  2     0.0000000000e+00
 2  2  3    -2.6271688328e-01
 2  3  1    -4.9808615039e-01
 2  3  2    -4.7606926298e-02
 2  3  3    -1.3497980895e-02
 3  1  1    -2.6271688328e-01
 3  1  2    -8.4883251094e-02
 3  1  3     0.0000000000e+00
 3  2  1    -8.4883251094e-02
 3  2  2    -2.6271688328e-01
 3  2  3     0.0000000000e+00
 3  3  1    -1.3497980895e-02
 3  3  2     1.3497980895e-02
 3  3  3     1.1455871129e-01

   51
0.0000000000e+00 -2.7009000000e+00 -2.7009000000e+00
2.7009000000e+00 -2.7009000000e+00 0.0000000000e+00
     1      2      2
 1  1  1    -2.9567687509e-02
 1  1  2     2.5164203694e-02
 1  1  3     3.3202051217e-02
 1  2  1     5.0891905195e-03
 1  2  2    -4.2526434434e-02
 1  2  3     3.8267726566e-02
 1  3  1    -1.7355461497e-02
 1  3  2     3.9333786320e-02
 1  3  3    -4.4789058074e-02
 2  1  1    -8.1556607922e-03
 2  1  2     4.4354891269e-02
 2  1  3     1.7544200508e-02
 2  2  1    -3.5359846116e-02
 2  2  2     2.0798643268e-02
 2  2  3     3.5359846116e-02
 2  3  1     1.7544200508e-02
 2  3  2    -4.4354891269e-02
 2  3  3    -8.1556607922e-03
 3  1  1     4.4789058074e-02
 3  1  2     3.9333786320e-02
 3  1  3     1.7355461497e-02
 3  2  1     3.8267726566e-02
 3  2  2     4.2526434434e-02
 3  2  3     5.0891905195e-03
 3  3  1    -3.3202051217e-02
 3  3  2     2.5164203694e-02
 3  3  3     2.9567687509e-02

   52
0.0000000000e+00 -2.7009000000e+00 -2.7009000000e+00
-2.7009000000e+00 -2.7009000000e+00 0.0000000000e+00
     1      2      1
 1  1  1     2.9567687509e-02
 1  1  2    -3.3202051217e-02
 1  1  3    -2.5164203694e-02
 1  2  1    -4.4789058074e-02
 1  2  2    -1.7355461497e-02
 1  2  3    -3.9333786320e-02
 1  3  1     8.1556607922e-03
 1  3  2    -1.7544200508e-02
 1  3  3    -4.4354891269e-02
 2  1  1     1.7355461497e-02
 2  1  2     4.4789058074e-02
 2  1  3    -3.9333786320e-02
 2  2  1     3.3202051217e-02
 2  2  2    -2.9567687509e-02
 2  2  3    -2.5164203694e-02
 2  3  1    -1.7544200508e-02
 2  3  2     8.1556607922e-03
 2  3  3     4.4354891269e-02
 3  1  1    -5.0891905195e-03
 3  1  2    -3.8267726566e-02
 3  1  3     4.2526434434e-02
 3  2  1    -3.8267726566e-02
 3  2  2    -5.0891905195e-03
 3  2  3    -4.2526434434e-02
 3  3  1     3.5359846116e-02
 3  3  2    -3.5359846116e-02
 3  3  3    -2.0798643268e-02

   53
0.0000000000e+00 -2.7009000000e+00 -2.7009000000e+00
-2.7009000000e+00 -2.7009000000e+00 0.0000000000e+00
     1      2      2
 1  1  1     0.0000000000e+00
 1  1  2     2.6271688328e-01
 1  1  3    -6.6841051572e-02
 1  2  1     2.6271688328e-01
 1  2  2     0.0000000000e+00
 1  2  3     8.4883251094e-02
 1  3  1     6.6841051572e-02
 1  3  2     8.4883251094e-02
 1  3  3     0.0000000000e+00
 2  1  1     4.7606926298e-02
 2  1  2    -1.3497980895e-02
 2  1  3     4.9808615039e-01
 2  2  1     1.3497980895e-02
 2  2  2    -1.1455871129e-01
 2  2  3    -1.3497980895e-02
 2  3  1     4.9808615039e-01
 2  3  2     1.3497980895e-02
 2  3  3     4.7606926298e-02
 3  1  1     0.0000000000e+00
 3  1  2     8.4883251094e-02
 3  1  3    -6.6841051572e-02
 3  2  1     8.4883251094e-02
 3  2  2     0.0000000000e+00
 3  2  3     2.6271688328e-01
 3  3  1     6.6841051572e-02
 3  3  2     2.6271688328e-01
 3  3  3     0.0000000000e+00

   54
0.0000000000e+00 -2.7009000000e+00 -2.7009000000e+00
2.7009000000e+00 0.0000000000e+00 -2.7009000000e+00
     1      2      1
 1  1  1     0.0000000000e+00
 1  1  2    -2.6271688328e-01
 1  1  3     6.6841051572e-02
 1  2  1    -4.7606926298e-02
 1  2  2     1.3497980895e-02
 1  2  3    -4.9808615039e-01
 1  3  1     0.0000000000e+00
 1  3  2    -8.4883251094e-02
 1  3  3     6.6841051572e-02
 2  1  1    -2.6271688328e-01
 2  1  2     0.0000000000e+00
 2  1  3    -8.4883251094e-02
 2  2  1    -1.3497980895e-02
 2  2  2     1.1455871129e-01
 2  2  3     1.3497980895e-02
 2  3  1    -8.4883251094e-02
 2  3  2     0.0000000000e+00
 2  3  3    -2.6271688328e-01
 3  1  1    -6.6841051572e-02
 3  1  2    -8.4883251094e-02
 3  1  3     0.0000000000e+00
 3  2  1    -4.9808615039e-01
 3  2  2    -1.3497980895e-02
 3  2  3    -4.7606926298e-02
 3  3  1    -6.6841051572e-02
 3  3  2    -2.6271688328e-01
 3  3  3     0.0000000000e+00

   55
0.0000000000e+00 -2.7009000000e+00 -2.7009000000e+00
-2.7009000000e+00 -5.4018000000e+00 -2.7009000000e+00
     1      2      2
 1  1  1    -2.9567687509e-02
 1  1  2     3.3202051217e-02
 1  1  3     2.5164203694e-02
 1  2  1    -1.7355461497e-02
 1  2  2    -4.4789058074e-02
 1  2  3     3.9333786320e-02
 1  3  1     5.0891905195e-03
 1  3  2     3.8267726566e-02
 1  3  3    -4.2526434434e-02
 2  1  1     4.4789058074e-02
 2  1  2     1.7355461497e-02
 2  1  3     3.9333786320e-02
 2  2  1    -3.3202051217e-02
 2  2  2     2.9567687509e-02
 2  2  3     2.5164203694e-02
 2  3  1     3.8267726566e-02
 2  3  2     5.0891905195e-03
 2  3  3     4.2526434434e-02
 3  1  1    -8.1556607922e-03
 3  1  2     1.7544200508e-02
 3  1  3     4.4354891269e-02
 3  2  1     1.7544200508e-02
 3  2  2    -8.1556607922e-03
 3  2  3    -4.4354891269e-02
 3  3  1    -3.5359846116e-02
 3  3  2     3.5359846116e-02
 3  3  3     2.0798643268e-02

   56
0.0000000000e+00 -2.7009000000e+00 -2.7009000000e+00
0.0000000000e+00 -2.7009000000e+00 2.7009000000e+00
     1      2      1
 1  1  1     2.0798643268e-02
 1  1  2    -3.5359846116e-02
 1  1  3    -3.5359846116e-02
 1  2  1    -4.2526434434e-02
 1  2  2     5.0891905195e-03
 1  2  3    -3.8267726566e-02
 1  3  1    -4.2526434434e-02
 1  3  2    -3.8267726566e-02
 1  3  3     5.0891905195e-03
 2  1  1     4.4354891269e-02
 2  1  2    -8.1556607922e-03
 2  1  3    -1.7544200508e-02
 2  2  1     2.5164203694e-02
 2  2  2    -2.9567687509e-02
 2  2  3    -3.3202051217e-02
 2  3  1    -3.9333786320e-02
 2  3  2    -4.4789058074e-02
 2  3  3     1.7355461497e-02
 3  1  1     4.4354891269e-02
 3  1  2    -1.7544200508e-02
 3  1  3    -8.1556607922e-03
 3  2  1    -3.9333786320e-02
 3  2  2     1.7355461497e-02
 3  2  3    -4.4789058074e-02
 3  3  1     2.5164203694e-02
 3  3  2    -3.3202051217e-02
 3  3  3    -2.9567687509e-02

   57
0.0000000000e+00 -2.7009000000e+00 -2.7009000000e+00
0.0000000000e+00 -5.4018000000e+00 0.0000000000e+00
     1      2      2
 1  1  1    -2.0798643268e-02
 1  1  2     3.5359846116e-02
 1  1  3     3.5359846116e-02
 1  2  1    -4.4354891269e-02
 1  2  2     8.1556607922e-03
 1  2  3     1.7544200508e-02
 1  3  1    -4.4354891269e-02
 1  3  2     1.7544200508e-02
 1  3  3     8.1556607922e-03
 2  1  1     4.2526434434e-02
 2  1  2    -5.0891905195e-03
 2  1  3     3.8267726566e-02
 2  2  1    -2.5164203694e-02
 2  2  2     2.9567687509e-02
 2  2  3     3.3202051217e-02
 2  3  1     3.9333786320e-02
 2  3  2    -1.7355461497e-02
 2  3  3     4.4789058074e-02
 3  1  1     4.2526434434e-02
 3  1  2     3.8267726566e-02
 3  1  3    -5.0891905195e-03
 3  2  1     3.9333786320e-02
 3  2  2     4.4789058074e-02
 3  2  3    -1.7355461497e-02
 3  3  1    -2.5164203694e-02
 3  3  2     3.3202051217e-02
 3  3  3     2.9567687509e-02

   58
2.7009000000e+00 0.0000000000e+00 2.7009000000e+00
0.0000000000e+00 0.0000000000e+00 0.0000000000e+00
     1      1      1
 1  1  1     0.0000000000e+00
 1  1  2    -1.8739634866e-01
 1  1  3     0.0000000000e+00
 1  2  1    -1.9427549508e-01
 1  2  2     0.0000000000e+00
 1  2  3     1.1047329564e-02
 1  3  1     0.0000000000e+00
 1  3  2     2.7146614263e-01
 1  3  3     0.0000000000e+00
 2  1  1    -1.8739634866e-01
 2  1  2     0.0000000000e+00
 2  1  3     2.7146614263e-01
 2  2  1     0.0000000000e+00
 2  2  2     1.5953594981e-01
 2  2  3     0.0000000000e+00
 2  3  1     2.7146614263e-01
 2  3  2     0.0000000000e+00
 2  3  3    -1.8739634866e-01
 3  1  1     0.0000000000e+00
 3  1  2     2.7146614263e-01
 3  1  3     0.0000000000e+00
 3  2  1     1.1047329564e-02
 3  2  2     0.0000000000e+00
 3  2  3    -1.9427549508e-01
 3  3  1     0.0000000000e+00
 3  3  2    -1.8739634866e-01
 3  3  3     0.0000000000e+00

   59
2.7009000000e+00 0.0000000000e+00 2.7009000000e+00
0.0000000000e+00 0.0000000000e+00 0.0000000000e+00
     1      1      2
 1  1  1     0.0000000000e+00
 1  1  2     4.7606926298e-02
 1  1  3     0.0000000000e+00
 1  2  1     2.6271688328e-01
 1  2  2     1.3497980895e-02
 1  2  3    -8.4883251094e-02
 1  3  1    -6.6841051572e-02
 1  3  2    -4.9808615039e-01
 1  3  3     6.6841051572e-02
 2  1  1     2.6271688328e-01
 2  1  2    -1.3497980895e-02
 2  1  3    -8.4883251094e-02
 2  2  1     0.0000000000e+00
 2  2  2    -1.1455871129e-01
 2  2  3     0.0000000000e+00
 2  3  1    -8.4883251094e-02
 2  3  2    -1.3497980895e-02
 2  3  3     2.6271688328e-01
 3  1  1     6.6841051572e-02
 3  1  2    -4.9808615039e-01
 3  1  3    -6.6841051572e-02
 3  2  1    -8.4883251094e-02
 3  2  2     1.3497980895e-02
 3  2  3     2.6271688328e-01
 3  3  1     0.0000000000e+00
 3  3  2     4.7606926298e-02
 3  3  3     0.0000000000e+00

   60
2.7009000000e+00 0.0000000000e+00 2.7009000000e+00
0.0000000000e+00 2.7009000000e+00 2.7009000000e+00
     1      1      1
 1  1  1     1.8451752316e-02
 1  1  2     4.9465008683e-02
 1  1  3    -6.4360348474e-04
 1  2  1     6.4360348475e-04
 1  2  2     6.4360348474e-04
 1  2  3     3.7134281580e-02
 1  3  1    -6.4360348475e-04
 1  3  2     1.3593549152e-02
 1  3  3     6.4360348475e-04
 2  1  1     6.4360348474e-04
 2  1  2     4.9465008683e-02
 2  1  3     1.3593549152e-02
 2  2  1     6.4360348475e-04
 2  2  2     1.8451752316e-02
 2  2  3    -6.4360348475e-04
 2  3  1     3.7134281580e-02
 2  3  2    -6.4360348474e-04
 2  3  3     6.4360348475e-04
 3  1  1    -4.9465008683e-02
 3  1  2     1.6102513025e-01
 3  1  3     4.9465008683e-02
 3  2  1     1.3593549152e-02
 3  2  2    -4.9465008683e-02
 3  2  3     6.4360348474e-04
 3  3  1     6.4360348474e-04
 3  3  2     4.9465008683e-02
 3  3  3    -1.8451752316e-02

   61
2.7009000000e+00 0.0000000000e+00 2.7009000000e+00
0.0000000000e+00 -2.7009000000e+00 -2.7009000000e+00
     1      1      2
 1  1  1     2.9567687509e-02
 1  1  2     8.1556607922e-03
 1  1  3    -4.4789058074e-02
 1  2  1    -2.5164203694e-02
 1  2  2    -4.4354891269e-02
 1  2  3    -3.9333786320e-02
 1  3  1    -3.3202051217e-02
 1  3  2    -1.7544200508e-02
 1  3  3    -1.7355461497e-02
 2  1  1    -5.0891905195e-03
 2  1  2     3.5359846116e-02
 2  1  3    -3.8267726566e-02
 2  2  1     4.2526434434e-02
 2  2  2    -2.0798643268e-02
 2  2  3    -4.2526434434e-02
 2  3  1    -3.8267726566e-02
 2  3  2    -3.5359846116e-02
 2  3  3    -5.0891905195e-03
 3  1  1     1.7355461497e-02
 3  1  2    -1.7544200508e-02
 3  1  3     3.3202051217e-02
 3  2  1    -3.9333786320e-02
 3  2  2     4.4354891269e-02
 3  2  3    -2.5164203694e-02
 3  3  1     4.4789058074e-02
 3  3  2     8.1556607922e-03
 3  3  3    -2.9567687509e-02

   62
2.7009000000e+00 0.0000000000e+00 2.7009000000e+00
2.7009000000e+00 0.0000000000e+00 2.7009000000e+00
     1      1      1
 1  1  1     0.0000000000e+00
 1  1  2    -1.8739634866e-01
 1  1  3     0.0000000000e+00
 1  2  1    -1.8739634866e-01
 1  2  2     0.0000000000e+00
 1  2  3     2.7146614263e-01
 1  3  1     0.0000000000e+00
 1  3  2     2.7146614263e-01
 1  3  3     0.0000000000e+00
 2  1  1    -1.9427549508e-01
 2  1  2     0.0000000000e+00
 2  1  3     1.1047329564e-02
 2  2  1     0.0000000000e+00
 2  2  2     1.5953594981e-01
 2  2  3     0.0000000000e+00
 2  3  1     1.1047329564e-02
 2  3  2     0.0000000000e+00
 2  3  3    -1.9427549508e-01
 3  1  1     0.0000000000e+00
 3  1  2     2.7146614263e-01
 3  1  3     0.0000000000e+00
 3  2  1     2.7146614263e-01
 3  2  2     0.0000000000e+00
 3  2  3    -1.8739634866e-01
 3  3  1     0.0000000000e+00
 3  3  2    -1.8739634866e-01
 3  3  3     0.0000000000e+00

   63
-2.7009000000e+00 0.0000000000e+00 -2.7009000000e+00
-2.7009000000e+00 0.0000000000e+00 -2.7009000000e+00
     1      1      2
 1  1  1     0.0000000000e+00
 1  1  2     4.7606926298e-02
 1  1  3     0.0000000000e+00
 1  2  1     2.6271688328e-01
 1  2  2    -1.3497980895e-02
 1  2  3    -8.4883251094e-02
 1  3  1     6.6841051572e-02
 1  3  2    -4.9808615039e-01
 1  3  3    -6.6841051572e-02
 2  1  1     2.6271688328e-01
 2  1  2     1.3497980895e-02
 2  1  3    -8.4883251094e-02
 2  2  1     0.0000000000e+00
 2  2  2    -1.1455871129e-01
 2  2  3     0.0000000000e+00
 2  3  1    -8.4883251094e-02
 2  3  2     1.3497980895e-02
 2  3  3     2.6271688328e-01
 3  1  1    -6.6841051572e-02
 3  1  2    -4.9808615039e-01
 3  1  3     6.6841051572e-02
 3  2  1    -8.4883251094e-02
 3  2  2    -1.3497980895e-02
 3  2  3     2.6271688328e-01
 3  3  1     0.0000000000e+00
 3  3  2     4.7606926298e-02
 3  3  3     0.0000000000e+00

   64
2.7009000000e+00 0.0000000000e+00 2.7009000000e+00
2.7009000000e+00 -2.7009000000e+00 0.0000000000e+00
     1      1      1
 1  1  1     1.8451752316e-02
 1  1  2     4.9465008683e-02
 1  1  3    -6.4360348474e-04
 1  2  1     6.4360348474e-04
 1  2  2     4.9465008683e-02
 1  2  3     1.3593549152e-02
 1  3  1    -4.9465008683e-02
 1  3  2     1.6102513025e-01
 1  3  3     4.9465008683e-02
 2  1  1     6.4360348475e-04
 2  1  2     6.4360348474e-04
 2  1  3     3.7134281580e-02
 2  2  1     6.4360348475e-04
 2  2  2     1.8451752316e-02
 2  2  3    -6.4360348475e-04
 2  3  1     1.3593549152e-02
 2  3  2    -4.9465008683e-02
 2  3  3     6.4360348474e-04
 3  1  1    -6.4360348475e-04
 3  1  2     1.3593549152e-02
 3  1  3     6.4360348475e-04
 3  2  1     3.7134281580e-02
 3  2  2    -6.4360348474e-04
 3  2  3     6.4360348475e-04
 3  3  1     6.4360348474e-04
 3  3  2     4.9465008683e-02
 3  3  3    -1.8451752316e-02

   65
2.7009000000e+00 0.0000000000e+00 2.7009000000e+00
2.7009000000e+00 -2.7009000000e+00 0.0000000000e+00
     1      1      2
 1  1  1     2.9567687509e-02
 1  1  2     8.1556607922e-03
 1  1  3    -4.4789058074e-02
 1  2  1    -5.0891905195e-03
 1  2  2     3.5359846116e-02
 1  2  3    -3.8267726566e-02
 1  3  1     1.7355461497e-02
 1  3  2    -1.7544200508e-02
 1  3  3     3.3202051217e-02
 2  1  1    -2.5164203694e-02
 2  1  2    -4.4354891269e-02
 2  1  3    -3.9333786320e-02
 2  2  1     4.2526434434e-02
 2  2  2    -2.0798643268e-02
 2  2  3    -4.2526434434e-02
 2  3  1    -3.9333786320e-02
 2  3  2     4.4354891269e-02
 2  3  3    -2.5164203694e-02
 3  1  1    -3.3202051217e-02
 3  1  2    -1.7544200508e-02
 3  1  3    -1.7355461497e-02
 3  2  1    -3.8267726566e-02
 3  2  2    -3.5359846116e-02
 3  2  3    -5.0891905195e-03
 3  3  1     4.4789058074e-02
 3  3  2     8.1556607922e-03
 3  3  3    -2.9567687509e-02

   66
2.7009000000e+00 0.0000000000e+00 2.7009000000e+00
2.7009000000e+00 2.7009000000e+00 0.0000000000e+00
     1      1      1
 1  1  1    -1.8451752316e-02
 1  1  2     4.9465008683e-02
 1  1  3     6.4360348474e-04
 1  2  1     6.4360348474e-04
 1  2  2    -4.9465008683e-02
 1  2  3     1.3593549152e-02
 1  3  1     4.9465008683e-02
 1  3  2     1.6102513025e-01
 1  3  3    -4.9465008683e-02
 2  1  1     6.4360348475e-04
 2  1  2    -6.4360348474e-04
 2  1  3     3.7134281580e-02
 2  2  1    -6.4360348475e-04
 2  2  2     1.8451752316e-02
 2  2  3     6.4360348475e-04
 2  3  1     1.3593549152e-02
 2  3  2     4.9465008683e-02
 2  3  3     6.4360348474e-04
 3  1  1     6.4360348475e-04
 3  1  2     1.3593549152e-02
 3  1  3    -6.4360348475e-04
 3  2  1     3.7134281580e-02
 3  2  2     6.4360348474e-04
 3  2  3     6.4360348475e-04
 3  3  1    -6.4360348474e-04
 3  3  2     4.9465008683e-02
 3  3  3     1.8451752316e-02

   67
-2.7009000000e+00 0.0000000000e+00 -2.7009000000e+00
-2.7009000000e+00 -2.7009000000e+00 0.0000000000e+00
     1      1      2
 1  1  1    -2.9567687509e-02
 1  1  2     8.1556607922e-03
 1  1  3     4.4789058074e-02
 1  2  1    -2.5164203694e-02
 1  2  2     4.4354891269e-02
 1  2  3    -3.9333786320e-02
 1  3  1     3.3202051217e-02
 1  3  2    -1.7544200508e-02
 1  3  3     1.7355461497e-02
 2  1  1    -5.0891905195e-03
 2  1  2    -3.5359846116e-02
 2  1  3    -3.8267726566e-02
 2  2  1    -4.2526434434e-02
 2  2  2    -2.0798643268e-02
 2  2  3     4.2526434434e-02
 2  3  1    -3.8267726566e-02
 2  3  2     3.5359846116e-02
 2  3  3    -5.0891905195e-03
 3  1  1    -1.7355461497e-02
 3  1  2    -1.7544200508e-02
 3  1  3    -3.3202051217e-02
 3  2  1    -3.9333786320e-02
 3  2  2    -4.4354891269e-02
 3  2  3    -2.5164203694e-02
 3  3  1    -4.4789058074e-02
 3  3  2     8.1556607922e-03
 3  3  3     2.9567687509e-02

   68
2.7009000000e+00 0.0000000000e+00 2.7009000000e+00
2.7009000000e+00 0.0000000000e+00 -2.7009000000e+00
     1      1      2
 1  1  1     0.0000000000e+00
 1  1  2     2.4548083413e-02
 1  1  3     0.0000000000e+00
 1  2  1    -4.2914774162e-02
 1  2  2     3.8245878644e-03
 1  2  3    -2.9499802849e-02
 1  3  1     9.9489805960e-02
 1  3  2     8.7089729381e-02
 1  3  3    -9.9489805960e-02
 2  1  1    -4.2914774162e-02
 2  1  2    -3.8245878644e-03
 2  1  3    -2.9499802849e-02
 2  2  1     0.0000000000e+00
 2  2  2    -4.0283456619e-02
 2  2  3     0.0000000000e+00
 2  3  1    -2.9499802849e-02
 2  3  2    -3.8245878644e-03
 2  3  3    -4.2914774162e-02
 3  1  1    -9.9489805960e-02
 3  1  2     8.7089729381e-02
 3  1  3     9.9489805960e-02
 3  2  1    -2.9499802849e-02
 3  2  2     3.8245878644e-03
 3  2  3    -4.2914774162e-02
 3  3  1     0.0000000000e+00
 3  3  2     2.4548083413e-02
 3  3  3     0.0000000000e+00

   69
2.7009000000e+00 0.0000000000e+00 2.7009000000e+00
0.0000000000e+00 -2.7009000000e+00 2.7009000000e+00
     1      1      1
 1  1  1    -1.8451752316e-02
 1  1  2     4.9465008683e-02
 1  1  3     6.4360348474e-04
 1  2  1     6.4360348475e-04
 1  2  2    -6.4360348474e-04
 1  2  3     3.7134281580e-02
 1  3  1     6.4360348475e-04
 1  3  2     1.3593549152e-02
 1  3  3    -6.4360348475e-04
 2  1  1     6.4360348474e-04
 2  1  2    -4.9465008683e-02
 2  1  3     1.3593549152e-02
 2  2  1    -6.4360348475e-04
 2  2  2     1.8451752316e-02
 2  2  3     6.4360348475e-04
 2  3  1     3.7134281580e-02
 2  3  2     6.4360348474e-04
 2  3  3     6.4360348475e-04
 3  1  1     4.9465008683e-02
 3  1  2     1.6102513025e-01
 3  1  3    -4.9465008683e-02
 3  2  1     1.3593549152e-02
 3  2  2     4.9465008683e-02
 3  2  3     6.4360348474e-04
 3  3  1    -6.4360348474e-04
 3  3  2     4.9465008683e-02
 3  3  3     1.8451752316e-02

   70
2.7009000000e+00 0.0000000000e+00 2.7009000000e+00
0.0000000000e+00 -2.7009000000e+00 2.7009000000e+00
     1      1      2
 1  1  1    -2.9567687509e-02
 1  1  2     8.1556607922e-03
 1  1  3     4.4789058074e-02
 1  2  1    -5.0891905195e-03
 1  2  2    -3.5359846116e-02
 1  2  3    -3.8267726566e-02
 1  3  1    -1.7355461497e-02
 1  3  2    -1.7544200508e-02
 1  3  3    -3.3202051217e-02
 2  1  1    -2.5164203694e-02
 2  1  2     4.4354891269e-02
 2  1  3    -3.9333786320e-02
 2  2  1    -4.2526434434e-02
 2  2  2    -2.0798643268e-02
 2  2  3     4.2526434434e-02
 2  3  1    -3.9333786320e-02
 2  3  2    -4.4354891269e-02
 2  3  3    -2.5164203694e-02
 3  1  1     3.3202051217e-02
 3  1  2    -1.7544200508e-02
 3  1  3     1.7355461497e-02
 3  2  1    -3.8267726566e-02
 3  2  2     3.5359846116e-02
 3  2  3    -5.0891905195e-03
 3  3  1    -4.4789058074e-02
 3  3  2     8.1556607922e-03
 3  3  3     2.9567687509e-02

   71
-2.7009000000e+00 0.0000000000e+00 -2.7009000000e+00
0.0000000000e+00 0.0000000000e+00 -5.4018000000e+00
     1      1      2
 1  1  1     0.0000000000e+00
 1  1  2     2.4548083413e-02
 1  1  3     0.0000000000e+00
 1  2  1    -4.2914774162e-02
 1  2  2    -3.8245878644e-03
 1  2  3    -2.9499802849e-02
 1  3  1    -9.9489805960e-02
 1  3  2     8.7089729381e-02
 1  3  3     9.9489805960e-02
 2  1  1    -4.2914774162e-02
 2  1  2     3.8245878644e-03
 2  1  3    -2.9499802849e-02
 2  2  1     0.0000000000e+00
 2  2  2    -4.0283456619e-02
 2  2  3     0.0000000000e+00
 2  3  1    -2.9499802849e-02
 2  3  2     3.8245878644e-03
 2  3  3    -4.2914774162e-02
 3  1  1     9.9489805960e-02
 3  1  2     8.7089729381e-02
 3  1  3    -9.9489805960e-02
 3  2  1    -2.9499802849e-02
 3  2  2    -3.8245878644e-03
 3  2  3    -4.2914774162e-02
 3  3  1     0.0000000000e+00
 3  3  2     2.4548083413e-02
 3  3  3     0.0000000000e+00

   72
-2.7009000000e+00 0.0000000000e+00 -2.7009000000e+00
0.0000000000e+00 0.0000000000e+00 0.0000000000e+00
     1      2      1
 1  1  1     3.1817402863e+00
 1  1  2    -6.4017840150e+00
 1  1  3     6.4017840150e+00
 1  2  1    -6.2421160195e+00
 1  2  2     6.4017840150e+00
 1  2  3    -8.8822392399e+00
 1  3  1     6.2421160195e+00
 1  3  2    -8.8822392399e+00
 1  3  3     6.4017840150e+00
 2  1  1    -6.4017840150e+00
 2  1  2     6.2421160195e+00
 2  1  3    -8.8822392399e+00
 2  2  1     6.4017840150e+00
 2  2  2    -3.1817402863e+00
 2  2  3     6.4017840150e+00
 2  3  1    -8.8822392399e+00
 2  3  2     6.2421160195e+00
 2  3  3    -6.4017840150e+00
 3  1  1     6.4017840150e+00
 3  1  2    -8.8822392399e+00
 3  1  3     6.2421160195e+00
 3  2  1    -8.8822392399e+00
 3  2  2     6.4017840150e+00
 3  2  3    -6.2421160195e+00
 3  3  1     6.4017840150e+00
 3  3  2    -6.4017840150e+00
 3  3  3     3.1817402863e+00

   73
-2.7009000000e+00 0.0000000000e+00 -2.7009000000e+00
0.0000000000e+00 0.0000000000e+00 0.0000000000e+00
     1      2      2
 1  1  1     0.0000000000e+00
 1  1  2    -2.6271688328e-01
 1  1  3    -6.6841051572e-02
 1  2  1    -2.6271688328e-01
 1  2  2     0.0000000000e+00
 1  2  3     8.4883251094e-02
 1  3  1     6.6841051572e-02
 1  3  2     8.4883251094e-02
 1  3  3     0.0000000000e+00
 2  1  1    -4.7606926298e-02
 2  1  2     1.3497980895e-02
 2  1  3     4.9808615039e-01
 2  2  1    -1.3497980895e-02
 2  2  2     1.1455871129e-01
 2  2  3    -1.3497980895e-02
 2  3  1     4.9808615039e-01
 2  3  2     1.3497980895e-02
 2  3  3    -4.7606926298e-02
 3  1  1     0.0000000000e+00
 3  1  2     8.4883251094e-02
 3  1  3     6.6841051572e-02
 3  2  1     8.4883251094e-02
 3  2  2     0.0000000000e+00
 3  2  3    -2.6271688328e-01
 3  3  1    -6.6841051572e-02
 3  3  2    -2.6271688328e-01
 3  3  3     0.0000000000e+00

   74
-2.7009000000e+00 0.0000000000e+00 -2.7009000000e+00
0.0000000000e+00 2.7009000000e+00 2.7009000000e+00
     1      2      1
 1  1  1    -2.0798643268e-02
 1  1  2     3.5359846116e-02
 1  1  3    -3.5359846116e-02
 1  2  1     4.2526434434e-02
 1  2  2    -5.0891905195e-03
 1  2  3    -3.8267726566e-02
 1  3  1    -4.2526434434e-02
 1  3  2    -3.8267726566e-02
 1  3  3    -5.0891905195e-03
 2  1  1    -4.4354891269e-02
 2  1  2     8.1556607922e-03
 2  1  3    -1.7544200508e-02
 2  2  1    -2.5164203694e-02
 2  2  2     2.9567687509e-02
 2  2  3    -3.3202051217e-02
 2  3  1    -3.9333786320e-02
 2  3  2    -4.4789058074e-02
 2  3  3    -1.7355461497e-02
 3  1  1     4.4354891269e-02
 3  1  2    -1.7544200508e-02
 3  1  3     8.1556607922e-03
 3  2  1    -3.9333786320e-02
 3  2  2     1.7355461497e-02
 3  2  3     4.4789058074e-02
 3  3  1    -2.5164203694e-02
 3  3  2     3.3202051217e-02
 3  3  3    -2.9567687509e-02

   75
-2.7009000000e+00 0.0000000000e+00 -2.7009000000e+00
0.0000000000e+00 -2.7009000000e+00 -2.7009000000e+00
     1      2      2
 1  1  1     0.0000000000e+00
 1  1  2     6.6841051572e-02
 1  1  3     2.6271688328e-01
 1  2  1    -6.6841051572e-02
 1  2  2     0.0000000000e+00
 1  2  3     8.4883251094e-02
 1  3  1     2.6271688328e-01
 1  3  2     8.4883251094e-02
 1  3  3     0.0000000000e+00
 2  1  1     0.0000000000e+00
 2  1  2     6.6841051572e-02
 2  1  3     8.4883251094e-02
 2  2  1    -6.6841051572e-02
 2  2  2     0.0000000000e+00
 2  2  3     2.6271688328e-01
 2  3  1     8.4883251094e-02
 2  3  2     2.6271688328e-01
 2  3  3     0.0000000000e+00
 3  1  1     4.7606926298e-02
 3  1  2     4.9808615039e-01
 3  1  3     1.3497980895e-02
 3  2  1     4.9808615039e-01
 3  2  2     4.7606926298e-02
 3  2  3    -1.3497980895e-02
 3  3  1    -1.3497980895e-02
 3  3  2     1.3497980895e-02
 3  3  3    -1.1455871129e-01

   76
-2.7009000000e+00 0.0000000000e+00 -2.7009000000e+00
-2.7009000000e+00 0.0000000000e+00 -2.7009000000e+00
     1      2      1
 1  1  1     0.0000000000e+00
 1  1  2     2.6271688328e-01
 1  1  3     6.6841051572e-02
 1  2  1     4.7606926298e-02
 1  2  2    -1.3497980895e-02
 1  2  3    -4.9808615039e-01
 1  3  1     0.0000000000e+00
 1  3  2    -8.4883251094e-02
 1  3  3    -6.6841051572e-02
 2  1  1     2.6271688328e-01
 2  1  2     0.0000000000e+00
 2  1  3    -8.4883251094e-02
 2  2  1     1.3497980895e-02
 2  2  2    -1.1455871129e-01
 2  2  3     1.3497980895e-02
 2  3  1    -8.4883251094e-02
 2  3  2     0.0000000000e+00
 2  3  3     2.6271688328e-01
 3  1  1    -6.6841051572e-02
 3  1  2    -8.4883251094e-02
 3  1  3     0.0000000000e+00
 3  2  1    -4.9808615039e-01
 3  2  2    -1.3497980895e-02
 3  2  3     4.7606926298e-02
 3  3  1     6.6841051572e-02
 3  3  2     2.6271688328e-01
 3  3  3     0.0000000000e+00

   77
-2.7009000000e+00 0.0000000000e+00 -2.7009000000e+00
-2.7009000000e+00 0.0000000000e+00 -2.7009000000e+00
     1      2      2
 1  1  1    -3.1817402863e+00
 1  1  2     6.4017840150e+00
 1  1  3    -6.4017840150e+00
 1  2  1     6.4017840150e+00
 1  2  2    -6.2421160195e+00
 1  2  3     8.8822392399e+00
 1  3  1    -6.4017840150e+00
 1  3  2     8.8822392399e+00
 1  3  3    -6.2421160195e+00
 2  1  1     6.2421160195e+00
 2  1  2    -6.4017840150e+00
 2  1  3     8.8822392399e+00
 2  2  1    -6.4017840150e+00
 2  2  2     3.1817402863e+00
 2  2  3    -6.4017840150e+00
 2  3  1     8.8822392399e+00
 2  3  2    -6.4017840150e+00
 2  3  3     6.2421160195e+00
 3  1  1    -6.2421160195e+00
 3  1  2     8.8822392399e+00
 3  1  3    -6.4017840150e+00
 3  2  1     8.8822392399e+00
 3  2  2    -6.2421160195e+00
 3  2  3     6.4017840150e+00
 3  3  1    -6.4017840150e+00
 3  3  2     6.4017840150e+00
 3  3  3    -3.1817402863e+00

   78
-2.7009000000e+00 0.0000000000e+00 -2.7009000000e+00
-2.7009000000e+00 2.7009000000e+00 0.0000000000e+00
     1      2      1
 1  1  1     0.0000000000e+00
 1  1  2    -6.6841051572e-02
 1  1  3    -2.6271688328e-01
 1  2  1     0.0000000000e+00
 1  2  2    -6.6841051572e-02
 1  2  3    -8.4883251094e-02
 1  3  1    -4.7606926298e-02
 1  3  2    -4.9808615039e-01
 1  3  3    -1.3497980895e-02
 2  1  1     6.6841051572e-02
 2  1  2     0.0000000000e+00
 2  1  3    -8.4883251094e-02
 2  2  1     6.6841051572e-02
 2  2  2     0.0000000000e+00
 2  2  3    -2.6271688328e-01
 2  3  1    -4.9808615039e-01
 2  3  2    -4.7606926298e-02
 2  3  3     1.3497980895e-02
 3  1  1    -2.6271688328e-01
 3  1  2    -8.4883251094e-02
 3  1  3     0.0000000000e+00
 3  2  1    -8.4883251094e-02
 3  2  2    -2.6271688328e-01
 3  2  3     0.0000000000e+00
 3  3  1     1.3497980895e-02
 3  3  2    -1.3497980895e-02
 3  3  3     1.1455871129e-01

   79
-2.7009000000e+00 0.0000000000e+00 -2.7009000000e+00
-2.7009000000e+00 2.7009000000e+00 0.0000000000e+00
     1      2      2
 1  1  1     2.0798643268e-02
 1  1  2    -3.5359846116e-02
 1  1  3     3.5359846116e-02
 1  2  1     4.4354891269e-02
 1  2  2    -8.1556607922e-03
 1  2  3     1.7544200508e-02
 1  3  1    -4.4354891269e-02
 1  3  2     1.7544200508e-02
 1  3  3    -8.1556607922e-03
 2  1  1    -4.2526434434e-02
 2  1  2     5.0891905195e-03
 2  1  3     3.8267726566e-02
 2  2  1     2.5164203694e-02
 2  2  2    -2.9567687509e-02
 2  2  3     3.3202051217e-02
 2  3  1     3.9333786320e-02
 2  3  2    -1.7355461497e-02
 2  3  3    -4.4789058074e-02
 3  1  1     4.2526434434e-02
 3  1  2     3.8267726566e-02
 3  1  3     5.0891905195e-03
 3  2  1     3.9333786320e-02
 3  2  2     4.4789058074e-02
 3  2  3     1.7355461497e-02
 3  3  1     2.5164203694e-02
 3  3  2    -3.3202051217e-02
 3  3  3     2.9567687509e-02

   80
-2.7009000000e+00 0.0000000000e+00 -2.7009000000e+00
-2.7009000000e+00 -2.7009000000e+00 0.0000000000e+00
     1      2      1
 1  1  1    -2.9567687509e-02
 1  1  2     3.3202051217e-02
 1  1  3    -2.5164203694e-02
 1  2  1     4.4789058074e-02
 1  2  2     1.7355461497e-02
 1  2  3    -3.9333786320e-02
 1  3  1     8.1556607922e-03
 1  3  2    -1.7544200508e-02
 1  3  3     4.4354891269e-02
 2  1  1    -1.7355461497e-02
 2  1  2    -4.4789058074e-02
 2  1  3    -3.9333786320e-02
 2  2  1    -3.3202051217e-02
 2  2  2     2.9567687509e-02
 2  2  3    -2.5164203694e-02
 2  3  1    -1.7544200508e-02
 2  3  2     8.1556607922e-03
 2  3  3    -4.4354891269e-02
 3  1  1    -5.0891905195e-03
 3  1  2    -3.8267726566e-02
 3  1  3    -4.2526434434e-02
 3  2  1    -3.8267726566e-02
 3  2  2    -5.0891905195e-03
 3  2  3     4.2526434434e-02
 3  3  1    -3.5359846116e-02
 3  3  2     3.5359846116e-02
 3  3  3    -2.0798643268e-02

   81
-2.7009000000e+00 0.0000000000e+00 -2.7009000000e+00
-2.7009000000e+00 -2.7009000000e+00 0.0000000000e+00
     1      2      2
 1  1  1    -1.1455871129e-01
 1  1  2     1.3497980895e-02
 1  1  3    -1.3497980895e-02
 1  2  1    -1.3497980895e-02
 1  2  2     4.7606926298e-02
 1  2  3     4.9808615039e-01
 1  3  1     1.3497980895e-02
 1  3  2     4.9808615039e-01
 1  3  3     4.7606926298e-02
 2  1  1     0.0000000000e+00
 2  1  2     2.6271688328e-01
 2  1  3     8.4883251094e-02
 2  2  1     2.6271688328e-01
 2  2  2     0.0000000000e+00
 2  2  3    -6.6841051572e-02
 2  3  1     8.4883251094e-02
 2  3  2     6.6841051572e-02
 2  3  3     0.0000000000e+00
 3  1  1     0.0000000000e+00
 3  1  2     8.4883251094e-02
 3  1  3     2.6271688328e-01
 3  2  1     8.4883251094e-02
 3  2  2     0.0000000000e+00
 3  2  3    -6.6841051572e-02
 3  3  1     2.6271688328e-01
 3  3  2     6.6841051572e-02
 3  3  3     0.0000000000e+00

   82
-2.7009000000e+00 0.0000000000e+00 -2.7009000000e+00
2.7009000000e+00 0.0000000000e+00 -2.7009000000e+00
     1      2      1
 1  1  1    -2.9567687509e-02
 1  1  2     2.5164203694e-02
 1  1  3    -3.3202051217e-02
 1  2  1    -8.1556607922e-03
 1  2  2     4.4354891269e-02
 1  2  3    -1.7544200508e-02
 1  3  1    -4.4789058074e-02
 1  3  2    -3.9333786320e-02
 1  3  3     1.7355461497e-02
 2  1  1     5.0891905195e-03
 2  1  2    -4.2526434434e-02
 2  1  3    -3.8267726566e-02
 2  2  1    -3.5359846116e-02
 2  2  2     2.0798643268e-02
 2  2  3    -3.5359846116e-02
 2  3  1    -3.8267726566e-02
 2  3  2    -4.2526434434e-02
 2  3  3     5.0891905195e-03
 3  1  1     1.7355461497e-02
 3  1  2    -3.9333786320e-02
 3  1  3    -4.4789058074e-02
 3  2  1    -1.7544200508e-02
 3  2  2     4.4354891269e-02
 3  2  3    -8.1556607922e-03
 3  3  1    -3.3202051217e-02
 3  3  2     2.5164203694e-02
 3  3  3    -2.9567687509e-02

   83
-2.7009000000e+00 0.0000000000e+00 -2.7009000000e+00
0.0000000000e+00 2.7009000000e+00 -2.7009000000e+00
     1      2      1
 1  1  1     1.1455871129e-01
 1  1  2    -1.3497980895e-02
 1  1  3     1.3497980895e-02
 1  2  1     0.0000000000e+00
 1  2  2    -2.6271688328e-01
 1  2  3    -8.4883251094e-02
 1  3  1     0.0000000000e+00
 1  3  2    -8.4883251094e-02
 1  3  3    -2.6271688328e-01
 2  1  1     1.3497980895e-02
 2  1  2    -4.7606926298e-02
 2  1  3    -4.9808615039e-01
 2  2  1    -2.6271688328e-01
 2  2  2     0.0000000000e+00
 2  2  3     6.6841051572e-02
 2  3  1    -8.4883251094e-02
 2  3  2     0.0000000000e+00
 2  3  3     6.6841051572e-02
 3  1  1    -1.3497980895e-02
 3  1  2    -4.9808615039e-01
 3  1  3    -4.7606926298e-02
 3  2  1    -8.4883251094e-02
 3  2  2    -6.6841051572e-02
 3  2  3     0.0000000000e+00
 3  3  1    -2.6271688328e-01
 3  3  2    -6.6841051572e-02
 3  3  3     0.0000000000e+00

   84
-2.7009000000e+00 0.0000000000e+00 -2.7009000000e+00
-5.4018000000e+00 -2.7009000000e+00 -2.7009000000e+00
     1      2      2
 1  1  1     2.9567687509e-02
 1  1  2    -3.3202051217e-02
 1  1  3     2.5164203694e-02
 1  2  1     1.7355461497e-02
 1  2  2     4.4789058074e-02
 1  2  3     3.9333786320e-02
 1  3  1     5.0891905195e-03
 1  3  2     3.8267726566e-02
 1  3  3     4.2526434434e-02
 2  1  1    -4.4789058074e-02
 2  1  2    -1.7355461497e-02
 2  1  3     3.9333786320e-02
 2  2  1     3.3202051217e-02
 2  2  2    -2.9567687509e-02
 2  2  3     2.5164203694e-02
 2  3  1     3.8267726566e-02
 2  3  2     5.0891905195e-03
 2  3  3    -4.2526434434e-02
 3  1  1    -8.1556607922e-03
 3  1  2     1.7544200508e-02
 3  1  3    -4.4354891269e-02
 3  2  1     1.7544200508e-02
 3  2  2    -8.1556607922e-03
 3  2  3     4.4354891269e-02
 3  3  1     3.5359846116e-02
 3  3  2    -3.5359846116e-02
 3  3  3     2.0798643268e-02

   85
-2.7009000000e+00 0.0000000000e+00 -2.7009000000e+00
0.0000000000e+00 0.0000000000e+00 -5.4018000000e+00
     1      2      2
 1  1  1     2.9567687509e-02
 1  1  2    -2.5164203694e-02
 1  1  3     3.3202051217e-02
 1  2  1    -5.0891905195e-03
 1  2  2     4.2526434434e-02
 1  2  3     3.8267726566e-02
 1  3  1    -1.7355461497e-02
 1  3  2     3.9333786320e-02
 1  3  3     4.4789058074e-02
 2  1  1     8.1556607922e-03
 2  1  2    -4.4354891269e-02
 2  1  3     1.7544200508e-02
 2  2  1     3.5359846116e-02
 2  2  2    -2.0798643268e-02
 2  2  3     3.5359846116e-02
 2  3  1     1.7544200508e-02
 2  3  2    -4.4354891269e-02
 2  3  3     8.1556607922e-03
 3  1  1     4.4789058074e-02
 3  1  2     3.9333786320e-02
 3  1  3    -1.7355461497e-02
 3  2  1     3.8267726566e-02
 3  2  2     4.2526434434e-02
 3  2  3    -5.0891905195e-03
 3  3  1     3.3202051217e-02
 3  3  2    -2.5164203694e-02
 3  3  3     2.9567687509e-02

   86
2.7009000000e+00 -2.7009000000e+00 0.0000000000e+00
0.0000000000e+00 0.0000000000e+00 0.0000000000e+00
     1      1      1
 1  1  1     0.0000000000e+00
 1  1  2     0.0000000000e+00
 1  1  3     1.8739634866e-01
 1  2  1     0.0000000000e+00
 1  2  2     0.0000000000e+00
 1  2  3     2.7146614263e-01
 1  3  1     1.9427549508e-01
 1  3  2     1.1047329564e-02
 1  3  3     0.0000000000e+00
 2  1  1     0.0000000000e+00
 2  1  2     0.0000000000e+00
 2  1  3     2.7146614263e-01
 2  2  1     0.0000000000e+00
 2  2  2     0.0000000000e+00
 2  2  3     1.8739634866e-01
 2  3  1     1.1047329564e-02
 2  3  2     1.9427549508e-01
 2  3  3     0.0000000000e+00
 3  1  1     1.8739634866e-01
 3  1  2     2.7146614263e-01
 3  1  3     0.0000000000e+00
 3  2  1     2.7146614263e-01
 3  2  2     1.8739634866e-01
 3  2  3     0.0000000000e+00
 3  3  1     0.0000000000e+00
 3  3  2     0.0000000000e+00
 3  3  3    -1.5953594981e-01

   87
2.7009000000e+00 -2.7009000000e+00 0.0000000000e+00
0.0000000000e+00 0.0000000000e+00 0.0000000000e+00
     1      1      2
 1  1  1     2.9567687509e-02
 1  1  2     4.4789058074e-02
 1  1  3    -8.1556607922e-03
 1  2  1     3.3202051217e-02
 1  2  2    -1.7355461497e-02
 1  2  3    -1.7544200508e-02
 1  3  1     2.5164203694e-02
 1  3  2    -3.9333786320e-02
 1  3  3    -4.4354891269e-02
 2  1  1    -1.7355461497e-02
 2  1  2     3.3202051217e-02
 2  1  3    -1.7544200508e-02
 2  2  1     4.4789058074e-02
 2  2  2     2.9567687509e-02
 2  2  3    -8.1556607922e-03
 2  3  1    -3.9333786320e-02
 2  3  2     2.5164203694e-02
 2  3  3    -4.4354891269e-02
 3  1  1     5.0891905195e-03
 3  1  2    -3.8267726566e-02
 3  1  3     3.5359846116e-02
 3  2  1    -3.8267726566e-02
 3  2  2     5.0891905195e-03
 3  2  3     3.5359846116e-02
 3  3  1     4.2526434434e-02
 3  3  2     4.2526434434e-02
 3  3  3     2.0798643268e-02

   88
2.7009000000e+00 -2.7009000000e+00 0.0000000000e+00
0.0000000000e+00 -2.7009000000e+00 -2.7009000000e+00
     1      1      1
 1  1  1     1.8451752316e-02
 1  1  2     6.4360348474e-04
 1  1  3    -4.9465008683e-02
 1  2  1     6.4360348475e-04
 1  2  2     6.4360348475e-04
 1  2  3     1.3593549152e-02
 1  3  1    -6.4360348475e-04
 1  3  2     3.7134281580e-02
 1  3  3     6.4360348474e-04
 2  1  1     4.9465008683e-02
 2  1  2     4.9465008683e-02
 2  1  3     1.6102513025e-01
 2  2  1     6.4360348474e-04
 2  2  2     1.8451752316e-02
 2  2  3    -4.9465008683e-02
 2  3  1     1.3593549152e-02
 2  3  2    -6.4360348474e-04
 2  3  3     4.9465008683e-02
 3  1  1    -6.4360348474e-04
 3  1  2     1.3593549152e-02
 3  1  3     4.9465008683e-02
 3  2  1     3.7134281580e-02
 3  2  2    -6.4360348475e-04
 3  2  3     6.4360348474e-04
 3  3  1     6.4360348475e-04
 3  3  2     6.4360348475e-04
 3  3  3    -1.8451752316e-02

   89
2.7009000000e+00 -2.7009000000e+00 0.0000000000e+00
0.0000000000e+00 -2.7009000000e+00 -2.7009000000e+00
     1      1      2
 1  1  1     0.0000000000e+00
 1  1  2     0.0000000000e+00
 1  1  3    -4.7606926298e-02
 1  2  1     6.6841051572e-02
 1  2  2     6.6841051572e-02
 1  2  3    -4.9808615039e-01
 1  3  1    -2.6271688328e-01
 1  3  2    -8.4883251094e-02
 1  3  3     1.3497980895e-02
 2  1  1    -6.6841051572e-02
 2  1  2    -6.6841051572e-02
 2  1  3    -4.9808615039e-01
 2  2  1     0.0000000000e+00
 2  2  2     0.0000000000e+00
 2  2  3    -4.7606926298e-02
 2  3  1    -8.4883251094e-02
 2  3  2    -2.6271688328e-01
 2  3  3    -1.3497980895e-02
 3  1  1    -2.6271688328e-01
 3  1  2    -8.4883251094e-02
 3  1  3    -1.3497980895e-02
 3  2  1    -8.4883251094e-02
 3  2  2    -2.6271688328e-01
 3  2  3     1.3497980895e-02
 3  3  1     0.0000000000e+00
 3  3  2     0.0000000000e+00
 3  3  3     1.1455871129e-01

   90
2.7009000000e+00 -2.7009000000e+00 0.0000000000e+00
2.7009000000e+00 0.0000000000e+00 2.7009000000e+00
     1      1      1
 1  1  1     1.8451752316e-02
 1  1  2     6.4360348474e-04
 1  1  3    -4.9465008683e-02
 1  2  1     4.9465008683e-02
 1  2  2     4.9465008683e-02
 1  2  3     1.6102513025e-01
 1  3  1    -6.4360348474e-04
 1  3  2     1.3593549152e-02
 1  3  3     4.9465008683e-02
 2  1  1     6.4360348475e-04
 2  1  2     6.4360348475e-04
 2  1  3     1.3593549152e-02
 2  2  1     6.4360348474e-04
 2  2  2     1.8451752316e-02
 2  2  3    -4.9465008683e-02
 2  3  1     3.7134281580e-02
 2  3  2    -6.4360348475e-04
 2  3  3     6.4360348474e-04
 3  1  1    -6.4360348475e-04
 3  1  2     3.7134281580e-02
 3  1  3     6.4360348474e-04
 3  2  1     1.3593549152e-02
 3  2  2    -6.4360348474e-04
 3  2  3     4.9465008683e-02
 3  3  1     6.4360348475e-04
 3  3  2     6.4360348475e-04
 3  3  3    -1.8451752316e-02

   91
-2.7009000000e+00 2.7009000000e+00 0.0000000000e+00
-2.7009000000e+00 0.0000000000e+00 -2.7009000000e+00
     1      1      2
 1  1  1     0.0000000000e+00
 1  1  2     0.0000000000e+00
 1  1  3    -4.7606926298e-02
 1  2  1    -6.6841051572e-02
 1  2  2    -6.6841051572e-02
 1  2  3    -4.9808615039e-01
 1  3  1    -2.6271688328e-01
 1  3  2    -8.4883251094e-02
 1  3  3    -1.3497980895e-02
 2  1  1     6.6841051572e-02
 2  1  2     6.6841051572e-02
 2  1  3    -4.9808615039e-01
 2  2  1     0.0000000000e+00
 2  2  2     0.0000000000e+00
 2  2  3    -4.7606926298e-02
 2  3  1    -8.4883251094e-02
 2  3  2    -2.6271688328e-01
 2  3  3     1.3497980895e-02
 3  1  1    -2.6271688328e-01
 3  1  2    -8.4883251094e-02
 3  1  3     1.3497980895e-02
 3  2  1    -8.4883251094e-02
 3  2  2    -2.6271688328e-01
 3  2  3    -1.3497980895e-02
 3  3  1     0.0000000000e+00
 3  3  2     0.0000000000e+00
 3  3  3     1.1455871129e-01

   92
2.7009000000e+00 -2.7009000000e+00 0.0000000000e+00
2.7009000000e+00 -2.7009000000e+00 0.0000000000e+00
     1      1      1
 1  1  1     0.0000000000e+00
 1  1  2     0.0000000000e+00
 1  1  3     1.8739634866e-01
 1  2  1     0.0000000000e+00
 1  2  2     0.0000000000e+00
 1  2  3     2.7146614263e-01
 1  3  1     1.8739634866e-01
 1  3  2     2.7146614263e-01
 1  3  3     0.0000000000e+00
 2  1  1     0.0000000000e+00
 2  1  2     0.0000000000e+00
 2  1  3     2.7146614263e-01
 2  2  1     0.0000000000e+00
 2  2  2     0.0000000000e+00
 2  2  3     1.8739634866e-01
 2  3  1     2.7146614263e-01
 2  3  2     1.8739634866e-01
 2  3  3     0.0000000000e+00
 3  1  1     1.9427549508e-01
 3  1  2     1.1047329564e-02
 3  1  3     0.0000000000e+00
 3  2  1     1.1047329564e-02
 3  2  2     1.9427549508e-01
 3  2  3     0.0000000000e+00
 3  3  1     0.0000000000e+00
 3  3  2     0.0000000000e+00
 3  3  3    -1.5953594981e-01

   93
2.7009000000e+00 -2.7009000000e+00 0.0000000000e+00
2.7009000000e+00 -2.7009000000e+00 0.0000000000e+00
     1      1      2
 1  1  1     2.9567687509e-02
 1  1  2     4.4789058074e-02
 1  1  3    -8.1556607922e-03
 1  2  1    -1.7355461497e-02
 1  2  2     3.3202051217e-02
 1  2  3    -1.7544200508e-02
 1  3  1     5.0891905195e-03
 1  3  2    -3.8267726566e-02
 1  3  3     3.5359846116e-02
 2  1  1     3.3202051217e-02
 2  1  2    -1.7355461497e-02
 2  1  3    -1.7544200508e-02
 2  2  1     4.4789058074e-02
 2  2  2     2.9567687509e-02
 2  2  3    -8.1556607922e-03
 2  3  1    -3.8267726566e-02
 2  3  2     5.0891905195e-03
 2  3  3     3.5359846116e-02
 3  1  1     2.5164203694e-02
 3  1  2    -3.9333786320e-02
 3  1  3    -4.4354891269e-02
 3  2  1    -3.9333786320e-02
 3  2  2     2.5164203694e-02
 3  2  3    -4.4354891269e-02
 3  3  1     4.2526434434e-02
 3  3  2     4.2526434434e-02
 3  3  3     2.0798643268e-02

   94
2.7009000000e+00 -2.7009000000e+00 0.0000000000e+00
-2.7009000000e+00 -2.7009000000e+00 0.0000000000e+00
     1      1      2
 1  1  1    -2.9567687509e-02
 1  1  2    -4.4789058074e-02
 1  1  3    -8.1556607922e-03
 1  2  1    -3.3202051217e-02
 1  2  2     1.7355461497e-02
 1  2  3    -1.7544200508e-02
 1  3  1     2.5164203694e-02
 1  3  2    -3.9333786320e-02
 1  3  3     4.4354891269e-02
 2  1  1     1.7355461497e-02
 2  1  2    -3.3202051217e-02
 2  1  3    -1.7544200508e-02
 2  2  1    -4.4789058074e-02
 2  2  2    -2.9567687509e-02
 2  2  3    -8.1556607922e-03
 2  3  1    -3.9333786320e-02
 2  3  2     2.5164203694e-02
 2  3  3     4.4354891269e-02
 3  1  1     5.0891905195e-03
 3  1  2    -3.8267726566e-02
 3  1  3    -3.5359846116e-02
 3  2  1    -3.8267726566e-02
 3  2  2     5.0891905195e-03
 3  2  3    -3.5359846116e-02
 3  3  1    -4.2526434434e-02
 3  3  2    -4.2526434434e-02
 3  3  3     2.0798643268e-02

   95
2.7009000000e+00 -2.7009000000e+00 0.0000000000e+00
2.7009000000e+00 0.0000000000e+00 -2.7009000000e+00
     1      1      1
 1  1  1    -1.8451752316e-02
 1  1  2    -6.4360348474e-04
 1  1  3    -4.9465008683e-02
 1  2  1    -4.9465008683e-02
 1  2  2    -4.9465008683e-02
 1  2  3     1.6102513025e-01
 1  3  1    -6.4360348474e-04
 1  3  2     1.3593549152e-02
 1  3  3    -4.9465008683e-02
 2  1  1    -6.4360348475e-04
 2  1  2    -6.4360348475e-04
 2  1  3     1.3593549152e-02
 2  2  1    -6.4360348474e-04
 2  2  2    -1.8451752316e-02
 2  2  3    -4.9465008683e-02
 2  3  1     3.7134281580e-02
 2  3  2    -6.4360348475e-04
 2  3  3    -6.4360348474e-04
 3  1  1    -6.4360348475e-04
 3  1  2     3.7134281580e-02
 3  1  3    -6.4360348474e-04
 3  2  1     1.3593549152e-02
 3  2  2    -6.4360348474e-04
 3  2  3    -4.9465008683e-02
 3  3  1    -6.4360348475e-04
 3  3  2    -6.4360348475e-04
 3  3  3    -1.8451752316e-02

   96
2.7009000000e+00 -2.7009000000e+00 0.0000000000e+00
2.7009000000e+00 0.0000000000e+00 -2.7009000000e+00
     1      1      2
 1  1  1     0.0000000000e+00
 1  1  2     0.0000000000e+00
 1  1  3    -2.4548083413e-02
 1  2  1    -9.9489805960e-02
 1  2  2    -9.9489805960e-02
 1  2  3     8.7089729381e-02
 1  3  1     4.2914774162e-02
 1  3  2    -2.9499802849e-02
 1  3  3     3.8245878644e-03
 2  1  1     9.9489805960e-02
 2  1  2     9.9489805960e-02
 2  1  3     8.7089729381e-02
 2  2  1     0.0000000000e+00
 2  2  2     0.0000000000e+00
 2  2  3    -2.4548083413e-02
 2  3  1    -2.9499802849e-02
 2  3  2     4.2914774162e-02
 2  3  3    -3.8245878644e-03
 3  1  1     4.2914774162e-02
 3  1  2    -2.9499802849e-02
 3  1  3    -3.8245878644e-03
 3  2  1    -2.9499802849e-02
 3  2  2     4.2914774162e-02
 3  2  3     3.8245878644e-03
 3  3  1     0.0000000000e+00
 3  3  2     0.0000000000e+00
 3  3  3     4.0283456619e-02

   97
2.7009000000e+00 -2.7009000000e+00 0.0000000000e+00
0.0000000000e+00 -2.7009000000e+00 2.7009000000e+00
     1      1      1
 1  1  1    -1.8451752316e-02
 1  1  2    -6.4360348474e-04
 1  1  3    -4.9465008683e-02
 1  2  1    -6.4360348475e-04
 1  2  2    -6.4360348475e-04
 1  2  3     1.3593549152e-02
 1  3  1    -6.4360348475e-04
 1  3  2     3.7134281580e-02
 1  3  3    -6.4360348474e-04
 2  1  1    -4.9465008683e-02
 2  1  2    -4.9465008683e-02
 2  1  3     1.6102513025e-01
 2  2  1    -6.4360348474e-04
 2  2  2    -1.8451752316e-02
 2  2  3    -4.9465008683e-02
 2  3  1     1.3593549152e-02
 2  3  2    -6.4360348474e-04
 2  3  3    -4.9465008683e-02
 3  1  1    -6.4360348474e-04
 3  1  2     1.3593549152e-02
 3  1  3    -4.9465008683e-02
 3  2  1     3.7134281580e-02
 3  2  2    -6.4360348475e-04
 3  2  3    -6.4360348474e-04
 3  3  1    -6.4360348475e-04
 3  3  2    -6.4360348475e-04
 3  3  3    -1.8451752316e-02

   98
2.7009000000e+00 -2.7009000000e+00 0.0000000000e+00
0.0000000000e+00 -2.7009000000e+00 2.7009000000e+00
     1      1      2
 1  1  1     0.0000000000e+00
 1  1  2     0.0000000000e+00
 1  1  3    -2.4548083413e-02
 1  2  1     9.9489805960e-02
 1  2  2     9.9489805960e-02
 1  2  3     8.7089729381e-02
 1  3  1     4.2914774162e-02
 1  3  2    -2.9499802849e-02
 1  3  3    -3.8245878644e-03
 2  1  1    -9.9489805960e-02
 2  1  2    -9.9489805960e-02
 2  1  3     8.7089729381e-02
 2  2  1     0.0000000000e+00
 2  2  2     0.0000000000e+00
 2  2  3    -2.4548083413e-02
 2  3  1    -2.9499802849e-02
 2  3  2     4.2914774162e-02
 2  3  3     3.8245878644e-03
 3  1  1     4.2914774162e-02
 3  1  2    -2.9499802849e-02
 3  1  3     3.8245878644e-03
 3  2  1    -2.9499802849e-02
 3  2  2     4.2914774162e-02
 3  2  3    -3.8245878644e-03
 3  3  1     0.0000000000e+00
 3  3  2     0.0000000000e+00
 3  3  3     4.0283456619e-02

   99
2.7009000000e+00 -2.7009000000e+00 0.0000000000e+00
0.0000000000e+00 -5.4018000000e+00 0.0000000000e+00
     1      1      2
 1  1  1    -2.9567687509e-02
 1  1  2    -4.4789058074e-02
 1  1  3    -8.1556607922e-03
 1  2  1     1.7355461497e-02
 1  2  2    -3.3202051217e-02
 1  2  3    -1.7544200508e-02
 1  3  1     5.0891905195e-03
 1  3  2    -3.8267726566e-02
 1  3  3    -3.5359846116e-02
 2  1  1    -3.3202051217e-02
 2  1  2     1.7355461497e-02
 2  1  3    -1.7544200508e-02
 2  2  1    -4.4789058074e-02
 2  2  2    -2.9567687509e-02
 2  2  3    -8.1556607922e-03
 2  3  1    -3.8267726566e-02
 2  3  2     5.0891905195e-03
 2  3  3    -3.5359846116e-02
 3  1  1     2.5164203694e-02
 3  1  2    -3.9333786320e-02
 3  1  3     4.4354891269e-02
 3  2  1    -3.9333786320e-02
 3  2  2     2.5164203694e-02
 3  2  3     4.4354891269e-02
 3  3  1    -4.2526434434e-02
 3  3  2    -4.2526434434e-02
 3  3  3     2.0798643268e-02

  100
2.7009000000e+00 -2.7009000000e+00 0.0000000000e+00
0.0000000000e+00 0.0000000000e+00 0.0000000000e+00
     1      2      1
 1  1  1    -9.5773596497e-02
 1  1  2     7.3313067057e-02
 1  1  3    -7.3313067057e-02
 1  2  1    -6.9627531252e-03
 1  2  2     7.3313067057e-02
 1  2  3     2.1211618157e-02
 1  3  1     6.9627531252e-03
 1  3  2     2.1211618157e-02
 1  3  3     7.3313067057e-02
 2  1  1     7.3313067057e-02
 2  1  2    -6.9627531252e-03
 2  1  3     2.1211618157e-02
 2  2  1     7.3313067057e-02
 2  2  2    -9.5773596497e-02
 2  2  3    -7.3313067057e-02
 2  3  1     2.1211618157e-02
 2  3  2     6.9627531252e-03
 2  3  3     7.3313067057e-02
 3  1  1    -7.3313067057e-02
 3  1  2     2.1211618157e-02
 3  1  3    -6.9627531252e-03
 3  2  1     2.1211618157e-02
 3  2  2    -7.3313067057e-02
 3  2  3    -6.9627531252e-03
 3  3  1     7.3313067057e-02
 3  3  2     7.3313067057e-02
 3  3  3     9.5773596497e-02

  101
2.7009000000e+00 -2.7009000000e+00 0.0000000000e+00
0.0000000000e+00 0.0000000000e+00 0.0000000000e+00
     1      2      2
 1  1  1    -2.9567687509e-02
 1  1  2     1.7355461497e-02
 1  1  3    -5.0891905195e-03
 1  2  1    -3.3202051217e-02
 1  2  2    -4.4789058074e-02
 1  2  3     3.8267726566e-02
 1  3  1    -2.5164203694e-02
 1  3  2     3.9333786320e-02
 1  3  3    -4.2526434434e-02
 2  1  1    -4.4789058074e-02
 2  1  2    -3.3202051217e-02
 2  1  3     3.8267726566e-02
 2  2  1     1.7355461497e-02
 2  2  2    -2.9567687509e-02
 2  2  3    -5.0891905195e-03
 2  3  1     3.9333786320e-02
 2  3  2    -2.5164203694e-02
 2  3  3    -4.2526434434e-02
 3  1  1     8.1556607922e-03
 3  1  2     1.7544200508e-02
 3  1  3    -3.5359846116e-02
 3  2  1     1.7544200508e-02
 3  2  2     8.1556607922e-03
 3  2  3    -3.5359846116e-02
 3  3  1     4.4354891269e-02
 3  3  2     4.4354891269e-02
 3  3  3    -2.0798643268e-02

  102
-2.7009000000e+00 -2.7009000000e+00 -5.4018000000e+00
0.0000000000e+00 -2.7009000000e+00 -2.7009000000e+00
     1      2      1
 1  1  1    -2.0798643268e-02
 1  1  2    -4.4354891269e-02
 1  1  3     4.4354891269e-02
 1  2  1     4.2526434434e-02
 1  2  2    -2.5164203694e-02
 1  2  3    -3.9333786320e-02
 1  3  1    -4.2526434434e-02
 1  3  2    -3.9333786320e-02
 1  3  3    -2.5164203694e-02
 2  1  1     3.5359846116e-02
 2  1  2     8.1556607922e-03
 2  1  3    -1.7544200508e-02
 2  2  1    -5.0891905195e-03
 2  2  2     2.9567687509e-02
 2  2  3     1.7355461497e-02
 2  3  1    -3.8267726566e-02
 2  3  2    -4.4789058074e-02
 2  3  3     3.3202051217e-02
 3  1  1    -3.5359846116e-02
 3  1  2    -1.7544200508e-02
 3  1  3     8.1556607922e-03
 3  2  1    -3.8267726566e-02
 3  2  2    -3.3202051217e-02
 3  2  3     4.4789058074e-02
 3  3  1    -5.0891905195e-03
 3  3  2    -1.7355461497e-02
 3  3  3    -2.9567687509e-02

  103
2.7009000000e+00 -2.7009000000e+00 0.0000000000e+00
0.0000000000e+00 -2.7009000000e+00 -2.7009000000e+00
     1      2      2
 1  1  1    -2.9567687509e-02
 1  1  2     5.0891905195e-03
 1  1  3    -1.7355461497e-02
 1  2  1     2.5164203694e-02
 1  2  2    -4.2526434434e-02
 1  2  3     3.9333786320e-02
 1  3  1     3.3202051217e-02
 1  3  2     3.8267726566e-02
 1  3  3    -4.4789058074e-02
 2  1  1    -8.1556607922e-03
 2  1  2    -3.5359846116e-02
 2  1  3     1.7544200508e-02
 2  2  1     4.4354891269e-02
 2  2  2     2.0798643268e-02
 2  2  3    -4.4354891269e-02
 2  3  1     1.7544200508e-02
 2  3  2     3.5359846116e-02
 2  3  3    -8.1556607922e-03
 3  1  1     4.4789058074e-02
 3  1  2     3.8267726566e-02
 3  1  3    -3.3202051217e-02
 3  2  1     3.9333786320e-02
 3  2  2     4.2526434434e-02
 3  2  3     2.5164203694e-02
 3  3  1     1.7355461497e-02
 3  3  2     5.0891905195e-03
 3  3  3     2.9567687509e-02

  104
-2.7009000000e+00 -2.7009000000e+00 -5.4018000000e+00
-2.7009000000e+00 0.0000000000e+00 -2.7009000000e+00
     1      2      1
 1  1  1     2.9567687509e-02
 1  1  2    -5.0891905195e-03
 1  1  3     1.7355461497e-02
 1  2  1     8.1556607922e-03
 1  2  2     3.5359846116e-02
 1  2  3    -1.7544200508e-02
 1  3  1    -4.4789058074e-02
 1  3  2    -3.8267726566e-02
 1  3  3     3.3202051217e-02
 2  1  1    -2.5164203694e-02
 2  1  2     4.2526434434e-02
 2  1  3    -3.9333786320e-02
 2  2  1    -4.4354891269e-02
 2  2  2    -2.0798643268e-02
 2  2  3     4.4354891269e-02
 2  3  1    -3.9333786320e-02
 2  3  2    -4.2526434434e-02
 2  3  3    -2.5164203694e-02
 3  1  1    -3.3202051217e-02
 3  1  2    -3.8267726566e-02
 3  1  3     4.4789058074e-02
 3  2  1    -1.7544200508e-02
 3  2  2    -3.5359846116e-02
 3  2  3     8.1556607922e-03
 3  3  1    -1.7355461497e-02
 3  3  2    -5.0891905195e-03
 3  3  3    -2.9567687509e-02

  105
-2.7009000000e+00 2.7009000000e+00 0.0000000000e+00
-2.7009000000e+00 0.0000000000e+00 -2.7009000000e+00
     1      2      2
 1  1  1     2.0798643268e-02
 1  1  2     4.4354891269e-02
 1  1  3    -4.4354891269e-02
 1  2  1    -3.5359846116e-02
 1  2  2    -8.1556607922e-03
 1  2  3     1.7544200508e-02
 1  3  1     3.5359846116e-02
 1  3  2     1.7544200508e-02
 1  3  3    -8.1556607922e-03
 2  1  1    -4.2526434434e-02
 2  1  2     2.5164203694e-02
 2  1  3     3.9333786320e-02
 2  2  1     5.0891905195e-03
 2  2  2    -2.9567687509e-02
 2  2  3    -1.7355461497e-02
 2  3  1     3.8267726566e-02
 2  3  2     3.3202051217e-02
 2  3  3    -4.4789058074e-02
 3  1  1     4.2526434434e-02
 3  1  2     3.9333786320e-02
 3  1  3     2.5164203694e-02
 3  2  1     3.8267726566e-02
 3  2  2     4.4789058074e-02
 3  2  3    -3.3202051217e-02
 3  3  1     5.0891905195e-03
 3  3  2     1.7355461497e-02
 3  3  3     2.9567687509e-02

  106
2.7009000000e+00 -2.7009000000e+00 0.0000000000e+00
2.7009000000e+00 -2.7009000000e+00 0.0000000000e+00
     1      2      1
 1  1  1     2.9567687509e-02
 1  1  2    -1.7355461497e-02
 1  1  3     5.0891905195e-03
 1  2  1     4.4789058074e-02
 1  2  2     3.3202051217e-02
 1  2  3    -3.8267726566e-02
 1  3  1    -8.1556607922e-03
 1  3  2    -1.7544200508e-02
 1  3  3     3.5359846116e-02
 2  1  1     3.3202051217e-02
 2  1  2     4.4789058074e-02
 2  1  3    -3.8267726566e-02
 2  2  1    -1.7355461497e-02
 2  2  2     2.9567687509e-02
 2  2  3     5.0891905195e-03
 2  3  1    -1.7544200508e-02
 2  3  2    -8.1556607922e-03
 2  3  3     3.5359846116e-02
 3  1  1     2.5164203694e-02
 3  1  2    -3.9333786320e-02
 3  1  3     4.2526434434e-02
 3  2  1    -3.9333786320e-02
 3  2  2     2.5164203694e-02
 3  2  3     4.2526434434e-02
 3  3  1    -4.4354891269e-02
 3  3  2    -4.4354891269e-02
 3  3  3     2.0798643268e-02

  107
-2.7009000000e+00 -2.7009000000e+00 -5.4018000000e+00
-2.7009000000e+00 -2.7009000000e+00 -5.4018000000e+00
     1      2      2
 1  1  1     9.5773596497e-02
 1  1  2    -7.3313067057e-02
 1  1  3     7.3313067057e-02
 1  2  1    -7.3313067057e-02
 1  2  2     6.9627531252e-03
 1  2  3    -2.1211618157e-02
 1  3  1     7.3313067057e-02
 1  3  2    -2.1211618157e-02
 1  3  3     6.9627531252e-03
 2  1  1     6.9627531252e-03
 2  1  2    -7.3313067057e-02
 2  1  3    -2.1211618157e-02
 2  2  1    -7.3313067057e-02
 2  2  2     9.5773596497e-02
 2  2  3     7.3313067057e-02
 2  3  1    -2.1211618157e-02
 2  3  2     7.3313067057e-02
 2  3  3     6.9627531252e-03
 3  1  1    -6.9627531252e-03
 3  1  2    -2.1211618157e-02
 3  1  3    -7.3313067057e-02
 3  2  1    -2.1211618157e-02
 3  2  2    -6.9627531252e-03
 3  2  3    -7.3313067057e-02
 3  3  1    -7.3313067057e-02
 3  3  2    -7.3313067057e-02
 3  3  3    -9.5773596497e-02

  108
2.7009000000e+00 -2.7009000000e+00 0.0000000000e+00
2.7009000000e+00 2.7009000000e+00 0.0000000000e+00
     1      2      1
 1  1  1     0.0000000000e+00
 1  1  2     9.9489805960e-02
 1  1  3    -4.2914774162e-02
 1  2  1     0.0000000000e+00
 1  2  2    -9.9489805960e-02
 1  2  3    -2.9499802849e-02
 1  3  1     2.4548083413e-02
 1  3  2     8.7089729381e-02
 1  3  3     3.8245878644e-03
 2  1  1    -9.9489805960e-02
 2  1  2     0.0000000000e+00
 2  1  3    -2.9499802849e-02
 2  2  1     9.9489805960e-02
 2  2  2     0.0000000000e+00
 2  2  3    -4.2914774162e-02
 2  3  1     8.7089729381e-02
 2  3  2     2.4548083413e-02
 2  3  3     3.8245878644e-03
 3  1  1    -4.2914774162e-02
 3  1  2    -2.9499802849e-02
 3  1  3     0.0000000000e+00
 3  2  1    -2.9499802849e-02
 3  2  2    -4.2914774162e-02
 3  2  3     0.0000000000e+00
 3  3  1    -3.8245878644e-03
 3  3  2    -3.8245878644e-03
 3  3  3    -4.0283456619e-02

  109
2.7009000000e+00 -2.7009000000e+00 0.0000000000e+00
2.7009000000e+00 0.0000000000e+00 -2.7009000000e+00
     1      2      1
 1  1  1     0.0000000000e+00
 1  1  2     4.2914774162e-02
 1  1  3    -9.9489805960e-02
 1  2  1    -2.4548083413e-02
 1  2  2     3.8245878644e-03
 1  2  3     8.7089729381e-02
 1  3  1     0.0000000000e+00
 1  3  2    -2.9499802849e-02
 1  3  3    -9.9489805960e-02
 2  1  1     4.2914774162e-02
 2  1  2     0.0000000000e+00
 2  1  3    -2.9499802849e-02
 2  2  1    -3.8245878644e-03
 2  2  2     4.0283456619e-02
 2  2  3     3.8245878644e-03
 2  3  1    -2.9499802849e-02
 2  3  2     0.0000000000e+00
 2  3  3     4.2914774162e-02
 3  1  1     9.9489805960e-02
 3  1  2    -2.9499802849e-02
 3  1  3     0.0000000000e+00
 3  2  1     8.7089729381e-02
 3  2  2    -3.8245878644e-03
 3  2  3    -2.4548083413e-02
 3  3  1     9.9489805960e-02
 3  3  2     4.2914774162e-02
 3  3  3     0.0000000000e+00

  110
2.7009000000e+00 -2.7009000000e+00 0.0000000000e+00
2.7009000000e+00 0.0000000000e+00 -2.7009000000e+00
     1      2      2
 1  1  1    -4.0283456619e-02
 1  1  2     3.8245878644e-03
 1  1  3    -3.8245878644e-03
 1  2  1    -3.8245878644e-03
 1  2  2     2.4548083413e-02
 1  2  3    -8.7089729381e-02
 1  3  1     3.8245878644e-03
 1  3  2    -8.7089729381e-02
 1  3  3     2.4548083413e-02
 2  1  1     0.0000000000e+00
 2  1  2    -4.2914774162e-02
 2  1  3     2.9499802849e-02
 2  2  1    -4.2914774162e-02
 2  2  2     0.0000000000e+00
 2  2  3     9.9489805960e-02
 2  3  1     2.9499802849e-02
 2  3  2    -9.9489805960e-02
 2  3  3     0.0000000000e+00
 3  1  1     0.0000000000e+00
 3  1  2     2.9499802849e-02
 3  1  3    -4.2914774162e-02
 3  2  1     2.9499802849e-02
 3  2  2     0.0000000000e+00
 3  2  3     9.9489805960e-02
 3  3  1    -4.2914774162e-02
 3  3  2    -9.9489805960e-02
 3  3  3     0.0000000000e+00

  111
2.7009000000e+00 -2.7009000000e+00 0.0000000000e+00
0.0000000000e+00 -2.7009000000e+00 2.7009000000e+00
     1      2      1
 1  1  1     4.0283456619e-02
 1  1  2    -3.8245878644e-03
 1  1  3     3.8245878644e-03
 1  2  1     0.0000000000e+00
 1  2  2     4.2914774162e-02
 1  2  3    -2.9499802849e-02
 1  3  1     0.0000000000e+00
 1  3  2    -2.9499802849e-02
 1  3  3     4.2914774162e-02
 2  1  1     3.8245878644e-03
 2  1  2    -2.4548083413e-02
 2  1  3     8.7089729381e-02
 2  2  1     4.2914774162e-02
 2  2  2     0.0000000000e+00
 2  2  3    -9.9489805960e-02
 2  3  1    -2.9499802849e-02
 2  3  2     0.0000000000e+00
 2  3  3    -9.9489805960e-02
 3  1  1    -3.8245878644e-03
 3  1  2     8.7089729381e-02
 3  1  3    -2.4548083413e-02
 3  2  1    -2.9499802849e-02
 3  2  2     9.9489805960e-02
 3  2  3     0.0000000000e+00
 3  3  1     4.2914774162e-02
 3  3  2     9.9489805960e-02
 3  3  3     0.0000000000e+00

  112
-2.7009000000e+00 -2.7009000000e+00 -5.4018000000e+00
-5.4018000000e+00 -2.7009000000e+00 -2.7009000000e+00
     1      2      2
 1  1  1     0.0000000000e+00
 1  1  2    -4.2914774162e-02
 1  1  3     9.9489805960e-02
 1  2  1    -4.2914774162e-02
 1  2  2     0.0000000000e+00
 1  2  3     2.9499802849e-02
 1  3  1    -9.9489805960e-02
 1  3  2     2.9499802849e-02
 1  3  3     0.0000000000e+00
 2  1  1     2.4548083413e-02
 2  1  2    -3.8245878644e-03
 2  1  3    -8.7089729381e-02
 2  2  1     3.8245878644e-03
 2  2  2    -4.0283456619e-02
 2  2  3    -3.8245878644e-03
 2  3  1    -8.7089729381e-02
 2  3  2     3.8245878644e-03
 2  3  3     2.4548083413e-02
 3  1  1     0.0000000000e+00
 3  1  2     2.9499802849e-02
 3  1  3     9.9489805960e-02
 3  2  1     2.9499802849e-02
 3  2  2     0.0000000000e+00
 3  2  3    -4.2914774162e-02
 3  3  1    -9.9489805960e-02
 3  3  2    -4.2914774162e-02
 3  3  3     0.0000000000e+00

  113
-2.7009000000e+00 -2.7009000000e+00 -5.4018000000e+00
0.0000000000e+00 0.0000000000e+00 -5.4018000000e+00
     1      2      2
 1  1  1     0.0000000000e+00
 1  1  2    -9.9489805960e-02
 1  1  3     4.2914774162e-02
 1  2  1     9.9489805960e-02
 1  2  2     0.0000000000e+00
 1  2  3     2.9499802849e-02
 1  3  1     4.2914774162e-02
 1  3  2     2.9499802849e-02
 1  3  3     0.0000000000e+00
 2  1  1     0.0000000000e+00
 2  1  2     9.9489805960e-02
 2  1  3     2.9499802849e-02
 2  2  1    -9.9489805960e-02
 2  2  2     0.0000000000e+00
 2  2  3     4.2914774162e-02
 2  3  1     2.9499802849e-02
 2  3  2     4.2914774162e-02
 2  3  3     0.0000000000e+00
 3  1  1    -2.4548083413e-02
 3  1  2    -8.7089729381e-02
 3  1  3    -3.8245878644e-03
 3  2  1    -8.7089729381e-02
 3  2  2    -2.4548083413e-02
 3  2  3    -3.8245878644e-03
 3  3  1     3.8245878644e-03
 3  3  2     3.8245878644e-03
 3  3  3     4.0283456619e-02

  114
2.7009000000e+00 2.7009000000e+00 0.0000000000e+00
0.0000000000e+00 0.0000000000e+00 0.0000000000e+00
     1      1      1
 1  1  1     0.0000000000e+00
 1  1  2     0.0000000000e+00
 1  1  3    -1.8739634866e-01
 1  2  1     0.0000000000e+00
 1  2  2     0.0000000000e+00
 1  2  3     2.7146614263e-01
 1  3  1    -1.9427549508e-01
 1  3  2     1.1047329564e-02
 1  3  3     0.0000000000e+00
 2  1  1     0.0000000000e+00
 2  1  2     0.0000000000e+00
 2  1  3     2.7146614263e-01
 2  2  1     0.0000000000e+00
 2  2  2     0.0000000000e+00
 2  2  3    -1.8739634866e-01
 2  3  1     1.1047329564e-02
 2  3  2    -1.9427549508e-01
 2  3  3     0.0000000000e+00
 3  1  1    -1.8739634866e-01
 3  1  2     2.7146614263e-01
 3  1  3     0.0000000000e+00
 3  2  1     2.7146614263e-01
 3  2  2    -1.8739634866e-01
 3  2  3     0.0000000000e+00
 3  3  1     0.0000000000e+00
 3  3  2     0.0000000000e+00
 3  3  3     1.5953594981e-01

  115
2.7009000000e+00 2.7009000000e+00 0.0000000000e+00
0.0000000000e+00 0.0000000000e+00 0.0000000000e+00
     1      1      2
 1  1  1     0.0000000000e+00
 1  1  2     0.0000000000e+00
 1  1  3     4.7606926298e-02
 1  2  1    -6.6841051572e-02
 1  2  2     6.6841051572e-02
 1  2  3    -4.9808615039e-01
 1  3  1     2.6271688328e-01
 1  3  2    -8.4883251094e-02
 1  3  3     1.3497980895e-02
 2  1  1     6.6841051572e-02
 2  1  2    -6.6841051572e-02
 2  1  3    -4.9808615039e-01
 2  2  1     0.0000000000e+00
 2  2  2     0.0000000000e+00
 2  2  3     4.7606926298e-02
 2  3  1    -8.4883251094e-02
 2  3  2     2.6271688328e-01
 2  3  3     1.3497980895e-02
 3  1  1     2.6271688328e-01
 3  1  2    -8.4883251094e-02
 3  1  3    -1.3497980895e-02
 3  2  1    -8.4883251094e-02
 3  2  2     2.6271688328e-01
 3  2  3    -1.3497980895e-02
 3  3  1     0.0000000000e+00
 3  3  2     0.0000000000e+00
 3  3  3    -1.1455871129e-01

  116
2.7009000000e+00 2.7009000000e+00 0.0000000000e+00
0.0000000000e+00 2.7009000000e+00 2.7009000000e+00
     1      1      1
 1  1  1     1.8451752316e-02
 1  1  2    -6.4360348474e-04
 1  1  3     4.9465008683e-02
 1  2  1    -6.4360348475e-04
 1  2  2     6.4360348475e-04
 1  2  3     1.3593549152e-02
 1  3  1     6.4360348475e-04
 1  3  2     3.7134281580e-02
 1  3  3     6.4360348474e-04
 2  1  1    -4.9465008683e-02
 2  1  2     4.9465008683e-02
 2  1  3     1.6102513025e-01
 2  2  1     6.4360348474e-04
 2  2  2    -1.8451752316e-02
 2  2  3     4.9465008683e-02
 2  3  1     1.3593549152e-02
 2  3  2     6.4360348474e-04
 2  3  3    -4.9465008683e-02
 3  1  1     6.4360348474e-04
 3  1  2     1.3593549152e-02
 3  1  3     4.9465008683e-02
 3  2  1     3.7134281580e-02
 3  2  2     6.4360348475e-04
 3  2  3    -6.4360348474e-04
 3  3  1     6.4360348475e-04
 3  3  2    -6.4360348475e-04
 3  3  3     1.8451752316e-02

  117
-2.7009000000e+00 -2.7009000000e+00 0.0000000000e+00
0.0000000000e+00 -2.7009000000e+00 -2.7009000000e+00
     1      1      2
 1  1  1     2.9567687509e-02
 1  1  2    -4.4789058074e-02
 1  1  3     8.1556607922e-03
 1  2  1    -3.3202051217e-02
 1  2  2    -1.7355461497e-02
 1  2  3    -1.7544200508e-02
 1  3  1    -2.5164203694e-02
 1  3  2    -3.9333786320e-02
 1  3  3    -4.4354891269e-02
 2  1  1     1.7355461497e-02
 2  1  2     3.3202051217e-02
 2  1  3    -1.7544200508e-02
 2  2  1     4.4789058074e-02
 2  2  2    -2.9567687509e-02
 2  2  3     8.1556607922e-03
 2  3  1    -3.9333786320e-02
 2  3  2    -2.5164203694e-02
 2  3  3     4.4354891269e-02
 3  1  1    -5.0891905195e-03
 3  1  2    -3.8267726566e-02
 3  1  3     3.5359846116e-02
 3  2  1    -3.8267726566e-02
 3  2  2    -5.0891905195e-03
 3  2  3    -3.5359846116e-02
 3  3  1     4.2526434434e-02
 3  3  2    -4.2526434434e-02
 3  3  3    -2.0798643268e-02

  118
2.7009000000e+00 2.7009000000e+00 0.0000000000e+00
2.7009000000e+00 0.0000000000e+00 2.7009000000e+00
     1      1      1
 1  1  1    -1.8451752316e-02
 1  1  2     6.4360348474e-04
 1  1  3     4.9465008683e-02
 1  2  1     4.9465008683e-02
 1  2  2    -4.9465008683e-02
 1  2  3     1.6102513025e-01
 1  3  1     6.4360348474e-04
 1  3  2     1.3593549152e-02
 1  3  3    -4.9465008683e-02
 2  1  1     6.4360348475e-04
 2  1  2    -6.4360348475e-04
 2  1  3     1.3593549152e-02
 2  2  1    -6.4360348474e-04
 2  2  2     1.8451752316e-02
 2  2  3     4.9465008683e-02
 2  3  1     3.7134281580e-02
 2  3  2     6.4360348475e-04
 2  3  3     6.4360348474e-04
 3  1  1     6.4360348475e-04
 3  1  2     3.7134281580e-02
 3  1  3    -6.4360348474e-04
 3  2  1     1.3593549152e-02
 3  2  2     6.4360348474e-04
 3  2  3     4.9465008683e-02
 3  3  1    -6.4360348475e-04
 3  3  2     6.4360348475e-04
 3  3  3     1.8451752316e-02

  119
-2.7009000000e+00 -2.7009000000e+00 0.0000000000e+00
-2.7009000000e+00 0.0000000000e+00 -2.7009000000e+00
     1      1      2
 1  1  1    -2.9567687509e-02
 1  1  2     4.4789058074e-02
 1  1  3     8.1556607922e-03
 1  2  1     3.3202051217e-02
 1  2  2     1.7355461497e-02
 1  2  3    -1.7544200508e-02
 1  3  1    -2.5164203694e-02
 1  3  2    -3.9333786320e-02
 1  3  3     4.4354891269e-02
 2  1  1    -1.7355461497e-02
 2  1  2    -3.3202051217e-02
 2  1  3    -1.7544200508e-02
 2  2  1    -4.4789058074e-02
 2  2  2     2.9567687509e-02
 2  2  3     8.1556607922e-03
 2  3  1    -3.9333786320e-02
 2  3  2    -2.5164203694e-02
 2  3  3    -4.4354891269e-02
 3  1  1    -5.0891905195e-03
 3  1  2    -3.8267726566e-02
 3  1  3    -3.5359846116e-02
 3  2  1    -3.8267726566e-02
 3  2  2    -5.0891905195e-03
 3  2  3     3.5359846116e-02
 3  3  1    -4.2526434434e-02
 3  3  2     4.2526434434e-02
 3  3  3    -2.0798643268e-02

  120
2.7009000000e+00 2.7009000000e+00 0.0000000000e+00
2.7009000000e+00 -2.7009000000e+00 0.0000000000e+00
     1      1      2
 1  1  1     0.0000000000e+00
 1  1  2     0.0000000000e+00
 1  1  3     2.4548083413e-02
 1  2  1     9.9489805960e-02
 1  2  2    -9.9489805960e-02
 1  2  3     8.7089729381e-02
 1  3  1    -4.2914774162e-02
 1  3  2    -2.9499802849e-02
 1  3  3     3.8245878644e-03
 2  1  1    -9.9489805960e-02
 2  1  2     9.9489805960e-02
 2  1  3     8.7089729381e-02
 2  2  1     0.0000000000e+00
 2  2  2     0.0000000000e+00
 2  2  3     2.4548083413e-02
 2  3  1    -2.9499802849e-02
 2  3  2    -4.2914774162e-02
 2  3  3     3.8245878644e-03
 3  1  1    -4.2914774162e-02
 3  1  2    -2.9499802849e-02
 3  1  3    -3.8245878644e-03
 3  2  1    -2.9499802849e-02
 3  2  2    -4.2914774162e-02
 3  2  3    -3.8245878644e-03
 3  3  1     0.0000000000e+00
 3  3  2     0.0000000000e+00
 3  3  3    -4.0283456619e-02

  121
2.7009000000e+00 2.7009000000e+00 0.0000000000e+00
2.7009000000e+00 2.7009000000e+00 0.0000000000e+00
     1      1      1
 1  1  1     0.0000000000e+00
 1  1  2     0.0000000000e+00
 1  1  3    -1.8739634866e-01
 1  2  1     0.0000000000e+00
 1  2  2     0.0000000000e+00
 1  2  3     2.7146614263e-01
 1  3  1    -1.8739634866e-01
 1  3  2     2.7146614263e-01
 1  3  3     0.0000000000e+00
 2  1  1     0.0000000000e+00
 2  1  2     0.0000000000e+00
 2  1  3     2.7146614263e-01
 2  2  1     0.0000000000e+00
 2  2  2     0.0000000000e+00
 2  2  3    -1.8739634866e-01
 2  3  1     2.7146614263e-01
 2  3  2    -1.8739634866e-01
 2  3  3     0.0000000000e+00
 3  1  1    -1.9427549508e-01
 3  1  2     1.1047329564e-02
 3  1  3     0.0000000000e+00
 3  2  1     1.1047329564e-02
 3  2  2    -1.9427549508e-01
 3  2  3     0.0000000000e+00
 3  3  1     0.0000000000e+00
 3  3  2     0.0000000000e+00
 3  3  3     1.5953594981e-01

  122
-2.7009000000e+00 -2.7009000000e+00 0.0000000000e+00
-2.7009000000e+00 -2.7009000000e+00 0.0000000000e+00
     1      1      2
 1  1  1     0.0000000000e+00
 1  1  2     0.0000000000e+00
 1  1  3     4.7606926298e-02
 1  2  1     6.6841051572e-02
 1  2  2    -6.6841051572e-02
 1  2  3    -4.9808615039e-01
 1  3  1     2.6271688328e-01
 1  3  2    -8.4883251094e-02
 1  3  3    -1.3497980895e-02
 2  1  1    -6.6841051572e-02
 2  1  2     6.6841051572e-02
 2  1  3    -4.9808615039e-01
 2  2  1     0.0000000000e+00
 2  2  2     0.0000000000e+00
 2  2  3     4.7606926298e-02
 2  3  1    -8.4883251094e-02
 2  3  2     2.6271688328e-01
 2  3  3    -1.3497980895e-02
 3  1  1     2.6271688328e-01
 3  1  2    -8.4883251094e-02
 3  1  3     1.3497980895e-02
 3  2  1    -8.4883251094e-02
 3  2  2     2.6271688328e-01
 3  2  3     1.3497980895e-02
 3  3  1     0.0000000000e+00
 3  3  2     0.0000000000e+00
 3  3  3    -1.1455871129e-01

  123
2.7009000000e+00 2.7009000000e+00 0.0000000000e+00
2.7009000000e+00 0.0000000000e+00 -2.7009000000e+00
     1      1      1
 1  1  1     1.8451752316e-02
 1  1  2    -6.4360348474e-04
 1  1  3     4.9465008683e-02
 1  2  1    -4.9465008683e-02
 1  2  2     4.9465008683e-02
 1  2  3     1.6102513025e-01
 1  3  1     6.4360348474e-04
 1  3  2     1.3593549152e-02
 1  3  3     4.9465008683e-02
 2  1  1    -6.4360348475e-04
 2  1  2     6.4360348475e-04
 2  1  3     1.3593549152e-02
 2  2  1     6.4360348474e-04
 2  2  2    -1.8451752316e-02
 2  2  3     4.9465008683e-02
 2  3  1     3.7134281580e-02
 2  3  2     6.4360348475e-04
 2  3  3    -6.4360348474e-04
 3  1  1     6.4360348475e-04
 3  1  2     3.7134281580e-02
 3  1  3     6.4360348474e-04
 3  2  1     1.3593549152e-02
 3  2  2     6.4360348474e-04
 3  2  3    -4.9465008683e-02
 3  3  1     6.4360348475e-04
 3  3  2    -6.4360348475e-04
 3  3  3     1.8451752316e-02

  124
-2.7009000000e+00 -2.7009000000e+00 0.0000000000e+00
-2.7009000000e+00 -5.4018000000e+00 -2.7009000000e+00
     1      1      2
 1  1  1     2.9567687509e-02
 1  1  2    -4.4789058074e-02
 1  1  3     8.1556607922e-03
 1  2  1     1.7355461497e-02
 1  2  2     3.3202051217e-02
 1  2  3    -1.7544200508e-02
 1  3  1    -5.0891905195e-03
 1  3  2    -3.8267726566e-02
 1  3  3     3.5359846116e-02
 2  1  1    -3.3202051217e-02
 2  1  2    -1.7355461497e-02
 2  1  3    -1.7544200508e-02
 2  2  1     4.4789058074e-02
 2  2  2    -2.9567687509e-02
 2  2  3     8.1556607922e-03
 2  3  1    -3.8267726566e-02
 2  3  2    -5.0891905195e-03
 2  3  3    -3.5359846116e-02
 3  1  1    -2.5164203694e-02
 3  1  2    -3.9333786320e-02
 3  1  3    -4.4354891269e-02
 3  2  1    -3.9333786320e-02
 3  2  2    -2.5164203694e-02
 3  2  3     4.4354891269e-02
 3  3  1     4.2526434434e-02
 3  3  2    -4.2526434434e-02
 3  3  3    -2.0798643268e-02

  125
2.7009000000e+00 2.7009000000e+00 0.0000000000e+00
0.0000000000e+00 2.7009000000e+00 -2.7009000000e+00
     1      1      1
 1  1  1    -1.8451752316e-02
 1  1  2     6.4360348474e-04
 1  1  3     4.9465008683e-02
 1  2  1     6.4360348475e-04
 1  2  2    -6.4360348475e-04
 1  2  3     1.3593549152e-02
 1  3  1     6.4360348475e-04
 1  3  2     3.7134281580e-02
 1  3  3    -6.4360348474e-04
 2  1  1     4.9465008683e-02
 2  1  2    -4.9465008683e-02
 2  1  3     1.6102513025e-01
 2  2  1    -6.4360348474e-04
 2  2  2     1.8451752316e-02
 2  2  3     4.9465008683e-02
 2  3  1     1.3593549152e-02
 2  3  2     6.4360348474e-04
 2  3  3     4.9465008683e-02
 3  1  1     6.4360348474e-04
 3  1  2     1.3593549152e-02
 3  1  3    -4.9465008683e-02
 3  2  1     3.7134281580e-02
 3  2  2     6.4360348475e-04
 3  2  3     6.4360348474e-04
 3  3  1    -6.4360348475e-04
 3  3  2     6.4360348475e-04
 3  3  3     1.8451752316e-02

  126
-2.7009000000e+00 -2.7009000000e+00 0.0000000000e+00
-5.4018000000e+00 -2.7009000000e+00 -2.7009000000e+00
     1      1      2
 1  1  1    -2.9567687509e-02
 1  1  2     4.4789058074e-02
 1  1  3     8.1556607922e-03
 1  2  1    -1.7355461497e-02
 1  2  2    -3.3202051217e-02
 1  2  3    -1.7544200508e-02
 1  3  1    -5.0891905195e-03
 1  3  2    -3.8267726566e-02
 1  3  3    -3.5359846116e-02
 2  1  1     3.3202051217e-02
 2  1  2     1.7355461497e-02
 2  1  3    -1.7544200508e-02
 2  2  1    -4.4789058074e-02
 2  2  2     2.9567687509e-02
 2  2  3     8.1556607922e-03
 2  3  1    -3.8267726566e-02
 2  3  2    -5.0891905195e-03
 2  3  3     3.5359846116e-02
 3  1  1    -2.5164203694e-02
 3  1  2    -3.9333786320e-02
 3  1  3     4.4354891269e-02
 3  2  1    -3.9333786320e-02
 3  2  2    -2.5164203694e-02
 3  2  3    -4.4354891269e-02
 3  3  1    -4.2526434434e-02
 3  3  2     4.2526434434e-02
 3  3  3    -2.0798643268e-02

  127
-2.7009000000e+00 -2.7009000000e+00 0.0000000000e+00
0.0000000000e+00 -5.4018000000e+00 0.0000000000e+00
     1      1      2
 1  1  1     0.0000000000e+00
 1  1  2     0.0000000000e+00
 1  1  3     2.4548083413e-02
 1  2  1    -9.9489805960e-02
 1  2  2     9.9489805960e-02
 1  2  3     8.7089729381e-02
 1  3  1    -4.2914774162e-02
 1  3  2    -2.9499802849e-02
 1  3  3    -3.8245878644e-03
 2  1  1     9.9489805960e-02
 2  1  2    -9.9489805960e-02
 2  1  3     8.7089729381e-02
 2  2  1     0.0000000000e+00
 2  2  2     0.0000000000e+00
 2  2  3     2.4548083413e-02
 2  3  1    -2.9499802849e-02
 2  3  2    -4.2914774162e-02
 2  3  3    -3.8245878644e-03
 3  1  1    -4.2914774162e-02
 3  1  2    -2.9499802849e-02
 3  1  3     3.8245878644e-03
 3  2  1    -2.9499802849e-02
 3  2  2    -4.2914774162e-02
 3  2  3     3.8245878644e-03
 3  3  1     0.0000000000e+00
 3  3  2     0.0000000000e+00
 3  3  3    -4.0283456619e-02

  128
-2.7009000000e+00 -2.7009000000e+00 0.0000000000e+00
0.0000000000e+00 0.0000000000e+00 0.0000000000e+00
     1      2      1
 1  1  1     3.1817402863e+00
 1  1  2     6.4017840150e+00
 1  1  3    -6.4017840150e+00
 1  2  1     6.2421160195e+00
 1  2  2     6.4017840150e+00
 1  2  3    -8.8822392399e+00
 1  3  1    -6.2421160195e+00
 1  3  2    -8.8822392399e+00
 1  3  3     6.4017840150e+00
 2  1  1     6.4017840150e+00
 2  1  2     6.2421160195e+00
 2  1  3    -8.8822392399e+00
 2  2  1     6.4017840150e+00
 2  2  2     3.1817402863e+00
 2  2  3    -6.4017840150e+00
 2  3  1    -8.8822392399e+00
 2  3  2    -6.2421160195e+00
 2  3  3     6.4017840150e+00
 3  1  1    -6.4017840150e+00
 3  1  2    -8.8822392399e+00
 3  1  3     6.2421160195e+00
 3  2  1    -8.8822392399e+00
 3  2  2    -6.4017840150e+00
 3  2  3     6.2421160195e+00
 3  3  1     6.4017840150e+00
 3  3  2     6.4017840150e+00
 3  3  3    -3.1817402863e+00

  129
-2.7009000000e+00 -2.7009000000e+00 0.0000000000e+00
0.0000000000e+00 0.0000000000e+00 0.0000000000e+00
     1      2      2
 1  1  1     0.0000000000e+00
 1  1  2    -6.6841051572e-02
 1  1  3    -2.6271688328e-01
 1  2  1     6.6841051572e-02
 1  2  2     0.0000000000e+00
 1  2  3     8.4883251094e-02
 1  3  1    -2.6271688328e-01
 1  3  2     8.4883251094e-02
 1  3  3     0.0000000000e+00
 2  1  1     0.0000000000e+00
 2  1  2     6.6841051572e-02
 2  1  3     8.4883251094e-02
 2  2  1    -6.6841051572e-02
 2  2  2     0.0000000000e+00
 2  2  3    -2.6271688328e-01
 2  3  1     8.4883251094e-02
 2  3  2    -2.6271688328e-01
 2  3  3     0.0000000000e+00
 3  1  1    -4.7606926298e-02
 3  1  2     4.9808615039e-01
 3  1  3     1.3497980895e-02
 3  2  1     4.9808615039e-01
 3  2  2    -4.7606926298e-02
 3  2  3     1.3497980895e-02
 3  3  1    -1.3497980895e-02
 3  3  2    -1.3497980895e-02
 3  3  3     1.1455871129e-01

  130
-2.7009000000e+00 -2.7009000000e+00 0.0000000000e+00
0.0000000000e+00 -2.7009000000e+00 -2.7009000000e+00
     1      2      1
 1  1  1    -2.0798643268e-02
 1  1  2    -3.5359846116e-02
 1  1  3     3.5359846116e-02
 1  2  1    -4.2526434434e-02
 1  2  2    -5.0891905195e-03
 1  2  3    -3.8267726566e-02
 1  3  1     4.2526434434e-02
 1  3  2    -3.8267726566e-02
 1  3  3    -5.0891905195e-03
 2  1  1     4.4354891269e-02
 2  1  2     8.1556607922e-03
 2  1  3    -1.7544200508e-02
 2  2  1    -2.5164203694e-02
 2  2  2    -2.9567687509e-02
 2  2  3     3.3202051217e-02
 2  3  1    -3.9333786320e-02
 2  3  2     4.4789058074e-02
 2  3  3     1.7355461497e-02
 3  1  1    -4.4354891269e-02
 3  1  2    -1.7544200508e-02
 3  1  3     8.1556607922e-03
 3  2  1    -3.9333786320e-02
 3  2  2    -1.7355461497e-02
 3  2  3    -4.4789058074e-02
 3  3  1    -2.5164203694e-02
 3  3  2    -3.3202051217e-02
 3  3  3     2.9567687509e-02

  131
-2.7009000000e+00 -2.7009000000e+00 0.0000000000e+00
0.0000000000e+00 -2.7009000000e+00 -2.7009000000e+00
     1      2      2
 1  1  1     0.0000000000e+00
 1  1  2     2.6271688328e-01
 1  1  3     6.6841051572e-02
 1  2  1     2.6271688328e-01
 1  2  2     0.0000000000e+00
 1  2  3     8.4883251094e-02
 1  3  1    -6.6841051572e-02
 1  3  2     8.4883251094e-02
 1  3  3     0.0000000000e+00
 2  1  1     4.7606926298e-02
 2  1  2     1.3497980895e-02
 2  1  3     4.9808615039e-01
 2  2  1    -1.3497980895e-02
 2  2  2    -1.1455871129e-01
 2  2  3     1.3497980895e-02
 2  3  1     4.9808615039e-01
 2  3  2    -1.3497980895e-02
 2  3  3     4.7606926298e-02
 3  1  1     0.0000000000e+00
 3  1  2     8.4883251094e-02
 3  1  3     6.6841051572e-02
 3  2  1     8.4883251094e-02
 3  2  2     0.0000000000e+00
 3  2  3     2.6271688328e-01
 3  3  1    -6.6841051572e-02
 3  3  2     2.6271688328e-01
 3  3  3     0.0000000000e+00

  132
-2.7009000000e+00 -2.7009000000e+00 0.0000000000e+00
-2.7009000000e+00 0.0000000000e+00 -2.7009000000e+00
     1      2      1
 1  1  1    -2.9567687509e-02
 1  1  2    -2.5164203694e-02
 1  1  3     3.3202051217e-02
 1  2  1     8.1556607922e-03
 1  2  2     4.4354891269e-02
 1  2  3    -1.7544200508e-02
 1  3  1     4.4789058074e-02
 1  3  2    -3.9333786320e-02
 1  3  3     1.7355461497e-02
 2  1  1    -5.0891905195e-03
 2  1  2    -4.2526434434e-02
 2  1  3    -3.8267726566e-02
 2  2  1    -3.5359846116e-02
 2  2  2    -2.0798643268e-02
 2  2  3     3.5359846116e-02
 2  3  1    -3.8267726566e-02
 2  3  2     4.2526434434e-02
 2  3  3    -5.0891905195e-03
 3  1  1    -1.7355461497e-02
 3  1  2    -3.9333786320e-02
 3  1  3    -4.4789058074e-02
 3  2  1    -1.7544200508e-02
 3  2  2    -4.4354891269e-02
 3  2  3     8.1556607922e-03
 3  3  1    -3.3202051217e-02
 3  3  2    -2.5164203694e-02
 3  3  3     2.9567687509e-02

  133
-2.7009000000e+00 -2.7009000000e+00 0.0000000000e+00
-2.7009000000e+00 0.0000000000e+00 -2.7009000000e+00
     1      2      2
 1  1  1    -1.1455871129e-01
 1  1  2    -1.3497980895e-02
 1  1  3     1.3497980895e-02
 1  2  1     1.3497980895e-02
 1  2  2     4.7606926298e-02
 1  2  3     4.9808615039e-01
 1  3  1    -1.3497980895e-02
 1  3  2     4.9808615039e-01
 1  3  3     4.7606926298e-02
 2  1  1     0.0000000000e+00
 2  1  2     2.6271688328e-01
 2  1  3     8.4883251094e-02
 2  2  1     2.6271688328e-01
 2  2  2     0.0000000000e+00
 2  2  3     6.6841051572e-02
 2  3  1     8.4883251094e-02
 2  3  2    -6.6841051572e-02
 2  3  3     0.0000000000e+00
 3  1  1     0.0000000000e+00
 3  1  2     8.4883251094e-02
 3  1  3     2.6271688328e-01
 3  2  1     8.4883251094e-02
 3  2  2     0.0000000000e+00
 3  2  3     6.6841051572e-02
 3  3  1     2.6271688328e-01
 3  3  2    -6.6841051572e-02
 3  3  3     0.0000000000e+00

  134
-2.7009000000e+00 -2.7009000000e+00 0.0000000000e+00
2.7009000000e+00 -2.7009000000e+00 0.0000000000e+00
     1      2      1
 1  1  1    -2.9567687509e-02
 1  1  2    -3.3202051217e-02
 1  1  3     2.5164203694e-02
 1  2  1    -4.4789058074e-02
 1  2  2     1.7355461497e-02
 1  2  3    -3.9333786320e-02
 1  3  1    -8.1556607922e-03
 1  3  2    -1.7544200508e-02
 1  3  3     4.4354891269e-02
 2  1  1     1.7355461497e-02
 2  1  2    -4.4789058074e-02
 2  1  3    -3.9333786320e-02
 2  2  1    -3.3202051217e-02
 2  2  2    -2.9567687509e-02
 2  2  3     2.5164203694e-02
 2  3  1    -1.7544200508e-02
 2  3  2    -8.1556607922e-03
 2  3  3     4.4354891269e-02
 3  1  1     5.0891905195e-03
 3  1  2    -3.8267726566e-02
 3  1  3    -4.2526434434e-02
 3  2  1    -3.8267726566e-02
 3  2  2     5.0891905195e-03
 3  2  3    -4.2526434434e-02
 3  3  1    -3.5359846116e-02
 3  3  2    -3.5359846116e-02
 3  3  3     2.0798643268e-02

  135
-2.7009000000e+00 -2.7009000000e+00 0.0000000000e+00
-2.7009000000e+00 -2.7009000000e+00 0.0000000000e+00
     1      2      1
 1  1  1     0.0000000000e+00
 1  1  2     6.6841051572e-02
 1  1  3     2.6271688328e-01
 1  2  1     0.0000000000e+00
 1  2  2    -6.6841051572e-02
 1  2  3    -8.4883251094e-02
 1  3  1     4.7606926298e-02
 1  3  2    -4.9808615039e-01
 1  3  3    -1.3497980895e-02
 2  1  1    -6.6841051572e-02
 2  1  2     0.0000000000e+00
 2  1  3    -8.4883251094e-02
 2  2  1     6.6841051572e-02
 2  2  2     0.0000000000e+00
 2  2  3     2.6271688328e-01
 2  3  1    -4.9808615039e-01
 2  3  2     4.7606926298e-02
 2  3  3    -1.3497980895e-02
 3  1  1     2.6271688328e-01
 3  1  2    -8.4883251094e-02
 3  1  3     0.0000000000e+00
 3  2  1    -8.4883251094e-02
 3  2  2     2.6271688328e-01
 3  2  3     0.0000000000e+00
 3  3  1     1.3497980895e-02
 3  3  2     1.3497980895e-02
 3  3  3    -1.1455871129e-01

  136
-2.7009000000e+00 -2.7009000000e+00 0.0000000000e+00
-2.7009000000e+00 -2.7009000000e+00 0.0000000000e+00
     1      2      2
 1  1  1    -3.1817402863e+00
 1  1  2    -6.4017840150e+00
 1  1  3     6.4017840150e+00
 1  2  1    -6.4017840150e+00
 1  2  2    -6.2421160195e+00
 1  2  3     8.8822392399e+00
 1  3  1     6.4017840150e+00
 1  3  2     8.8822392399e+00
 1  3  3    -6.2421160195e+00
 2  1  1    -6.2421160195e+00
 2  1  2    -6.4017840150e+00
 2  1  3     8.8822392399e+00
 2  2  1    -6.4017840150e+00
 2  2  2    -3.1817402863e+00
 2  2  3     6.4017840150e+00
 2  3  1     8.8822392399e+00
 2  3  2     6.4017840150e+00
 2  3  3    -6.2421160195e+00
 3  1  1     6.2421160195e+00
 3  1  2     8.8822392399e+00
 3  1  3    -6.4017840150e+00
 3  2  1     8.8822392399e+00
 3  2  2     6.2421160195e+00
 3  2  3    -6.4017840150e+00
 3  3  1    -6.4017840150e+00
 3  3  2    -6.4017840150e+00
 3  3  3     3.1817402863e+00

  137
-2.7009000000e+00 -2.7009000000e+00 0.0000000000e+00
-2.7009000000e+00 0.0000000000e+00 2.7009000000e+00
     1      2      1
 1  1  1     0.0000000000e+00
 1  1  2    -2.6271688328e-01
 1  1  3    -6.6841051572e-02
 1  2  1    -4.7606926298e-02
 1  2  2    -1.3497980895e-02
 1  2  3    -4.9808615039e-01
 1  3  1     0.0000000000e+00
 1  3  2    -8.4883251094e-02
 1  3  3    -6.6841051572e-02
 2  1  1    -2.6271688328e-01
 2  1  2     0.0000000000e+00
 2  1  3    -8.4883251094e-02
 2  2  1     1.3497980895e-02
 2  2  2     1.1455871129e-01
 2  2  3    -1.3497980895e-02
 2  3  1    -8.4883251094e-02
 2  3  2     0.0000000000e+00
 2  3  3    -2.6271688328e-01
 3  1  1     6.6841051572e-02
 3  1  2    -8.4883251094e-02
 3  1  3     0.0000000000e+00
 3  2  1    -4.9808615039e-01
 3  2  2     1.3497980895e-02
 3  2  3    -4.7606926298e-02
 3  3  1     6.6841051572e-02
 3  3  2    -2.6271688328e-01
 3  3  3     0.0000000000e+00

  138
-2.7009000000e+00 -2.7009000000e+00 0.0000000000e+00
-2.7009000000e+00 -5.4018000000e+00 -2.7009000000e+00
     1      2      2
 1  1  1     2.0798643268e-02
 1  1  2     3.5359846116e-02
 1  1  3    -3.5359846116e-02
 1  2  1    -4.4354891269e-02
 1  2  2    -8.1556607922e-03
 1  2  3     1.7544200508e-02
 1  3  1     4.4354891269e-02
 1  3  2     1.7544200508e-02
 1  3  3    -8.1556607922e-03
 2  1  1     4.2526434434e-02
 2  1  2     5.0891905195e-03
 2  1  3     3.8267726566e-02
 2  2  1     2.5164203694e-02
 2  2  2     2.9567687509e-02
 2  2  3    -3.3202051217e-02
 2  3  1     3.9333786320e-02
 2  3  2     1.7355461497e-02
 2  3  3     4.4789058074e-02
 3  1  1    -4.2526434434e-02
 3  1  2     3.8267726566e-02
 3  1  3     5.0891905195e-03
 3  2  1     3.9333786320e-02
 3  2  2    -4.4789058074e-02
 3  2  3    -1.7355461497e-02
 3  3  1     2.5164203694e-02
 3  3  2     3.3202051217e-02
 3  3  3    -2.9567687509e-02

  139
-2.7009000000e+00 -2.7009000000e+00 0.0000000000e+00
0.0000000000e+00 -2.7009000000e+00 2.7009000000e+00
     1      2      1
 1  1  1     1.1455871129e-01
 1  1  2     1.3497980895e-02
 1  1  3    -1.3497980895e-02
 1  2  1     0.0000000000e+00
 1  2  2    -2.6271688328e-01
 1  2  3    -8.4883251094e-02
 1  3  1     0.0000000000e+00
 1  3  2    -8.4883251094e-02
 1  3  3    -2.6271688328e-01
 2  1  1    -1.3497980895e-02
 2  1  2    -4.7606926298e-02
 2  1  3    -4.9808615039e-01
 2  2  1    -2.6271688328e-01
 2  2  2     0.0000000000e+00
 2  2  3    -6.6841051572e-02
 2  3  1    -8.4883251094e-02
 2  3  2     0.0000000000e+00
 2  3  3    -6.6841051572e-02
 3  1  1     1.3497980895e-02
 3  1  2    -4.9808615039e-01
 3  1  3    -4.7606926298e-02
 3  2  1    -8.4883251094e-02
 3  2  2     6.6841051572e-02
 3  2  3     0.0000000000e+00
 3  3  1    -2.6271688328e-01
 3  3  2     6.6841051572e-02
 3  3  3     0.0000000000e+00

  140
-2.7009000000e+00 -2.7009000000e+00 0.0000000000e+00
0.0000000000e+00 -2.7009000000e+00 2.7009000000e+00
     1      2      2
 1  1  1     2.9567687509e-02
 1  1  2     2.5164203694e-02
 1  1  3    -3.3202051217e-02
 1  2  1     5.0891905195e-03
 1  2  2     4.2526434434e-02
 1  2  3     3.8267726566e-02
 1  3  1     1.7355461497e-02
 1  3  2     3.9333786320e-02
 1  3  3     4.4789058074e-02
 2  1  1    -8.1556607922e-03
 2  1  2    -4.4354891269e-02
 2  1  3     1.7544200508e-02
 2  2  1     3.5359846116e-02
 2  2  2     2.0798643268e-02
 2  2  3    -3.5359846116e-02
 2  3  1     1.7544200508e-02
 2  3  2     4.4354891269e-02
 2  3  3    -8.1556607922e-03
 3  1  1    -4.4789058074e-02
 3  1  2     3.9333786320e-02
 3  1  3    -1.7355461497e-02
 3  2  1     3.8267726566e-02
 3  2  2    -4.2526434434e-02
 3  2  3     5.0891905195e-03
 3  3  1     3.3202051217e-02
 3  3  2     2.5164203694e-02
 3  3  3    -2.9567687509e-02

  141
-2.7009000000e+00 -2.7009000000e+00 0.0000000000e+00
0.0000000000e+00 -5.4018000000e+00 0.0000000000e+00
     1      2      2
 1  1  1     2.9567687509e-02
 1  1  2     3.3202051217e-02
 1  1  3    -2.5164203694e-02
 1  2  1    -1.7355461497e-02
 1  2  2     4.4789058074e-02
 1  2  3     3.9333786320e-02
 1  3  1    -5.0891905195e-03
 1  3  2     3.8267726566e-02
 1  3  3     4.2526434434e-02
 2  1  1     4.4789058074e-02
 2  1  2    -1.7355461497e-02
 2  1  3     3.9333786320e-02
 2  2  1     3.3202051217e-02
 2  2  2     2.9567687509e-02
 2  2  3    -2.5164203694e-02
 2  3  1     3.8267726566e-02
 2  3  2    -5.0891905195e-03
 2  3  3     4.2526434434e-02
 3  1  1     8.1556607922e-03
 3  1  2     1.7544200508e-02
 3  1  3    -4.4354891269e-02
 3  2  1     1.7544200508e-02
 3  2  2     8.1556607922e-03
 3  2  3    -4.4354891269e-02
 3  3  1     3.5359846116e-02
 3  3  2     3.5359846116e-02
 3  3  3    -2.0798643268e-02

  142
2.7009000000e+00 0.0000000000e+00 -2.7009000000e+00
0.0000000000e+00 0.0000000000e+00 0.0000000000e+00
     1      1      1
 1  1  1     0.0000000000e+00
 1  1  2     1.8739634866e-01
 1  1  3     0.0000000000e+00
 1  2  1     1.9427549508e-01
 1  2  2     0.0000000000e+00
 1  2  3     1.1047329564e-02
 1  3  1     0.0000000000e+00
 1  3  2     2.7146614263e-01
 1  3  3     0.0000000000e+00
 2  1  1     1.8739634866e-01
 2  1  2     0.0000000000e+00
 2  1  3     2.7146614263e-01
 2  2  1     0.0000000000e+00
 2  2  2    -1.5953594981e-01
 2  2  3     0.0000000000e+00
 2  3  1     2.7146614263e-01
 2  3  2     0.0000000000e+00
 2  3  3     1.8739634866e-01
 3  1  1     0.0000000000e+00
 3  1  2     2.7146614263e-01
 3  1  3     0.0000000000e+00
 3  2  1     1.1047329564e-02
 3  2  2     0.0000000000e+00
 3  2  3     1.9427549508e-01
 3  3  1     0.0000000000e+00
 3  3  2     1.8739634866e-01
 3  3  3     0.0000000000e+00

  143
2.7009000000e+00 0.0000000000e+00 -2.7009000000e+00
0.0000000000e+00 0.0000000000e+00 0.0000000000e+00
     1      1      2
 1  1  1     2.9567687509e-02
 1  1  2    -8.1556607922e-03
 1  1  3     4.4789058074e-02
 1  2  1     2.5164203694e-02
 1  2  2    -4.4354891269e-02
 1  2  3    -3.9333786320e-02
 1  3  1     3.3202051217e-02
 1  3  2    -1.7544200508e-02
 1  3  3    -1.7355461497e-02
 2  1  1     5.0891905195e-03
 2  1  2     3.5359846116e-02
 2  1  3    -3.8267726566e-02
 2  2  1     4.2526434434e-02
 2  2  2     2.0798643268e-02
 2  2  3     4.2526434434e-02
 2  3  1    -3.8267726566e-02
 2  3  2     3.5359846116e-02
 2  3  3     5.0891905195e-03
 3  1  1    -1.7355461497e-02
 3  1  2    -1.7544200508e-02
 3  1  3     3.3202051217e-02
 3  2  1    -3.9333786320e-02
 3  2  2    -4.4354891269e-02
 3  2  3     2.5164203694e-02
 3  3  1     4.4789058074e-02
 3  3  2    -8.1556607922e-03
 3  3  3     2.9567687509e-02

  144
2.7009000000e+00 0.0000000000e+00 -2.7009000000e+00
0.0000000000e+00 -2.7009000000e+00 -2.7009000000e+00
     1      1      1
 1  1  1     1.8451752316e-02
 1  1  2    -4.9465008683e-02
 1  1  3     6.4360348474e-04
 1  2  1    -6.4360348475e-04
 1  2  2     6.4360348474e-04
 1  2  3     3.7134281580e-02
 1  3  1     6.4360348475e-04
 1  3  2     1.3593549152e-02
 1  3  3     6.4360348475e-04
 2  1  1    -6.4360348474e-04
 2  1  2     4.9465008683e-02
 2  1  3     1.3593549152e-02
 2  2  1     6.4360348475e-04
 2  2  2    -1.8451752316e-02
 2  2  3     6.4360348475e-04
 2  3  1     3.7134281580e-02
 2  3  2     6.4360348474e-04
 2  3  3    -6.4360348475e-04
 3  1  1     4.9465008683e-02
 3  1  2     1.6102513025e-01
 3  1  3     4.9465008683e-02
 3  2  1     1.3593549152e-02
 3  2  2     4.9465008683e-02
 3  2  3    -6.4360348474e-04
 3  3  1     6.4360348474e-04
 3  3  2    -4.9465008683e-02
 3  3  3     1.8451752316e-02

  145
2.7009000000e+00 0.0000000000e+00 -2.7009000000e+00
0.0000000000e+00 -2.7009000000e+00 -2.7009000000e+00
     1      1      2
 1  1  1     0.0000000000e+00
 1  1  2    -4.7606926298e-02
 1  1  3     0.0000000000e+00
 1  2  1    -2.6271688328e-01
 1  2  2     1.3497980895e-02
 1  2  3    -8.4883251094e-02
 1  3  1     6.6841051572e-02
 1  3  2    -4.9808615039e-01
 1  3  3     6.6841051572e-02
 2  1  1    -2.6271688328e-01
 2  1  2    -1.3497980895e-02
 2  1  3    -8.4883251094e-02
 2  2  1     0.0000000000e+00
 2  2  2     1.1455871129e-01
 2  2  3     0.0000000000e+00
 2  3  1    -8.4883251094e-02
 2  3  2     1.3497980895e-02
 2  3  3    -2.6271688328e-01
 3  1  1    -6.6841051572e-02
 3  1  2    -4.9808615039e-01
 3  1  3    -6.6841051572e-02
 3  2  1    -8.4883251094e-02
 3  2  2    -1.3497980895e-02
 3  2  3    -2.6271688328e-01
 3  3  1     0.0000000000e+00
 3  3  2    -4.7606926298e-02
 3  3  3     0.0000000000e+00

  146
2.7009000000e+00 0.0000000000e+00 -2.7009000000e+00
-2.7009000000e+00 0.0000000000e+00 -2.7009000000e+00
     1      1      2
 1  1  1    -2.9567687509e-02
 1  1  2    -8.1556607922e-03
 1  1  3    -4.4789058074e-02
 1  2  1     2.5164203694e-02
 1  2  2     4.4354891269e-02
 1  2  3    -3.9333786320e-02
 1  3  1    -3.3202051217e-02
 1  3  2    -1.7544200508e-02
 1  3  3     1.7355461497e-02
 2  1  1     5.0891905195e-03
 2  1  2    -3.5359846116e-02
 2  1  3    -3.8267726566e-02
 2  2  1    -4.2526434434e-02
 2  2  2     2.0798643268e-02
 2  2  3    -4.2526434434e-02
 2  3  1    -3.8267726566e-02
 2  3  2    -3.5359846116e-02
 2  3  3     5.0891905195e-03
 3  1  1     1.7355461497e-02
 3  1  2    -1.7544200508e-02
 3  1  3    -3.3202051217e-02
 3  2  1    -3.9333786320e-02
 3  2  2     4.4354891269e-02
 3  2  3     2.5164203694e-02
 3  3  1    -4.4789058074e-02
 3  3  2    -8.1556607922e-03
 3  3  3    -2.9567687509e-02

  147
2.7009000000e+00 0.0000000000e+00 -2.7009000000e+00
2.7009000000e+00 -2.7009000000e+00 0.0000000000e+00
     1      1      1
 1  1  1    -1.8451752316e-02
 1  1  2    -4.9465008683e-02
 1  1  3    -6.4360348474e-04
 1  2  1    -6.4360348474e-04
 1  2  2    -4.9465008683e-02
 1  2  3     1.3593549152e-02
 1  3  1    -4.9465008683e-02
 1  3  2     1.6102513025e-01
 1  3  3    -4.9465008683e-02
 2  1  1    -6.4360348475e-04
 2  1  2    -6.4360348474e-04
 2  1  3     3.7134281580e-02
 2  2  1    -6.4360348475e-04
 2  2  2    -1.8451752316e-02
 2  2  3    -6.4360348475e-04
 2  3  1     1.3593549152e-02
 2  3  2    -4.9465008683e-02
 2  3  3    -6.4360348474e-04
 3  1  1    -6.4360348475e-04
 3  1  2     1.3593549152e-02
 3  1  3    -6.4360348475e-04
 3  2  1     3.7134281580e-02
 3  2  2    -6.4360348474e-04
 3  2  3    -6.4360348475e-04
 3  3  1    -6.4360348474e-04
 3  3  2    -4.9465008683e-02
 3  3  3    -1.8451752316e-02

  148
2.7009000000e+00 0.0000000000e+00 -2.7009000000e+00
2.7009000000e+00 -2.7009000000e+00 0.0000000000e+00
     1      1      2
 1  1  1     0.0000000000e+00
 1  1  2    -2.4548083413e-02
 1  1  3     0.0000000000e+00
 1  2  1     4.2914774162e-02
 1  2  2     3.8245878644e-03
 1  2  3    -2.9499802849e-02
 1  3  1    -9.9489805960e-02
 1  3  2     8.7089729381e-02
 1  3  3    -9.9489805960e-02
 2  1  1     4.2914774162e-02
 2  1  2    -3.8245878644e-03
 2  1  3    -2.9499802849e-02
 2  2  1     0.0000000000e+00
 2  2  2     4.0283456619e-02
 2  2  3     0.0000000000e+00
 2  3  1    -2.9499802849e-02
 2  3  2     3.8245878644e-03
 2  3  3     4.2914774162e-02
 3  1  1     9.9489805960e-02
 3  1  2     8.7089729381e-02
 3  1  3     9.9489805960e-02
 3  2  1    -2.9499802849e-02
 3  2  2    -3.8245878644e-03
 3  2  3     4.2914774162e-02
 3  3  1     0.0000000000e+00
 3  3  2    -2.4548083413e-02
 3  3  3     0.0000000000e+00

  149
2.7009000000e+00 0.0000000000e+00 -2.7009000000e+00
2.7009000000e+00 2.7009000000e+00 0.0000000000e+00
     1      1      1
 1  1  1     1.8451752316e-02
 1  1  2    -4.9465008683e-02
 1  1  3     6.4360348474e-04
 1  2  1    -6.4360348474e-04
 1  2  2     4.9465008683e-02
 1  2  3     1.3593549152e-02
 1  3  1     4.9465008683e-02
 1  3  2     1.6102513025e-01
 1  3  3     4.9465008683e-02
 2  1  1    -6.4360348475e-04
 2  1  2     6.4360348474e-04
 2  1  3     3.7134281580e-02
 2  2  1     6.4360348475e-04
 2  2  2    -1.8451752316e-02
 2  2  3     6.4360348475e-04
 2  3  1     1.3593549152e-02
 2  3  2     4.9465008683e-02
 2  3  3    -6.4360348474e-04
 3  1  1     6.4360348475e-04
 3  1  2     1.3593549152e-02
 3  1  3     6.4360348475e-04
 3  2  1     3.7134281580e-02
 3  2  2     6.4360348474e-04
 3  2  3    -6.4360348475e-04
 3  3  1     6.4360348474e-04
 3  3  2    -4.9465008683e-02
 3  3  3     1.8451752316e-02

  150
-2.7009000000e+00 0.0000000000e+00 2.7009000000e+00
-2.7009000000e+00 -2.7009000000e+00 0.0000000000e+00
     1      1      2
 1  1  1     0.0000000000e+00
 1  1  2    -4.7606926298e-02
 1  1  3     0.0000000000e+00
 1  2  1    -2.6271688328e-01
 1  2  2    -1.3497980895e-02
 1  2  3    -8.4883251094e-02
 1  3  1    -6.6841051572e-02
 1  3  2    -4.9808615039e-01
 1  3  3    -6.6841051572e-02
 2  1  1    -2.6271688328e-01
 2  1  2     1.3497980895e-02
 2  1  3    -8.4883251094e-02
 2  2  1     0.0000000000e+00
 2  2  2     1.1455871129e-01
 2  2  3     0.0000000000e+00
 2  3  1    -8.4883251094e-02
 2  3  2    -1.3497980895e-02
 2  3  3    -2.6271688328e-01
 3  1  1     6.6841051572e-02
 3  1  2    -4.9808615039e-01
 3  1  3     6.6841051572e-02
 3  2  1    -8.4883251094e-02
 3  2  2     1.3497980895e-02
 3  2  3    -2.6271688328e-01
 3  3  1     0.0000000000e+00
 3  3  2    -4.7606926298e-02
 3  3  3     0.0000000000e+00

  151
2.7009000000e+00 0.0000000000e+00 -2.7009000000e+00
2.7009000000e+00 0.0000000000e+00 -2.7009000000e+00
     1      1      1
 1  1  1     0.0000000000e+00
 1  1  2     1.8739634866e-01
 1  1  3     0.0000000000e+00
 1  2  1     1.8739634866e-01
 1  2  2     0.0000000000e+00
 1  2  3     2.7146614263e-01
 1  3  1     0.0000000000e+00
 1  3  2     2.7146614263e-01
 1  3  3     0.0000000000e+00
 2  1  1     1.9427549508e-01
 2  1  2     0.0000000000e+00
 2  1  3     1.1047329564e-02
 2  2  1     0.0000000000e+00
 2  2  2    -1.5953594981e-01
 2  2  3     0.0000000000e+00
 2  3  1     1.1047329564e-02
 2  3  2     0.0000000000e+00
 2  3  3     1.9427549508e-01
 3  1  1     0.0000000000e+00
 3  1  2     2.7146614263e-01
 3  1  3     0.0000000000e+00
 3  2  1     2.7146614263e-01
 3  2  2     0.0000000000e+00
 3  2  3     1.8739634866e-01
 3  3  1     0.0000000000e+00
 3  3  2     1.8739634866e-01
 3  3  3     0.0000000000e+00

  152
2.7009000000e+00 0.0000000000e+00 -2.7009000000e+00
2.7009000000e+00 0.0000000000e+00 -2.7009000000e+00
     1      1      2
 1  1  1     2.9567687509e-02
 1  1  2    -8.1556607922e-03
 1  1  3     4.4789058074e-02
 1  2  1     5.0891905195e-03
 1  2  2     3.5359846116e-02
 1  2  3    -3.8267726566e-02
 1  3  1    -1.7355461497e-02
 1  3  2    -1.7544200508e-02
 1  3  3     3.3202051217e-02
 2  1  1     2.5164203694e-02
 2  1  2    -4.4354891269e-02
 2  1  3    -3.9333786320e-02
 2  2  1     4.2526434434e-02
 2  2  2     2.0798643268e-02
 2  2  3     4.2526434434e-02
 2  3  1    -3.9333786320e-02
 2  3  2    -4.4354891269e-02
 2  3  3     2.5164203694e-02
 3  1  1     3.3202051217e-02
 3  1  2    -1.7544200508e-02
 3  1  3    -1.7355461497e-02
 3  2  1    -3.8267726566e-02
 3  2  2     3.5359846116e-02
 3  2  3     5.0891905195e-03
 3  3  1     4.4789058074e-02
 3  3  2    -8.1556607922e-03
 3  3  3     2.9567687509e-02

  153
2.7009000000e+00 0.0000000000e+00 -2.7009000000e+00
0.0000000000e+00 2.7009000000e+00 -2.7009000000e+00
     1      1      1
 1  1  1    -1.8451752316e-02
 1  1  2    -4.9465008683e-02
 1  1  3    -6.4360348474e-04
 1  2  1    -6.4360348475e-04
 1  2  2    -6.4360348474e-04
 1  2  3     3.7134281580e-02
 1  3  1    -6.4360348475e-04
 1  3  2     1.3593549152e-02
 1  3  3    -6.4360348475e-04
 2  1  1    -6.4360348474e-04
 2  1  2    -4.9465008683e-02
 2  1  3     1.3593549152e-02
 2  2  1    -6.4360348475e-04
 2  2  2    -1.8451752316e-02
 2  2  3    -6.4360348475e-04
 2  3  1     3.7134281580e-02
 2  3  2    -6.4360348474e-04
 2  3  3    -6.4360348475e-04
 3  1  1    -4.9465008683e-02
 3  1  2     1.6102513025e-01
 3  1  3    -4.9465008683e-02
 3  2  1     1.3593549152e-02
 3  2  2    -4.9465008683e-02
 3  2  3    -6.4360348474e-04
 3  3  1    -6.4360348474e-04
 3  3  2    -4.9465008683e-02
 3  3  3    -1.8451752316e-02

  154
-2.7009000000e+00 0.0000000000e+00 2.7009000000e+00
0.0000000000e+00 -2.7009000000e+00 2.7009000000e+00
     1      1      2
 1  1  1     0.0000000000e+00
 1  1  2    -2.4548083413e-02
 1  1  3     0.0000000000e+00
 1  2  1     4.2914774162e-02
 1  2  2    -3.8245878644e-03
 1  2  3    -2.9499802849e-02
 1  3  1     9.9489805960e-02
 1  3  2     8.7089729381e-02
 1  3  3     9.9489805960e-02
 2  1  1     4.2914774162e-02
 2  1  2     3.8245878644e-03
 2  1  3    -2.9499802849e-02
 2  2  1     0.0000000000e+00
 2  2  2     4.0283456619e-02
 2  2  3     0.0000000000e+00
 2  3  1    -2.9499802849e-02
 2  3  2    -3.8245878644e-03
 2  3  3     4.2914774162e-02
 3  1  1    -9.9489805960e-02
 3  1  2     8.7089729381e-02
 3  1  3    -9.9489805960e-02
 3  2  1    -2.9499802849e-02
 3  2  2     3.8245878644e-03
 3  2  3     4.2914774162e-02
 3  3  1     0.0000000000e+00
 3  3  2    -2.4548083413e-02
 3  3  3     0.0000000000e+00

  155
2.7009000000e+00 0.0000000000e+00 -2.7009000000e+00
0.0000000000e+00 0.0000000000e+00 -5.4018000000e+00
     1      1      2
 1  1  1    -2.9567687509e-02
 1  1  2    -8.1556607922e-03
 1  1  3    -4.4789058074e-02
 1  2  1     5.0891905195e-03
 1  2  2    -3.5359846116e-02
 1  2  3    -3.8267726566e-02
 1  3  1     1.7355461497e-02
 1  3  2    -1.7544200508e-02
 1  3  3    -3.3202051217e-02
 2  1  1     2.5164203694e-02
 2  1  2     4.4354891269e-02
 2  1  3    -3.9333786320e-02
 2  2  1    -4.2526434434e-02
 2  2  2     2.0798643268e-02
 2  2  3    -4.2526434434e-02
 2  3  1    -3.9333786320e-02
 2  3  2     4.4354891269e-02
 2  3  3     2.5164203694e-02
 3  1  1    -3.3202051217e-02
 3  1  2    -1.7544200508e-02
 3  1  3     1.7355461497e-02
 3  2  1    -3.8267726566e-02
 3  2  2    -3.5359846116e-02
 3  2  3     5.0891905195e-03
 3  3  1    -4.4789058074e-02
 3  3  2    -8.1556607922e-03
 3  3  3    -2.9567687509e-02

  156
2.7009000000e+00 0.0000000000e+00 -2.7009000000e+00
0.0000000000e+00 0.0000000000e+00 0.0000000000e+00
     1      2      1
 1  1  1    -9.5773596497e-02
 1  1  2    -7.3313067057e-02
 1  1  3     7.3313067057e-02
 1  2  1     6.9627531252e-03
 1  2  2     7.3313067057e-02
 1  2  3     2.1211618157e-02
 1  3  1    -6.9627531252e-03
 1  3  2     2.1211618157e-02
 1  3  3     7.3313067057e-02
 2  1  1    -7.3313067057e-02
 2  1  2    -6.9627531252e-03
 2  1  3     2.1211618157e-02
 2  2  1     7.3313067057e-02
 2  2  2     9.5773596497e-02
 2  2  3     7.3313067057e-02
 2  3  1     2.1211618157e-02
 2  3  2    -6.9627531252e-03
 2  3  3    -7.3313067057e-02
 3  1  1     7.3313067057e-02
 3  1  2     2.1211618157e-02
 3  1  3    -6.9627531252e-03
 3  2  1     2.1211618157e-02
 3  2  2     7.3313067057e-02
 3  2  3     6.9627531252e-03
 3  3  1     7.3313067057e-02
 3  3  2    -7.3313067057e-02
 3  3  3    -9.5773596497e-02

  157
2.7009000000e+00 0.0000000000e+00 -2.7009000000e+00
0.0000000000e+00 0.0000000000e+00 0.0000000000e+00
     1      2      2
 1  1  1    -2.9567687509e-02
 1  1  2    -5.0891905195e-03
 1  1  3     1.7355461497e-02
 1  2  1    -2.5164203694e-02
 1  2  2    -4.2526434434e-02
 1  2  3     3.9333786320e-02
 1  3  1    -3.3202051217e-02
 1  3  2     3.8267726566e-02
 1  3  3    -4.4789058074e-02
 2  1  1     8.1556607922e-03
 2  1  2    -3.5359846116e-02
 2  1  3     1.7544200508e-02
 2  2  1     4.4354891269e-02
 2  2  2    -2.0798643268e-02
 2  2  3     4.4354891269e-02
 2  3  1     1.7544200508e-02
 2  3  2    -3.5359846116e-02
 2  3  3     8.1556607922e-03
 3  1  1    -4.4789058074e-02
 3  1  2     3.8267726566e-02
 3  1  3    -3.3202051217e-02
 3  2  1     3.9333786320e-02
 3  2  2    -4.2526434434e-02
 3  2  3    -2.5164203694e-02
 3  3  1     1.7355461497e-02
 3  3  2    -5.0891905195e-03
 3  3  3    -2.9567687509e-02

  158
-2.7009000000e+00 -5.4018000000e+00 -2.7009000000e+00
0.0000000000e+00 -2.7009000000e+00 -2.7009000000e+00
     1      2      1
 1  1  1    -2.0798643268e-02
 1  1  2     4.4354891269e-02
 1  1  3    -4.4354891269e-02
 1  2  1    -4.2526434434e-02
 1  2  2    -2.5164203694e-02
 1  2  3    -3.9333786320e-02
 1  3  1     4.2526434434e-02
 1  3  2    -3.9333786320e-02
 1  3  3    -2.5164203694e-02
 2  1  1    -3.5359846116e-02
 2  1  2     8.1556607922e-03
 2  1  3    -1.7544200508e-02
 2  2  1    -5.0891905195e-03
 2  2  2    -2.9567687509e-02
 2  2  3    -1.7355461497e-02
 2  3  1    -3.8267726566e-02
 2  3  2     4.4789058074e-02
 2  3  3    -3.3202051217e-02
 3  1  1     3.5359846116e-02
 3  1  2    -1.7544200508e-02
 3  1  3     8.1556607922e-03
 3  2  1    -3.8267726566e-02
 3  2  2     3.3202051217e-02
 3  2  3    -4.4789058074e-02
 3  3  1    -5.0891905195e-03
 3  3  2     1.7355461497e-02
 3  3  3     2.9567687509e-02

  159
-2.7009000000e+00 -5.4018000000e+00 -2.7009000000e+00
0.0000000000e+00 -2.7009000000e+00 -2.7009000000e+00
     1      2      2
 1  1  1    -2.9567687509e-02
 1  1  2    -1.7355461497e-02
 1  1  3     5.0891905195e-03
 1  2  1     3.3202051217e-02
 1  2  2    -4.4789058074e-02
 1  2  3     3.8267726566e-02
 1  3  1     2.5164203694e-02
 1  3  2     3.9333786320e-02
 1  3  3    -4.2526434434e-02
 2  1  1     4.4789058074e-02
 2  1  2    -3.3202051217e-02
 2  1  3     3.8267726566e-02
 2  2  1     1.7355461497e-02
 2  2  2     2.9567687509e-02
 2  2  3     5.0891905195e-03
 2  3  1     3.9333786320e-02
 2  3  2     2.5164203694e-02
 2  3  3     4.2526434434e-02
 3  1  1    -8.1556607922e-03
 3  1  2     1.7544200508e-02
 3  1  3    -3.5359846116e-02
 3  2  1     1.7544200508e-02
 3  2  2    -8.1556607922e-03
 3  2  3     3.5359846116e-02
 3  3  1     4.4354891269e-02
 3  3  2    -4.4354891269e-02
 3  3  3     2.0798643268e-02

  160
2.7009000000e+00 0.0000000000e+00 -2.7009000000e+00
2.7009000000e+00 0.0000000000e+00 2.7009000000e+00
     1      2      1
 1  1  1     0.0000000000e+00
 1  1  2    -4.2914774162e-02
 1  1  3     9.9489805960e-02
 1  2  1     2.4548083413e-02
 1  2  2     3.8245878644e-03
 1  2  3     8.7089729381e-02
 1  3  1     0.0000000000e+00
 1  3  2    -2.9499802849e-02
 1  3  3    -9.9489805960e-02
 2  1  1    -4.2914774162e-02
 2  1  2     0.0000000000e+00
 2  1  3    -2.9499802849e-02
 2  2  1    -3.8245878644e-03
 2  2  2    -4.0283456619e-02
 2  2  3    -3.8245878644e-03
 2  3  1    -2.9499802849e-02
 2  3  2     0.0000000000e+00
 2  3  3    -4.2914774162e-02
 3  1  1    -9.9489805960e-02
 3  1  2    -2.9499802849e-02
 3  1  3     0.0000000000e+00
 3  2  1     8.7089729381e-02
 3  2  2     3.8245878644e-03
 3  2  3     2.4548083413e-02
 3  3  1     9.9489805960e-02
 3  3  2    -4.2914774162e-02
 3  3  3     0.0000000000e+00

  161
2.7009000000e+00 0.0000000000e+00 -2.7009000000e+00
2.7009000000e+00 -2.7009000000e+00 0.0000000000e+00
     1      2      1
 1  1  1     0.0000000000e+00
 1  1  2    -9.9489805960e-02
 1  1  3     4.2914774162e-02
 1  2  1     0.0000000000e+00
 1  2  2    -9.9489805960e-02
 1  2  3    -2.9499802849e-02
 1  3  1    -2.4548083413e-02
 1  3  2     8.7089729381e-02
 1  3  3     3.8245878644e-03
 2  1  1     9.9489805960e-02
 2  1  2     0.0000000000e+00
 2  1  3    -2.9499802849e-02
 2  2  1     9.9489805960e-02
 2  2  2     0.0000000000e+00
 2  2  3     4.2914774162e-02
 2  3  1     8.7089729381e-02
 2  3  2    -2.4548083413e-02
 2  3  3    -3.8245878644e-03
 3  1  1     4.2914774162e-02
 3  1  2    -2.9499802849e-02
 3  1  3     0.0000000000e+00
 3  2  1    -2.9499802849e-02
 3  2  2     4.2914774162e-02
 3  2  3     0.0000000000e+00
 3  3  1    -3.8245878644e-03
 3  3  2     3.8245878644e-03
 3  3  3     4.0283456619e-02

  162
2.7009000000e+00 0.0000000000e+00 -2.7009000000e+00
2.7009000000e+00 -2.7009000000e+00 0.0000000000e+00
     1      2      2
 1  1  1    -4.0283456619e-02
 1  1  2    -3.8245878644e-03
 1  1  3     3.8245878644e-03
 1  2  1     3.8245878644e-03
 1  2  2     2.4548083413e-02
 1  2  3    -8.7089729381e-02
 1  3  1    -3.8245878644e-03
 1  3  2    -8.7089729381e-02
 1  3  3     2.4548083413e-02
 2  1  1     0.0000000000e+00
 2  1  2    -4.2914774162e-02
 2  1  3     2.9499802849e-02
 2  2  1    -4.2914774162e-02
 2  2  2     0.0000000000e+00
 2  2  3    -9.9489805960e-02
 2  3  1     2.9499802849e-02
 2  3  2     9.9489805960e-02
 2  3  3     0.0000000000e+00
 3  1  1     0.0000000000e+00
 3  1  2     2.9499802849e-02
 3  1  3    -4.2914774162e-02
 3  2  1     2.9499802849e-02
 3  2  2     0.0000000000e+00
 3  2  3    -9.9489805960e-02
 3  3  1    -4.2914774162e-02
 3  3  2     9.9489805960e-02
 3  3  3     0.0000000000e+00

  163
-2.7009000000e+00 -5.4018000000e+00 -2.7009000000e+00
-2.7009000000e+00 -2.7009000000e+00 0.0000000000e+00
     1      2      1
 1  1  1     2.9567687509e-02
 1  1  2     1.7355461497e-02
 1  1  3    -5.0891905195e-03
 1  2  1    -4.4789058074e-02
 1  2  2     3.3202051217e-02
 1  2  3    -3.8267726566e-02
 1  3  1     8.1556607922e-03
 1  3  2    -1.7544200508e-02
 1  3  3     3.5359846116e-02
 2  1  1    -3.3202051217e-02
 2  1  2     4.4789058074e-02
 2  1  3    -3.8267726566e-02
 2  2  1    -1.7355461497e-02
 2  2  2    -2.9567687509e-02
 2  2  3    -5.0891905195e-03
 2  3  1    -1.7544200508e-02
 2  3  2     8.1556607922e-03
 2  3  3    -3.5359846116e-02
 3  1  1    -2.5164203694e-02
 3  1  2    -3.9333786320e-02
 3  1  3     4.2526434434e-02
 3  2  1    -3.9333786320e-02
 3  2  2    -2.5164203694e-02
 3  2  3    -4.2526434434e-02
 3  3  1    -4.4354891269e-02
 3  3  2     4.4354891269e-02
 3  3  3    -2.0798643268e-02

  164
-2.7009000000e+00 -5.4018000000e+00 -2.7009000000e+00
-2.7009000000e+00 -2.7009000000e+00 0.0000000000e+00
     1      2      2
 1  1  1     2.0798643268e-02
 1  1  2    -4.4354891269e-02
 1  1  3     4.4354891269e-02
 1  2  1     3.5359846116e-02
 1  2  2    -8.1556607922e-03
 1  2  3     1.7544200508e-02
 1  3  1    -3.5359846116e-02
 1  3  2     1.7544200508e-02
 1  3  3    -8.1556607922e-03
 2  1  1     4.2526434434e-02
 2  1  2     2.5164203694e-02
 2  1  3     3.9333786320e-02
 2  2  1     5.0891905195e-03
 2  2  2     2.9567687509e-02
 2  2  3     1.7355461497e-02
 2  3  1     3.8267726566e-02
 2  3  2    -3.3202051217e-02
 2  3  3     4.4789058074e-02
 3  1  1    -4.2526434434e-02
 3  1  2     3.9333786320e-02
 3  1  3     2.5164203694e-02
 3  2  1     3.8267726566e-02
 3  2  2    -4.4789058074e-02
 3  2  3     3.3202051217e-02
 3  3  1     5.0891905195e-03
 3  3  2    -1.7355461497e-02
 3  3  3    -2.9567687509e-02

  165
2.7009000000e+00 0.0000000000e+00 -2.7009000000e+00
2.7009000000e+00 0.0000000000e+00 -2.7009000000e+00
     1      2      1
 1  1  1     2.9567687509e-02
 1  1  2     5.0891905195e-03
 1  1  3    -1.7355461497e-02
 1  2  1    -8.1556607922e-03
 1  2  2     3.5359846116e-02
 1  2  3    -1.7544200508e-02
 1  3  1     4.4789058074e-02
 1  3  2    -3.8267726566e-02
 1  3  3     3.3202051217e-02
 2  1  1     2.5164203694e-02
 2  1  2     4.2526434434e-02
 2  1  3    -3.9333786320e-02
 2  2  1    -4.4354891269e-02
 2  2  2     2.0798643268e-02
 2  2  3    -4.4354891269e-02
 2  3  1    -3.9333786320e-02
 2  3  2     4.2526434434e-02
 2  3  3     2.5164203694e-02
 3  1  1     3.3202051217e-02
 3  1  2    -3.8267726566e-02
 3  1  3     4.4789058074e-02
 3  2  1    -1.7544200508e-02
 3  2  2     3.5359846116e-02
 3  2  3    -8.1556607922e-03
 3  3  1    -1.7355461497e-02
 3  3  2     5.0891905195e-03
 3  3  3     2.9567687509e-02

  166
-2.7009000000e+00 -5.4018000000e+00 -2.7009000000e+00
-2.7009000000e+00 -5.4018000000e+00 -2.7009000000e+00
     1      2      2
 1  1  1     9.5773596497e-02
 1  1  2     7.3313067057e-02
 1  1  3    -7.3313067057e-02
 1  2  1     7.3313067057e-02
 1  2  2     6.9627531252e-03
 1  2  3    -2.1211618157e-02
 1  3  1    -7.3313067057e-02
 1  3  2    -2.1211618157e-02
 1  3  3     6.9627531252e-03
 2  1  1    -6.9627531252e-03
 2  1  2    -7.3313067057e-02
 2  1  3    -2.1211618157e-02
 2  2  1    -7.3313067057e-02
 2  2  2    -9.5773596497e-02
 2  2  3    -7.3313067057e-02
 2  3  1    -2.1211618157e-02
 2  3  2    -7.3313067057e-02
 2  3  3    -6.9627531252e-03
 3  1  1     6.9627531252e-03
 3  1  2    -2.1211618157e-02
 3  1  3    -7.3313067057e-02
 3  2  1    -2.1211618157e-02
 3  2  2     6.9627531252e-03
 3  2  3     7.3313067057e-02
 3  3  1    -7.3313067057e-02
 3  3  2     7.3313067057e-02
 3  3  3     9.5773596497e-02

  167
-2.7009000000e+00 0.0000000000e+00 2.7009000000e+00
0.0000000000e+00 -2.7009000000e+00 2.7009000000e+00
     1      2      1
 1  1  1     4.0283456619e-02
 1  1  2     3.8245878644e-03
 1  1  3    -3.8245878644e-03
 1  2  1     0.0000000000e+00
 1  2  2     4.2914774162e-02
 1  2  3    -2.9499802849e-02
 1  3  1     0.0000000000e+00
 1  3  2    -2.9499802849e-02
 1  3  3     4.2914774162e-02
 2  1  1    -3.8245878644e-03
 2  1  2    -2.4548083413e-02
 2  1  3     8.7089729381e-02
 2  2  1     4.2914774162e-02
 2  2  2     0.0000000000e+00
 2  2  3     9.9489805960e-02
 2  3  1    -2.9499802849e-02
 2  3  2     0.0000000000e+00
 2  3  3     9.9489805960e-02
 3  1  1     3.8245878644e-03
 3  1  2     8.7089729381e-02
 3  1  3    -2.4548083413e-02
 3  2  1    -2.9499802849e-02
 3  2  2    -9.9489805960e-02
 3  2  3     0.0000000000e+00
 3  3  1     4.2914774162e-02
 3  3  2    -9.9489805960e-02
 3  3  3     0.0000000000e+00

  168
-2.7009000000e+00 0.0000000000e+00 2.7009000000e+00
0.0000000000e+00 -2.7009000000e+00 2.7009000000e+00
     1      2      2
 1  1  1     0.0000000000e+00
 1  1  2     9.9489805960e-02
 1  1  3    -4.2914774162e-02
 1  2  1    -9.9489805960e-02
 1  2  2     0.0000000000e+00
 1  2  3     2.9499802849e-02
 1  3  1    -4.2914774162e-02
 1  3  2     2.9499802849e-02
 1  3  3     0.0000000000e+00
 2  1  1     0.0000000000e+00
 2  1  2     9.9489805960e-02
 2  1  3     2.9499802849e-02
 2  2  1    -9.9489805960e-02
 2  2  2     0.0000000000e+00
 2  2  3    -4.2914774162e-02
 2  3  1     2.9499802849e-02
 2  3  2    -4.2914774162e-02
 2  3  3     0.0000000000e+00
 3  1  1     2.4548083413e-02
 3  1  2    -8.7089729381e-02
 3  1  3    -3.8245878644e-03
 3  2  1    -8.7089729381e-02
 3  2  2     2.4548083413e-02
 3  2  3     3.8245878644e-03
 3  3  1     3.8245878644e-03
 3  3  2    -3.8245878644e-03
 3  3  3    -4.0283456619e-02

  169
-2.7009000000e+00 -5.4018000000e+00 -2.7009000000e+00
0.0000000000e+00 -5.4018000000e+00 0.0000000000e+00
     1      2      2
 1  1  1     0.0000000000e+00
 1  1  2     4.2914774162e-02
 1  1  3    -9.9489805960e-02
 1  2  1     4.2914774162e-02
 1  2  2     0.0000000000e+00
 1  2  3     2.9499802849e-02
 1  3  1     9.9489805960e-02
 1  3  2     2.9499802849e-02
 1  3  3     0.0000000000e+00
 2  1  1    -2.4548083413e-02
 2  1  2    -3.8245878644e-03
 2  1  3    -8.7089729381e-02
 2  2  1     3.8245878644e-03
 2  2  2     4.0283456619e-02
 2  2  3     3.8245878644e-03
 2  3  1    -8.7089729381e-02
 2  3  2    -3.8245878644e-03
 2  3  3    -2.4548083413e-02
 3  1  1     0.0000000000e+00
 3  1  2     2.9499802849e-02
 3  1  3     9.9489805960e-02
 3  2  1     2.9499802849e-02
 3  2  2     0.0000000000e+00
 3  2  3     4.2914774162e-02
 3  3  1    -9.9489805960e-02
 3  3  2     4.2914774162e-02
 3  3  3     0.0000000000e+00

  170
0.0000000000e+00 2.7009000000e+00 -2.7009000000e+00
0.0000000000e+00 0.0000000000e+00 0.0000000000e+00
     1      1      1
 1  1  1    -1.5953594981e-01
 1  1  2     0.0000000000e+00
 1  1  3     0.0000000000e+00
 1  2  1     0.0000000000e+00
 1  2  2     1.8739634866e-01
 1  2  3     2.7146614263e-01
 1  3  1     0.0000000000e+00
 1  3  2     2.7146614263e-01
 1  3  3     1.8739634866e-01
 2  1  1     0.0000000000e+00
 2  1  2     1.9427549508e-01
 2  1  3     1.1047329564e-02
 2  2  1     1.8739634866e-01
 2  2  2     0.0000000000e+00
 2  2  3     0.0000000000e+00
 2  3  1     2.7146614263e-01
 2  3  2     0.0000000000e+00
 2  3  3     0.0000000000e+00
 3  1  1     0.0000000000e+00
 3  1  2     1.1047329564e-02
 3  1  3     1.9427549508e-01
 3  2  1     2.7146614263e-01
 3  2  2     0.0000000000e+00
 3  2  3     0.0000000000e+00
 3  3  1     1.8739634866e-01
 3  3  2     0.0000000000e+00
 3  3  3     0.0000000000e+00

  171
0.0000000000e+00 2.7009000000e+00 -2.7009000000e+00
0.0000000000e+00 0.0000000000e+00 0.0000000000e+00
     1      1      2
 1  1  1     2.0798643268e-02
 1  1  2     4.2526434434e-02
 1  1  3     4.2526434434e-02
 1  2  1     3.5359846116e-02
 1  2  2     5.0891905195e-03
 1  2  3    -3.8267726566e-02
 1  3  1     3.5359846116e-02
 1  3  2    -3.8267726566e-02
 1  3  3     5.0891905195e-03
 2  1  1    -4.4354891269e-02
 2  1  2     2.5164203694e-02
 2  1  3    -3.9333786320e-02
 2  2  1    -8.1556607922e-03
 2  2  2     2.9567687509e-02
 2  2  3     4.4789058074e-02
 2  3  1    -1.7544200508e-02
 2  3  2     3.3202051217e-02
 2  3  3    -1.7355461497e-02
 3  1  1    -4.4354891269e-02
 3  1  2    -3.9333786320e-02
 3  1  3     2.5164203694e-02
 3  2  1    -1.7544200508e-02
 3  2  2    -1.7355461497e-02
 3  2  3     3.3202051217e-02
 3  3  1    -8.1556607922e-03
 3  3  2     4.4789058074e-02
 3  3  3     2.9567687509e-02

  172
0.0000000000e+00 -2.7009000000e+00 2.7009000000e+00
0.0000000000e+00 -2.7009000000e+00 -2.7009000000e+00
     1      1      2
 1  1  1     2.0798643268e-02
 1  1  2    -4.2526434434e-02
 1  1  3    -4.2526434434e-02
 1  2  1    -3.5359846116e-02
 1  2  2     5.0891905195e-03
 1  2  3    -3.8267726566e-02
 1  3  1    -3.5359846116e-02
 1  3  2    -3.8267726566e-02
 1  3  3     5.0891905195e-03
 2  1  1     4.4354891269e-02
 2  1  2     2.5164203694e-02
 2  1  3    -3.9333786320e-02
 2  2  1    -8.1556607922e-03
 2  2  2    -2.9567687509e-02
 2  2  3    -4.4789058074e-02
 2  3  1    -1.7544200508e-02
 2  3  2    -3.3202051217e-02
 2  3  3     1.7355461497e-02
 3  1  1     4.4354891269e-02
 3  1  2    -3.9333786320e-02
 3  1  3     2.5164203694e-02
 3  2  1    -1.7544200508e-02
 3  2  2     1.7355461497e-02
 3  2  3    -3.3202051217e-02
 3  3  1    -8.1556607922e-03
 3  3  2    -4.4789058074e-02
 3  3  3    -2.9567687509e-02

  173
0.0000000000e+00 2.7009000000e+00 -2.7009000000e+00
-2.7009000000e+00 0.0000000000e+00 -2.7009000000e+00
     1      1      1
 1  1  1    -1.8451752316e-02
 1  1  2     6.4360348475e-04
 1  1  3     6.4360348475e-04
 1  2  1     4.9465008683e-02
 1  2  2    -6.4360348474e-04
 1  2  3     1.3593549152e-02
 1  3  1     6.4360348474e-04
 1  3  2     3.7134281580e-02
 1  3  3    -6.4360348475e-04
 2  1  1     6.4360348474e-04
 2  1  2    -6.4360348475e-04
 2  1  3     3.7134281580e-02
 2  2  1    -4.9465008683e-02
 2  2  2     1.8451752316e-02
 2  2  3     6.4360348474e-04
 2  3  1     1.3593549152e-02
 2  3  2     6.4360348475e-04
 2  3  3     6.4360348475e-04
 3  1  1     4.9465008683e-02
 3  1  2     1.3593549152e-02
 3  1  3    -6.4360348474e-04
 3  2  1     1.6102513025e-01
 3  2  2     4.9465008683e-02
 3  2  3     4.9465008683e-02
 3  3  1    -4.9465008683e-02
 3  3  2     6.4360348474e-04
 3  3  3     1.8451752316e-02

  174
0.0000000000e+00 2.7009000000e+00 -2.7009000000e+00
-2.7009000000e+00 0.0000000000e+00 -2.7009000000e+00
     1      1      2
 1  1  1     1.1455871129e-01
 1  1  2     0.0000000000e+00
 1  1  3     0.0000000000e+00
 1  2  1    -1.3497980895e-02
 1  2  2    -2.6271688328e-01
 1  2  3    -8.4883251094e-02
 1  3  1     1.3497980895e-02
 1  3  2    -8.4883251094e-02
 1  3  3    -2.6271688328e-01
 2  1  1     1.3497980895e-02
 2  1  2    -2.6271688328e-01
 2  1  3    -8.4883251094e-02
 2  2  1    -4.7606926298e-02
 2  2  2     0.0000000000e+00
 2  2  3     0.0000000000e+00
 2  3  1    -4.9808615039e-01
 2  3  2     6.6841051572e-02
 2  3  3     6.6841051572e-02
 3  1  1    -1.3497980895e-02
 3  1  2    -8.4883251094e-02
 3  1  3    -2.6271688328e-01
 3  2  1    -4.9808615039e-01
 3  2  2    -6.6841051572e-02
 3  2  3    -6.6841051572e-02
 3  3  1    -4.7606926298e-02
 3  3  2     0.0000000000e+00
 3  3  3     0.0000000000e+00

  175
0.0000000000e+00 2.7009000000e+00 -2.7009000000e+00
-2.7009000000e+00 2.7009000000e+00 0.0000000000e+00
     1      1      1
 1  1  1    -1.8451752316e-02
 1  1  2    -6.4360348475e-04
 1  1  3    -6.4360348475e-04
 1  2  1    -6.4360348474e-04
 1  2  2    -6.4360348475e-04
 1  2  3     3.7134281580e-02
 1  3  1    -4.9465008683e-02
 1  3  2     1.3593549152e-02
 1  3  3    -6.4360348474e-04
 2  1  1    -4.9465008683e-02
 2  1  2    -6.4360348474e-04
 2  1  3     1.3593549152e-02
 2  2  1    -4.9465008683e-02
 2  2  2    -1.8451752316e-02
 2  2  3    -6.4360348474e-04
 2  3  1     1.6102513025e-01
 2  3  2    -4.9465008683e-02
 2  3  3    -4.9465008683e-02
 3  1  1    -6.4360348474e-04
 3  1  2     3.7134281580e-02
 3  1  3    -6.4360348475e-04
 3  2  1     1.3593549152e-02
 3  2  2    -6.4360348475e-04
 3  2  3    -6.4360348475e-04
 3  3  1    -4.9465008683e-02
 3  3  2    -6.4360348474e-04
 3  3  3    -1.8451752316e-02

  176
0.0000000000e+00 2.7009000000e+00 -2.7009000000e+00
-2.7009000000e+00 2.7009000000e+00 0.0000000000e+00
     1      1      2
 1  1  1     4.0283456619e-02
 1  1  2     0.0000000000e+00
 1  1  3     0.0000000000e+00
 1  2  1    -3.8245878644e-03
 1  2  2     4.2914774162e-02
 1  2  3    -2.9499802849e-02
 1  3  1     3.8245878644e-03
 1  3  2    -2.9499802849e-02
 1  3  3     4.2914774162e-02
 2  1  1     3.8245878644e-03
 2  1  2     4.2914774162e-02
 2  1  3    -2.9499802849e-02
 2  2  1    -2.4548083413e-02
 2  2  2     0.0000000000e+00
 2  2  3     0.0000000000e+00
 2  3  1     8.7089729381e-02
 2  3  2    -9.9489805960e-02
 2  3  3    -9.9489805960e-02
 3  1  1    -3.8245878644e-03
 3  1  2    -2.9499802849e-02
 3  1  3     4.2914774162e-02
 3  2  1     8.7089729381e-02
 3  2  2     9.9489805960e-02
 3  2  3     9.9489805960e-02
 3  3  1    -2.4548083413e-02
 3  3  2     0.0000000000e+00
 3  3  3     0.0000000000e+00

  177
0.0000000000e+00 2.7009000000e+00 -2.7009000000e+00
2.7009000000e+00 2.7009000000e+00 0.0000000000e+00
     1      1      1
 1  1  1    -1.8451752316e-02
 1  1  2     6.4360348475e-04
 1  1  3     6.4360348475e-04
 1  2  1     6.4360348474e-04
 1  2  2    -6.4360348475e-04
 1  2  3     3.7134281580e-02
 1  3  1     4.9465008683e-02
 1  3  2     1.3593549152e-02
 1  3  3    -6.4360348474e-04
 2  1  1     4.9465008683e-02
 2  1  2    -6.4360348474e-04
 2  1  3     1.3593549152e-02
 2  2  1    -4.9465008683e-02
 2  2  2     1.8451752316e-02
 2  2  3     6.4360348474e-04
 2  3  1     1.6102513025e-01
 2  3  2     4.9465008683e-02
 2  3  3     4.9465008683e-02
 3  1  1     6.4360348474e-04
 3  1  2     3.7134281580e-02
 3  1  3    -6.4360348475e-04
 3  2  1     1.3593549152e-02
 3  2  2     6.4360348475e-04
 3  2  3     6.4360348475e-04
 3  3  1    -4.9465008683e-02
 3  3  2     6.4360348474e-04
 3  3  3     1.8451752316e-02

  178
0.0000000000e+00 -2.7009000000e+00 2.7009000000e+00
-2.7009000000e+00 -2.7009000000e+00 0.0000000000e+00
     1      1      2
 1  1  1     1.1455871129e-01
 1  1  2     0.0000000000e+00
 1  1  3     0.0000000000e+00
 1  2  1     1.3497980895e-02
 1  2  2    -2.6271688328e-01
 1  2  3    -8.4883251094e-02
 1  3  1    -1.3497980895e-02
 1  3  2    -8.4883251094e-02
 1  3  3    -2.6271688328e-01
 2  1  1    -1.3497980895e-02
 2  1  2    -2.6271688328e-01
 2  1  3    -8.4883251094e-02
 2  2  1    -4.7606926298e-02
 2  2  2     0.0000000000e+00
 2  2  3     0.0000000000e+00
 2  3  1    -4.9808615039e-01
 2  3  2    -6.6841051572e-02
 2  3  3    -6.6841051572e-02
 3  1  1     1.3497980895e-02
 3  1  2    -8.4883251094e-02
 3  1  3    -2.6271688328e-01
 3  2  1    -4.9808615039e-01
 3  2  2     6.6841051572e-02
 3  2  3     6.6841051572e-02
 3  3  1    -4.7606926298e-02
 3  3  2     0.0000000000e+00
 3  3  3     0.0000000000e+00

  179
0.0000000000e+00 2.7009000000e+00 -2.7009000000e+00
2.7009000000e+00 0.0000000000e+00 -2.7009000000e+00
     1      1      1
 1  1  1    -1.8451752316e-02
 1  1  2    -6.4360348475e-04
 1  1  3    -6.4360348475e-04
 1  2  1    -4.9465008683e-02
 1  2  2    -6.4360348474e-04
 1  2  3     1.3593549152e-02
 1  3  1    -6.4360348474e-04
 1  3  2     3.7134281580e-02
 1  3  3    -6.4360348475e-04
 2  1  1    -6.4360348474e-04
 2  1  2    -6.4360348475e-04
 2  1  3     3.7134281580e-02
 2  2  1    -4.9465008683e-02
 2  2  2    -1.8451752316e-02
 2  2  3    -6.4360348474e-04
 2  3  1     1.3593549152e-02
 2  3  2    -6.4360348475e-04
 2  3  3    -6.4360348475e-04
 3  1  1    -4.9465008683e-02
 3  1  2     1.3593549152e-02
 3  1  3    -6.4360348474e-04
 3  2  1     1.6102513025e-01
 3  2  2    -4.9465008683e-02
 3  2  3    -4.9465008683e-02
 3  3  1    -4.9465008683e-02
 3  3  2    -6.4360348474e-04
 3  3  3    -1.8451752316e-02

  180
0.0000000000e+00 -2.7009000000e+00 2.7009000000e+00
-2.7009000000e+00 0.0000000000e+00 2.7009000000e+00
     1      1      2
 1  1  1     4.0283456619e-02
 1  1  2     0.0000000000e+00
 1  1  3     0.0000000000e+00
 1  2  1     3.8245878644e-03
 1  2  2     4.2914774162e-02
 1  2  3    -2.9499802849e-02
 1  3  1    -3.8245878644e-03
 1  3  2    -2.9499802849e-02
 1  3  3     4.2914774162e-02
 2  1  1    -3.8245878644e-03
 2  1  2     4.2914774162e-02
 2  1  3    -2.9499802849e-02
 2  2  1    -2.4548083413e-02
 2  2  2     0.0000000000e+00
 2  2  3     0.0000000000e+00
 2  3  1     8.7089729381e-02
 2  3  2     9.9489805960e-02
 2  3  3     9.9489805960e-02
 3  1  1     3.8245878644e-03
 3  1  2    -2.9499802849e-02
 3  1  3     4.2914774162e-02
 3  2  1     8.7089729381e-02
 3  2  2    -9.9489805960e-02
 3  2  3    -9.9489805960e-02
 3  3  1    -2.4548083413e-02
 3  3  2     0.0000000000e+00
 3  3  3     0.0000000000e+00

  181
0.0000000000e+00 2.7009000000e+00 -2.7009000000e+00
0.0000000000e+00 2.7009000000e+00 -2.7009000000e+00
     1      1      1
 1  1  1    -1.5953594981e-01
 1  1  2     0.0000000000e+00
 1  1  3     0.0000000000e+00
 1  2  1     0.0000000000e+00
 1  2  2     1.9427549508e-01
 1  2  3     1.1047329564e-02
 1  3  1     0.0000000000e+00
 1  3  2     1.1047329564e-02
 1  3  3     1.9427549508e-01
 2  1  1     0.0000000000e+00
 2  1  2     1.8739634866e-01
 2  1  3     2.7146614263e-01
 2  2  1     1.8739634866e-01
 2  2  2     0.0000000000e+00
 2  2  3     0.0000000000e+00
 2  3  1     2.7146614263e-01
 2  3  2     0.0000000000e+00
 2  3  3     0.0000000000e+00
 3  1  1     0.0000000000e+00
 3  1  2     2.7146614263e-01
 3  1  3     1.8739634866e-01
 3  2  1     2.7146614263e-01
 3  2  2     0.0000000000e+00
 3  2  3     0.0000000000e+00
 3  3  1     1.8739634866e-01
 3  3  2     0.0000000000e+00
 3  3  3     0.0000000000e+00

  182
0.0000000000e+00 -2.7009000000e+00 2.7009000000e+00
0.0000000000e+00 -2.7009000000e+00 2.7009000000e+00
     1      1      2
 1  1  1     2.0798643268e-02
 1  1  2     4.2526434434e-02
 1  1  3     4.2526434434e-02
 1  2  1    -4.4354891269e-02
 1  2  2     2.5164203694e-02
 1  2  3    -3.9333786320e-02
 1  3  1    -4.4354891269e-02
 1  3  2    -3.9333786320e-02
 1  3  3     2.5164203694e-02
 2  1  1     3.5359846116e-02
 2  1  2     5.0891905195e-03
 2  1  3    -3.8267726566e-02
 2  2  1    -8.1556607922e-03
 2  2  2     2.9567687509e-02
 2  2  3     4.4789058074e-02
 2  3  1    -1.7544200508e-02
 2  3  2    -1.7355461497e-02
 2  3  3     3.3202051217e-02
 3  1  1     3.5359846116e-02
 3  1  2    -3.8267726566e-02
 3  1  3     5.0891905195e-03
 3  2  1    -1.7544200508e-02
 3  2  2     3.3202051217e-02
 3  2  3    -1.7355461497e-02
 3  3  1    -8.1556607922e-03
 3  3  2     4.4789058074e-02
 3  3  3     2.9567687509e-02

  183
0.0000000000e+00 2.7009000000e+00 -2.7009000000e+00
0.0000000000e+00 0.0000000000e+00 -5.4018000000e+00
     1      1      2
 1  1  1     2.0798643268e-02
 1  1  2    -4.2526434434e-02
 1  1  3    -4.2526434434e-02
 1  2  1     4.4354891269e-02
 1  2  2     2.5164203694e-02
 1  2  3    -3.9333786320e-02
 1  3  1     4.4354891269e-02
 1  3  2    -3.9333786320e-02
 1  3  3     2.5164203694e-02
 2  1  1    -3.5359846116e-02
 2  1  2     5.0891905195e-03
 2  1  3    -3.8267726566e-02
 2  2  1    -8.1556607922e-03
 2  2  2    -2.9567687509e-02
 2  2  3    -4.4789058074e-02
 2  3  1    -1.7544200508e-02
 2  3  2     1.7355461497e-02
 2  3  3    -3.3202051217e-02
 3  1  1    -3.5359846116e-02
 3  1  2    -3.8267726566e-02
 3  1  3     5.0891905195e-03
 3  2  1    -1.7544200508e-02
 3  2  2    -3.3202051217e-02
 3  2  3     1.7355461497e-02
 3  3  1    -8.1556607922e-03
 3  3  2    -4.4789058074e-02
 3  3  3    -2.9567687509e-02

  184
0.0000000000e+00 -2.7009000000e+00 2.7009000000e+00
0.0000000000e+00 0.0000000000e+00 0.0000000000e+00
     1      2      1
 1  1  1     9.5773596497e-02
 1  1  2     7.3313067057e-02
 1  1  3     7.3313067057e-02
 1  2  1    -6.9627531252e-03
 1  2  2    -7.3313067057e-02
 1  2  3     2.1211618157e-02
 1  3  1    -6.9627531252e-03
 1  3  2     2.1211618157e-02
 1  3  3    -7.3313067057e-02
 2  1  1     7.3313067057e-02
 2  1  2     6.9627531252e-03
 2  1  3     2.1211618157e-02
 2  2  1    -7.3313067057e-02
 2  2  2    -9.5773596497e-02
 2  2  3     7.3313067057e-02
 2  3  1     2.1211618157e-02
 2  3  2    -6.9627531252e-03
 2  3  3     7.3313067057e-02
 3  1  1     7.3313067057e-02
 3  1  2     2.1211618157e-02
 3  1  3     6.9627531252e-03
 3  2  1     2.1211618157e-02
 3  2  2     7.3313067057e-02
 3  2  3    -6.9627531252e-03
 3  3  1    -7.3313067057e-02
 3  3  2     7.3313067057e-02
 3  3  3    -9.5773596497e-02

  185
0.0000000000e+00 -2.7009000000e+00 2.7009000000e+00
0.0000000000e+00 0.0000000000e+00 0.0000000000e+00
     1      2      2
 1  1  1    -2.0798643268e-02
 1  1  2     4.4354891269e-02
 1  1  3     4.4354891269e-02
 1  2  1    -3.5359846116e-02
 1  2  2     8.1556607922e-03
 1  2  3     1.7544200508e-02
 1  3  1    -3.5359846116e-02
 1  3  2     1.7544200508e-02
 1  3  3     8.1556607922e-03
 2  1  1    -4.2526434434e-02
 2  1  2    -2.5164203694e-02
 2  1  3     3.9333786320e-02
 2  2  1    -5.0891905195e-03
 2  2  2    -2.9567687509e-02
 2  2  3     1.7355461497e-02
 2  3  1     3.8267726566e-02
 2  3  2    -3.3202051217e-02
 2  3  3    -4.4789058074e-02
 3  1  1    -4.2526434434e-02
 3  1  2     3.9333786320e-02
 3  1  3    -2.5164203694e-02
 3  2  1     3.8267726566e-02
 3  2  2    -4.4789058074e-02
 3  2  3    -3.3202051217e-02
 3  3  1    -5.0891905195e-03
 3  3  2     1.7355461497e-02
 3  3  3    -2.9567687509e-02

  186
0.0000000000e+00 -2.7009000000e+00 2.7009000000e+00
0.0000000000e+00 2.7009000000e+00 2.7009000000e+00
     1      2      1
 1  1  1    -4.0283456619e-02
 1  1  2    -3.8245878644e-03
 1  1  3    -3.8245878644e-03
 1  2  1     0.0000000000e+00
 1  2  2    -4.2914774162e-02
 1  2  3    -2.9499802849e-02
 1  3  1     0.0000000000e+00
 1  3  2    -2.9499802849e-02
 1  3  3    -4.2914774162e-02
 2  1  1     3.8245878644e-03
 2  1  2     2.4548083413e-02
 2  1  3     8.7089729381e-02
 2  2  1    -4.2914774162e-02
 2  2  2     0.0000000000e+00
 2  2  3     9.9489805960e-02
 2  3  1    -2.9499802849e-02
 2  3  2     0.0000000000e+00
 2  3  3    -9.9489805960e-02
 3  1  1     3.8245878644e-03
 3  1  2     8.7089729381e-02
 3  1  3     2.4548083413e-02
 3  2  1    -2.9499802849e-02
 3  2  2    -9.9489805960e-02
 3  2  3     0.0000000000e+00
 3  3  1    -4.2914774162e-02
 3  3  2     9.9489805960e-02
 3  3  3     0.0000000000e+00

  187
-5.4018000000e+00 -2.7009000000e+00 -2.7009000000e+00
-2.7009000000e+00 0.0000000000e+00 -2.7009000000e+00
     1      2      1
 1  1  1    -2.9567687509e-02
 1  1  2    -5.0891905195e-03
 1  1  3    -1.7355461497e-02
 1  2  1     8.1556607922e-03
 1  2  2    -3.5359846116e-02
 1  2  3    -1.7544200508e-02
 1  3  1     4.4789058074e-02
 1  3  2    -3.8267726566e-02
 1  3  3    -3.3202051217e-02
 2  1  1    -2.5164203694e-02
 2  1  2    -4.2526434434e-02
 2  1  3    -3.9333786320e-02
 2  2  1     4.4354891269e-02
 2  2  2    -2.0798643268e-02
 2  2  3    -4.4354891269e-02
 2  3  1    -3.9333786320e-02
 2  3  2     4.2526434434e-02
 2  3  3    -2.5164203694e-02
 3  1  1     3.3202051217e-02
 3  1  2    -3.8267726566e-02
 3  1  3    -4.4789058074e-02
 3  2  1    -1.7544200508e-02
 3  2  2     3.5359846116e-02
 3  2  3     8.1556607922e-03
 3  3  1     1.7355461497e-02
 3  3  2    -5.0891905195e-03
 3  3  3     2.9567687509e-02

  188
-5.4018000000e+00 -2.7009000000e+00 -2.7009000000e+00
-2.7009000000e+00 0.0000000000e+00 -2.7009000000e+00
     1      2      2
 1  1  1     2.9567687509e-02
 1  1  2     1.7355461497e-02
 1  1  3     5.0891905195e-03
 1  2  1    -3.3202051217e-02
 1  2  2     4.4789058074e-02
 1  2  3     3.8267726566e-02
 1  3  1     2.5164203694e-02
 1  3  2     3.9333786320e-02
 1  3  3     4.2526434434e-02
 2  1  1    -4.4789058074e-02
 2  1  2     3.3202051217e-02
 2  1  3     3.8267726566e-02
 2  2  1    -1.7355461497e-02
 2  2  2    -2.9567687509e-02
 2  2  3     5.0891905195e-03
 2  3  1     3.9333786320e-02
 2  3  2     2.5164203694e-02
 2  3  3    -4.2526434434e-02
 3  1  1    -8.1556607922e-03
 3  1  2     1.7544200508e-02
 3  1  3     3.5359846116e-02
 3  2  1     1.7544200508e-02
 3  2  2    -8.1556607922e-03
 3  2  3    -3.5359846116e-02
 3  3  1    -4.4354891269e-02
 3  3  2     4.4354891269e-02
 3  3  3     2.0798643268e-02

  189
0.0000000000e+00 -2.7009000000e+00 2.7009000000e+00
2.7009000000e+00 -2.7009000000e+00 0.0000000000e+00
     1      2      1
 1  1  1     0.0000000000e+00
 1  1  2     9.9489805960e-02
 1  1  3     4.2914774162e-02
 1  2  1     0.0000000000e+00
 1  2  2     9.9489805960e-02
 1  2  3    -2.9499802849e-02
 1  3  1    -2.4548083413e-02
 1  3  2     8.7089729381e-02
 1  3  3    -3.8245878644e-03
 2  1  1    -9.9489805960e-02
 2  1  2     0.0000000000e+00
 2  1  3    -2.9499802849e-02
 2  2  1    -9.9489805960e-02
 2  2  2     0.0000000000e+00
 2  2  3     4.2914774162e-02
 2  3  1     8.7089729381e-02
 2  3  2    -2.4548083413e-02
 2  3  3     3.8245878644e-03
 3  1  1     4.2914774162e-02
 3  1  2    -2.9499802849e-02
 3  1  3     0.0000000000e+00
 3  2  1    -2.9499802849e-02
 3  2  2     4.2914774162e-02
 3  2  3     0.0000000000e+00
 3  3  1     3.8245878644e-03
 3  3  2    -3.8245878644e-03
 3  3  3     4.0283456619e-02

  190
-5.4018000000e+00 -2.7009000000e+00 -2.7009000000e+00
-2.7009000000e+00 -2.7009000000e+00 -5.4018000000e+00
     1      2      2
 1  1  1     0.0000000000e+00
 1  1  2    -4.2914774162e-02
 1  1  3    -9.9489805960e-02
 1  2  1    -4.2914774162e-02
 1  2  2     0.0000000000e+00
 1  2  3     2.9499802849e-02
 1  3  1     9.9489805960e-02
 1  3  2     2.9499802849e-02
 1  3  3     0.0000000000e+00
 2  1  1     2.4548083413e-02
 2  1  2     3.8245878644e-03
 2  1  3    -8.7089729381e-02
 2  2  1    -3.8245878644e-03
 2  2  2    -4.0283456619e-02
 2  2  3     3.8245878644e-03
 2  3  1    -8.7089729381e-02
 2  3  2    -3.8245878644e-03
 2  3  3     2.4548083413e-02
 3  1  1     0.0000000000e+00
 3  1  2     2.9499802849e-02
 3  1  3    -9.9489805960e-02
 3  2  1     2.9499802849e-02
 3  2  2     0.0000000000e+00
 3  2  3    -4.2914774162e-02
 3  3  1     9.9489805960e-02
 3  3  2    -4.2914774162e-02
 3  3  3     0.0000000000e+00

  191
-5.4018000000e+00 -2.7009000000e+00 -2.7009000000e+00
-2.7009000000e+00 -2.7009000000e+00 0.0000000000e+00
     1      2      1
 1  1  1    -2.9567687509e-02
 1  1  2    -1.7355461497e-02
 1  1  3    -5.0891905195e-03
 1  2  1     4.4789058074e-02
 1  2  2    -3.3202051217e-02
 1  2  3    -3.8267726566e-02
 1  3  1     8.1556607922e-03
 1  3  2    -1.7544200508e-02
 1  3  3    -3.5359846116e-02
 2  1  1     3.3202051217e-02
 2  1  2    -4.4789058074e-02
 2  1  3    -3.8267726566e-02
 2  2  1     1.7355461497e-02
 2  2  2     2.9567687509e-02
 2  2  3    -5.0891905195e-03
 2  3  1    -1.7544200508e-02
 2  3  2     8.1556607922e-03
 2  3  3     3.5359846116e-02
 3  1  1    -2.5164203694e-02
 3  1  2    -3.9333786320e-02
 3  1  3    -4.2526434434e-02
 3  2  1    -3.9333786320e-02
 3  2  2    -2.5164203694e-02
 3  2  3     4.2526434434e-02
 3  3  1     4.4354891269e-02
 3  3  2    -4.4354891269e-02
 3  3  3    -2.0798643268e-02

  192
0.0000000000e+00 -2.7009000000e+00 2.7009000000e+00
-2.7009000000e+00 -2.7009000000e+00 0.0000000000e+00
     1      2      2
 1  1  1     2.9567687509e-02
 1  1  2     5.0891905195e-03
 1  1  3     1.7355461497e-02
 1  2  1     2.5164203694e-02
 1  2  2     4.2526434434e-02
 1  2  3     3.9333786320e-02
 1  3  1    -3.3202051217e-02
 1  3  2     3.8267726566e-02
 1  3  3     4.4789058074e-02
 2  1  1    -8.1556607922e-03
 2  1  2     3.5359846116e-02
 2  1  3     1.7544200508e-02
 2  2  1    -4.4354891269e-02
 2  2  2     2.0798643268e-02
 2  2  3     4.4354891269e-02
 2  3  1     1.7544200508e-02
 2  3  2    -3.5359846116e-02
 2  3  3    -8.1556607922e-03
 3  1  1    -4.4789058074e-02
 3  1  2     3.8267726566e-02
 3  1  3     3.3202051217e-02
 3  2  1     3.9333786320e-02
 3  2  2    -4.2526434434e-02
 3  2  3     2.5164203694e-02
 3  3  1    -1.7355461497e-02
 3  3  2     5.0891905195e-03
 3  3  3    -2.9567687509e-02

  193
0.0000000000e+00 -2.7009000000e+00 2.7009000000e+00
-2.7009000000e+00 0.0000000000e+00 2.7009000000e+00
     1      2      1
 1  1  1     0.0000000000e+00
 1  1  2     4.2914774162e-02
 1  1  3     9.9489805960e-02
 1  2  1    -2.4548083413e-02
 1  2  2    -3.8245878644e-03
 1  2  3     8.7089729381e-02
 1  3  1     0.0000000000e+00
 1  3  2    -2.9499802849e-02
 1  3  3     9.9489805960e-02
 2  1  1     4.2914774162e-02
 2  1  2     0.0000000000e+00
 2  1  3    -2.9499802849e-02
 2  2  1     3.8245878644e-03
 2  2  2     4.0283456619e-02
 2  2  3    -3.8245878644e-03
 2  3  1    -2.9499802849e-02
 2  3  2     0.0000000000e+00
 2  3  3     4.2914774162e-02
 3  1  1    -9.9489805960e-02
 3  1  2    -2.9499802849e-02
 3  1  3     0.0000000000e+00
 3  2  1     8.7089729381e-02
 3  2  2     3.8245878644e-03
 3  2  3    -2.4548083413e-02
 3  3  1    -9.9489805960e-02
 3  3  2     4.2914774162e-02
 3  3  3     0.0000000000e+00

  194
0.0000000000e+00 -2.7009000000e+00 2.7009000000e+00
-2.7009000000e+00 0.0000000000e+00 2.7009000000e+00
     1      2      2
 1  1  1     0.0000000000e+00
 1  1  2    -9.9489805960e-02
 1  1  3    -4.2914774162e-02
 1  2  1     9.9489805960e-02
 1  2  2     0.0000000000e+00
 1  2  3     2.9499802849e-02
 1  3  1    -4.2914774162e-02
 1  3  2     2.9499802849e-02
 1  3  3     0.0000000000e+00
 2  1  1     0.0000000000e+00
 2  1  2    -9.9489805960e-02
 2  1  3     2.9499802849e-02
 2  2  1     9.9489805960e-02
 2  2  2     0.0000000000e+00
 2  2  3    -4.2914774162e-02
 2  3  1     2.9499802849e-02
 2  3  2    -4.2914774162e-02
 2  3  3     0.0000000000e+00
 3  1  1     2.4548083413e-02
 3  1  2    -8.7089729381e-02
 3  1  3     3.8245878644e-03
 3  2  1    -8.7089729381e-02
 3  2  2     2.4548083413e-02
 3  2  3    -3.8245878644e-03
 3  3  1    -3.8245878644e-03
 3  3  2     3.8245878644e-03
 3  3  3    -4.0283456619e-02

  195
0.0000000000e+00 -2.7009000000e+00 2.7009000000e+00
0.0000000000e+00 -2.7009000000e+00 2.7009000000e+00
     1      2      1
 1  1  1     2.0798643268e-02
 1  1  2    -4.4354891269e-02
 1  1  3    -4.4354891269e-02
 1  2  1     4.2526434434e-02
 1  2  2     2.5164203694e-02
 1  2  3    -3.9333786320e-02
 1  3  1     4.2526434434e-02
 1  3  2    -3.9333786320e-02
 1  3  3     2.5164203694e-02
 2  1  1     3.5359846116e-02
 2  1  2    -8.1556607922e-03
 2  1  3    -1.7544200508e-02
 2  2  1     5.0891905195e-03
 2  2  2     2.9567687509e-02
 2  2  3    -1.7355461497e-02
 2  3  1    -3.8267726566e-02
 2  3  2     4.4789058074e-02
 2  3  3     3.3202051217e-02
 3  1  1     3.5359846116e-02
 3  1  2    -1.7544200508e-02
 3  1  3    -8.1556607922e-03
 3  2  1    -3.8267726566e-02
 3  2  2     3.3202051217e-02
 3  2  3     4.4789058074e-02
 3  3  1     5.0891905195e-03
 3  3  2    -1.7355461497e-02
 3  3  3     2.9567687509e-02

  196
-5.4018000000e+00 -2.7009000000e+00 -2.7009000000e+00
-5.4018000000e+00 -2.7009000000e+00 -2.7009000000e+00
     1      2      2
 1  1  1    -9.5773596497e-02
 1  1  2    -7.3313067057e-02
 1  1  3    -7.3313067057e-02
 1  2  1    -7.3313067057e-02
 1  2  2    -6.9627531252e-03
 1  2  3    -2.1211618157e-02
 1  3  1    -7.3313067057e-02
 1  3  2    -2.1211618157e-02
 1  3  3    -6.9627531252e-03
 2  1  1     6.9627531252e-03
 2  1  2     7.3313067057e-02
 2  1  3    -2.1211618157e-02
 2  2  1     7.3313067057e-02
 2  2  2     9.5773596497e-02
 2  2  3    -7.3313067057e-02
 2  3  1    -2.1211618157e-02
 2  3  2    -7.3313067057e-02
 2  3  3     6.9627531252e-03
 3  1  1     6.9627531252e-03
 3  1  2    -2.1211618157e-02
 3  1  3     7.3313067057e-02
 3  2  1    -2.1211618157e-02
 3  2  2     6.9627531252e-03
 3  2  3    -7.3313067057e-02
 3  3  1     7.3313067057e-02
 3  3  2    -7.3313067057e-02
 3  3  3     9.5773596497e-02

  197
-5.4018000000e+00 -2.7009000000e+00 -2.7009000000e+00
-5.4018000000e+00 0.0000000000e+00 0.0000000000e+00
     1      2      2
 1  1  1     4.0283456619e-02
 1  1  2     3.8245878644e-03
 1  1  3     3.8245878644e-03
 1  2  1    -3.8245878644e-03
 1  2  2    -2.4548083413e-02
 1  2  3    -8.7089729381e-02
 1  3  1    -3.8245878644e-03
 1  3  2    -8.7089729381e-02
 1  3  3    -2.4548083413e-02
 2  1  1     0.0000000000e+00
 2  1  2     4.2914774162e-02
 2  1  3     2.9499802849e-02
 2  2  1     4.2914774162e-02
 2  2  2     0.0000000000e+00
 2  2  3    -9.9489805960e-02
 2  3  1     2.9499802849e-02
 2  3  2     9.9489805960e-02
 2  3  3     0.0000000000e+00
 3  1  1     0.0000000000e+00
 3  1  2     2.9499802849e-02
 3  1  3     4.2914774162e-02
 3  2  1     2.9499802849e-02
 3  2  2     0.0000000000e+00
 3  2  3     9.9489805960e-02
 3  3  1     4.2914774162e-02
 3  3  2    -9.9489805960e-02
 3  3  3     0.0000000000e+00

  198
0.0000000000e+00 -5.4018000000e+00 0.0000000000e+00
0.0000000000e+00 0.0000000000e+00 0.0000000000e+00
     1      2      1
 1  1  1     9.5773596497e-02
 1  1  2    -7.3313067057e-02
 1  1  3    -7.3313067057e-02
 1  2  1     6.9627531252e-03
 1  2  2    -7.3313067057e-02
 1  2  3     2.1211618157e-02
 1  3  1     6.9627531252e-03
 1  3  2     2.1211618157e-02
 1  3  3    -7.3313067057e-02
 2  1  1    -7.3313067057e-02
 2  1  2     6.9627531252e-03
 2  1  3     2.1211618157e-02
 2  2  1    -7.3313067057e-02
 2  2  2     9.5773596497e-02
 2  2  3    -7.3313067057e-02
 2  3  1     2.1211618157e-02
 2  3  2     6.9627531252e-03
 2  3  3    -7.3313067057e-02
 3  1  1    -7.3313067057e-02
 3  1  2     2.1211618157e-02
 3  1  3     6.9627531252e-03
 3  2  1     2.1211618157e-02
 3  2  2    -7.3313067057e-02
 3  2  3     6.9627531252e-03
 3  3  1    -7.3313067057e-02
 3  3  2    -7.3313067057e-02
 3  3  3     9.5773596497e-02

  199
0.0000000000e+00 0.0000000000e+00 -5.4018000000e+00
0.0000000000e+00 -2.7009000000e+00 -2.7009000000e+00
     1      2      1
 1  1  1    -4.0283456619e-02
 1  1  2     3.8245878644e-03
 1  1  3     3.8245878644e-03
 1  2  1     0.0000000000e+00
 1  2  2    -4.2914774162e-02
 1  2  3    -2.9499802849e-02
 1  3  1     0.0000000000e+00
 1  3  2    -2.9499802849e-02
 1  3  3    -4.2914774162e-02
 2  1  1    -3.8245878644e-03
 2  1  2     2.4548083413e-02
 2  1  3     8.7089729381e-02
 2  2  1    -4.2914774162e-02
 2  2  2     0.0000000000e+00
 2  2  3    -9.9489805960e-02
 2  3  1    -2.9499802849e-02
 2  3  2     0.0000000000e+00
 2  3  3     9.9489805960e-02
 3  1  1    -3.8245878644e-03
 3  1  2     8.7089729381e-02
 3  1  3     2.4548083413e-02
 3  2  1    -2.9499802849e-02
 3  2  2     9.9489805960e-02
 3  2  3     0.0000000000e+00
 3  3  1    -4.2914774162e-02
 3  3  2    -9.9489805960e-02
 3  3  3     0.0000000000e+00

  200
0.0000000000e+00 -5.4018000000e+00 0.0000000000e+00
0.0000000000e+00 -2.7009000000e+00 -2.7009000000e+00
     1      2      2
 1  1  1    -2.0798643268e-02
 1  1  2    -4.4354891269e-02
 1  1  3    -4.4354891269e-02
 1  2  1     3.5359846116e-02
 1  2  2     8.1556607922e-03
 1  2  3     1.7544200508e-02
 1  3  1     3.5359846116e-02
 1  3  2     1.7544200508e-02
 1  3  3     8.1556607922e-03
 2  1  1     4.2526434434e-02
 2  1  2    -2.5164203694e-02
 2  1  3     3.9333786320e-02
 2  2  1    -5.0891905195e-03
 2  2  2     2.9567687509e-02
 2  2  3    -1.7355461497e-02
 2  3  1     3.8267726566e-02
 2  3  2     3.3202051217e-02
 2  3  3     4.4789058074e-02
 3  1  1     4.2526434434e-02
 3  1  2     3.9333786320e-02
 3  1  3    -2.5164203694e-02
 3  2  1     3.8267726566e-02
 3  2  2     4.4789058074e-02
 3  2  3     3.3202051217e-02
 3  3  1    -5.0891905195e-03
 3  3  2    -1.7355461497e-02
 3  3  3     2.9567687509e-02

  201
0.0000000000e+00 0.0000000000e+00 -5.4018000000e+00
-2.7009000000e+00 0.0000000000e+00 -2.7009000000e+00
     1      2      1
 1  1  1     0.0000000000e+00
 1  1  2    -4.2914774162e-02
 1  1  3    -9.9489805960e-02
 1  2  1     2.4548083413e-02
 1  2  2    -3.8245878644e-03
 1  2  3     8.7089729381e-02
 1  3  1     0.0000000000e+00
 1  3  2    -2.9499802849e-02
 1  3  3     9.9489805960e-02
 2  1  1    -4.2914774162e-02
 2  1  2     0.0000000000e+00
 2  1  3    -2.9499802849e-02
 2  2  1     3.8245878644e-03
 2  2  2    -4.0283456619e-02
 2  2  3     3.8245878644e-03
 2  3  1    -2.9499802849e-02
 2  3  2     0.0000000000e+00
 2  3  3    -4.2914774162e-02
 3  1  1     9.9489805960e-02
 3  1  2    -2.9499802849e-02
 3  1  3     0.0000000000e+00
 3  2  1     8.7089729381e-02
 3  2  2    -3.8245878644e-03
 3  2  3     2.4548083413e-02
 3  3  1    -9.9489805960e-02
 3  3  2    -4.2914774162e-02
 3  3  3     0.0000000000e+00

  202
0.0000000000e+00 0.0000000000e+00 -5.4018000000e+00
-2.7009000000e+00 0.0000000000e+00 -2.7009000000e+00
     1      2      2
 1  1  1     2.9567687509e-02
 1  1  2    -5.0891905195e-03
 1  1  3    -1.7355461497e-02
 1  2  1    -2.5164203694e-02
 1  2  2     4.2526434434e-02
 1  2  3     3.9333786320e-02
 1  3  1     3.3202051217e-02
 1  3  2     3.8267726566e-02
 1  3  3     4.4789058074e-02
 2  1  1     8.1556607922e-03
 2  1  2     3.5359846116e-02
 2  1  3     1.7544200508e-02
 2  2  1    -4.4354891269e-02
 2  2  2    -2.0798643268e-02
 2  2  3    -4.4354891269e-02
 2  3  1     1.7544200508e-02
 2  3  2     3.5359846116e-02
 2  3  3     8.1556607922e-03
 3  1  1     4.4789058074e-02
 3  1  2     3.8267726566e-02
 3  1  3     3.3202051217e-02
 3  2  1     3.9333786320e-02
 3  2  2     4.2526434434e-02
 3  2  3    -2.5164203694e-02
 3  3  1    -1.7355461497e-02
 3  3  2    -5.0891905195e-03
 3  3  3     2.9567687509e-02

  203
0.0000000000e+00 -5.4018000000e+00 0.0000000000e+00
2.7009000000e+00 -2.7009000000e+00 0.0000000000e+00
     1      2      1
 1  1  1    -2.9567687509e-02
 1  1  2     1.7355461497e-02
 1  1  3     5.0891905195e-03
 1  2  1    -4.4789058074e-02
 1  2  2    -3.3202051217e-02
 1  2  3    -3.8267726566e-02
 1  3  1    -8.1556607922e-03
 1  3  2    -1.7544200508e-02
 1  3  3    -3.5359846116e-02
 2  1  1    -3.3202051217e-02
 2  1  2    -4.4789058074e-02
 2  1  3    -3.8267726566e-02
 2  2  1     1.7355461497e-02
 2  2  2    -2.9567687509e-02
 2  2  3     5.0891905195e-03
 2  3  1    -1.7544200508e-02
 2  3  2    -8.1556607922e-03
 2  3  3    -3.5359846116e-02
 3  1  1     2.5164203694e-02
 3  1  2    -3.9333786320e-02
 3  1  3    -4.2526434434e-02
 3  2  1    -3.9333786320e-02
 3  2  2     2.5164203694e-02
 3  2  3    -4.2526434434e-02
 3  3  1     4.4354891269e-02
 3  3  2     4.4354891269e-02
 3  3  3     2.0798643268e-02

  204
0.0000000000e+00 0.0000000000e+00 -5.4018000000e+00
-2.7009000000e+00 -2.7009000000e+00 -5.4018000000e+00
     1      2      2
 1  1  1     0.0000000000e+00
 1  1  2     9.9489805960e-02
 1  1  3     4.2914774162e-02
 1  2  1    -9.9489805960e-02
 1  2  2     0.0000000000e+00
 1  2  3     2.9499802849e-02
 1  3  1     4.2914774162e-02
 1  3  2     2.9499802849e-02
 1  3  3     0.0000000000e+00
 2  1  1     0.0000000000e+00
 2  1  2    -9.9489805960e-02
 2  1  3     2.9499802849e-02
 2  2  1     9.9489805960e-02
 2  2  2     0.0000000000e+00
 2  2  3     4.2914774162e-02
 2  3  1     2.9499802849e-02
 2  3  2     4.2914774162e-02
 2  3  3     0.0000000000e+00
 3  1  1    -2.4548083413e-02
 3  1  2    -8.7089729381e-02
 3  1  3     3.8245878644e-03
 3  2  1    -8.7089729381e-02
 3  2  2    -2.4548083413e-02
 3  2  3     3.8245878644e-03
 3  3  1    -3.8245878644e-03
 3  3  2    -3.8245878644e-03
 3  3  3     4.0283456619e-02

  205
0.0000000000e+00 -5.4018000000e+00 0.0000000000e+00
-2.7009000000e+00 -2.7009000000e+00 0.0000000000e+00
     1      2      1
 1  1  1     0.0000000000e+00
 1  1  2    -9.9489805960e-02
 1  1  3    -4.2914774162e-02
 1  2  1     0.0000000000e+00
 1  2  2     9.9489805960e-02
 1  2  3    -2.9499802849e-02
 1  3  1     2.4548083413e-02
 1  3  2     8.7089729381e-02
 1  3  3    -3.8245878644e-03
 2  1  1     9.9489805960e-02
 2  1  2     0.0000000000e+00
 2  1  3    -2.9499802849e-02
 2  2  1    -9.9489805960e-02
 2  2  2     0.0000000000e+00
 2  2  3    -4.2914774162e-02
 2  3  1     8.7089729381e-02
 2  3  2     2.4548083413e-02
 2  3  3    -3.8245878644e-03
 3  1  1    -4.2914774162e-02
 3  1  2    -2.9499802849e-02
 3  1  3     0.0000000000e+00
 3  2  1    -2.9499802849e-02
 3  2  2    -4.2914774162e-02
 3  2  3     0.0000000000e+00
 3  3  1     3.8245878644e-03
 3  3  2     3.8245878644e-03
 3  3  3    -4.0283456619e-02

  206
0.0000000000e+00 -5.4018000000e+00 0.0000000000e+00
-2.7009000000e+00 -2.7009000000e+00 0.0000000000e+00
     1      2      2
 1  1  1     2.9567687509e-02
 1  1  2    -1.7355461497e-02
 1  1  3    -5.0891905195e-03
 1  2  1     3.3202051217e-02
 1  2  2     4.4789058074e-02
 1  2  3     3.8267726566e-02
 1  3  1    -2.5164203694e-02
 1  3  2     3.9333786320e-02
 1  3  3     4.2526434434e-02
 2  1  1     4.4789058074e-02
 2  1  2     3.3202051217e-02
 2  1  3     3.8267726566e-02
 2  2  1    -1.7355461497e-02
 2  2  2     2.9567687509e-02
 2  2  3    -5.0891905195e-03
 2  3  1     3.9333786320e-02
 2  3  2    -2.5164203694e-02
 2  3  3     4.2526434434e-02
 3  1  1     8.1556607922e-03
 3  1  2     1.7544200508e-02
 3  1  3     3.5359846116e-02
 3  2  1     1.7544200508e-02
 3  2  2     8.1556607922e-03
 3  2  3     3.5359846116e-02
 3  3  1    -4.4354891269e-02
 3  3  2    -4.4354891269e-02
 3  3  3    -2.0798643268e-02

  207
0.0000000000e+00 0.0000000000e+00 -5.4018000000e+00
2.7009000000e+00 0.0000000000e+00 -2.7009000000e+00
     1      2      1
 1  1  1    -2.9567687509e-02
 1  1  2     5.0891905195e-03
 1  1  3     1.7355461497e-02
 1  2  1    -8.1556607922e-03
 1  2  2    -3.5359846116e-02
 1  2  3    -1.7544200508e-02
 1  3  1    -4.4789058074e-02
 1  3  2    -3.8267726566e-02
 1  3  3    -3.3202051217e-02
 2  1  1     2.5164203694e-02
 2  1  2    -4.2526434434e-02
 2  1  3    -3.9333786320e-02
 2  2  1     4.4354891269e-02
 2  2  2     2.0798643268e-02
 2  2  3     4.4354891269e-02
 2  3  1    -3.9333786320e-02
 2  3  2    -4.2526434434e-02
 2  3  3     2.5164203694e-02
 3  1  1    -3.3202051217e-02
 3  1  2    -3.8267726566e-02
 3  1  3    -4.4789058074e-02
 3  2  1    -1.7544200508e-02
 3  2  2    -3.5359846116e-02
 3  2  3    -8.1556607922e-03
 3  3  1     1.7355461497e-02
 3  3  2     5.0891905195e-03
 3  3  3    -2.9567687509e-02

  208
0.0000000000e+00 -5.4018000000e+00 0.0000000000e+00
-2.7009000000e+00 -5.4018000000e+00 -2.7009000000e+00
     1      2      2
 1  1  1     0.0000000000e+00
 1  1  2     4.2914774162e-02
 1  1  3     9.9489805960e-02
 1  2  1     4.2914774162e-02
 1  2  2     0.0000000000e+00
 1  2  3     2.9499802849e-02
 1  3  1    -9.9489805960e-02
 1  3  2     2.9499802849e-02
 1  3  3     0.0000000000e+00
 2  1  1    -2.4548083413e-02
 2  1  2     3.8245878644e-03
 2  1  3    -8.7089729381e-02
 2  2  1    -3.8245878644e-03
 2  2  2     4.0283456619e-02
 2  2  3    -3.8245878644e-03
 2  3  1    -8.7089729381e-02
 2  3  2     3.8245878644e-03
 2  3  3    -2.4548083413e-02
 3  1  1     0.0000000000e+00
 3  1  2     2.9499802849e-02
 3  1  3    -9.9489805960e-02
 3  2  1     2.9499802849e-02
 3  2  2     0.0000000000e+00
 3  2  3     4.2914774162e-02
 3  3  1     9.9489805960e-02
 3  3  2     4.2914774162e-02
 3  3  3     0.0000000000e+00

  209
0.0000000000e+00 0.0000000000e+00 -5.4018000000e+00
0.0000000000e+00 2.7009000000e+00 -2.7009000000e+00
     1      2      1
 1  1  1     2.0798643268e-02
 1  1  2     4.4354891269e-02
 1  1  3     4.4354891269e-02
 1  2  1    -4.2526434434e-02
 1  2  2     2.5164203694e-02
 1  2  3    -3.9333786320e-02
 1  3  1    -4.2526434434e-02
 1  3  2    -3.9333786320e-02
 1  3  3     2.5164203694e-02
 2  1  1    -3.5359846116e-02
 2  1  2    -8.1556607922e-03
 2  1  3    -1.7544200508e-02
 2  2  1     5.0891905195e-03
 2  2  2    -2.9567687509e-02
 2  2  3     1.7355461497e-02
 2  3  1    -3.8267726566e-02
 2  3  2    -4.4789058074e-02
 2  3  3    -3.3202051217e-02
 3  1  1    -3.5359846116e-02
 3  1  2    -1.7544200508e-02
 3  1  3    -8.1556607922e-03
 3  2  1    -3.8267726566e-02
 3  2  2    -3.3202051217e-02
 3  2  3    -4.4789058074e-02
 3  3  1     5.0891905195e-03
 3  3  2     1.7355461497e-02
 3  3  3    -2.9567687509e-02

  210
-5.4018000000e+00 0.0000000000e+00 0.0000000000e+00
-5.4018000000e+00 -2.7009000000e+00 -2.7009000000e+00
     1      2      2
 1  1  1     4.0283456619e-02
 1  1  2    -3.8245878644e-03
 1  1  3    -3.8245878644e-03
 1  2  1     3.8245878644e-03
 1  2  2    -2.4548083413e-02
 1  2  3    -8.7089729381e-02
 1  3  1     3.8245878644e-03
 1  3  2    -8.7089729381e-02
 1  3  3    -2.4548083413e-02
 2  1  1     0.0000000000e+00
 2  1  2     4.2914774162e-02
 2  1  3     2.9499802849e-02
 2  2  1     4.2914774162e-02
 2  2  2     0.0000000000e+00
 2  2  3     9.9489805960e-02
 2  3  1     2.9499802849e-02
 2  3  2    -9.9489805960e-02
 2  3  3     0.0000000000e+00
 3  1  1     0.0000000000e+00
 3  1  2     2.9499802849e-02
 3  1  3     4.2914774162e-02
 3  2  1     2.9499802849e-02
 3  2  2     0.0000000000e+00
 3  2  3    -9.9489805960e-02
 3  3  1     4.2914774162e-02
 3  3  2     9.9489805960e-02
 3  3  3     0.0000000000e+00

  211
0.0000000000e+00 0.0000000000e+00 -5.4018000000e+00
0.0000000000e+00 0.0000000000e+00 -5.4018000000e+00
     1      2      2
 1  1  1    -9.5773596497e-02
 1  1  2     7.3313067057e-02
 1  1  3     7.3313067057e-02
 1  2  1     7.3313067057e-02
 1  2  2    -6.9627531252e-03
 1  2  3    -2.1211618157e-02
 1  3  1     7.3313067057e-02
 1  3  2    -2.1211618157e-02
 1  3  3    -6.9627531252e-03
 2  1  1    -6.9627531252e-03
 2  1  2     7.3313067057e-02
 2  1  3    -2.1211618157e-02
 2  2  1     7.3313067057e-02
 2  2  2    -9.5773596497e-02
 2  2  3     7.3313067057e-02
 2  3  1    -2.1211618157e-02
 2  3  2     7.3313067057e-02
 2  3  3    -6.9627531252e-03
 3  1  1    -6.9627531252e-03
 3  1  2    -2.1211618157e-02
 3  1  3     7.3313067057e-02
 3  2  1    -2.1211618157e-02
 3  2  2    -6.9627531252e-03
 3  2  3     7.3313067057e-02
 3  3  1     7.3313067057e-02
 3  3  2     7.3313067057e-02
 3  3  3    -9.5773596497e-02

  212
0.0000000000e+00 0.0000000000e+00 0.0000000000e+00
0.0000000000e+00 0.0000000000e+00 0.0000000000e+00
     2      1      1
 1  1  1    -3.1817402863e+00
 1  1  2    -6.4017840150e+00
 1  1  3    -6.4017840150e+00
 1  2  1    -6.4017840150e+00
 1  2  2    -6.2421160195e+00
 1  2  3    -8.8822392399e+00
 1  3  1    -6.4017840150e+00
 1  3  2    -8.8822392399e+00
 1  3  3    -6.2421160195e+00
 2  1  1    -6.2421160195e+00
 2  1  2    -6.4017840150e+00
 2  1  3    -8.8822392399e+00
 2  2  1    -6.4017840150e+00
 2  2  2    -3.1817402863e+00
 2  2  3    -6.4017840150e+00
 2  3  1    -8.8822392399e+00
 2  3  2    -6.4017840150e+00
 2  3  3    -6.2421160195e+00
 3  1  1    -6.2421160195e+00
 3  1  2    -8.8822392399e+00
 3  1  3    -6.4017840150e+00
 3  2  1    -8.8822392399e+00
 3  2  2    -6.2421160195e+00
 3  2  3    -6.4017840150e+00
 3  3  1    -6.4017840150e+00
 3  3  2    -6.4017840150e+00
 3  3  3    -3.1817402863e+00

  213
0.0000000000e+00 0.0000000000e+00 0.0000000000e+00
0.0000000000e+00 0.0000000000e+00 0.0000000000e+00
     2      1      2
 1  1  1     3.1817402863e+00
 1  1  2     6.4017840150e+00
 1  1  3     6.4017840150e+00
 1  2  1     6.2421160195e+00
 1  2  2     6.4017840150e+00
 1  2  3     8.8822392399e+00
 1  3  1     6.2421160195e+00
 1  3  2     8.8822392399e+00
 1  3  3     6.4017840150e+00
 2  1  1     6.4017840150e+00
 2  1  2     6.2421160195e+00
 2  1  3     8.8822392399e+00
 2  2  1     6.4017840150e+00
 2  2  2     3.1817402863e+00
 2  2  3     6.4017840150e+00
 2  3  1     8.8822392399e+00
 2  3  2     6.2421160195e+00
 2  3  3     6.4017840150e+00
 3  1  1     6.4017840150e+00
 3  1  2     8.8822392399e+00
 3  1  3     6.2421160195e+00
 3  2  1     8.8822392399e+00
 3  2  2     6.4017840150e+00
 3  2  3     6.2421160195e+00
 3  3  1     6.4017840150e+00
 3  3  2     6.4017840150e+00
 3  3  3     3.1817402863e+00

  214
0.0000000000e+00 0.0000000000e+00 0.0000000000e+00
0.0000000000e+00 2.7009000000e+00 2.7009000000e+00
     2      1      1
 1  1  1    -1.1455871129e-01
 1  1  2    -1.3497980895e-02
 1  1  3    -1.3497980895e-02
 1  2  1     1.3497980895e-02
 1  2  2     4.7606926298e-02
 1  2  3    -4.9808615039e-01
 1  3  1     1.3497980895e-02
 1  3  2    -4.9808615039e-01
 1  3  3     4.7606926298e-02
 2  1  1     0.0000000000e+00
 2  1  2     2.6271688328e-01
 2  1  3    -8.4883251094e-02
 2  2  1     2.6271688328e-01
 2  2  2     0.0000000000e+00
 2  2  3    -6.6841051572e-02
 2  3  1    -8.4883251094e-02
 2  3  2     6.6841051572e-02
 2  3  3     0.0000000000e+00
 3  1  1     0.0000000000e+00
 3  1  2    -8.4883251094e-02
 3  1  3     2.6271688328e-01
 3  2  1    -8.4883251094e-02
 3  2  2     0.0000000000e+00
 3  2  3     6.6841051572e-02
 3  3  1     2.6271688328e-01
 3  3  2    -6.6841051572e-02
 3  3  3     0.0000000000e+00

  215
0.0000000000e+00 0.0000000000e+00 0.0000000000e+00
0.0000000000e+00 -2.7009000000e+00 -2.7009000000e+00
     2      1      2
 1  1  1     1.1455871129e-01
 1  1  2     1.3497980895e-02
 1  1  3     1.3497980895e-02
 1  2  1     0.0000000000e+00
 1  2  2    -2.6271688328e-01
 1  2  3     8.4883251094e-02
 1  3  1     0.0000000000e+00
 1  3  2     8.4883251094e-02
 1  3  3    -2.6271688328e-01
 2  1  1    -1.3497980895e-02
 2  1  2    -4.7606926298e-02
 2  1  3     4.9808615039e-01
 2  2  1    -2.6271688328e-01
 2  2  2     0.0000000000e+00
 2  2  3     6.6841051572e-02
 2  3  1     8.4883251094e-02
 2  3  2     0.0000000000e+00
 2  3  3    -6.6841051572e-02
 3  1  1    -1.3497980895e-02
 3  1  2     4.9808615039e-01
 3  1  3    -4.7606926298e-02
 3  2  1     8.4883251094e-02
 3  2  2    -6.6841051572e-02
 3  2  3     0.0000000000e+00
 3  3  1    -2.6271688328e-01
 3  3  2     6.6841051572e-02
 3  3  3     0.0000000000e+00

  216
0.0000000000e+00 0.0000000000e+00 0.0000000000e+00
2.7009000000e+00 0.0000000000e+00 2.7009000000e+00
     2      1      1
 1  1  1     0.0000000000e+00
 1  1  2     2.6271688328e-01
 1  1  3    -6.6841051572e-02
 1  2  1     2.6271688328e-01
 1  2  2     0.0000000000e+00
 1  2  3    -8.4883251094e-02
 1  3  1     6.6841051572e-02
 1  3  2    -8.4883251094e-02
 1  3  3     0.0000000000e+00
 2  1  1     4.7606926298e-02
 2  1  2     1.3497980895e-02
 2  1  3    -4.9808615039e-01
 2  2  1    -1.3497980895e-02
 2  2  2    -1.1455871129e-01
 2  2  3    -1.3497980895e-02
 2  3  1    -4.9808615039e-01
 2  3  2     1.3497980895e-02
 2  3  3     4.7606926298e-02
 3  1  1     0.0000000000e+00
 3  1  2    -8.4883251094e-02
 3  1  3     6.6841051572e-02
 3  2  1    -8.4883251094e-02
 3  2  2     0.0000000000e+00
 3  2  3     2.6271688328e-01
 3  3  1    -6.6841051572e-02
 3  3  2     2.6271688328e-01
 3  3  3     0.0000000000e+00

  217
0.0000000000e+00 0.0000000000e+00 0.0000000000e+00
-2.7009000000e+00 0.0000000000e+00 -2.7009000000e+00
     2      1      2
 1  1  1     0.0000000000e+00
 1  1  2    -2.6271688328e-01
 1  1  3     6.6841051572e-02
 1  2  1    -4.7606926298e-02
 1  2  2    -1.3497980895e-02
 1  2  3     4.9808615039e-01
 1  3  1     0.0000000000e+00
 1  3  2     8.4883251094e-02
 1  3  3    -6.6841051572e-02
 2  1  1    -2.6271688328e-01
 2  1  2     0.0000000000e+00
 2  1  3     8.4883251094e-02
 2  2  1     1.3497980895e-02
 2  2  2     1.1455871129e-01
 2  2  3     1.3497980895e-02
 2  3  1     8.4883251094e-02
 2  3  2     0.0000000000e+00
 2  3  3    -2.6271688328e-01
 3  1  1    -6.6841051572e-02
 3  1  2     8.4883251094e-02
 3  1  3     0.0000000000e+00
 3  2  1     4.9808615039e-01
 3  2  2    -1.3497980895e-02
 3  2  3    -4.7606926298e-02
 3  3  1     6.6841051572e-02
 3  3  2    -2.6271688328e-01
 3  3  3     0.0000000000e+00

  218
0.0000000000e+00 0.0000000000e+00 0.0000000000e+00
2.7009000000e+00 -2.7009000000e+00 0.0000000000e+00
     2      1      1
 1  1  1     2.9567687509e-02
 1  1  2     3.3202051217e-02
 1  1  3     2.5164203694e-02
 1  2  1    -1.7355461497e-02
 1  2  2     4.4789058074e-02
 1  2  3    -3.9333786320e-02
 1  3  1     5.0891905195e-03
 1  3  2    -3.8267726566e-02
 1  3  3     4.2526434434e-02
 2  1  1     4.4789058074e-02
 2  1  2    -1.7355461497e-02
 2  1  3    -3.9333786320e-02
 2  2  1     3.3202051217e-02
 2  2  2     2.9567687509e-02
 2  2  3     2.5164203694e-02
 2  3  1    -3.8267726566e-02
 2  3  2     5.0891905195e-03
 2  3  3     4.2526434434e-02
 3  1  1    -8.1556607922e-03
 3  1  2    -1.7544200508e-02
 3  1  3    -4.4354891269e-02
 3  2  1    -1.7544200508e-02
 3  2  2    -8.1556607922e-03
 3  2  3    -4.4354891269e-02
 3  3  1     3.5359846116e-02
 3  3  2     3.5359846116e-02
 3  3  3     2.0798643268e-02

  219
0.0000000000e+00 0.0000000000e+00 0.0000000000e+00
2.7009000000e+00 -2.7009000000e+00 0.0000000000e+00
     2      1      2
 1  1  1    -2.9567687509e-02
 1  1  2    -3.3202051217e-02
 1  1  3    -2.5164203694e-02
 1  2  1    -4.4789058074e-02
 1  2  2     1.7355461497e-02
 1  2  3     3.9333786320e-02
 1  3  1     8.1556607922e-03
 1  3  2     1.7544200508e-02
 1  3  3     4.4354891269e-02
 2  1  1     1.7355461497e-02
 2  1  2    -4.4789058074e-02
 2  1  3     3.9333786320e-02
 2  2  1    -3.3202051217e-02
 2  2  2    -2.9567687509e-02
 2  2  3    -2.5164203694e-02
 2  3  1     1.7544200508e-02
 2  3  2     8.1556607922e-03
 2  3  3     4.4354891269e-02
 3  1  1    -5.0891905195e-03
 3  1  2     3.8267726566e-02
 3  1  3    -4.2526434434e-02
 3  2  1     3.8267726566e-02
 3  2  2    -5.0891905195e-03
 3  2  3    -4.2526434434e-02
 3  3  1    -3.5359846116e-02
 3  3  2    -3.5359846116e-02
 3  3  3    -2.0798643268e-02

  220
0.0000000000e+00 0.0000000000e+00 0.0000000000e+00
2.7009000000e+00 2.7009000000e+00 0.0000000000e+00
     2      1      1
 1  1  1     0.0000000000e+00
 1  1  2    -6.6841051572e-02
 1  1  3     2.6271688328e-01
 1  2  1     6.6841051572e-02
 1  2  2     0.0000000000e+00
 1  2  3    -8.4883251094e-02
 1  3  1     2.6271688328e-01
 1  3  2    -8.4883251094e-02
 1  3  3     0.0000000000e+00
 2  1  1     0.0000000000e+00
 2  1  2     6.6841051572e-02
 2  1  3    -8.4883251094e-02
 2  2  1    -6.6841051572e-02
 2  2  2     0.0000000000e+00
 2  2  3     2.6271688328e-01
 2  3  1    -8.4883251094e-02
 2  3  2     2.6271688328e-01
 2  3  3     0.0000000000e+00
 3  1  1     4.7606926298e-02
 3  1  2    -4.9808615039e-01
 3  1  3     1.3497980895e-02
 3  2  1    -4.9808615039e-01
 3  2  2     4.7606926298e-02
 3  2  3     1.3497980895e-02
 3  3  1    -1.3497980895e-02
 3  3  2    -1.3497980895e-02
 3  3  3    -1.1455871129e-01

  221
0.0000000000e+00 0.0000000000e+00 0.0000000000e+00
-2.7009000000e+00 -2.7009000000e+00 0.0000000000e+00
     2      1      2
 1  1  1     0.0000000000e+00
 1  1  2     6.6841051572e-02
 1  1  3    -2.6271688328e-01
 1  2  1     0.0000000000e+00
 1  2  2    -6.6841051572e-02
 1  2  3     8.4883251094e-02
 1  3  1    -4.7606926298e-02
 1  3  2     4.9808615039e-01
 1  3  3    -1.3497980895e-02
 2  1  1    -6.6841051572e-02
 2  1  2     0.0000000000e+00
 2  1  3     8.4883251094e-02
 2  2  1     6.6841051572e-02
 2  2  2     0.0000000000e+00
 2  2  3    -2.6271688328e-01
 2  3  1     4.9808615039e-01
 2  3  2    -4.7606926298e-02
 2  3  3    -1.3497980895e-02
 3  1  1    -2.6271688328e-01
 3  1  2     8.4883251094e-02
 3  1  3     0.0000000000e+00
 3  2  1     8.4883251094e-02
 3  2  2    -2.6271688328e-01
 3  2  3     0.0000000000e+00
 3  3  1     1.3497980895e-02
 3  3  2     1.3497980895e-02
 3  3  3     1.1455871129e-01

  222
0.0000000000e+00 0.0000000000e+00 0.0000000000e+00
2.7009000000e+00 0.0000000000e+00 -2.7009000000e+00
     2      1      1
 1  1  1     2.9567687509e-02
 1  1  2     2.5164203694e-02
 1  1  3     3.3202051217e-02
 1  2  1     5.0891905195e-03
 1  2  2     4.2526434434e-02
 1  2  3    -3.8267726566e-02
 1  3  1    -1.7355461497e-02
 1  3  2    -3.9333786320e-02
 1  3  3     4.4789058074e-02
 2  1  1    -8.1556607922e-03
 2  1  2    -4.4354891269e-02
 2  1  3    -1.7544200508e-02
 2  2  1     3.5359846116e-02
 2  2  2     2.0798643268e-02
 2  2  3     3.5359846116e-02
 2  3  1    -1.7544200508e-02
 2  3  2    -4.4354891269e-02
 2  3  3    -8.1556607922e-03
 3  1  1     4.4789058074e-02
 3  1  2    -3.9333786320e-02
 3  1  3    -1.7355461497e-02
 3  2  1    -3.8267726566e-02
 3  2  2     4.2526434434e-02
 3  2  3     5.0891905195e-03
 3  3  1     3.3202051217e-02
 3  3  2     2.5164203694e-02
 3  3  3     2.9567687509e-02

  223
0.0000000000e+00 0.0000000000e+00 0.0000000000e+00
2.7009000000e+00 0.0000000000e+00 -2.7009000000e+00
     2      1      2
 1  1  1    -2.9567687509e-02
 1  1  2    -2.5164203694e-02
 1  1  3    -3.3202051217e-02
 1  2  1     8.1556607922e-03
 1  2  2     4.4354891269e-02
 1  2  3     1.7544200508e-02
 1  3  1    -4.4789058074e-02
 1  3  2     3.9333786320e-02
 1  3  3     1.7355461497e-02
 2  1  1    -5.0891905195e-03
 2  1  2    -4.2526434434e-02
 2  1  3     3.8267726566e-02
 2  2  1    -3.5359846116e-02
 2  2  2    -2.0798643268e-02
 2  2  3    -3.5359846116e-02
 2  3  1     3.8267726566e-02
 2  3  2    -4.2526434434e-02
 2  3  3    -5.0891905195e-03
 3  1  1     1.7355461497e-02
 3  1  2     3.9333786320e-02
 3  1  3    -4.4789058074e-02
 3  2  1     1.7544200508e-02
 3  2  2     4.4354891269e-02
 3  2  3     8.1556607922e-03
 3  3  1    -3.3202051217e-02
 3  3  2    -2.5164203694e-02
 3  3  3    -2.9567687509e-02

  224
0.0000000000e+00 0.0000000000e+00 0.0000000000e+00
0.0000000000e+00 2.7009000000e+00 -2.7009000000e+00
     2      1      1
 1  1  1     2.0798643268e-02
 1  1  2     3.5359846116e-02
 1  1  3     3.5359846116e-02
 1  2  1    -4.4354891269e-02
 1  2  2    -8.1556607922e-03
 1  2  3    -1.7544200508e-02
 1  3  1    -4.4354891269e-02
 1  3  2    -1.7544200508e-02
 1  3  3    -8.1556607922e-03
 2  1  1     4.2526434434e-02
 2  1  2     5.0891905195e-03
 2  1  3    -3.8267726566e-02
 2  2  1     2.5164203694e-02
 2  2  2     2.9567687509e-02
 2  2  3     3.3202051217e-02
 2  3  1    -3.9333786320e-02
 2  3  2    -1.7355461497e-02
 2  3  3     4.4789058074e-02
 3  1  1     4.2526434434e-02
 3  1  2    -3.8267726566e-02
 3  1  3     5.0891905195e-03
 3  2  1    -3.9333786320e-02
 3  2  2     4.4789058074e-02
 3  2  3    -1.7355461497e-02
 3  3  1     2.5164203694e-02
 3  3  2     3.3202051217e-02
 3  3  3     2.9567687509e-02

  225
0.0000000000e+00 0.0000000000e+00 0.0000000000e+00
0.0000000000e+00 -2.7009000000e+00 2.7009000000e+00
     2      1      2
 1  1  1    -2.0798643268e-02
 1  1  2    -3.5359846116e-02
 1  1  3    -3.5359846116e-02
 1  2  1    -4.2526434434e-02
 1  2  2    -5.0891905195e-03
 1  2  3     3.8267726566e-02
 1  3  1    -4.2526434434e-02
 1  3  2     3.8267726566e-02
 1  3  3    -5.0891905195e-03
 2  1  1     4.4354891269e-02
 2  1  2     8.1556607922e-03
 2  1  3     1.7544200508e-02
 2  2  1    -2.5164203694e-02
 2  2  2    -2.9567687509e-02
 2  2  3    -3.3202051217e-02
 2  3  1     3.9333786320e-02
 2  3  2    -4.4789058074e-02
 2  3  3     1.7355461497e-02
 3  1  1     4.4354891269e-02
 3  1  2     1.7544200508e-02
 3  1  3     8.1556607922e-03
 3  2  1     3.9333786320e-02
 3  2  2     1.7355461497e-02
 3  2  3    -4.4789058074e-02
 3  3  1    -2.5164203694e-02
 3  3  2    -3.3202051217e-02
 3  3  3    -2.9567687509e-02

  226
0.0000000000e+00 0.0000000000e+00 0.0000000000e+00
0.0000000000e+00 0.0000000000e+00 0.0000000000e+00
     2      2      1
 1  1  1     3.1817402863e+00
 1  1  2     6.2421160195e+00
 1  1  3     6.2421160195e+00
 1  2  1     6.4017840150e+00
 1  2  2     6.4017840150e+00
 1  2  3     8.8822392399e+00
 1  3  1     6.4017840150e+00
 1  3  2     8.8822392399e+00
 1  3  3     6.4017840150e+00
 2  1  1     6.4017840150e+00
 2  1  2     6.4017840150e+00
 2  1  3     8.8822392399e+00
 2  2  1     6.2421160195e+00
 2  2  2     3.1817402863e+00
 2  2  3     6.2421160195e+00
 2  3  1     8.8822392399e+00
 2  3  2     6.4017840150e+00
 2  3  3     6.4017840150e+00
 3  1  1     6.4017840150e+00
 3  1  2     8.8822392399e+00
 3  1  3     6.4017840150e+00
 3  2  1     8.8822392399e+00
 3  2  2     6.4017840150e+00
 3  2  3     6.4017840150e+00
 3  3  1     6.2421160195e+00
 3  3  2     6.2421160195e+00
 3  3  3     3.1817402863e+00

  227
0.0000000000e+00 0.0000000000e+00 0.0000000000e+00
0.0000000000e+00 0.0000000000e+00 0.0000000000e+00
     2      2      2
 1  1  1     0.0000000000e+00
 1  1  2     0.0000000000e+00
 1  1  3     0.0000000000e+00
 1  2  1     0.0000000000e+00
 1  2  2     0.0000000000e+00
 1  2  3    -3.4336151258e+01
 1  3  1     0.0000000000e+00
 1  3  2    -3.4336151258e+01
 1  3  3     0.0000000000e+00
 2  1  1     0.0000000000e+00
 2  1  2     0.0000000000e+00
 2  1  3    -3.4336151258e+01
 2  2  1     0.0000000000e+00
 2  2  2     0.0000000000e+00
 2  2  3     0.0000000000e+00
 2  3  1    -3.4336151258e+01
 2  3  2     0.0000000000e+00
 2  3  3     0.0000000000e+00
 3  1  1     0.0000000000e+00
 3  1  2    -3.4336151258e+01
 3  1  3     0.0000000000e+00
 3  2  1    -3.4336151258e+01
 3  2  2     0.0000000000e+00
 3  2  3     0.0000000000e+00
 3  3  1     0.0000000000e+00
 3  3  2     0.0000000000e+00
 3  3  3     0.0000000000e+00

  228
0.0000000000e+00 0.0000000000e+00 0.0000000000e+00
0.0000000000e+00 2.7009000000e+00 2.7009000000e+00
     2      2      1
 1  1  1     3.1817402863e+00
 1  1  2    -6.2421160195e+00
 1  1  3    -6.2421160195e+00
 1  2  1    -6.4017840150e+00
 1  2  2     6.4017840150e+00
 1  2  3     8.8822392399e+00
 1  3  1    -6.4017840150e+00
 1  3  2     8.8822392399e+00
 1  3  3     6.4017840150e+00
 2  1  1    -6.4017840150e+00
 2  1  2     6.4017840150e+00
 2  1  3     8.8822392399e+00
 2  2  1     6.2421160195e+00
 2  2  2    -3.1817402863e+00
 2  2  3    -6.2421160195e+00
 2  3  1     8.8822392399e+00
 2  3  2    -6.4017840150e+00
 2  3  3    -6.4017840150e+00
 3  1  1    -6.4017840150e+00
 3  1  2     8.8822392399e+00
 3  1  3     6.4017840150e+00
 3  2  1     8.8822392399e+00
 3  2  2    -6.4017840150e+00
 3  2  3    -6.4017840150e+00
 3  3  1     6.2421160195e+00
 3  3  2    -6.2421160195e+00
 3  3  3    -3.1817402863e+00

  229
0.0000000000e+00 0.0000000000e+00 0.0000000000e+00
0.0000000000e+00 2.7009000000e+00 2.7009000000e+00
     2      2      2
 1  1  1    -1.5953594981e-01
 1  1  2     0.0000000000e+00
 1  1  3     0.0000000000e+00
 1  2  1     0.0000000000e+00
 1  2  2     1.8739634866e-01
 1  2  3    -2.7146614263e-01
 1  3  1     0.0000000000e+00
 1  3  2    -2.7146614263e-01
 1  3  3     1.8739634866e-01
 2  1  1     0.0000000000e+00
 2  1  2     1.8739634866e-01
 2  1  3    -2.7146614263e-01
 2  2  1     1.9427549508e-01
 2  2  2     0.0000000000e+00
 2  2  3     0.0000000000e+00
 2  3  1    -1.1047329564e-02
 2  3  2     0.0000000000e+00
 2  3  3     0.0000000000e+00
 3  1  1     0.0000000000e+00
 3  1  2    -2.7146614263e-01
 3  1  3     1.8739634866e-01
 3  2  1    -1.1047329564e-02
 3  2  2     0.0000000000e+00
 3  2  3     0.0000000000e+00
 3  3  1     1.9427549508e-01
 3  3  2     0.0000000000e+00
 3  3  3     0.0000000000e+00

  230
0.0000000000e+00 0.0000000000e+00 0.0000000000e+00
2.7009000000e+00 0.0000000000e+00 2.7009000000e+00
     2      2      1
 1  1  1    -3.1817402863e+00
 1  1  2     6.2421160195e+00
 1  1  3    -6.2421160195e+00
 1  2  1     6.4017840150e+00
 1  2  2    -6.4017840150e+00
 1  2  3     8.8822392399e+00
 1  3  1    -6.4017840150e+00
 1  3  2     8.8822392399e+00
 1  3  3    -6.4017840150e+00
 2  1  1     6.4017840150e+00
 2  1  2    -6.4017840150e+00
 2  1  3     8.8822392399e+00
 2  2  1    -6.2421160195e+00
 2  2  2     3.1817402863e+00
 2  2  3    -6.2421160195e+00
 2  3  1     8.8822392399e+00
 2  3  2    -6.4017840150e+00
 2  3  3     6.4017840150e+00
 3  1  1    -6.4017840150e+00
 3  1  2     8.8822392399e+00
 3  1  3    -6.4017840150e+00
 3  2  1     8.8822392399e+00
 3  2  2    -6.4017840150e+00
 3  2  3     6.4017840150e+00
 3  3  1    -6.2421160195e+00
 3  3  2     6.2421160195e+00
 3  3  3    -3.1817402863e+00

  231
0.0000000000e+00 0.0000000000e+00 0.0000000000e+00
2.7009000000e+00 0.0000000000e+00 2.7009000000e+00
     2      2      2
 1  1  1     0.0000000000e+00
 1  1  2     1.9427549508e-01
 1  1  3     0.0000000000e+00
 1  2  1     1.8739634866e-01
 1  2  2     0.0000000000e+00
 1  2  3    -2.7146614263e-01
 1  3  1     0.0000000000e+00
 1  3  2    -1.1047329564e-02
 1  3  3     0.0000000000e+00
 2  1  1     1.8739634866e-01
 2  1  2     0.0000000000e+00
 2  1  3    -2.7146614263e-01
 2  2  1     0.0000000000e+00
 2  2  2    -1.5953594981e-01
 2  2  3     0.0000000000e+00
 2  3  1    -2.7146614263e-01
 2  3  2     0.0000000000e+00
 2  3  3     1.8739634866e-01
 3  1  1     0.0000000000e+00
 3  1  2    -1.1047329564e-02
 3  1  3     0.0000000000e+00
 3  2  1    -2.7146614263e-01
 3  2  2     0.0000000000e+00
 3  2  3     1.8739634866e-01
 3  3  1     0.0000000000e+00
 3  3  2     1.9427549508e-01
 3  3  3     0.0000000000e+00

  232
0.0000000000e+00 0.0000000000e+00 0.0000000000e+00
2.7009000000e+00 2.7009000000e+00 5.4018000000e+00
     2      2      1
 1  1  1     9.5773596497e-02
 1  1  2     6.9627531252e-03
 1  1  3    -6.9627531252e-03
 1  2  1    -7.3313067057e-02
 1  2  2    -7.3313067057e-02
 1  2  3    -2.1211618157e-02
 1  3  1     7.3313067057e-02
 1  3  2    -2.1211618157e-02
 1  3  3    -7.3313067057e-02
 2  1  1    -7.3313067057e-02
 2  1  2    -7.3313067057e-02
 2  1  3    -2.1211618157e-02
 2  2  1     6.9627531252e-03
 2  2  2     9.5773596497e-02
 2  2  3    -6.9627531252e-03
 2  3  1    -2.1211618157e-02
 2  3  2     7.3313067057e-02
 2  3  3    -7.3313067057e-02
 3  1  1     7.3313067057e-02
 3  1  2    -2.1211618157e-02
 3  1  3    -7.3313067057e-02
 3  2  1    -2.1211618157e-02
 3  2  2     7.3313067057e-02
 3  2  3    -7.3313067057e-02
 3  3  1     6.9627531252e-03
 3  3  2     6.9627531252e-03
 3  3  3    -9.5773596497e-02

  233
0.0000000000e+00 0.0000000000e+00 0.0000000000e+00
2.7009000000e+00 -2.7009000000e+00 0.0000000000e+00
     2      2      2
 1  1  1     0.0000000000e+00
 1  1  2     0.0000000000e+00
 1  1  3    -1.9427549508e-01
 1  2  1     0.0000000000e+00
 1  2  2     0.0000000000e+00
 1  2  3    -1.1047329564e-02
 1  3  1    -1.8739634866e-01
 1  3  2    -2.7146614263e-01
 1  3  3     0.0000000000e+00
 2  1  1     0.0000000000e+00
 2  1  2     0.0000000000e+00
 2  1  3    -1.1047329564e-02
 2  2  1     0.0000000000e+00
 2  2  2     0.0000000000e+00
 2  2  3    -1.9427549508e-01
 2  3  1    -2.7146614263e-01
 2  3  2    -1.8739634866e-01
 2  3  3     0.0000000000e+00
 3  1  1    -1.8739634866e-01
 3  1  2    -2.7146614263e-01
 3  1  3     0.0000000000e+00
 3  2  1    -2.7146614263e-01
 3  2  2    -1.8739634866e-01
 3  2  3     0.0000000000e+00
 3  3  1     0.0000000000e+00
 3  3  2     0.0000000000e+00
 3  3  3     1.5953594981e-01

  234
0.0000000000e+00 0.0000000000e+00 0.0000000000e+00
2.7009000000e+00 2.7009000000e+00 0.0000000000e+00
     2      2      1
 1  1  1    -3.1817402863e+00
 1  1  2    -6.2421160195e+00
 1  1  3     6.2421160195e+00
 1  2  1    -6.4017840150e+00
 1  2  2    -6.4017840150e+00
 1  2  3     8.8822392399e+00
 1  3  1     6.4017840150e+00
 1  3  2     8.8822392399e+00
 1  3  3    -6.4017840150e+00
 2  1  1    -6.4017840150e+00
 2  1  2    -6.4017840150e+00
 2  1  3     8.8822392399e+00
 2  2  1    -6.2421160195e+00
 2  2  2    -3.1817402863e+00
 2  2  3     6.2421160195e+00
 2  3  1     8.8822392399e+00
 2  3  2     6.4017840150e+00
 2  3  3    -6.4017840150e+00
 3  1  1     6.4017840150e+00
 3  1  2     8.8822392399e+00
 3  1  3    -6.4017840150e+00
 3  2  1     8.8822392399e+00
 3  2  2     6.4017840150e+00
 3  2  3    -6.4017840150e+00
 3  3  1    -6.2421160195e+00
 3  3  2    -6.2421160195e+00
 3  3  3     3.1817402863e+00

  235
0.0000000000e+00 0.0000000000e+00 0.0000000000e+00
-2.7009000000e+00 -2.7009000000e+00 0.0000000000e+00
     2      2      2
 1  1  1     0.0000000000e+00
 1  1  2     0.0000000000e+00
 1  1  3     1.9427549508e-01
 1  2  1     0.0000000000e+00
 1  2  2     0.0000000000e+00
 1  2  3    -1.1047329564e-02
 1  3  1     1.8739634866e-01
 1  3  2    -2.7146614263e-01
 1  3  3     0.0000000000e+00
 2  1  1     0.0000000000e+00
 2  1  2     0.0000000000e+00
 2  1  3    -1.1047329564e-02
 2  2  1     0.0000000000e+00
 2  2  2     0.0000000000e+00
 2  2  3     1.9427549508e-01
 2  3  1    -2.7146614263e-01
 2  3  2     1.8739634866e-01
 2  3  3     0.0000000000e+00
 3  1  1     1.8739634866e-01
 3  1  2    -2.7146614263e-01
 3  1  3     0.0000000000e+00
 3  2  1    -2.7146614263e-01
 3  2  2     1.8739634866e-01
 3  2  3     0.0000000000e+00
 3  3  1     0.0000000000e+00
 3  3  2     0.0000000000e+00
 3  3  3    -1.5953594981e-01

  236
0.0000000000e+00 0.0000000000e+00 0.0000000000e+00
2.7009000000e+00 0.0000000000e+00 -2.7009000000e+00
     2      2      1
 1  1  1     9.5773596497e-02
 1  1  2    -6.9627531252e-03
 1  1  3     6.9627531252e-03
 1  2  1     7.3313067057e-02
 1  2  2    -7.3313067057e-02
 1  2  3    -2.1211618157e-02
 1  3  1    -7.3313067057e-02
 1  3  2    -2.1211618157e-02
 1  3  3    -7.3313067057e-02
 2  1  1     7.3313067057e-02
 2  1  2    -7.3313067057e-02
 2  1  3    -2.1211618157e-02
 2  2  1     6.9627531252e-03
 2  2  2    -9.5773596497e-02
 2  2  3     6.9627531252e-03
 2  3  1    -2.1211618157e-02
 2  3  2    -7.3313067057e-02
 2  3  3     7.3313067057e-02
 3  1  1    -7.3313067057e-02
 3  1  2    -2.1211618157e-02
 3  1  3    -7.3313067057e-02
 3  2  1    -2.1211618157e-02
 3  2  2    -7.3313067057e-02
 3  2  3     7.3313067057e-02
 3  3  1     6.9627531252e-03
 3  3  2    -6.9627531252e-03
 3  3  3     9.5773596497e-02

  237
0.0000000000e+00 0.0000000000e+00 0.0000000000e+00
2.7009000000e+00 0.0000000000e+00 -2.7009000000e+00
     2      2      2
 1  1  1     0.0000000000e+00
 1  1  2    -1.9427549508e-01
 1  1  3     0.0000000000e+00
 1  2  1    -1.8739634866e-01
 1  2  2     0.0000000000e+00
 1  2  3    -2.7146614263e-01
 1  3  1     0.0000000000e+00
 1  3  2    -1.1047329564e-02
 1  3  3     0.0000000000e+00
 2  1  1    -1.8739634866e-01
 2  1  2     0.0000000000e+00
 2  1  3    -2.7146614263e-01
 2  2  1     0.0000000000e+00
 2  2  2     1.5953594981e-01
 2  2  3     0.0000000000e+00
 2  3  1    -2.7146614263e-01
 2  3  2     0.0000000000e+00
 2  3  3    -1.8739634866e-01
 3  1  1     0.0000000000e+00
 3  1  2    -1.1047329564e-02
 3  1  3     0.0000000000e+00
 3  2  1    -2.7146614263e-01
 3  2  2     0.0000000000e+00
 3  2  3    -1.8739634866e-01
 3  3  1     0.0000000000e+00
 3  3  2    -1.9427549508e-01
 3  3  3     0.0000000000e+00

  238
0.0000000000e+00 0.0000000000e+00 0.0000000000e+00
0.0000000000e+00 2.7009000000e+00 -2.7009000000e+00
     2      2      1
 1  1  1    -9.5773596497e-02
 1  1  2     6.9627531252e-03
 1  1  3     6.9627531252e-03
 1  2  1    -7.3313067057e-02
 1  2  2     7.3313067057e-02
 1  2  3    -2.1211618157e-02
 1  3  1    -7.3313067057e-02
 1  3  2    -2.1211618157e-02
 1  3  3     7.3313067057e-02
 2  1  1    -7.3313067057e-02
 2  1  2     7.3313067057e-02
 2  1  3    -2.1211618157e-02
 2  2  1    -6.9627531252e-03
 2  2  2     9.5773596497e-02
 2  2  3     6.9627531252e-03
 2  3  1    -2.1211618157e-02
 2  3  2    -7.3313067057e-02
 2  3  3    -7.3313067057e-02
 3  1  1    -7.3313067057e-02
 3  1  2    -2.1211618157e-02
 3  1  3     7.3313067057e-02
 3  2  1    -2.1211618157e-02
 3  2  2    -7.3313067057e-02
 3  2  3    -7.3313067057e-02
 3  3  1    -6.9627531252e-03
 3  3  2     6.9627531252e-03
 3  3  3     9.5773596497e-02

  239
0.0000000000e+00 0.0000000000e+00 0.0000000000e+00
0.0000000000e+00 -2.7009000000e+00 2.7009000000e+00
     2      2      2
 1  1  1     1.5953594981e-01
 1  1  2     0.0000000000e+00
 1  1  3     0.0000000000e+00
 1  2  1     0.0000000000e+00
 1  2  2    -1.8739634866e-01
 1  2  3    -2.7146614263e-01
 1  3  1     0.0000000000e+00
 1  3  2    -2.7146614263e-01
 1  3  3    -1.8739634866e-01
 2  1  1     0.0000000000e+00
 2  1  2    -1.8739634866e-01
 2  1  3    -2.7146614263e-01
 2  2  1    -1.9427549508e-01
 2  2  2     0.0000000000e+00
 2  2  3     0.0000000000e+00
 2  3  1    -1.1047329564e-02
 2  3  2     0.0000000000e+00
 2  3  3     0.0000000000e+00
 3  1  1     0.0000000000e+00
 3  1  2    -2.7146614263e-01
 3  1  3    -1.8739634866e-01
 3  2  1    -1.1047329564e-02
 3  2  2     0.0000000000e+00
 3  2  3     0.0000000000e+00
 3  3  1    -1.9427549508e-01
 3  3  2     0.0000000000e+00
 3  3  3     0.0000000000e+00

  240
0.0000000000e+00 0.0000000000e+00 0.0000000000e+00
0.0000000000e+00 0.0000000000e+00 5.4018000000e+00
     2      2      1
 1  1  1    -9.5773596497e-02
 1  1  2    -6.9627531252e-03
 1  1  3    -6.9627531252e-03
 1  2  1     7.3313067057e-02
 1  2  2     7.3313067057e-02
 1  2  3    -2.1211618157e-02
 1  3  1     7.3313067057e-02
 1  3  2    -2.1211618157e-02
 1  3  3     7.3313067057e-02
 2  1  1     7.3313067057e-02
 2  1  2     7.3313067057e-02
 2  1  3    -2.1211618157e-02
 2  2  1    -6.9627531252e-03
 2  2  2    -9.5773596497e-02
 2  2  3    -6.9627531252e-03
 2  3  1    -2.1211618157e-02
 2  3  2     7.3313067057e-02
 2  3  3     7.3313067057e-02
 3  1  1     7.3313067057e-02
 3  1  2    -2.1211618157e-02
 3  1  3     7.3313067057e-02
 3  2  1    -2.1211618157e-02
 3  2  2     7.3313067057e-02
 3  2  3     7.3313067057e-02
 3  3  1    -6.9627531252e-03
 3  3  2    -6.9627531252e-03
 3  3  3    -9.5773596497e-02

  241
0.0000000000e+00 2.7009000000e+00 2.7009000000e+00
0.0000000000e+00 0.0000000000e+00 0.0000000000e+00
     2      1      1
 1  1  1    -1.1455871129e-01
 1  1  2     1.3497980895e-02
 1  1  3     1.3497980895e-02
 1  2  1    -1.3497980895e-02
 1  2  2     4.7606926298e-02
 1  2  3    -4.9808615039e-01
 1  3  1    -1.3497980895e-02
 1  3  2    -4.9808615039e-01
 1  3  3     4.7606926298e-02
 2  1  1     0.0000000000e+00
 2  1  2     2.6271688328e-01
 2  1  3    -8.4883251094e-02
 2  2  1     2.6271688328e-01
 2  2  2     0.0000000000e+00
 2  2  3     6.6841051572e-02
 2  3  1    -8.4883251094e-02
 2  3  2    -6.6841051572e-02
 2  3  3     0.0000000000e+00
 3  1  1     0.0000000000e+00
 3  1  2    -8.4883251094e-02
 3  1  3     2.6271688328e-01
 3  2  1    -8.4883251094e-02
 3  2  2     0.0000000000e+00
 3  2  3    -6.6841051572e-02
 3  3  1     2.6271688328e-01
 3  3  2     6.6841051572e-02
 3  3  3     0.0000000000e+00

  242
0.0000000000e+00 2.7009000000e+00 2.7009000000e+00
0.0000000000e+00 0.0000000000e+00 0.0000000000e+00
     2      1      2
 1  1  1     3.1817402863e+00
 1  1  2    -6.4017840150e+00
 1  1  3    -6.4017840150e+00
 1  2  1    -6.2421160195e+00
 1  2  2     6.4017840150e+00
 1  2  3     8.8822392399e+00
 1  3  1    -6.2421160195e+00
 1  3  2     8.8822392399e+00
 1  3  3     6.4017840150e+00
 2  1  1    -6.4017840150e+00
 2  1  2     6.2421160195e+00
 2  1  3     8.8822392399e+00
 2  2  1     6.4017840150e+00
 2  2  2    -3.1817402863e+00
 2  2  3    -6.4017840150e+00
 2  3  1     8.8822392399e+00
 2  3  2    -6.2421160195e+00
 2  3  3    -6.4017840150e+00
 3  1  1    -6.4017840150e+00
 3  1  2     8.8822392399e+00
 3  1  3     6.2421160195e+00
 3  2  1     8.8822392399e+00
 3  2  2    -6.4017840150e+00
 3  2  3    -6.2421160195e+00
 3  3  1     6.4017840150e+00
 3  3  2    -6.4017840150e+00
 3  3  3    -3.1817402863e+00

  243
0.0000000000e+00 2.7009000000e+00 2.7009000000e+00
0.0000000000e+00 2.7009000000e+00 2.7009000000e+00
     2      1      1
 1  1  1    -3.1817402863e+00
 1  1  2     6.4017840150e+00
 1  1  3     6.4017840150e+00
 1  2  1     6.4017840150e+00
 1  2  2    -6.2421160195e+00
 1  2  3    -8.8822392399e+00
 1  3  1     6.4017840150e+00
 1  3  2    -8.8822392399e+00
 1  3  3    -6.2421160195e+00
 2  1  1     6.2421160195e+00
 2  1  2    -6.4017840150e+00
 2  1  3    -8.8822392399e+00
 2  2  1    -6.4017840150e+00
 2  2  2     3.1817402863e+00
 2  2  3     6.4017840150e+00
 2  3  1    -8.8822392399e+00
 2  3  2     6.4017840150e+00
 2  3  3     6.2421160195e+00
 3  1  1     6.2421160195e+00
 3  1  2    -8.8822392399e+00
 3  1  3    -6.4017840150e+00
 3  2  1    -8.8822392399e+00
 3  2  2     6.2421160195e+00
 3  2  3     6.4017840150e+00
 3  3  1    -6.4017840150e+00
 3  3  2     6.4017840150e+00
 3  3  3     3.1817402863e+00

  244
0.0000000000e+00 2.7009000000e+00 2.7009000000e+00
0.0000000000e+00 2.7009000000e+00 2.7009000000e+00
     2      1      2
 1  1  1     1.1455871129e-01
 1  1  2    -1.3497980895e-02
 1  1  3    -1.3497980895e-02
 1  2  1     0.0000000000e+00
 1  2  2    -2.6271688328e-01
 1  2  3     8.4883251094e-02
 1  3  1     0.0000000000e+00
 1  3  2     8.4883251094e-02
 1  3  3    -2.6271688328e-01
 2  1  1     1.3497980895e-02
 2  1  2    -4.7606926298e-02
 2  1  3     4.9808615039e-01
 2  2  1    -2.6271688328e-01
 2  2  2     0.0000000000e+00
 2  2  3    -6.6841051572e-02
 2  3  1     8.4883251094e-02
 2  3  2     0.0000000000e+00
 2  3  3     6.6841051572e-02
 3  1  1     1.3497980895e-02
 3  1  2     4.9808615039e-01
 3  1  3    -4.7606926298e-02
 3  2  1     8.4883251094e-02
 3  2  2     6.6841051572e-02
 3  2  3     0.0000000000e+00
 3  3  1    -2.6271688328e-01
 3  3  2    -6.6841051572e-02
 3  3  3     0.0000000000e+00

  245
0.0000000000e+00 2.7009000000e+00 2.7009000000e+00
2.7009000000e+00 0.0000000000e+00 2.7009000000e+00
     2      1      1
 1  1  1     0.0000000000e+00
 1  1  2     6.6841051572e-02
 1  1  3    -2.6271688328e-01
 1  2  1    -6.6841051572e-02
 1  2  2     0.0000000000e+00
 1  2  3    -8.4883251094e-02
 1  3  1    -2.6271688328e-01
 1  3  2    -8.4883251094e-02
 1  3  3     0.0000000000e+00
 2  1  1     0.0000000000e+00
 2  1  2     6.6841051572e-02
 2  1  3    -8.4883251094e-02
 2  2  1    -6.6841051572e-02
 2  2  2     0.0000000000e+00
 2  2  3    -2.6271688328e-01
 2  3  1    -8.4883251094e-02
 2  3  2    -2.6271688328e-01
 2  3  3     0.0000000000e+00
 3  1  1    -4.7606926298e-02
 3  1  2    -4.9808615039e-01
 3  1  3     1.3497980895e-02
 3  2  1    -4.9808615039e-01
 3  2  2    -4.7606926298e-02
 3  2  3    -1.3497980895e-02
 3  3  1    -1.3497980895e-02
 3  3  2     1.3497980895e-02
 3  3  3     1.1455871129e-01

  246
0.0000000000e+00 2.7009000000e+00 2.7009000000e+00
2.7009000000e+00 0.0000000000e+00 2.7009000000e+00
     2      1      2
 1  1  1    -2.9567687509e-02
 1  1  2     2.5164203694e-02
 1  1  3     3.3202051217e-02
 1  2  1    -8.1556607922e-03
 1  2  2     4.4354891269e-02
 1  2  3     1.7544200508e-02
 1  3  1     4.4789058074e-02
 1  3  2     3.9333786320e-02
 1  3  3     1.7355461497e-02
 2  1  1     5.0891905195e-03
 2  1  2    -4.2526434434e-02
 2  1  3     3.8267726566e-02
 2  2  1    -3.5359846116e-02
 2  2  2     2.0798643268e-02
 2  2  3     3.5359846116e-02
 2  3  1     3.8267726566e-02
 2  3  2     4.2526434434e-02
 2  3  3     5.0891905195e-03
 3  1  1    -1.7355461497e-02
 3  1  2     3.9333786320e-02
 3  1  3    -4.4789058074e-02
 3  2  1     1.7544200508e-02
 3  2  2    -4.4354891269e-02
 3  2  3    -8.1556607922e-03
 3  3  1    -3.3202051217e-02
 3  3  2     2.5164203694e-02
 3  3  3     2.9567687509e-02

  247
0.0000000000e+00 2.7009000000e+00 2.7009000000e+00
2.7009000000e+00 2.7009000000e+00 5.4018000000e+00
     2      1      1
 1  1  1     2.9567687509e-02
 1  1  2    -2.5164203694e-02
 1  1  3    -3.3202051217e-02
 1  2  1    -5.0891905195e-03
 1  2  2     4.2526434434e-02
 1  2  3    -3.8267726566e-02
 1  3  1     1.7355461497e-02
 1  3  2    -3.9333786320e-02
 1  3  3     4.4789058074e-02
 2  1  1     8.1556607922e-03
 2  1  2    -4.4354891269e-02
 2  1  3    -1.7544200508e-02
 2  2  1     3.5359846116e-02
 2  2  2    -2.0798643268e-02
 2  2  3    -3.5359846116e-02
 2  3  1    -1.7544200508e-02
 2  3  2     4.4354891269e-02
 2  3  3     8.1556607922e-03
 3  1  1    -4.4789058074e-02
 3  1  2    -3.9333786320e-02
 3  1  3    -1.7355461497e-02
 3  2  1    -3.8267726566e-02
 3  2  2    -4.2526434434e-02
 3  2  3    -5.0891905195e-03
 3  3  1     3.3202051217e-02
 3  3  2    -2.5164203694e-02
 3  3  3    -2.9567687509e-02

  248
0.0000000000e+00 2.7009000000e+00 2.7009000000e+00
-2.7009000000e+00 2.7009000000e+00 0.0000000000e+00
     2      1      2
 1  1  1     0.0000000000e+00
 1  1  2    -6.6841051572e-02
 1  1  3     2.6271688328e-01
 1  2  1     0.0000000000e+00
 1  2  2    -6.6841051572e-02
 1  2  3     8.4883251094e-02
 1  3  1     4.7606926298e-02
 1  3  2     4.9808615039e-01
 1  3  3    -1.3497980895e-02
 2  1  1     6.6841051572e-02
 2  1  2     0.0000000000e+00
 2  1  3     8.4883251094e-02
 2  2  1     6.6841051572e-02
 2  2  2     0.0000000000e+00
 2  2  3     2.6271688328e-01
 2  3  1     4.9808615039e-01
 2  3  2     4.7606926298e-02
 2  3  3     1.3497980895e-02
 3  1  1     2.6271688328e-01
 3  1  2     8.4883251094e-02
 3  1  3     0.0000000000e+00
 3  2  1     8.4883251094e-02
 3  2  2     2.6271688328e-01
 3  2  3     0.0000000000e+00
 3  3  1     1.3497980895e-02
 3  3  2    -1.3497980895e-02
 3  3  3    -1.1455871129e-01

  249
0.0000000000e+00 2.7009000000e+00 2.7009000000e+00
2.7009000000e+00 2.7009000000e+00 0.0000000000e+00
     2      1      1
 1  1  1     0.0000000000e+00
 1  1  2    -2.6271688328e-01
 1  1  3     6.6841051572e-02
 1  2  1    -2.6271688328e-01
 1  2  2     0.0000000000e+00
 1  2  3    -8.4883251094e-02
 1  3  1    -6.6841051572e-02
 1  3  2    -8.4883251094e-02
 1  3  3     0.0000000000e+00
 2  1  1    -4.7606926298e-02
 2  1  2     1.3497980895e-02
 2  1  3    -4.9808615039e-01
 2  2  1    -1.3497980895e-02
 2  2  2     1.1455871129e-01
 2  2  3     1.3497980895e-02
 2  3  1    -4.9808615039e-01
 2  3  2    -1.3497980895e-02
 2  3  3    -4.7606926298e-02
 3  1  1     0.0000000000e+00
 3  1  2    -8.4883251094e-02
 3  1  3     6.6841051572e-02
 3  2  1    -8.4883251094e-02
 3  2  2     0.0000000000e+00
 3  2  3    -2.6271688328e-01
 3  3  1    -6.6841051572e-02
 3  3  2    -2.6271688328e-01
 3  3  3     0.0000000000e+00

  250
0.0000000000e+00 2.7009000000e+00 2.7009000000e+00
2.7009000000e+00 2.7009000000e+00 0.0000000000e+00
     2      1      2
 1  1  1    -2.9567687509e-02
 1  1  2     3.3202051217e-02
 1  1  3     2.5164203694e-02
 1  2  1     4.4789058074e-02
 1  2  2     1.7355461497e-02
 1  2  3     3.9333786320e-02
 1  3  1    -8.1556607922e-03
 1  3  2     1.7544200508e-02
 1  3  3     4.4354891269e-02
 2  1  1    -1.7355461497e-02
 2  1  2    -4.4789058074e-02
 2  1  3     3.9333786320e-02
 2  2  1    -3.3202051217e-02
 2  2  2     2.9567687509e-02
 2  2  3     2.5164203694e-02
 2  3  1     1.7544200508e-02
 2  3  2    -8.1556607922e-03
 2  3  3    -4.4354891269e-02
 3  1  1     5.0891905195e-03
 3  1  2     3.8267726566e-02
 3  1  3    -4.2526434434e-02
 3  2  1     3.8267726566e-02
 3  2  2     5.0891905195e-03
 3  2  3     4.2526434434e-02
 3  3  1    -3.5359846116e-02
 3  3  2     3.5359846116e-02
 3  3  3     2.0798643268e-02

  251
0.0000000000e+00 2.7009000000e+00 2.7009000000e+00
2.7009000000e+00 5.4018000000e+00 2.7009000000e+00
     2      1      1
 1  1  1     2.9567687509e-02
 1  1  2    -3.3202051217e-02
 1  1  3    -2.5164203694e-02
 1  2  1     1.7355461497e-02
 1  2  2     4.4789058074e-02
 1  2  3    -3.9333786320e-02
 1  3  1    -5.0891905195e-03
 1  3  2    -3.8267726566e-02
 1  3  3     4.2526434434e-02
 2  1  1    -4.4789058074e-02
 2  1  2    -1.7355461497e-02
 2  1  3    -3.9333786320e-02
 2  2  1     3.3202051217e-02
 2  2  2    -2.9567687509e-02
 2  2  3    -2.5164203694e-02
 2  3  1    -3.8267726566e-02
 2  3  2    -5.0891905195e-03
 2  3  3    -4.2526434434e-02
 3  1  1     8.1556607922e-03
 3  1  2    -1.7544200508e-02
 3  1  3    -4.4354891269e-02
 3  2  1    -1.7544200508e-02
 3  2  2     8.1556607922e-03
 3  2  3     4.4354891269e-02
 3  3  1     3.5359846116e-02
 3  3  2    -3.5359846116e-02
 3  3  3    -2.0798643268e-02

  252
0.0000000000e+00 2.7009000000e+00 2.7009000000e+00
-2.7009000000e+00 0.0000000000e+00 2.7009000000e+00
     2      1      2
 1  1  1     0.0000000000e+00
 1  1  2     2.6271688328e-01
 1  1  3    -6.6841051572e-02
 1  2  1     4.7606926298e-02
 1  2  2    -1.3497980895e-02
 1  2  3     4.9808615039e-01
 1  3  1     0.0000000000e+00
 1  3  2     8.4883251094e-02
 1  3  3    -6.6841051572e-02
 2  1  1     2.6271688328e-01
 2  1  2     0.0000000000e+00
 2  1  3     8.4883251094e-02
 2  2  1     1.3497980895e-02
 2  2  2    -1.1455871129e-01
 2  2  3    -1.3497980895e-02
 2  3  1     8.4883251094e-02
 2  3  2     0.0000000000e+00
 2  3  3     2.6271688328e-01
 3  1  1     6.6841051572e-02
 3  1  2     8.4883251094e-02
 3  1  3     0.0000000000e+00
 3  2  1     4.9808615039e-01
 3  2  2     1.3497980895e-02
 3  2  3     4.7606926298e-02
 3  3  1     6.6841051572e-02
 3  3  2     2.6271688328e-01
 3  3  3     0.0000000000e+00

  253
0.0000000000e+00 2.7009000000e+00 2.7009000000e+00
0.0000000000e+00 -2.7009000000e+00 2.7009000000e+00
     2      1      2
 1  1  1    -2.0798643268e-02
 1  1  2     3.5359846116e-02
 1  1  3     3.5359846116e-02
 1  2  1     4.2526434434e-02
 1  2  2    -5.0891905195e-03
 1  2  3     3.8267726566e-02
 1  3  1     4.2526434434e-02
 1  3  2     3.8267726566e-02
 1  3  3    -5.0891905195e-03
 2  1  1    -4.4354891269e-02
 2  1  2     8.1556607922e-03
 2  1  3     1.7544200508e-02
 2  2  1    -2.5164203694e-02
 2  2  2     2.9567687509e-02
 2  2  3     3.3202051217e-02
 2  3  1     3.9333786320e-02
 2  3  2     4.4789058074e-02
 2  3  3    -1.7355461497e-02
 3  1  1    -4.4354891269e-02
 3  1  2     1.7544200508e-02
 3  1  3     8.1556607922e-03
 3  2  1     3.9333786320e-02
 3  2  2    -1.7355461497e-02
 3  2  3     4.4789058074e-02
 3  3  1    -2.5164203694e-02
 3  3  2     3.3202051217e-02
 3  3  3     2.9567687509e-02

  254
0.0000000000e+00 2.7009000000e+00 2.7009000000e+00
0.0000000000e+00 5.4018000000e+00 0.0000000000e+00
     2      1      1
 1  1  1     2.0798643268e-02
 1  1  2    -3.5359846116e-02
 1  1  3    -3.5359846116e-02
 1  2  1     4.4354891269e-02
 1  2  2    -8.1556607922e-03
 1  2  3    -1.7544200508e-02
 1  3  1     4.4354891269e-02
 1  3  2    -1.7544200508e-02
 1  3  3    -8.1556607922e-03
 2  1  1    -4.2526434434e-02
 2  1  2     5.0891905195e-03
 2  1  3    -3.8267726566e-02
 2  2  1     2.5164203694e-02
 2  2  2    -2.9567687509e-02
 2  2  3    -3.3202051217e-02
 2  3  1    -3.9333786320e-02
 2  3  2     1.7355461497e-02
 2  3  3    -4.4789058074e-02
 3  1  1    -4.2526434434e-02
 3  1  2    -3.8267726566e-02
 3  1  3     5.0891905195e-03
 3  2  1    -3.9333786320e-02
 3  2  2    -4.4789058074e-02
 3  2  3     1.7355461497e-02
 3  3  1     2.5164203694e-02
 3  3  2    -3.3202051217e-02
 3  3  3    -2.9567687509e-02

  255
0.0000000000e+00 -2.7009000000e+00 -2.7009000000e+00
0.0000000000e+00 0.0000000000e+00 0.0000000000e+00
     2      2      1
 1  1  1     1.1455871129e-01
 1  1  2     0.0000000000e+00
 1  1  3     0.0000000000e+00
 1  2  1     1.3497980895e-02
 1  2  2    -2.6271688328e-01
 1  2  3     8.4883251094e-02
 1  3  1     1.3497980895e-02
 1  3  2     8.4883251094e-02
 1  3  3    -2.6271688328e-01
 2  1  1    -1.3497980895e-02
 2  1  2    -2.6271688328e-01
 2  1  3     8.4883251094e-02
 2  2  1    -4.7606926298e-02
 2  2  2     0.0000000000e+00
 2  2  3     0.0000000000e+00
 2  3  1     4.9808615039e-01
 2  3  2     6.6841051572e-02
 2  3  3    -6.6841051572e-02
 3  1  1    -1.3497980895e-02
 3  1  2     8.4883251094e-02
 3  1  3    -2.6271688328e-01
 3  2  1     4.9808615039e-01
 3  2  2    -6.6841051572e-02
 3  2  3     6.6841051572e-02
 3  3  1    -4.7606926298e-02
 3  3  2     0.0000000000e+00
 3  3  3     0.0000000000e+00

  256
0.0000000000e+00 2.7009000000e+00 2.7009000000e+00
0.0000000000e+00 0.0000000000e+00 0.0000000000e+00
     2      2      2
 1  1  1    -1.5953594981e-01
 1  1  2     0.0000000000e+00
 1  1  3     0.0000000000e+00
 1  2  1     0.0000000000e+00
 1  2  2     1.8739634866e-01
 1  2  3    -2.7146614263e-01
 1  3  1     0.0000000000e+00
 1  3  2    -2.7146614263e-01
 1  3  3     1.8739634866e-01
 2  1  1     0.0000000000e+00
 2  1  2     1.9427549508e-01
 2  1  3    -1.1047329564e-02
 2  2  1     1.8739634866e-01
 2  2  2     0.0000000000e+00
 2  2  3     0.0000000000e+00
 2  3  1    -2.7146614263e-01
 2  3  2     0.0000000000e+00
 2  3  3     0.0000000000e+00
 3  1  1     0.0000000000e+00
 3  1  2    -1.1047329564e-02
 3  1  3     1.9427549508e-01
 3  2  1    -2.7146614263e-01
 3  2  2     0.0000000000e+00
 3  2  3     0.0000000000e+00
 3  3  1     1.8739634866e-01
 3  3  2     0.0000000000e+00
 3  3  3     0.0000000000e+00

  257
0.0000000000e+00 2.7009000000e+00 2.7009000000e+00
0.0000000000e+00 2.7009000000e+00 2.7009000000e+00
     2      2      1
 1  1  1     1.1455871129e-01
 1  1  2     0.0000000000e+00
 1  1  3     0.0000000000e+00
 1  2  1    -1.3497980895e-02
 1  2  2    -2.6271688328e-01
 1  2  3     8.4883251094e-02
 1  3  1    -1.3497980895e-02
 1  3  2     8.4883251094e-02
 1  3  3    -2.6271688328e-01
 2  1  1     1.3497980895e-02
 2  1  2    -2.6271688328e-01
 2  1  3     8.4883251094e-02
 2  2  1    -4.7606926298e-02
 2  2  2     0.0000000000e+00
 2  2  3     0.0000000000e+00
 2  3  1     4.9808615039e-01
 2  3  2    -6.6841051572e-02
 2  3  3     6.6841051572e-02
 3  1  1     1.3497980895e-02
 3  1  2     8.4883251094e-02
 3  1  3    -2.6271688328e-01
 3  2  1     4.9808615039e-01
 3  2  2     6.6841051572e-02
 3  2  3    -6.6841051572e-02
 3  3  1    -4.7606926298e-02
 3  3  2     0.0000000000e+00
 3  3  3     0.0000000000e+00

  258
0.0000000000e+00 2.7009000000e+00 2.7009000000e+00
0.0000000000e+00 2.7009000000e+00 2.7009000000e+00
     2      2      2
 1  1  1    -1.5953594981e-01
 1  1  2     0.0000000000e+00
 1  1  3     0.0000000000e+00
 1  2  1     0.0000000000e+00
 1  2  2     1.9427549508e-01
 1  2  3    -1.1047329564e-02
 1  3  1     0.0000000000e+00
 1  3  2    -1.1047329564e-02
 1  3  3     1.9427549508e-01
 2  1  1     0.0000000000e+00
 2  1  2     1.8739634866e-01
 2  1  3    -2.7146614263e-01
 2  2  1     1.8739634866e-01
 2  2  2     0.0000000000e+00
 2  2  3     0.0000000000e+00
 2  3  1    -2.7146614263e-01
 2  3  2     0.0000000000e+00
 2  3  3     0.0000000000e+00
 3  1  1     0.0000000000e+00
 3  1  2    -2.7146614263e-01
 3  1  3     1.8739634866e-01
 3  2  1    -2.7146614263e-01
 3  2  2     0.0000000000e+00
 3  2  3     0.0000000000e+00
 3  3  1     1.8739634866e-01
 3  3  2     0.0000000000e+00
 3  3  3     0.0000000000e+00

  259
0.0000000000e+00 2.7009000000e+00 2.7009000000e+00
2.7009000000e+00 0.0000000000e+00 2.7009000000e+00
     2      2      1
 1  1  1     2.0798643268e-02
 1  1  2    -4.2526434434e-02
 1  1  3     4.2526434434e-02
 1  2  1    -3.5359846116e-02
 1  2  2     5.0891905195e-03
 1  2  3     3.8267726566e-02
 1  3  1     3.5359846116e-02
 1  3  2     3.8267726566e-02
 1  3  3     5.0891905195e-03
 2  1  1     4.4354891269e-02
 2  1  2     2.5164203694e-02
 2  1  3     3.9333786320e-02
 2  2  1    -8.1556607922e-03
 2  2  2    -2.9567687509e-02
 2  2  3     4.4789058074e-02
 2  3  1     1.7544200508e-02
 2  3  2     3.3202051217e-02
 2  3  3     1.7355461497e-02
 3  1  1    -4.4354891269e-02
 3  1  2     3.9333786320e-02
 3  1  3     2.5164203694e-02
 3  2  1     1.7544200508e-02
 3  2  2    -1.7355461497e-02
 3  2  3    -3.3202051217e-02
 3  3  1    -8.1556607922e-03
 3  3  2    -4.4789058074e-02
 3  3  3     2.9567687509e-02

  260
0.0000000000e+00 2.7009000000e+00 2.7009000000e+00
2.7009000000e+00 0.0000000000e+00 2.7009000000e+00
     2      2      2
 1  1  1    -1.8451752316e-02
 1  1  2    -6.4360348475e-04
 1  1  3     6.4360348475e-04
 1  2  1    -4.9465008683e-02
 1  2  2    -6.4360348474e-04
 1  2  3    -1.3593549152e-02
 1  3  1     6.4360348474e-04
 1  3  2    -3.7134281580e-02
 1  3  3    -6.4360348475e-04
 2  1  1    -6.4360348474e-04
 2  1  2    -6.4360348475e-04
 2  1  3    -3.7134281580e-02
 2  2  1    -4.9465008683e-02
 2  2  2    -1.8451752316e-02
 2  2  3     6.4360348474e-04
 2  3  1    -1.3593549152e-02
 2  3  2     6.4360348475e-04
 2  3  3    -6.4360348475e-04
 3  1  1     4.9465008683e-02
 3  1  2    -1.3593549152e-02
 3  1  3    -6.4360348474e-04
 3  2  1    -1.6102513025e-01
 3  2  2     4.9465008683e-02
 3  2  3    -4.9465008683e-02
 3  3  1    -4.9465008683e-02
 3  3  2    -6.4360348474e-04
 3  3  3     1.8451752316e-02

  261
0.0000000000e+00 2.7009000000e+00 2.7009000000e+00
2.7009000000e+00 2.7009000000e+00 5.4018000000e+00
     2      2      1
 1  1  1     2.0798643268e-02
 1  1  2    -4.2526434434e-02
 1  1  3     4.2526434434e-02
 1  2  1     4.4354891269e-02
 1  2  2     2.5164203694e-02
 1  2  3     3.9333786320e-02
 1  3  1    -4.4354891269e-02
 1  3  2     3.9333786320e-02
 1  3  3     2.5164203694e-02
 2  1  1    -3.5359846116e-02
 2  1  2     5.0891905195e-03
 2  1  3     3.8267726566e-02
 2  2  1    -8.1556607922e-03
 2  2  2    -2.9567687509e-02
 2  2  3     4.4789058074e-02
 2  3  1     1.7544200508e-02
 2  3  2    -1.7355461497e-02
 2  3  3    -3.3202051217e-02
 3  1  1     3.5359846116e-02
 3  1  2     3.8267726566e-02
 3  1  3     5.0891905195e-03
 3  2  1     1.7544200508e-02
 3  2  2     3.3202051217e-02
 3  2  3     1.7355461497e-02
 3  3  1    -8.1556607922e-03
 3  3  2    -4.4789058074e-02
 3  3  3     2.9567687509e-02

  262
0.0000000000e+00 -2.7009000000e+00 -2.7009000000e+00
2.7009000000e+00 -2.7009000000e+00 0.0000000000e+00
     2      2      2
 1  1  1    -1.8451752316e-02
 1  1  2    -6.4360348475e-04
 1  1  3     6.4360348475e-04
 1  2  1    -6.4360348474e-04
 1  2  2    -6.4360348475e-04
 1  2  3    -3.7134281580e-02
 1  3  1     4.9465008683e-02
 1  3  2    -1.3593549152e-02
 1  3  3    -6.4360348474e-04
 2  1  1    -4.9465008683e-02
 2  1  2    -6.4360348474e-04
 2  1  3    -1.3593549152e-02
 2  2  1    -4.9465008683e-02
 2  2  2    -1.8451752316e-02
 2  2  3     6.4360348474e-04
 2  3  1    -1.6102513025e-01
 2  3  2     4.9465008683e-02
 2  3  3    -4.9465008683e-02
 3  1  1     6.4360348474e-04
 3  1  2    -3.7134281580e-02
 3  1  3    -6.4360348475e-04
 3  2  1    -1.3593549152e-02
 3  2  2     6.4360348475e-04
 3  2  3    -6.4360348475e-04
 3  3  1    -4.9465008683e-02
 3  3  2    -6.4360348474e-04
 3  3  3     1.8451752316e-02

  263
0.0000000000e+00 2.7009000000e+00 2.7009000000e+00
2.7009000000e+00 2.7009000000e+00 0.0000000000e+00
     2      2      1
 1  1  1     2.0798643268e-02
 1  1  2     4.2526434434e-02
 1  1  3    -4.2526434434e-02
 1  2  1     3.5359846116e-02
 1  2  2     5.0891905195e-03
 1  2  3     3.8267726566e-02
 1  3  1    -3.5359846116e-02
 1  3  2     3.8267726566e-02
 1  3  3     5.0891905195e-03
 2  1  1    -4.4354891269e-02
 2  1  2     2.5164203694e-02
 2  1  3     3.9333786320e-02
 2  2  1    -8.1556607922e-03
 2  2  2     2.9567687509e-02
 2  2  3    -4.4789058074e-02
 2  3  1     1.7544200508e-02
 2  3  2    -3.3202051217e-02
 2  3  3    -1.7355461497e-02
 3  1  1     4.4354891269e-02
 3  1  2     3.9333786320e-02
 3  1  3     2.5164203694e-02
 3  2  1     1.7544200508e-02
 3  2  2     1.7355461497e-02
 3  2  3     3.3202051217e-02
 3  3  1    -8.1556607922e-03
 3  3  2     4.4789058074e-02
 3  3  3    -2.9567687509e-02

  264
0.0000000000e+00 -2.7009000000e+00 -2.7009000000e+00
-2.7009000000e+00 -2.7009000000e+00 0.0000000000e+00
     2      2      2
 1  1  1    -1.8451752316e-02
 1  1  2     6.4360348475e-04
 1  1  3    -6.4360348475e-04
 1  2  1     6.4360348474e-04
 1  2  2    -6.4360348475e-04
 1  2  3    -3.7134281580e-02
 1  3  1    -4.9465008683e-02
 1  3  2    -1.3593549152e-02
 1  3  3    -6.4360348474e-04
 2  1  1     4.9465008683e-02
 2  1  2    -6.4360348474e-04
 2  1  3    -1.3593549152e-02
 2  2  1    -4.9465008683e-02
 2  2  2     1.8451752316e-02
 2  2  3    -6.4360348474e-04
 2  3  1    -1.6102513025e-01
 2  3  2    -4.9465008683e-02
 2  3  3     4.9465008683e-02
 3  1  1    -6.4360348474e-04
 3  1  2    -3.7134281580e-02
 3  1  3    -6.4360348475e-04
 3  2  1    -1.3593549152e-02
 3  2  2    -6.4360348475e-04
 3  2  3     6.4360348475e-04
 3  3  1    -4.9465008683e-02
 3  3  2     6.4360348474e-04
 3  3  3    -1.8451752316e-02

  265
0.0000000000e+00 -2.7009000000e+00 -2.7009000000e+00
2.7009000000e+00 0.0000000000e+00 -2.7009000000e+00
     2      2      1
 1  1  1     2.0798643268e-02
 1  1  2     4.2526434434e-02
 1  1  3    -4.2526434434e-02
 1  2  1    -4.4354891269e-02
 1  2  2     2.5164203694e-02
 1  2  3     3.9333786320e-02
 1  3  1     4.4354891269e-02
 1  3  2     3.9333786320e-02
 1  3  3     2.5164203694e-02
 2  1  1     3.5359846116e-02
 2  1  2     5.0891905195e-03
 2  1  3     3.8267726566e-02
 2  2  1    -8.1556607922e-03
 2  2  2     2.9567687509e-02
 2  2  3    -4.4789058074e-02
 2  3  1     1.7544200508e-02
 2  3  2     1.7355461497e-02
 2  3  3     3.3202051217e-02
 3  1  1    -3.5359846116e-02
 3  1  2     3.8267726566e-02
 3  1  3     5.0891905195e-03
 3  2  1     1.7544200508e-02
 3  2  2    -3.3202051217e-02
 3  2  3    -1.7355461497e-02
 3  3  1    -8.1556607922e-03
 3  3  2     4.4789058074e-02
 3  3  3    -2.9567687509e-02

  266
0.0000000000e+00 2.7009000000e+00 2.7009000000e+00
-2.7009000000e+00 0.0000000000e+00 2.7009000000e+00
     2      2      2
 1  1  1    -1.8451752316e-02
 1  1  2     6.4360348475e-04
 1  1  3    -6.4360348475e-04
 1  2  1     4.9465008683e-02
 1  2  2    -6.4360348474e-04
 1  2  3    -1.3593549152e-02
 1  3  1    -6.4360348474e-04
 1  3  2    -3.7134281580e-02
 1  3  3    -6.4360348475e-04
 2  1  1     6.4360348474e-04
 2  1  2    -6.4360348475e-04
 2  1  3    -3.7134281580e-02
 2  2  1    -4.9465008683e-02
 2  2  2     1.8451752316e-02
 2  2  3    -6.4360348474e-04
 2  3  1    -1.3593549152e-02
 2  3  2    -6.4360348475e-04
 2  3  3     6.4360348475e-04
 3  1  1    -4.9465008683e-02
 3  1  2    -1.3593549152e-02
 3  1  3    -6.4360348474e-04
 3  2  1    -1.6102513025e-01
 3  2  2    -4.9465008683e-02
 3  2  3     4.9465008683e-02
 3  3  1    -4.9465008683e-02
 3  3  2     6.4360348474e-04
 3  3  3    -1.8451752316e-02

  267
0.0000000000e+00 2.7009000000e+00 2.7009000000e+00
5.4018000000e+00 2.7009000000e+00 2.7009000000e+00
     2      2      1
 1  1  1     4.0283456619e-02
 1  1  2     0.0000000000e+00
 1  1  3     0.0000000000e+00
 1  2  1     3.8245878644e-03
 1  2  2     4.2914774162e-02
 1  2  3     2.9499802849e-02
 1  3  1     3.8245878644e-03
 1  3  2     2.9499802849e-02
 1  3  3     4.2914774162e-02
 2  1  1    -3.8245878644e-03
 2  1  2     4.2914774162e-02
 2  1  3     2.9499802849e-02
 2  2  1    -2.4548083413e-02
 2  2  2     0.0000000000e+00
 2  2  3     0.0000000000e+00
 2  3  1    -8.7089729381e-02
 2  3  2    -9.9489805960e-02
 2  3  3     9.9489805960e-02
 3  1  1    -3.8245878644e-03
 3  1  2     2.9499802849e-02
 3  1  3     4.2914774162e-02
 3  2  1    -8.7089729381e-02
 3  2  2     9.9489805960e-02
 3  2  3    -9.9489805960e-02
 3  3  1    -2.4548083413e-02
 3  3  2     0.0000000000e+00
 3  3  3     0.0000000000e+00

  268
0.0000000000e+00 2.7009000000e+00 2.7009000000e+00
0.0000000000e+00 0.0000000000e+00 5.4018000000e+00
     2      2      1
 1  1  1     4.0283456619e-02
 1  1  2     0.0000000000e+00
 1  1  3     0.0000000000e+00
 1  2  1    -3.8245878644e-03
 1  2  2     4.2914774162e-02
 1  2  3     2.9499802849e-02
 1  3  1    -3.8245878644e-03
 1  3  2     2.9499802849e-02
 1  3  3     4.2914774162e-02
 2  1  1     3.8245878644e-03
 2  1  2     4.2914774162e-02
 2  1  3     2.9499802849e-02
 2  2  1    -2.4548083413e-02
 2  2  2     0.0000000000e+00
 2  2  3     0.0000000000e+00
 2  3  1    -8.7089729381e-02
 2  3  2     9.9489805960e-02
 2  3  3    -9.9489805960e-02
 3  1  1     3.8245878644e-03
 3  1  2     2.9499802849e-02
 3  1  3     4.2914774162e-02
 3  2  1    -8.7089729381e-02
 3  2  2    -9.9489805960e-02
 3  2  3     9.9489805960e-02
 3  3  1    -2.4548083413e-02
 3  3  2     0.0000000000e+00
 3  3  3     0.0000000000e+00

  269
2.7009000000e+00 0.0000000000e+00 2.7009000000e+00
0.0000000000e+00 0.0000000000e+00 0.0000000000e+00
     2      1      1
 1  1  1     0.0000000000e+00
 1  1  2     2.6271688328e-01
 1  1  3     6.6841051572e-02
 1  2  1     2.6271688328e-01
 1  2  2     0.0000000000e+00
 1  2  3    -8.4883251094e-02
 1  3  1    -6.6841051572e-02
 1  3  2    -8.4883251094e-02
 1  3  3     0.0000000000e+00
 2  1  1     4.7606926298e-02
 2  1  2    -1.3497980895e-02
 2  1  3    -4.9808615039e-01
 2  2  1     1.3497980895e-02
 2  2  2    -1.1455871129e-01
 2  2  3     1.3497980895e-02
 2  3  1    -4.9808615039e-01
 2  3  2    -1.3497980895e-02
 2  3  3     4.7606926298e-02
 3  1  1     0.0000000000e+00
 3  1  2    -8.4883251094e-02
 3  1  3    -6.6841051572e-02
 3  2  1    -8.4883251094e-02
 3  2  2     0.0000000000e+00
 3  2  3     2.6271688328e-01
 3  3  1     6.6841051572e-02
 3  3  2     2.6271688328e-01
 3  3  3     0.0000000000e+00

  270
2.7009000000e+00 0.0000000000e+00 2.7009000000e+00
0.0000000000e+00 0.0000000000e+00 0.0000000000e+00
     2      1      2
 1  1  1    -3.1817402863e+00
 1  1  2     6.4017840150e+00
 1  1  3    -6.4017840150e+00
 1  2  1     6.2421160195e+00
 1  2  2    -6.4017840150e+00
 1  2  3     8.8822392399e+00
 1  3  1    -6.2421160195e+00
 1  3  2     8.8822392399e+00
 1  3  3    -6.4017840150e+00
 2  1  1     6.4017840150e+00
 2  1  2    -6.2421160195e+00
 2  1  3     8.8822392399e+00
 2  2  1    -6.4017840150e+00
 2  2  2     3.1817402863e+00
 2  2  3    -6.4017840150e+00
 2  3  1     8.8822392399e+00
 2  3  2    -6.2421160195e+00
 2  3  3     6.4017840150e+00
 3  1  1    -6.4017840150e+00
 3  1  2     8.8822392399e+00
 3  1  3    -6.2421160195e+00
 3  2  1     8.8822392399e+00
 3  2  2    -6.4017840150e+00
 3  2  3     6.2421160195e+00
 3  3  1    -6.4017840150e+00
 3  3  2     6.4017840150e+00
 3  3  3    -3.1817402863e+00

  271
2.7009000000e+00 0.0000000000e+00 2.7009000000e+00
0.0000000000e+00 2.7009000000e+00 2.7009000000e+00
     2      1      1
 1  1  1     0.0000000000e+00
 1  1  2    -6.6841051572e-02
 1  1  3    -2.6271688328e-01
 1  2  1     6.6841051572e-02
 1  2  2     0.0000000000e+00
 1  2  3    -8.4883251094e-02
 1  3  1    -2.6271688328e-01
 1  3  2    -8.4883251094e-02
 1  3  3     0.0000000000e+00
 2  1  1     0.0000000000e+00
 2  1  2    -6.6841051572e-02
 2  1  3    -8.4883251094e-02
 2  2  1     6.6841051572e-02
 2  2  2     0.0000000000e+00
 2  2  3    -2.6271688328e-01
 2  3  1    -8.4883251094e-02
 2  3  2    -2.6271688328e-01
 2  3  3     0.0000000000e+00
 3  1  1    -4.7606926298e-02
 3  1  2    -4.9808615039e-01
 3  1  3    -1.3497980895e-02
 3  2  1    -4.9808615039e-01
 3  2  2    -4.7606926298e-02
 3  2  3     1.3497980895e-02
 3  3  1     1.3497980895e-02
 3  3  2    -1.3497980895e-02
 3  3  3     1.1455871129e-01

  272
2.7009000000e+00 0.0000000000e+00 2.7009000000e+00
0.0000000000e+00 2.7009000000e+00 2.7009000000e+00
     2      1      2
 1  1  1     2.0798643268e-02
 1  1  2    -3.5359846116e-02
 1  1  3     3.5359846116e-02
 1  2  1    -4.2526434434e-02
 1  2  2     5.0891905195e-03
 1  2  3     3.8267726566e-02
 1  3  1     4.2526434434e-02
 1  3  2     3.8267726566e-02
 1  3  3     5.0891905195e-03
 2  1  1     4.4354891269e-02
 2  1  2    -8.1556607922e-03
 2  1  3     1.7544200508e-02
 2  2  1     2.5164203694e-02
 2  2  2    -2.9567687509e-02
 2  2  3     3.3202051217e-02
 2  3  1     3.9333786320e-02
 2  3  2     4.4789058074e-02
 2  3  3     1.7355461497e-02
 3  1  1    -4.4354891269e-02
 3  1  2     1.7544200508e-02
 3  1  3    -8.1556607922e-03
 3  2  1     3.9333786320e-02
 3  2  2    -1.7355461497e-02
 3  2  3    -4.4789058074e-02
 3  3  1     2.5164203694e-02
 3  3  2    -3.3202051217e-02
 3  3  3     2.9567687509e-02

  273
2.7009000000e+00 0.0000000000e+00 2.7009000000e+00
2.7009000000e+00 0.0000000000e+00 2.7009000000e+00
     2      1      1
 1  1  1     3.1817402863e+00
 1  1  2    -6.4017840150e+00
 1  1  3     6.4017840150e+00
 1  2  1    -6.4017840150e+00
 1  2  2     6.2421160195e+00
 1  2  3    -8.8822392399e+00
 1  3  1     6.4017840150e+00
 1  3  2    -8.8822392399e+00
 1  3  3     6.2421160195e+00
 2  1  1    -6.2421160195e+00
 2  1  2     6.4017840150e+00
 2  1  3    -8.8822392399e+00
 2  2  1     6.4017840150e+00
 2  2  2    -3.1817402863e+00
 2  2  3     6.4017840150e+00
 2  3  1    -8.8822392399e+00
 2  3  2     6.4017840150e+00
 2  3  3    -6.2421160195e+00
 3  1  1     6.2421160195e+00
 3  1  2    -8.8822392399e+00
 3  1  3     6.4017840150e+00
 3  2  1    -8.8822392399e+00
 3  2  2     6.2421160195e+00
 3  2  3    -6.4017840150e+00
 3  3  1     6.4017840150e+00
 3  3  2    -6.4017840150e+00
 3  3  3     3.1817402863e+00

  274
2.7009000000e+00 0.0000000000e+00 2.7009000000e+00
2.7009000000e+00 0.0000000000e+00 2.7009000000e+00
     2      1      2
 1  1  1     0.0000000000e+00
 1  1  2    -2.6271688328e-01
 1  1  3    -6.6841051572e-02
 1  2  1    -4.7606926298e-02
 1  2  2     1.3497980895e-02
 1  2  3     4.9808615039e-01
 1  3  1     0.0000000000e+00
 1  3  2     8.4883251094e-02
 1  3  3     6.6841051572e-02
 2  1  1    -2.6271688328e-01
 2  1  2     0.0000000000e+00
 2  1  3     8.4883251094e-02
 2  2  1    -1.3497980895e-02
 2  2  2     1.1455871129e-01
 2  2  3    -1.3497980895e-02
 2  3  1     8.4883251094e-02
 2  3  2     0.0000000000e+00
 2  3  3    -2.6271688328e-01
 3  1  1     6.6841051572e-02
 3  1  2     8.4883251094e-02
 3  1  3     0.0000000000e+00
 3  2  1     4.9808615039e-01
 3  2  2     1.3497980895e-02
 3  2  3    -4.7606926298e-02
 3  3  1    -6.6841051572e-02
 3  3  2    -2.6271688328e-01
 3  3  3     0.0000000000e+00

  275
2.7009000000e+00 0.0000000000e+00 2.7009000000e+00
2.7009000000e+00 2.7009000000e+00 5.4018000000e+00
     2      1      1
 1  1  1    -2.0798643268e-02
 1  1  2     3.5359846116e-02
 1  1  3    -3.5359846116e-02
 1  2  1    -4.4354891269e-02
 1  2  2     8.1556607922e-03
 1  2  3    -1.7544200508e-02
 1  3  1     4.4354891269e-02
 1  3  2    -1.7544200508e-02
 1  3  3     8.1556607922e-03
 2  1  1     4.2526434434e-02
 2  1  2    -5.0891905195e-03
 2  1  3    -3.8267726566e-02
 2  2  1    -2.5164203694e-02
 2  2  2     2.9567687509e-02
 2  2  3    -3.3202051217e-02
 2  3  1    -3.9333786320e-02
 2  3  2     1.7355461497e-02
 2  3  3     4.4789058074e-02
 3  1  1    -4.2526434434e-02
 3  1  2    -3.8267726566e-02
 3  1  3    -5.0891905195e-03
 3  2  1    -3.9333786320e-02
 3  2  2    -4.4789058074e-02
 3  2  3    -1.7355461497e-02
 3  3  1    -2.5164203694e-02
 3  3  2     3.3202051217e-02
 3  3  3    -2.9567687509e-02

  276
2.7009000000e+00 0.0000000000e+00 2.7009000000e+00
2.7009000000e+00 -2.7009000000e+00 0.0000000000e+00
     2      1      2
 1  1  1     0.0000000000e+00
 1  1  2     6.6841051572e-02
 1  1  3     2.6271688328e-01
 1  2  1     0.0000000000e+00
 1  2  2     6.6841051572e-02
 1  2  3     8.4883251094e-02
 1  3  1     4.7606926298e-02
 1  3  2     4.9808615039e-01
 1  3  3     1.3497980895e-02
 2  1  1    -6.6841051572e-02
 2  1  2     0.0000000000e+00
 2  1  3     8.4883251094e-02
 2  2  1    -6.6841051572e-02
 2  2  2     0.0000000000e+00
 2  2  3     2.6271688328e-01
 2  3  1     4.9808615039e-01
 2  3  2     4.7606926298e-02
 2  3  3    -1.3497980895e-02
 3  1  1     2.6271688328e-01
 3  1  2     8.4883251094e-02
 3  1  3     0.0000000000e+00
 3  2  1     8.4883251094e-02
 3  2  2     2.6271688328e-01
 3  2  3     0.0000000000e+00
 3  3  1    -1.3497980895e-02
 3  3  2     1.3497980895e-02
 3  3  3    -1.1455871129e-01

  277
2.7009000000e+00 0.0000000000e+00 2.7009000000e+00
2.7009000000e+00 2.7009000000e+00 0.0000000000e+00
     2      1      1
 1  1  1     1.1455871129e-01
 1  1  2    -1.3497980895e-02
 1  1  3     1.3497980895e-02
 1  2  1     1.3497980895e-02
 1  2  2    -4.7606926298e-02
 1  2  3    -4.9808615039e-01
 1  3  1    -1.3497980895e-02
 1  3  2    -4.9808615039e-01
 1  3  3    -4.7606926298e-02
 2  1  1     0.0000000000e+00
 2  1  2    -2.6271688328e-01
 2  1  3    -8.4883251094e-02
 2  2  1    -2.6271688328e-01
 2  2  2     0.0000000000e+00
 2  2  3     6.6841051572e-02
 2  3  1    -8.4883251094e-02
 2  3  2    -6.6841051572e-02
 2  3  3     0.0000000000e+00
 3  1  1     0.0000000000e+00
 3  1  2    -8.4883251094e-02
 3  1  3    -2.6271688328e-01
 3  2  1    -8.4883251094e-02
 3  2  2     0.0000000000e+00
 3  2  3     6.6841051572e-02
 3  3  1    -2.6271688328e-01
 3  3  2    -6.6841051572e-02
 3  3  3     0.0000000000e+00

  278
2.7009000000e+00 0.0000000000e+00 2.7009000000e+00
2.7009000000e+00 2.7009000000e+00 0.0000000000e+00
     2      1      2
 1  1  1     2.9567687509e-02
 1  1  2    -3.3202051217e-02
 1  1  3     2.5164203694e-02
 1  2  1    -4.4789058074e-02
 1  2  2    -1.7355461497e-02
 1  2  3     3.9333786320e-02
 1  3  1    -8.1556607922e-03
 1  3  2     1.7544200508e-02
 1  3  3    -4.4354891269e-02
 2  1  1     1.7355461497e-02
 2  1  2     4.4789058074e-02
 2  1  3     3.9333786320e-02
 2  2  1     3.3202051217e-02
 2  2  2    -2.9567687509e-02
 2  2  3     2.5164203694e-02
 2  3  1     1.7544200508e-02
 2  3  2    -8.1556607922e-03
 2  3  3     4.4354891269e-02
 3  1  1     5.0891905195e-03
 3  1  2     3.8267726566e-02
 3  1  3     4.2526434434e-02
 3  2  1     3.8267726566e-02
 3  2  2     5.0891905195e-03
 3  2  3    -4.2526434434e-02
 3  3  1     3.5359846116e-02
 3  3  2    -3.5359846116e-02
 3  3  3     2.0798643268e-02

  279
2.7009000000e+00 0.0000000000e+00 2.7009000000e+00
2.7009000000e+00 0.0000000000e+00 -2.7009000000e+00
     2      1      2
 1  1  1     2.9567687509e-02
 1  1  2    -2.5164203694e-02
 1  1  3     3.3202051217e-02
 1  2  1     8.1556607922e-03
 1  2  2    -4.4354891269e-02
 1  2  3     1.7544200508e-02
 1  3  1     4.4789058074e-02
 1  3  2     3.9333786320e-02
 1  3  3    -1.7355461497e-02
 2  1  1    -5.0891905195e-03
 2  1  2     4.2526434434e-02
 2  1  3     3.8267726566e-02
 2  2  1     3.5359846116e-02
 2  2  2    -2.0798643268e-02
 2  2  3     3.5359846116e-02
 2  3  1     3.8267726566e-02
 2  3  2     4.2526434434e-02
 2  3  3    -5.0891905195e-03
 3  1  1    -1.7355461497e-02
 3  1  2     3.9333786320e-02
 3  1  3     4.4789058074e-02
 3  2  1     1.7544200508e-02
 3  2  2    -4.4354891269e-02
 3  2  3     8.1556607922e-03
 3  3  1     3.3202051217e-02
 3  3  2    -2.5164203694e-02
 3  3  3     2.9567687509e-02

  280
2.7009000000e+00 0.0000000000e+00 2.7009000000e+00
5.4018000000e+00 2.7009000000e+00 2.7009000000e+00
     2      1      1
 1  1  1    -2.9567687509e-02
 1  1  2     3.3202051217e-02
 1  1  3    -2.5164203694e-02
 1  2  1    -1.7355461497e-02
 1  2  2    -4.4789058074e-02
 1  2  3    -3.9333786320e-02
 1  3  1    -5.0891905195e-03
 1  3  2    -3.8267726566e-02
 1  3  3    -4.2526434434e-02
 2  1  1     4.4789058074e-02
 2  1  2     1.7355461497e-02
 2  1  3    -3.9333786320e-02
 2  2  1    -3.3202051217e-02
 2  2  2     2.9567687509e-02
 2  2  3    -2.5164203694e-02
 2  3  1    -3.8267726566e-02
 2  3  2    -5.0891905195e-03
 2  3  3     4.2526434434e-02
 3  1  1     8.1556607922e-03
 3  1  2    -1.7544200508e-02
 3  1  3     4.4354891269e-02
 3  2  1    -1.7544200508e-02
 3  2  2     8.1556607922e-03
 3  2  3    -4.4354891269e-02
 3  3  1    -3.5359846116e-02
 3  3  2     3.5359846116e-02
 3  3  3    -2.0798643268e-02

  281
2.7009000000e+00 0.0000000000e+00 2.7009000000e+00
0.0000000000e+00 -2.7009000000e+00 2.7009000000e+00
     2      1      2
 1  1  1    -1.1455871129e-01
 1  1  2     1.3497980895e-02
 1  1  3    -1.3497980895e-02
 1  2  1     0.0000000000e+00
 1  2  2     2.6271688328e-01
 1  2  3     8.4883251094e-02
 1  3  1     0.0000000000e+00
 1  3  2     8.4883251094e-02
 1  3  3     2.6271688328e-01
 2  1  1    -1.3497980895e-02
 2  1  2     4.7606926298e-02
 2  1  3     4.9808615039e-01
 2  2  1     2.6271688328e-01
 2  2  2     0.0000000000e+00
 2  2  3    -6.6841051572e-02
 2  3  1     8.4883251094e-02
 2  3  2     0.0000000000e+00
 2  3  3    -6.6841051572e-02
 3  1  1     1.3497980895e-02
 3  1  2     4.9808615039e-01
 3  1  3     4.7606926298e-02
 3  2  1     8.4883251094e-02
 3  2  2     6.6841051572e-02
 3  2  3     0.0000000000e+00
 3  3  1     2.6271688328e-01
 3  3  2     6.6841051572e-02
 3  3  3     0.0000000000e+00

  282
2.7009000000e+00 0.0000000000e+00 2.7009000000e+00
5.4018000000e+00 0.0000000000e+00 0.0000000000e+00
     2      1      1
 1  1  1    -2.9567687509e-02
 1  1  2     2.5164203694e-02
 1  1  3    -3.3202051217e-02
 1  2  1     5.0891905195e-03
 1  2  2    -4.2526434434e-02
 1  2  3    -3.8267726566e-02
 1  3  1     1.7355461497e-02
 1  3  2    -3.9333786320e-02
 1  3  3    -4.4789058074e-02
 2  1  1    -8.1556607922e-03
 2  1  2     4.4354891269e-02
 2  1  3    -1.7544200508e-02
 2  2  1    -3.5359846116e-02
 2  2  2     2.0798643268e-02
 2  2  3    -3.5359846116e-02
 2  3  1    -1.7544200508e-02
 2  3  2     4.4354891269e-02
 2  3  3    -8.1556607922e-03
 3  1  1    -4.4789058074e-02
 3  1  2    -3.9333786320e-02
 3  1  3     1.7355461497e-02
 3  2  1    -3.8267726566e-02
 3  2  2    -4.2526434434e-02
 3  2  3     5.0891905195e-03
 3  3  1    -3.3202051217e-02
 3  3  2     2.5164203694e-02
 3  3  3    -2.9567687509e-02

  283
-2.7009000000e+00 0.0000000000e+00 -2.7009000000e+00
0.0000000000e+00 0.0000000000e+00 0.0000000000e+00
     2      2      1
 1  1  1     0.0000000000e+00
 1  1  2    -4.7606926298e-02
 1  1  3     0.0000000000e+00
 1  2  1    -2.6271688328e-01
 1  2  2    -1.3497980895e-02
 1  2  3     8.4883251094e-02
 1  3  1     6.6841051572e-02
 1  3  2     4.9808615039e-01
 1  3  3    -6.6841051572e-02
 2  1  1    -2.6271688328e-01
 2  1  2     1.3497980895e-02
 2  1  3     8.4883251094e-02
 2  2  1     0.0000000000e+00
 2  2  2     1.1455871129e-01
 2  2  3     0.0000000000e+00
 2  3  1     8.4883251094e-02
 2  3  2     1.3497980895e-02
 2  3  3    -2.6271688328e-01
 3  1  1    -6.6841051572e-02
 3  1  2     4.9808615039e-01
 3  1  3     6.6841051572e-02
 3  2  1     8.4883251094e-02
 3  2  2    -1.3497980895e-02
 3  2  3    -2.6271688328e-01
 3  3  1     0.0000000000e+00
 3  3  2    -4.7606926298e-02
 3  3  3     0.0000000000e+00

  284
2.7009000000e+00 0.0000000000e+00 2.7009000000e+00
0.0000000000e+00 0.0000000000e+00 0.0000000000e+00
     2      2      2
 1  1  1     0.0000000000e+00
 1  1  2     1.8739634866e-01
 1  1  3     0.0000000000e+00
 1  2  1     1.9427549508e-01
 1  2  2     0.0000000000e+00
 1  2  3    -1.1047329564e-02
 1  3  1     0.0000000000e+00
 1  3  2    -2.7146614263e-01
 1  3  3     0.0000000000e+00
 2  1  1     1.8739634866e-01
 2  1  2     0.0000000000e+00
 2  1  3    -2.7146614263e-01
 2  2  1     0.0000000000e+00
 2  2  2    -1.5953594981e-01
 2  2  3     0.0000000000e+00
 2  3  1    -2.7146614263e-01
 2  3  2     0.0000000000e+00
 2  3  3     1.8739634866e-01
 3  1  1     0.0000000000e+00
 3  1  2    -2.7146614263e-01
 3  1  3     0.0000000000e+00
 3  2  1    -1.1047329564e-02
 3  2  2     0.0000000000e+00
 3  2  3     1.9427549508e-01
 3  3  1     0.0000000000e+00
 3  3  2     1.8739634866e-01
 3  3  3     0.0000000000e+00

  285
2.7009000000e+00 0.0000000000e+00 2.7009000000e+00
0.0000000000e+00 2.7009000000e+00 2.7009000000e+00
     2      2      1
 1  1  1    -2.9567687509e-02
 1  1  2    -8.1556607922e-03
 1  1  3     4.4789058074e-02
 1  2  1     2.5164203694e-02
 1  2  2     4.4354891269e-02
 1  2  3     3.9333786320e-02
 1  3  1     3.3202051217e-02
 1  3  2     1.7544200508e-02
 1  3  3     1.7355461497e-02
 2  1  1     5.0891905195e-03
 2  1  2    -3.5359846116e-02
 2  1  3     3.8267726566e-02
 2  2  1    -4.2526434434e-02
 2  2  2     2.0798643268e-02
 2  2  3     4.2526434434e-02
 2  3  1     3.8267726566e-02
 2  3  2     3.5359846116e-02
 2  3  3     5.0891905195e-03
 3  1  1    -1.7355461497e-02
 3  1  2     1.7544200508e-02
 3  1  3    -3.3202051217e-02
 3  2  1     3.9333786320e-02
 3  2  2    -4.4354891269e-02
 3  2  3     2.5164203694e-02
 3  3  1    -4.4789058074e-02
 3  3  2    -8.1556607922e-03
 3  3  3     2.9567687509e-02

  286
2.7009000000e+00 0.0000000000e+00 2.7009000000e+00
0.0000000000e+00 2.7009000000e+00 2.7009000000e+00
     2      2      2
 1  1  1    -1.8451752316e-02
 1  1  2    -4.9465008683e-02
 1  1  3     6.4360348474e-04
 1  2  1    -6.4360348475e-04
 1  2  2    -6.4360348474e-04
 1  2  3    -3.7134281580e-02
 1  3  1     6.4360348475e-04
 1  3  2    -1.3593549152e-02
 1  3  3    -6.4360348475e-04
 2  1  1    -6.4360348474e-04
 2  1  2    -4.9465008683e-02
 2  1  3    -1.3593549152e-02
 2  2  1    -6.4360348475e-04
 2  2  2    -1.8451752316e-02
 2  2  3     6.4360348475e-04
 2  3  1    -3.7134281580e-02
 2  3  2     6.4360348474e-04
 2  3  3    -6.4360348475e-04
 3  1  1     4.9465008683e-02
 3  1  2    -1.6102513025e-01
 3  1  3    -4.9465008683e-02
 3  2  1    -1.3593549152e-02
 3  2  2     4.9465008683e-02
 3  2  3    -6.4360348474e-04
 3  3  1    -6.4360348474e-04
 3  3  2    -4.9465008683e-02
 3  3  3     1.8451752316e-02

  287
2.7009000000e+00 0.0000000000e+00 2.7009000000e+00
2.7009000000e+00 0.0000000000e+00 2.7009000000e+00
     2      2      1
 1  1  1     0.0000000000e+00
 1  1  2    -4.7606926298e-02
 1  1  3     0.0000000000e+00
 1  2  1    -2.6271688328e-01
 1  2  2     1.3497980895e-02
 1  2  3     8.4883251094e-02
 1  3  1    -6.6841051572e-02
 1  3  2     4.9808615039e-01
 1  3  3     6.6841051572e-02
 2  1  1    -2.6271688328e-01
 2  1  2    -1.3497980895e-02
 2  1  3     8.4883251094e-02
 2  2  1     0.0000000000e+00
 2  2  2     1.1455871129e-01
 2  2  3     0.0000000000e+00
 2  3  1     8.4883251094e-02
 2  3  2    -1.3497980895e-02
 2  3  3    -2.6271688328e-01
 3  1  1     6.6841051572e-02
 3  1  2     4.9808615039e-01
 3  1  3    -6.6841051572e-02
 3  2  1     8.4883251094e-02
 3  2  2     1.3497980895e-02
 3  2  3    -2.6271688328e-01
 3  3  1     0.0000000000e+00
 3  3  2    -4.7606926298e-02
 3  3  3     0.0000000000e+00

  288
2.7009000000e+00 0.0000000000e+00 2.7009000000e+00
2.7009000000e+00 0.0000000000e+00 2.7009000000e+00
     2      2      2
 1  1  1     0.0000000000e+00
 1  1  2     1.8739634866e-01
 1  1  3     0.0000000000e+00
 1  2  1     1.8739634866e-01
 1  2  2     0.0000000000e+00
 1  2  3    -2.7146614263e-01
 1  3  1     0.0000000000e+00
 1  3  2    -2.7146614263e-01
 1  3  3     0.0000000000e+00
 2  1  1     1.9427549508e-01
 2  1  2     0.0000000000e+00
 2  1  3    -1.1047329564e-02
 2  2  1     0.0000000000e+00
 2  2  2    -1.5953594981e-01
 2  2  3     0.0000000000e+00
 2  3  1    -1.1047329564e-02
 2  3  2     0.0000000000e+00
 2  3  3     1.9427549508e-01
 3  1  1     0.0000000000e+00
 3  1  2    -2.7146614263e-01
 3  1  3     0.0000000000e+00
 3  2  1    -2.7146614263e-01
 3  2  2     0.0000000000e+00
 3  2  3     1.8739634866e-01
 3  3  1     0.0000000000e+00
 3  3  2     1.8739634866e-01
 3  3  3     0.0000000000e+00

  289
2.7009000000e+00 0.0000000000e+00 2.7009000000e+00
2.7009000000e+00 2.7009000000e+00 5.4018000000e+00
     2      2      1
 1  1  1    -2.9567687509e-02
 1  1  2    -8.1556607922e-03
 1  1  3     4.4789058074e-02
 1  2  1     5.0891905195e-03
 1  2  2    -3.5359846116e-02
 1  2  3     3.8267726566e-02
 1  3  1    -1.7355461497e-02
 1  3  2     1.7544200508e-02
 1  3  3    -3.3202051217e-02
 2  1  1     2.5164203694e-02
 2  1  2     4.4354891269e-02
 2  1  3     3.9333786320e-02
 2  2  1    -4.2526434434e-02
 2  2  2     2.0798643268e-02
 2  2  3     4.2526434434e-02
 2  3  1     3.9333786320e-02
 2  3  2    -4.4354891269e-02
 2  3  3     2.5164203694e-02
 3  1  1     3.3202051217e-02
 3  1  2     1.7544200508e-02
 3  1  3     1.7355461497e-02
 3  2  1     3.8267726566e-02
 3  2  2     3.5359846116e-02
 3  2  3     5.0891905195e-03
 3  3  1    -4.4789058074e-02
 3  3  2    -8.1556607922e-03
 3  3  3     2.9567687509e-02

  290
-2.7009000000e+00 0.0000000000e+00 -2.7009000000e+00
-2.7009000000e+00 2.7009000000e+00 0.0000000000e+00
     2      2      2
 1  1  1    -1.8451752316e-02
 1  1  2    -4.9465008683e-02
 1  1  3     6.4360348474e-04
 1  2  1    -6.4360348474e-04
 1  2  2    -4.9465008683e-02
 1  2  3    -1.3593549152e-02
 1  3  1     4.9465008683e-02
 1  3  2    -1.6102513025e-01
 1  3  3    -4.9465008683e-02
 2  1  1    -6.4360348475e-04
 2  1  2    -6.4360348474e-04
 2  1  3    -3.7134281580e-02
 2  2  1    -6.4360348475e-04
 2  2  2    -1.8451752316e-02
 2  2  3     6.4360348475e-04
 2  3  1    -1.3593549152e-02
 2  3  2     4.9465008683e-02
 2  3  3    -6.4360348474e-04
 3  1  1     6.4360348475e-04
 3  1  2    -1.3593549152e-02
 3  1  3    -6.4360348475e-04
 3  2  1    -3.7134281580e-02
 3  2  2     6.4360348474e-04
 3  2  3    -6.4360348475e-04
 3  3  1    -6.4360348474e-04
 3  3  2    -4.9465008683e-02
 3  3  3     1.8451752316e-02

  291
2.7009000000e+00 0.0000000000e+00 2.7009000000e+00
2.7009000000e+00 2.7009000000e+00 0.0000000000e+00
     2      2      1
 1  1  1     2.9567687509e-02
 1  1  2    -8.1556607922e-03
 1  1  3    -4.4789058074e-02
 1  2  1     2.5164203694e-02
 1  2  2    -4.4354891269e-02
 1  2  3     3.9333786320e-02
 1  3  1    -3.3202051217e-02
 1  3  2     1.7544200508e-02
 1  3  3    -1.7355461497e-02
 2  1  1     5.0891905195e-03
 2  1  2     3.5359846116e-02
 2  1  3     3.8267726566e-02
 2  2  1     4.2526434434e-02
 2  2  2     2.0798643268e-02
 2  2  3    -4.2526434434e-02
 2  3  1     3.8267726566e-02
 2  3  2    -3.5359846116e-02
 2  3  3     5.0891905195e-03
 3  1  1     1.7355461497e-02
 3  1  2     1.7544200508e-02
 3  1  3     3.3202051217e-02
 3  2  1     3.9333786320e-02
 3  2  2     4.4354891269e-02
 3  2  3     2.5164203694e-02
 3  3  1     4.4789058074e-02
 3  3  2    -8.1556607922e-03
 3  3  3    -2.9567687509e-02

  292
2.7009000000e+00 0.0000000000e+00 2.7009000000e+00
2.7009000000e+00 2.7009000000e+00 0.0000000000e+00
     2      2      2
 1  1  1     1.8451752316e-02
 1  1  2    -4.9465008683e-02
 1  1  3    -6.4360348474e-04
 1  2  1    -6.4360348474e-04
 1  2  2     4.9465008683e-02
 1  2  3    -1.3593549152e-02
 1  3  1    -4.9465008683e-02
 1  3  2    -1.6102513025e-01
 1  3  3     4.9465008683e-02
 2  1  1    -6.4360348475e-04
 2  1  2     6.4360348474e-04
 2  1  3    -3.7134281580e-02
 2  2  1     6.4360348475e-04
 2  2  2    -1.8451752316e-02
 2  2  3    -6.4360348475e-04
 2  3  1    -1.3593549152e-02
 2  3  2    -4.9465008683e-02
 2  3  3    -6.4360348474e-04
 3  1  1    -6.4360348475e-04
 3  1  2    -1.3593549152e-02
 3  1  3     6.4360348475e-04
 3  2  1    -3.7134281580e-02
 3  2  2    -6.4360348474e-04
 3  2  3    -6.4360348475e-04
 3  3  1     6.4360348474e-04
 3  3  2    -4.9465008683e-02
 3  3  3    -1.8451752316e-02

  293
2.7009000000e+00 0.0000000000e+00 2.7009000000e+00
2.7009000000e+00 5.4018000000e+00 2.7009000000e+00
     2      2      1
 1  1  1     0.0000000000e+00
 1  1  2    -2.4548083413e-02
 1  1  3     0.0000000000e+00
 1  2  1     4.2914774162e-02
 1  2  2    -3.8245878644e-03
 1  2  3     2.9499802849e-02
 1  3  1    -9.9489805960e-02
 1  3  2    -8.7089729381e-02
 1  3  3     9.9489805960e-02
 2  1  1     4.2914774162e-02
 2  1  2     3.8245878644e-03
 2  1  3     2.9499802849e-02
 2  2  1     0.0000000000e+00
 2  2  2     4.0283456619e-02
 2  2  3     0.0000000000e+00
 2  3  1     2.9499802849e-02
 2  3  2     3.8245878644e-03
 2  3  3     4.2914774162e-02
 3  1  1     9.9489805960e-02
 3  1  2    -8.7089729381e-02
 3  1  3    -9.9489805960e-02
 3  2  1     2.9499802849e-02
 3  2  2    -3.8245878644e-03
 3  2  3     4.2914774162e-02
 3  3  1     0.0000000000e+00
 3  3  2    -2.4548083413e-02
 3  3  3     0.0000000000e+00

  294
2.7009000000e+00 0.0000000000e+00 2.7009000000e+00
5.4018000000e+00 2.7009000000e+00 2.7009000000e+00
     2      2      1
 1  1  1     2.9567687509e-02
 1  1  2    -8.1556607922e-03
 1  1  3    -4.4789058074e-02
 1  2  1     5.0891905195e-03
 1  2  2     3.5359846116e-02
 1  2  3     3.8267726566e-02
 1  3  1     1.7355461497e-02
 1  3  2     1.7544200508e-02
 1  3  3     3.3202051217e-02
 2  1  1     2.5164203694e-02
 2  1  2    -4.4354891269e-02
 2  1  3     3.9333786320e-02
 2  2  1     4.2526434434e-02
 2  2  2     2.0798643268e-02
 2  2  3    -4.2526434434e-02
 2  3  1     3.9333786320e-02
 2  3  2     4.4354891269e-02
 2  3  3     2.5164203694e-02
 3  1  1    -3.3202051217e-02
 3  1  2     1.7544200508e-02
 3  1  3    -1.7355461497e-02
 3  2  1     3.8267726566e-02
 3  2  2    -3.5359846116e-02
 3  2  3     5.0891905195e-03
 3  3  1     4.4789058074e-02
 3  3  2    -8.1556607922e-03
 3  3  3    -2.9567687509e-02

  295
2.7009000000e+00 0.0000000000e+00 2.7009000000e+00
0.0000000000e+00 -2.7009000000e+00 2.7009000000e+00
     2      2      2
 1  1  1     1.8451752316e-02
 1  1  2    -4.9465008683e-02
 1  1  3    -6.4360348474e-04
 1  2  1    -6.4360348475e-04
 1  2  2     6.4360348474e-04
 1  2  3    -3.7134281580e-02
 1  3  1    -6.4360348475e-04
 1  3  2    -1.3593549152e-02
 1  3  3     6.4360348475e-04
 2  1  1    -6.4360348474e-04
 2  1  2     4.9465008683e-02
 2  1  3    -1.3593549152e-02
 2  2  1     6.4360348475e-04
 2  2  2    -1.8451752316e-02
 2  2  3    -6.4360348475e-04
 2  3  1    -3.7134281580e-02
 2  3  2    -6.4360348474e-04
 2  3  3    -6.4360348475e-04
 3  1  1    -4.9465008683e-02
 3  1  2    -1.6102513025e-01
 3  1  3     4.9465008683e-02
 3  2  1    -1.3593549152e-02
 3  2  2    -4.9465008683e-02
 3  2  3    -6.4360348474e-04
 3  3  1     6.4360348474e-04
 3  3  2    -4.9465008683e-02
 3  3  3    -1.8451752316e-02

  296
2.7009000000e+00 0.0000000000e+00 2.7009000000e+00
5.4018000000e+00 0.0000000000e+00 0.0000000000e+00
     2      2      1
 1  1  1     0.0000000000e+00
 1  1  2    -2.4548083413e-02
 1  1  3     0.0000000000e+00
 1  2  1     4.2914774162e-02
 1  2  2     3.8245878644e-03
 1  2  3     2.9499802849e-02
 1  3  1     9.9489805960e-02
 1  3  2    -8.7089729381e-02
 1  3  3    -9.9489805960e-02
 2  1  1     4.2914774162e-02
 2  1  2    -3.8245878644e-03
 2  1  3     2.9499802849e-02
 2  2  1     0.0000000000e+00
 2  2  2     4.0283456619e-02
 2  2  3     0.0000000000e+00
 2  3  1     2.9499802849e-02
 2  3  2    -3.8245878644e-03
 2  3  3     4.2914774162e-02
 3  1  1    -9.9489805960e-02
 3  1  2    -8.7089729381e-02
 3  1  3     9.9489805960e-02
 3  2  1     2.9499802849e-02
 3  2  2     3.8245878644e-03
 3  2  3     4.2914774162e-02
 3  3  1     0.0000000000e+00
 3  3  2    -2.4548083413e-02
 3  3  3     0.0000000000e+00

  297
2.7009000000e+00 -2.7009000000e+00 0.0000000000e+00
0.0000000000e+00 0.0000000000e+00 0.0000000000e+00
     2      1      1
 1  1  1     2.9567687509e-02
 1  1  2    -1.7355461497e-02
 1  1  3     5.0891905195e-03
 1  2  1     3.3202051217e-02
 1  2  2     4.4789058074e-02
 1  2  3    -3.8267726566e-02
 1  3  1     2.5164203694e-02
 1  3  2    -3.9333786320e-02
 1  3  3     4.2526434434e-02
 2  1  1     4.4789058074e-02
 2  1  2     3.3202051217e-02
 2  1  3    -3.8267726566e-02
 2  2  1    -1.7355461497e-02
 2  2  2     2.9567687509e-02
 2  2  3     5.0891905195e-03
 2  3  1    -3.9333786320e-02
 2  3  2     2.5164203694e-02
 2  3  3     4.2526434434e-02
 3  1  1    -8.1556607922e-03
 3  1  2    -1.7544200508e-02
 3  1  3     3.5359846116e-02
 3  2  1    -1.7544200508e-02
 3  2  2    -8.1556607922e-03
 3  2  3     3.5359846116e-02
 3  3  1    -4.4354891269e-02
 3  3  2    -4.4354891269e-02
 3  3  3     2.0798643268e-02

  298
2.7009000000e+00 2.7009000000e+00 5.4018000000e+00
0.0000000000e+00 0.0000000000e+00 0.0000000000e+00
     2      1      2
 1  1  1     9.5773596497e-02
 1  1  2    -7.3313067057e-02
 1  1  3     7.3313067057e-02
 1  2  1     6.9627531252e-03
 1  2  2    -7.3313067057e-02
 1  2  3    -2.1211618157e-02
 1  3  1    -6.9627531252e-03
 1  3  2    -2.1211618157e-02
 1  3  3    -7.3313067057e-02
 2  1  1    -7.3313067057e-02
 2  1  2     6.9627531252e-03
 2  1  3    -2.1211618157e-02
 2  2  1    -7.3313067057e-02
 2  2  2     9.5773596497e-02
 2  2  3     7.3313067057e-02
 2  3  1    -2.1211618157e-02
 2  3  2    -6.9627531252e-03
 2  3  3    -7.3313067057e-02
 3  1  1     7.3313067057e-02
 3  1  2    -2.1211618157e-02
 3  1  3     6.9627531252e-03
 3  2  1    -2.1211618157e-02
 3  2  2     7.3313067057e-02
 3  2  3     6.9627531252e-03
 3  3  1    -7.3313067057e-02
 3  3  2    -7.3313067057e-02
 3  3  3    -9.5773596497e-02

  299
2.7009000000e+00 2.7009000000e+00 5.4018000000e+00
0.0000000000e+00 2.7009000000e+00 2.7009000000e+00
     2      1      1
 1  1  1     2.9567687509e-02
 1  1  2    -5.0891905195e-03
 1  1  3     1.7355461497e-02
 1  2  1    -2.5164203694e-02
 1  2  2     4.2526434434e-02
 1  2  3    -3.9333786320e-02
 1  3  1    -3.3202051217e-02
 1  3  2    -3.8267726566e-02
 1  3  3     4.4789058074e-02
 2  1  1     8.1556607922e-03
 2  1  2     3.5359846116e-02
 2  1  3    -1.7544200508e-02
 2  2  1    -4.4354891269e-02
 2  2  2    -2.0798643268e-02
 2  2  3     4.4354891269e-02
 2  3  1    -1.7544200508e-02
 2  3  2    -3.5359846116e-02
 2  3  3     8.1556607922e-03
 3  1  1    -4.4789058074e-02
 3  1  2    -3.8267726566e-02
 3  1  3     3.3202051217e-02
 3  2  1    -3.9333786320e-02
 3  2  2    -4.2526434434e-02
 3  2  3    -2.5164203694e-02
 3  3  1    -1.7355461497e-02
 3  3  2    -5.0891905195e-03
 3  3  3    -2.9567687509e-02

  300
2.7009000000e+00 2.7009000000e+00 5.4018000000e+00
0.0000000000e+00 2.7009000000e+00 2.7009000000e+00
     2      1      2
 1  1  1     2.0798643268e-02
 1  1  2     4.4354891269e-02
 1  1  3    -4.4354891269e-02
 1  2  1    -4.2526434434e-02
 1  2  2     2.5164203694e-02
 1  2  3     3.9333786320e-02
 1  3  1     4.2526434434e-02
 1  3  2     3.9333786320e-02
 1  3  3     2.5164203694e-02
 2  1  1    -3.5359846116e-02
 2  1  2    -8.1556607922e-03
 2  1  3     1.7544200508e-02
 2  2  1     5.0891905195e-03
 2  2  2    -2.9567687509e-02
 2  2  3    -1.7355461497e-02
 2  3  1     3.8267726566e-02
 2  3  2     4.4789058074e-02
 2  3  3    -3.3202051217e-02
 3  1  1     3.5359846116e-02
 3  1  2     1.7544200508e-02
 3  1  3    -8.1556607922e-03
 3  2  1     3.8267726566e-02
 3  2  2     3.3202051217e-02
 3  2  3    -4.4789058074e-02
 3  3  1     5.0891905195e-03
 3  3  2     1.7355461497e-02
 3  3  3     2.9567687509e-02

  301
2.7009000000e+00 2.7009000000e+00 5.4018000000e+00
2.7009000000e+00 0.0000000000e+00 2.7009000000e+00
     2      1      1
 1  1  1    -2.0798643268e-02
 1  1  2    -4.4354891269e-02
 1  1  3     4.4354891269e-02
 1  2  1     3.5359846116e-02
 1  2  2     8.1556607922e-03
 1  2  3    -1.7544200508e-02
 1  3  1    -3.5359846116e-02
 1  3  2    -1.7544200508e-02
 1  3  3     8.1556607922e-03
 2  1  1     4.2526434434e-02
 2  1  2    -2.5164203694e-02
 2  1  3    -3.9333786320e-02
 2  2  1    -5.0891905195e-03
 2  2  2     2.9567687509e-02
 2  2  3     1.7355461497e-02
 2  3  1    -3.8267726566e-02
 2  3  2    -3.3202051217e-02
 2  3  3     4.4789058074e-02
 3  1  1    -4.2526434434e-02
 3  1  2    -3.9333786320e-02
 3  1  3    -2.5164203694e-02
 3  2  1    -3.8267726566e-02
 3  2  2    -4.4789058074e-02
 3  2  3     3.3202051217e-02
 3  3  1    -5.0891905195e-03
 3  3  2    -1.7355461497e-02
 3  3  3    -2.9567687509e-02

  302
2.7009000000e+00 2.7009000000e+00 5.4018000000e+00
2.7009000000e+00 0.0000000000e+00 2.7009000000e+00
     2      1      2
 1  1  1    -2.9567687509e-02
 1  1  2     5.0891905195e-03
 1  1  3    -1.7355461497e-02
 1  2  1    -8.1556607922e-03
 1  2  2    -3.5359846116e-02
 1  2  3     1.7544200508e-02
 1  3  1     4.4789058074e-02
 1  3  2     3.8267726566e-02
 1  3  3    -3.3202051217e-02
 2  1  1     2.5164203694e-02
 2  1  2    -4.2526434434e-02
 2  1  3     3.9333786320e-02
 2  2  1     4.4354891269e-02
 2  2  2     2.0798643268e-02
 2  2  3    -4.4354891269e-02
 2  3  1     3.9333786320e-02
 2  3  2     4.2526434434e-02
 2  3  3     2.5164203694e-02
 3  1  1     3.3202051217e-02
 3  1  2     3.8267726566e-02
 3  1  3    -4.4789058074e-02
 3  2  1     1.7544200508e-02
 3  2  2     3.5359846116e-02
 3  2  3    -8.1556607922e-03
 3  3  1     1.7355461497e-02
 3  3  2     5.0891905195e-03
 3  3  3     2.9567687509e-02

  303
2.7009000000e+00 2.7009000000e+00 5.4018000000e+00
2.7009000000e+00 2.7009000000e+00 5.4018000000e+00
     2      1      1
 1  1  1    -9.5773596497e-02
 1  1  2     7.3313067057e-02
 1  1  3    -7.3313067057e-02
 1  2  1     7.3313067057e-02
 1  2  2    -6.9627531252e-03
 1  2  3     2.1211618157e-02
 1  3  1    -7.3313067057e-02
 1  3  2     2.1211618157e-02
 1  3  3    -6.9627531252e-03
 2  1  1    -6.9627531252e-03
 2  1  2     7.3313067057e-02
 2  1  3     2.1211618157e-02
 2  2  1     7.3313067057e-02
 2  2  2    -9.5773596497e-02
 2  2  3    -7.3313067057e-02
 2  3  1     2.1211618157e-02
 2  3  2    -7.3313067057e-02
 2  3  3    -6.9627531252e-03
 3  1  1     6.9627531252e-03
 3  1  2     2.1211618157e-02
 3  1  3     7.3313067057e-02
 3  2  1     2.1211618157e-02
 3  2  2     6.9627531252e-03
 3  2  3     7.3313067057e-02
 3  3  1     7.3313067057e-02
 3  3  2     7.3313067057e-02
 3  3  3     9.5773596497e-02

  304
2.7009000000e+00 -2.7009000000e+00 0.0000000000e+00
2.7009000000e+00 -2.7009000000e+00 0.0000000000e+00
     2      1      2
 1  1  1    -2.9567687509e-02
 1  1  2     1.7355461497e-02
 1  1  3    -5.0891905195e-03
 1  2  1    -4.4789058074e-02
 1  2  2    -3.3202051217e-02
 1  2  3     3.8267726566e-02
 1  3  1     8.1556607922e-03
 1  3  2     1.7544200508e-02
 1  3  3    -3.5359846116e-02
 2  1  1    -3.3202051217e-02
 2  1  2    -4.4789058074e-02
 2  1  3     3.8267726566e-02
 2  2  1     1.7355461497e-02
 2  2  2    -2.9567687509e-02
 2  2  3    -5.0891905195e-03
 2  3  1     1.7544200508e-02
 2  3  2     8.1556607922e-03
 2  3  3    -3.5359846116e-02
 3  1  1    -2.5164203694e-02
 3  1  2     3.9333786320e-02
 3  1  3    -4.2526434434e-02
 3  2  1     3.9333786320e-02
 3  2  2    -2.5164203694e-02
 3  2  3    -4.2526434434e-02
 3  3  1     4.4354891269e-02
 3  3  2     4.4354891269e-02
 3  3  3    -2.0798643268e-02

  305
2.7009000000e+00 2.7009000000e+00 5.4018000000e+00
2.7009000000e+00 2.7009000000e+00 0.0000000000e+00
     2      1      2
 1  1  1     0.0000000000e+00
 1  1  2    -9.9489805960e-02
 1  1  3     4.2914774162e-02
 1  2  1     0.0000000000e+00
 1  2  2     9.9489805960e-02
 1  2  3     2.9499802849e-02
 1  3  1    -2.4548083413e-02
 1  3  2    -8.7089729381e-02
 1  3  3    -3.8245878644e-03
 2  1  1     9.9489805960e-02
 2  1  2     0.0000000000e+00
 2  1  3     2.9499802849e-02
 2  2  1    -9.9489805960e-02
 2  2  2     0.0000000000e+00
 2  2  3     4.2914774162e-02
 2  3  1    -8.7089729381e-02
 2  3  2    -2.4548083413e-02
 2  3  3    -3.8245878644e-03
 3  1  1     4.2914774162e-02
 3  1  2     2.9499802849e-02
 3  1  3     0.0000000000e+00
 3  2  1     2.9499802849e-02
 3  2  2     4.2914774162e-02
 3  2  3     0.0000000000e+00
 3  3  1     3.8245878644e-03
 3  3  2     3.8245878644e-03
 3  3  3     4.0283456619e-02

  306
2.7009000000e+00 2.7009000000e+00 5.4018000000e+00
2.7009000000e+00 5.4018000000e+00 2.7009000000e+00
     2      1      1
 1  1  1     4.0283456619e-02
 1  1  2    -3.8245878644e-03
 1  1  3     3.8245878644e-03
 1  2  1     3.8245878644e-03
 1  2  2    -2.4548083413e-02
 1  2  3     8.7089729381e-02
 1  3  1    -3.8245878644e-03
 1  3  2     8.7089729381e-02
 1  3  3    -2.4548083413e-02
 2  1  1     0.0000000000e+00
 2  1  2     4.2914774162e-02
 2  1  3    -2.9499802849e-02
 2  2  1     4.2914774162e-02
 2  2  2     0.0000000000e+00
 2  2  3    -9.9489805960e-02
 2  3  1    -2.9499802849e-02
 2  3  2     9.9489805960e-02
 2  3  3     0.0000000000e+00
 3  1  1     0.0000000000e+00
 3  1  2    -2.9499802849e-02
 3  1  3     4.2914774162e-02
 3  2  1    -2.9499802849e-02
 3  2  2     0.0000000000e+00
 3  2  3    -9.9489805960e-02
 3  3  1     4.2914774162e-02
 3  3  2     9.9489805960e-02
 3  3  3     0.0000000000e+00

  307
2.7009000000e+00 -2.7009000000e+00 0.0000000000e+00
2.7009000000e+00 0.0000000000e+00 -2.7009000000e+00
     2      1      2
 1  1  1     0.0000000000e+00
 1  1  2    -4.2914774162e-02
 1  1  3     9.9489805960e-02
 1  2  1     2.4548083413e-02
 1  2  2    -3.8245878644e-03
 1  2  3    -8.7089729381e-02
 1  3  1     0.0000000000e+00
 1  3  2     2.9499802849e-02
 1  3  3     9.9489805960e-02
 2  1  1    -4.2914774162e-02
 2  1  2     0.0000000000e+00
 2  1  3     2.9499802849e-02
 2  2  1     3.8245878644e-03
 2  2  2    -4.0283456619e-02
 2  2  3    -3.8245878644e-03
 2  3  1     2.9499802849e-02
 2  3  2     0.0000000000e+00
 2  3  3    -4.2914774162e-02
 3  1  1    -9.9489805960e-02
 3  1  2     2.9499802849e-02
 3  1  3     0.0000000000e+00
 3  2  1    -8.7089729381e-02
 3  2  2     3.8245878644e-03
 3  2  3     2.4548083413e-02
 3  3  1    -9.9489805960e-02
 3  3  2    -4.2914774162e-02
 3  3  3     0.0000000000e+00

  308
2.7009000000e+00 2.7009000000e+00 5.4018000000e+00
5.4018000000e+00 2.7009000000e+00 2.7009000000e+00
     2      1      1
 1  1  1     0.0000000000e+00
 1  1  2     4.2914774162e-02
 1  1  3    -9.9489805960e-02
 1  2  1     4.2914774162e-02
 1  2  2     0.0000000000e+00
 1  2  3    -2.9499802849e-02
 1  3  1     9.9489805960e-02
 1  3  2    -2.9499802849e-02
 1  3  3     0.0000000000e+00
 2  1  1    -2.4548083413e-02
 2  1  2     3.8245878644e-03
 2  1  3     8.7089729381e-02
 2  2  1    -3.8245878644e-03
 2  2  2     4.0283456619e-02
 2  2  3     3.8245878644e-03
 2  3  1     8.7089729381e-02
 2  3  2    -3.8245878644e-03
 2  3  3    -2.4548083413e-02
 3  1  1     0.0000000000e+00
 3  1  2    -2.9499802849e-02
 3  1  3    -9.9489805960e-02
 3  2  1    -2.9499802849e-02
 3  2  2     0.0000000000e+00
 3  2  3     4.2914774162e-02
 3  3  1     9.9489805960e-02
 3  3  2     4.2914774162e-02
 3  3  3     0.0000000000e+00

  309
2.7009000000e+00 -2.7009000000e+00 0.0000000000e+00
0.0000000000e+00 -2.7009000000e+00 2.7009000000e+00
     2      1      2
 1  1  1    -4.0283456619e-02
 1  1  2     3.8245878644e-03
 1  1  3    -3.8245878644e-03
 1  2  1     0.0000000000e+00
 1  2  2    -4.2914774162e-02
 1  2  3     2.9499802849e-02
 1  3  1     0.0000000000e+00
 1  3  2     2.9499802849e-02
 1  3  3    -4.2914774162e-02
 2  1  1    -3.8245878644e-03
 2  1  2     2.4548083413e-02
 2  1  3    -8.7089729381e-02
 2  2  1    -4.2914774162e-02
 2  2  2     0.0000000000e+00
 2  2  3     9.9489805960e-02
 2  3  1     2.9499802849e-02
 2  3  2     0.0000000000e+00
 2  3  3     9.9489805960e-02
 3  1  1     3.8245878644e-03
 3  1  2    -8.7089729381e-02
 3  1  3     2.4548083413e-02
 3  2  1     2.9499802849e-02
 3  2  2    -9.9489805960e-02
 3  2  3     0.0000000000e+00
 3  3  1    -4.2914774162e-02
 3  3  2    -9.9489805960e-02
 3  3  3     0.0000000000e+00

  310
2.7009000000e+00 2.7009000000e+00 5.4018000000e+00
0.0000000000e+00 0.0000000000e+00 5.4018000000e+00
     2      1      1
 1  1  1     0.0000000000e+00
 1  1  2     9.9489805960e-02
 1  1  3    -4.2914774162e-02
 1  2  1    -9.9489805960e-02
 1  2  2     0.0000000000e+00
 1  2  3    -2.9499802849e-02
 1  3  1    -4.2914774162e-02
 1  3  2    -2.9499802849e-02
 1  3  3     0.0000000000e+00
 2  1  1     0.0000000000e+00
 2  1  2    -9.9489805960e-02
 2  1  3    -2.9499802849e-02
 2  2  1     9.9489805960e-02
 2  2  2     0.0000000000e+00
 2  2  3    -4.2914774162e-02
 2  3  1    -2.9499802849e-02
 2  3  2    -4.2914774162e-02
 2  3  3     0.0000000000e+00
 3  1  1     2.4548083413e-02
 3  1  2     8.7089729381e-02
 3  1  3     3.8245878644e-03
 3  2  1     8.7089729381e-02
 3  2  2     2.4548083413e-02
 3  2  3     3.8245878644e-03
 3  3  1    -3.8245878644e-03
 3  3  2    -3.8245878644e-03
 3  3  3    -4.0283456619e-02

  311
2.7009000000e+00 -2.7009000000e+00 0.0000000000e+00
0.0000000000e+00 0.0000000000e+00 0.0000000000e+00
     2      2      1
 1  1  1    -2.9567687509e-02
 1  1  2    -4.4789058074e-02
 1  1  3     8.1556607922e-03
 1  2  1    -3.3202051217e-02
 1  2  2     1.7355461497e-02
 1  2  3     1.7544200508e-02
 1  3  1    -2.5164203694e-02
 1  3  2     3.9333786320e-02
 1  3  3     4.4354891269e-02
 2  1  1     1.7355461497e-02
 2  1  2    -3.3202051217e-02
 2  1  3     1.7544200508e-02
 2  2  1    -4.4789058074e-02
 2  2  2    -2.9567687509e-02
 2  2  3     8.1556607922e-03
 2  3  1     3.9333786320e-02
 2  3  2    -2.5164203694e-02
 2  3  3     4.4354891269e-02
 3  1  1    -5.0891905195e-03
 3  1  2     3.8267726566e-02
 3  1  3    -3.5359846116e-02
 3  2  1     3.8267726566e-02
 3  2  2    -5.0891905195e-03
 3  2  3    -3.5359846116e-02
 3  3  1    -4.2526434434e-02
 3  3  2    -4.2526434434e-02
 3  3  3    -2.0798643268e-02

  312
2.7009000000e+00 -2.7009000000e+00 0.0000000000e+00
0.0000000000e+00 0.0000000000e+00 0.0000000000e+00
     2      2      2
 1  1  1     0.0000000000e+00
 1  1  2     0.0000000000e+00
 1  1  3    -1.8739634866e-01
 1  2  1     0.0000000000e+00
 1  2  2     0.0000000000e+00
 1  2  3    -2.7146614263e-01
 1  3  1    -1.9427549508e-01
 1  3  2    -1.1047329564e-02
 1  3  3     0.0000000000e+00
 2  1  1     0.0000000000e+00
 2  1  2     0.0000000000e+00
 2  1  3    -2.7146614263e-01
 2  2  1     0.0000000000e+00
 2  2  2     0.0000000000e+00
 2  2  3    -1.8739634866e-01
 2  3  1    -1.1047329564e-02
 2  3  2    -1.9427549508e-01
 2  3  3     0.0000000000e+00
 3  1  1    -1.8739634866e-01
 3  1  2    -2.7146614263e-01
 3  1  3     0.0000000000e+00
 3  2  1    -2.7146614263e-01
 3  2  2    -1.8739634866e-01
 3  2  3     0.0000000000e+00
 3  3  1     0.0000000000e+00
 3  3  2     0.0000000000e+00
 3  3  3     1.5953594981e-01

  313
-2.7009000000e+00 2.7009000000e+00 0.0000000000e+00
0.0000000000e+00 2.7009000000e+00 2.7009000000e+00
     2      2      1
 1  1  1     0.0000000000e+00
 1  1  2     0.0000000000e+00
 1  1  3     4.7606926298e-02
 1  2  1    -6.6841051572e-02
 1  2  2    -6.6841051572e-02
 1  2  3     4.9808615039e-01
 1  3  1     2.6271688328e-01
 1  3  2     8.4883251094e-02
 1  3  3    -1.3497980895e-02
 2  1  1     6.6841051572e-02
 2  1  2     6.6841051572e-02
 2  1  3     4.9808615039e-01
 2  2  1     0.0000000000e+00
 2  2  2     0.0000000000e+00
 2  2  3     4.7606926298e-02
 2  3  1     8.4883251094e-02
 2  3  2     2.6271688328e-01
 2  3  3     1.3497980895e-02
 3  1  1     2.6271688328e-01
 3  1  2     8.4883251094e-02
 3  1  3     1.3497980895e-02
 3  2  1     8.4883251094e-02
 3  2  2     2.6271688328e-01
 3  2  3    -1.3497980895e-02
 3  3  1     0.0000000000e+00
 3  3  2     0.0000000000e+00
 3  3  3    -1.1455871129e-01

  314
2.7009000000e+00 -2.7009000000e+00 0.0000000000e+00
0.0000000000e+00 -2.7009000000e+00 -2.7009000000e+00
     2      2      2
 1  1  1    -1.8451752316e-02
 1  1  2    -6.4360348474e-04
 1  1  3     4.9465008683e-02
 1  2  1    -6.4360348475e-04
 1  2  2    -6.4360348475e-04
 1  2  3    -1.3593549152e-02
 1  3  1     6.4360348475e-04
 1  3  2    -3.7134281580e-02
 1  3  3    -6.4360348474e-04
 2  1  1    -4.9465008683e-02
 2  1  2    -4.9465008683e-02
 2  1  3    -1.6102513025e-01
 2  2  1    -6.4360348474e-04
 2  2  2    -1.8451752316e-02
 2  2  3     4.9465008683e-02
 2  3  1    -1.3593549152e-02
 2  3  2     6.4360348474e-04
 2  3  3    -4.9465008683e-02
 3  1  1     6.4360348474e-04
 3  1  2    -1.3593549152e-02
 3  1  3    -4.9465008683e-02
 3  2  1    -3.7134281580e-02
 3  2  2     6.4360348475e-04
 3  2  3    -6.4360348474e-04
 3  3  1    -6.4360348475e-04
 3  3  2    -6.4360348475e-04
 3  3  3     1.8451752316e-02

  315
2.7009000000e+00 -2.7009000000e+00 0.0000000000e+00
2.7009000000e+00 0.0000000000e+00 2.7009000000e+00
     2      2      1
 1  1  1     0.0000000000e+00
 1  1  2     0.0000000000e+00
 1  1  3     4.7606926298e-02
 1  2  1     6.6841051572e-02
 1  2  2     6.6841051572e-02
 1  2  3     4.9808615039e-01
 1  3  1     2.6271688328e-01
 1  3  2     8.4883251094e-02
 1  3  3     1.3497980895e-02
 2  1  1    -6.6841051572e-02
 2  1  2    -6.6841051572e-02
 2  1  3     4.9808615039e-01
 2  2  1     0.0000000000e+00
 2  2  2     0.0000000000e+00
 2  2  3     4.7606926298e-02
 2  3  1     8.4883251094e-02
 2  3  2     2.6271688328e-01
 2  3  3    -1.3497980895e-02
 3  1  1     2.6271688328e-01
 3  1  2     8.4883251094e-02
 3  1  3    -1.3497980895e-02
 3  2  1     8.4883251094e-02
 3  2  2     2.6271688328e-01
 3  2  3     1.3497980895e-02
 3  3  1     0.0000000000e+00
 3  3  2     0.0000000000e+00
 3  3  3    -1.1455871129e-01

  316
-2.7009000000e+00 2.7009000000e+00 0.0000000000e+00
-2.7009000000e+00 0.0000000000e+00 -2.7009000000e+00
     2      2      2
 1  1  1    -1.8451752316e-02
 1  1  2    -6.4360348474e-04
 1  1  3     4.9465008683e-02
 1  2  1    -4.9465008683e-02
 1  2  2    -4.9465008683e-02
 1  2  3    -1.6102513025e-01
 1  3  1     6.4360348474e-04
 1  3  2    -1.3593549152e-02
 1  3  3    -4.9465008683e-02
 2  1  1    -6.4360348475e-04
 2  1  2    -6.4360348475e-04
 2  1  3    -1.3593549152e-02
 2  2  1    -6.4360348474e-04
 2  2  2    -1.8451752316e-02
 2  2  3     4.9465008683e-02
 2  3  1    -3.7134281580e-02
 2  3  2     6.4360348475e-04
 2  3  3    -6.4360348474e-04
 3  1  1     6.4360348475e-04
 3  1  2    -3.7134281580e-02
 3  1  3    -6.4360348474e-04
 3  2  1    -1.3593549152e-02
 3  2  2     6.4360348474e-04
 3  2  3    -4.9465008683e-02
 3  3  1    -6.4360348475e-04
 3  3  2    -6.4360348475e-04
 3  3  3     1.8451752316e-02

  317
2.7009000000e+00 -2.7009000000e+00 0.0000000000e+00
2.7009000000e+00 -2.7009000000e+00 0.0000000000e+00
     2      2      1
 1  1  1    -2.9567687509e-02
 1  1  2    -4.4789058074e-02
 1  1  3     8.1556607922e-03
 1  2  1     1.7355461497e-02
 1  2  2    -3.3202051217e-02
 1  2  3     1.7544200508e-02
 1  3  1    -5.0891905195e-03
 1  3  2     3.8267726566e-02
 1  3  3    -3.5359846116e-02
 2  1  1    -3.3202051217e-02
 2  1  2     1.7355461497e-02
 2  1  3     1.7544200508e-02
 2  2  1    -4.4789058074e-02
 2  2  2    -2.9567687509e-02
 2  2  3     8.1556607922e-03
 2  3  1     3.8267726566e-02
 2  3  2    -5.0891905195e-03
 2  3  3    -3.5359846116e-02
 3  1  1    -2.5164203694e-02
 3  1  2     3.9333786320e-02
 3  1  3     4.4354891269e-02
 3  2  1     3.9333786320e-02
 3  2  2    -2.5164203694e-02
 3  2  3     4.4354891269e-02
 3  3  1    -4.2526434434e-02
 3  3  2    -4.2526434434e-02
 3  3  3    -2.0798643268e-02

  318
2.7009000000e+00 -2.7009000000e+00 0.0000000000e+00
2.7009000000e+00 -2.7009000000e+00 0.0000000000e+00
     2      2      2
 1  1  1     0.0000000000e+00
 1  1  2     0.0000000000e+00
 1  1  3    -1.8739634866e-01
 1  2  1     0.0000000000e+00
 1  2  2     0.0000000000e+00
 1  2  3    -2.7146614263e-01
 1  3  1    -1.8739634866e-01
 1  3  2    -2.7146614263e-01
 1  3  3     0.0000000000e+00
 2  1  1     0.0000000000e+00
 2  1  2     0.0000000000e+00
 2  1  3    -2.7146614263e-01
 2  2  1     0.0000000000e+00
 2  2  2     0.0000000000e+00
 2  2  3    -1.8739634866e-01
 2  3  1    -2.7146614263e-01
 2  3  2    -1.8739634866e-01
 2  3  3     0.0000000000e+00
 3  1  1    -1.9427549508e-01
 3  1  2    -1.1047329564e-02
 3  1  3     0.0000000000e+00
 3  2  1    -1.1047329564e-02
 3  2  2    -1.9427549508e-01
 3  2  3     0.0000000000e+00
 3  3  1     0.0000000000e+00
 3  3  2     0.0000000000e+00
 3  3  3     1.5953594981e-01

  319
2.7009000000e+00 -2.7009000000e+00 0.0000000000e+00
2.7009000000e+00 2.7009000000e+00 0.0000000000e+00
     2      2      1
 1  1  1     2.9567687509e-02
 1  1  2     4.4789058074e-02
 1  1  3     8.1556607922e-03
 1  2  1     3.3202051217e-02
 1  2  2    -1.7355461497e-02
 1  2  3     1.7544200508e-02
 1  3  1    -2.5164203694e-02
 1  3  2     3.9333786320e-02
 1  3  3    -4.4354891269e-02
 2  1  1    -1.7355461497e-02
 2  1  2     3.3202051217e-02
 2  1  3     1.7544200508e-02
 2  2  1     4.4789058074e-02
 2  2  2     2.9567687509e-02
 2  2  3     8.1556607922e-03
 2  3  1     3.9333786320e-02
 2  3  2    -2.5164203694e-02
 2  3  3    -4.4354891269e-02
 3  1  1    -5.0891905195e-03
 3  1  2     3.8267726566e-02
 3  1  3     3.5359846116e-02
 3  2  1     3.8267726566e-02
 3  2  2    -5.0891905195e-03
 3  2  3     3.5359846116e-02
 3  3  1     4.2526434434e-02
 3  3  2     4.2526434434e-02
 3  3  3    -2.0798643268e-02

  320
2.7009000000e+00 -2.7009000000e+00 0.0000000000e+00
2.7009000000e+00 0.0000000000e+00 -2.7009000000e+00
     2      2      1
 1  1  1     0.0000000000e+00
 1  1  2     0.0000000000e+00
 1  1  3     2.4548083413e-02
 1  2  1     9.9489805960e-02
 1  2  2     9.9489805960e-02
 1  2  3    -8.7089729381e-02
 1  3  1    -4.2914774162e-02
 1  3  2     2.9499802849e-02
 1  3  3    -3.8245878644e-03
 2  1  1    -9.9489805960e-02
 2  1  2    -9.9489805960e-02
 2  1  3    -8.7089729381e-02
 2  2  1     0.0000000000e+00
 2  2  2     0.0000000000e+00
 2  2  3     2.4548083413e-02
 2  3  1     2.9499802849e-02
 2  3  2    -4.2914774162e-02
 2  3  3     3.8245878644e-03
 3  1  1    -4.2914774162e-02
 3  1  2     2.9499802849e-02
 3  1  3     3.8245878644e-03
 3  2  1     2.9499802849e-02
 3  2  2    -4.2914774162e-02
 3  2  3    -3.8245878644e-03
 3  3  1     0.0000000000e+00
 3  3  2     0.0000000000e+00
 3  3  3    -4.0283456619e-02

  321
2.7009000000e+00 -2.7009000000e+00 0.0000000000e+00
2.7009000000e+00 0.0000000000e+00 -2.7009000000e+00
     2      2      2
 1  1  1     1.8451752316e-02
 1  1  2     6.4360348474e-04
 1  1  3     4.9465008683e-02
 1  2  1     4.9465008683e-02
 1  2  2     4.9465008683e-02
 1  2  3    -1.6102513025e-01
 1  3  1     6.4360348474e-04
 1  3  2    -1.3593549152e-02
 1  3  3     4.9465008683e-02
 2  1  1     6.4360348475e-04
 2  1  2     6.4360348475e-04
 2  1  3    -1.3593549152e-02
 2  2  1     6.4360348474e-04
 2  2  2     1.8451752316e-02
 2  2  3     4.9465008683e-02
 2  3  1    -3.7134281580e-02
 2  3  2     6.4360348475e-04
 2  3  3     6.4360348474e-04
 3  1  1     6.4360348475e-04
 3  1  2    -3.7134281580e-02
 3  1  3     6.4360348474e-04
 3  2  1    -1.3593549152e-02
 3  2  2     6.4360348474e-04
 3  2  3     4.9465008683e-02
 3  3  1     6.4360348475e-04
 3  3  2     6.4360348475e-04
 3  3  3     1.8451752316e-02

  322
2.7009000000e+00 -2.7009000000e+00 0.0000000000e+00
0.0000000000e+00 -2.7009000000e+00 2.7009000000e+00
     2      2      1
 1  1  1     0.0000000000e+00
 1  1  2     0.0000000000e+00
 1  1  3     2.4548083413e-02
 1  2  1    -9.9489805960e-02
 1  2  2    -9.9489805960e-02
 1  2  3    -8.7089729381e-02
 1  3  1    -4.2914774162e-02
 1  3  2     2.9499802849e-02
 1  3  3     3.8245878644e-03
 2  1  1     9.9489805960e-02
 2  1  2     9.9489805960e-02
 2  1  3    -8.7089729381e-02
 2  2  1     0.0000000000e+00
 2  2  2     0.0000000000e+00
 2  2  3     2.4548083413e-02
 2  3  1     2.9499802849e-02
 2  3  2    -4.2914774162e-02
 2  3  3    -3.8245878644e-03
 3  1  1    -4.2914774162e-02
 3  1  2     2.9499802849e-02
 3  1  3    -3.8245878644e-03
 3  2  1     2.9499802849e-02
 3  2  2    -4.2914774162e-02
 3  2  3     3.8245878644e-03
 3  3  1     0.0000000000e+00
 3  3  2     0.0000000000e+00
 3  3  3    -4.0283456619e-02

  323
2.7009000000e+00 -2.7009000000e+00 0.0000000000e+00
0.0000000000e+00 -2.7009000000e+00 2.7009000000e+00
     2      2      2
 1  1  1     1.8451752316e-02
 1  1  2     6.4360348474e-04
 1  1  3     4.9465008683e-02
 1  2  1     6.4360348475e-04
 1  2  2     6.4360348475e-04
 1  2  3    -1.3593549152e-02
 1  3  1     6.4360348475e-04
 1  3  2    -3.7134281580e-02
 1  3  3     6.4360348474e-04
 2  1  1     4.9465008683e-02
 2  1  2     4.9465008683e-02
 2  1  3    -1.6102513025e-01
 2  2  1     6.4360348474e-04
 2  2  2     1.8451752316e-02
 2  2  3     4.9465008683e-02
 2  3  1    -1.3593549152e-02
 2  3  2     6.4360348474e-04
 2  3  3     4.9465008683e-02
 3  1  1     6.4360348474e-04
 3  1  2    -1.3593549152e-02
 3  1  3     4.9465008683e-02
 3  2  1    -3.7134281580e-02
 3  2  2     6.4360348475e-04
 3  2  3     6.4360348474e-04
 3  3  1     6.4360348475e-04
 3  3  2     6.4360348475e-04
 3  3  3     1.8451752316e-02

  324
2.7009000000e+00 -2.7009000000e+00 0.0000000000e+00
5.4018000000e+00 0.0000000000e+00 0.0000000000e+00
     2      2      1
 1  1  1     2.9567687509e-02
 1  1  2     4.4789058074e-02
 1  1  3     8.1556607922e-03
 1  2  1    -1.7355461497e-02
 1  2  2     3.3202051217e-02
 1  2  3     1.7544200508e-02
 1  3  1    -5.0891905195e-03
 1  3  2     3.8267726566e-02
 1  3  3     3.5359846116e-02
 2  1  1     3.3202051217e-02
 2  1  2    -1.7355461497e-02
 2  1  3     1.7544200508e-02
 2  2  1     4.4789058074e-02
 2  2  2     2.9567687509e-02
 2  2  3     8.1556607922e-03
 2  3  1     3.8267726566e-02
 2  3  2    -5.0891905195e-03
 2  3  3     3.5359846116e-02
 3  1  1    -2.5164203694e-02
 3  1  2     3.9333786320e-02
 3  1  3    -4.4354891269e-02
 3  2  1     3.9333786320e-02
 3  2  2    -2.5164203694e-02
 3  2  3    -4.4354891269e-02
 3  3  1     4.2526434434e-02
 3  3  2     4.2526434434e-02
 3  3  3    -2.0798643268e-02

  325
2.7009000000e+00 2.7009000000e+00 0.0000000000e+00
0.0000000000e+00 0.0000000000e+00 0.0000000000e+00
     2      1      1
 1  1  1     0.0000000000e+00
 1  1  2     6.6841051572e-02
 1  1  3     2.6271688328e-01
 1  2  1    -6.6841051572e-02
 1  2  2     0.0000000000e+00
 1  2  3    -8.4883251094e-02
 1  3  1     2.6271688328e-01
 1  3  2    -8.4883251094e-02
 1  3  3     0.0000000000e+00
 2  1  1     0.0000000000e+00
 2  1  2    -6.6841051572e-02
 2  1  3    -8.4883251094e-02
 2  2  1     6.6841051572e-02
 2  2  2     0.0000000000e+00
 2  2  3     2.6271688328e-01
 2  3  1    -8.4883251094e-02
 2  3  2     2.6271688328e-01
 2  3  3     0.0000000000e+00
 3  1  1     4.7606926298e-02
 3  1  2    -4.9808615039e-01
 3  1  3    -1.3497980895e-02
 3  2  1    -4.9808615039e-01
 3  2  2     4.7606926298e-02
 3  2  3    -1.3497980895e-02
 3  3  1     1.3497980895e-02
 3  3  2     1.3497980895e-02
 3  3  3    -1.1455871129e-01

  326
2.7009000000e+00 2.7009000000e+00 0.0000000000e+00
0.0000000000e+00 0.0000000000e+00 0.0000000000e+00
     2      1      2
 1  1  1    -3.1817402863e+00
 1  1  2    -6.4017840150e+00
 1  1  3     6.4017840150e+00
 1  2  1    -6.2421160195e+00
 1  2  2    -6.4017840150e+00
 1  2  3     8.8822392399e+00
 1  3  1     6.2421160195e+00
 1  3  2     8.8822392399e+00
 1  3  3    -6.4017840150e+00
 2  1  1    -6.4017840150e+00
 2  1  2    -6.2421160195e+00
 2  1  3     8.8822392399e+00
 2  2  1    -6.4017840150e+00
 2  2  2    -3.1817402863e+00
 2  2  3     6.4017840150e+00
 2  3  1     8.8822392399e+00
 2  3  2     6.2421160195e+00
 2  3  3    -6.4017840150e+00
 3  1  1     6.4017840150e+00
 3  1  2     8.8822392399e+00
 3  1  3    -6.2421160195e+00
 3  2  1     8.8822392399e+00
 3  2  2     6.4017840150e+00
 3  2  3    -6.2421160195e+00
 3  3  1    -6.4017840150e+00
 3  3  2    -6.4017840150e+00
 3  3  3     3.1817402863e+00

  327
2.7009000000e+00 2.7009000000e+00 0.0000000000e+00
0.0000000000e+00 2.7009000000e+00 2.7009000000e+00
     2      1      1
 1  1  1     0.0000000000e+00
 1  1  2    -2.6271688328e-01
 1  1  3    -6.6841051572e-02
 1  2  1    -2.6271688328e-01
 1  2  2     0.0000000000e+00
 1  2  3    -8.4883251094e-02
 1  3  1     6.6841051572e-02
 1  3  2    -8.4883251094e-02
 1  3  3     0.0000000000e+00
 2  1  1    -4.7606926298e-02
 2  1  2    -1.3497980895e-02
 2  1  3    -4.9808615039e-01
 2  2  1     1.3497980895e-02
 2  2  2     1.1455871129e-01
 2  2  3    -1.3497980895e-02
 2  3  1    -4.9808615039e-01
 2  3  2     1.3497980895e-02
 2  3  3    -4.7606926298e-02
 3  1  1     0.0000000000e+00
 3  1  2    -8.4883251094e-02
 3  1  3    -6.6841051572e-02
 3  2  1    -8.4883251094e-02
 3  2  2     0.0000000000e+00
 3  2  3    -2.6271688328e-01
 3  3  1     6.6841051572e-02
 3  3  2    -2.6271688328e-01
 3  3  3     0.0000000000e+00

  328
2.7009000000e+00 2.7009000000e+00 0.0000000000e+00
0.0000000000e+00 2.7009000000e+00 2.7009000000e+00
     2      1      2
 1  1  1     2.0798643268e-02
 1  1  2     3.5359846116e-02
 1  1  3    -3.5359846116e-02
 1  2  1     4.2526434434e-02
 1  2  2     5.0891905195e-03
 1  2  3     3.8267726566e-02
 1  3  1    -4.2526434434e-02
 1  3  2     3.8267726566e-02
 1  3  3     5.0891905195e-03
 2  1  1    -4.4354891269e-02
 2  1  2    -8.1556607922e-03
 2  1  3     1.7544200508e-02
 2  2  1     2.5164203694e-02
 2  2  2     2.9567687509e-02
 2  2  3    -3.3202051217e-02
 2  3  1     3.9333786320e-02
 2  3  2    -4.4789058074e-02
 2  3  3    -1.7355461497e-02
 3  1  1     4.4354891269e-02
 3  1  2     1.7544200508e-02
 3  1  3    -8.1556607922e-03
 3  2  1     3.9333786320e-02
 3  2  2     1.7355461497e-02
 3  2  3     4.4789058074e-02
 3  3  1     2.5164203694e-02
 3  3  2     3.3202051217e-02
 3  3  3    -2.9567687509e-02

  329
2.7009000000e+00 2.7009000000e+00 0.0000000000e+00
2.7009000000e+00 0.0000000000e+00 2.7009000000e+00
     2      1      1
 1  1  1     1.1455871129e-01
 1  1  2     1.3497980895e-02
 1  1  3    -1.3497980895e-02
 1  2  1    -1.3497980895e-02
 1  2  2    -4.7606926298e-02
 1  2  3    -4.9808615039e-01
 1  3  1     1.3497980895e-02
 1  3  2    -4.9808615039e-01
 1  3  3    -4.7606926298e-02
 2  1  1     0.0000000000e+00
 2  1  2    -2.6271688328e-01
 2  1  3    -8.4883251094e-02
 2  2  1    -2.6271688328e-01
 2  2  2     0.0000000000e+00
 2  2  3    -6.6841051572e-02
 2  3  1    -8.4883251094e-02
 2  3  2     6.6841051572e-02
 2  3  3     0.0000000000e+00
 3  1  1     0.0000000000e+00
 3  1  2    -8.4883251094e-02
 3  1  3    -2.6271688328e-01
 3  2  1    -8.4883251094e-02
 3  2  2     0.0000000000e+00
 3  2  3    -6.6841051572e-02
 3  3  1    -2.6271688328e-01
 3  3  2     6.6841051572e-02
 3  3  3     0.0000000000e+00

  330
2.7009000000e+00 2.7009000000e+00 0.0000000000e+00
2.7009000000e+00 0.0000000000e+00 2.7009000000e+00
     2      1      2
 1  1  1     2.9567687509e-02
 1  1  2     2.5164203694e-02
 1  1  3    -3.3202051217e-02
 1  2  1    -8.1556607922e-03
 1  2  2    -4.4354891269e-02
 1  2  3     1.7544200508e-02
 1  3  1    -4.4789058074e-02
 1  3  2     3.9333786320e-02
 1  3  3    -1.7355461497e-02
 2  1  1     5.0891905195e-03
 2  1  2     4.2526434434e-02
 2  1  3     3.8267726566e-02
 2  2  1     3.5359846116e-02
 2  2  2     2.0798643268e-02
 2  2  3    -3.5359846116e-02
 2  3  1     3.8267726566e-02
 2  3  2    -4.2526434434e-02
 2  3  3     5.0891905195e-03
 3  1  1     1.7355461497e-02
 3  1  2     3.9333786320e-02
 3  1  3     4.4789058074e-02
 3  2  1     1.7544200508e-02
 3  2  2     4.4354891269e-02
 3  2  3    -8.1556607922e-03
 3  3  1     3.3202051217e-02
 3  3  2     2.5164203694e-02
 3  3  3    -2.9567687509e-02

  331
2.7009000000e+00 2.7009000000e+00 0.0000000000e+00
2.7009000000e+00 -2.7009000000e+00 0.0000000000e+00
     2      1      2
 1  1  1     2.9567687509e-02
 1  1  2     3.3202051217e-02
 1  1  3    -2.5164203694e-02
 1  2  1     4.4789058074e-02
 1  2  2    -1.7355461497e-02
 1  2  3     3.9333786320e-02
 1  3  1     8.1556607922e-03
 1  3  2     1.7544200508e-02
 1  3  3    -4.4354891269e-02
 2  1  1    -1.7355461497e-02
 2  1  2     4.4789058074e-02
 2  1  3     3.9333786320e-02
 2  2  1     3.3202051217e-02
 2  2  2     2.9567687509e-02
 2  2  3    -2.5164203694e-02
 2  3  1     1.7544200508e-02
 2  3  2     8.1556607922e-03
 2  3  3    -4.4354891269e-02
 3  1  1    -5.0891905195e-03
 3  1  2     3.8267726566e-02
 3  1  3     4.2526434434e-02
 3  2  1     3.8267726566e-02
 3  2  2    -5.0891905195e-03
 3  2  3     4.2526434434e-02
 3  3  1     3.5359846116e-02
 3  3  2     3.5359846116e-02
 3  3  3    -2.0798643268e-02

  332
2.7009000000e+00 2.7009000000e+00 0.0000000000e+00
2.7009000000e+00 2.7009000000e+00 0.0000000000e+00
     2      1      1
 1  1  1     3.1817402863e+00
 1  1  2     6.4017840150e+00
 1  1  3    -6.4017840150e+00
 1  2  1     6.4017840150e+00
 1  2  2     6.2421160195e+00
 1  2  3    -8.8822392399e+00
 1  3  1    -6.4017840150e+00
 1  3  2    -8.8822392399e+00
 1  3  3     6.2421160195e+00
 2  1  1     6.2421160195e+00
 2  1  2     6.4017840150e+00
 2  1  3    -8.8822392399e+00
 2  2  1     6.4017840150e+00
 2  2  2     3.1817402863e+00
 2  2  3    -6.4017840150e+00
 2  3  1    -8.8822392399e+00
 2  3  2    -6.4017840150e+00
 2  3  3     6.2421160195e+00
 3  1  1    -6.2421160195e+00
 3  1  2    -8.8822392399e+00
 3  1  3     6.4017840150e+00
 3  2  1    -8.8822392399e+00
 3  2  2    -6.2421160195e+00
 3  2  3     6.4017840150e+00
 3  3  1     6.4017840150e+00
 3  3  2     6.4017840150e+00
 3  3  3    -3.1817402863e+00

  333
2.7009000000e+00 2.7009000000e+00 0.0000000000e+00
2.7009000000e+00 2.7009000000e+00 0.0000000000e+00
     2      1      2
 1  1  1     0.0000000000e+00
 1  1  2    -6.6841051572e-02
 1  1  3    -2.6271688328e-01
 1  2  1     0.0000000000e+00
 1  2  2     6.6841051572e-02
 1  2  3     8.4883251094e-02
 1  3  1    -4.7606926298e-02
 1  3  2     4.9808615039e-01
 1  3  3     1.3497980895e-02
 2  1  1     6.6841051572e-02
 2  1  2     0.0000000000e+00
 2  1  3     8.4883251094e-02
 2  2  1    -6.6841051572e-02
 2  2  2     0.0000000000e+00
 2  2  3    -2.6271688328e-01
 2  3  1     4.9808615039e-01
 2  3  2    -4.7606926298e-02
 2  3  3     1.3497980895e-02
 3  1  1    -2.6271688328e-01
 3  1  2     8.4883251094e-02
 3  1  3     0.0000000000e+00
 3  2  1     8.4883251094e-02
 3  2  2    -2.6271688328e-01
 3  2  3     0.0000000000e+00
 3  3  1    -1.3497980895e-02
 3  3  2    -1.3497980895e-02
 3  3  3     1.1455871129e-01

  334
2.7009000000e+00 2.7009000000e+00 0.0000000000e+00
2.7009000000e+00 5.4018000000e+00 2.7009000000e+00
     2      1      1
 1  1  1    -2.0798643268e-02
 1  1  2    -3.5359846116e-02
 1  1  3     3.5359846116e-02
 1  2  1     4.4354891269e-02
 1  2  2     8.1556607922e-03
 1  2  3    -1.7544200508e-02
 1  3  1    -4.4354891269e-02
 1  3  2    -1.7544200508e-02
 1  3  3     8.1556607922e-03
 2  1  1    -4.2526434434e-02
 2  1  2    -5.0891905195e-03
 2  1  3    -3.8267726566e-02
 2  2  1    -2.5164203694e-02
 2  2  2    -2.9567687509e-02
 2  2  3     3.3202051217e-02
 2  3  1    -3.9333786320e-02
 2  3  2    -1.7355461497e-02
 2  3  3    -4.4789058074e-02
 3  1  1     4.2526434434e-02
 3  1  2    -3.8267726566e-02
 3  1  3    -5.0891905195e-03
 3  2  1    -3.9333786320e-02
 3  2  2     4.4789058074e-02
 3  2  3     1.7355461497e-02
 3  3  1    -2.5164203694e-02
 3  3  2    -3.3202051217e-02
 3  3  3     2.9567687509e-02

  335
2.7009000000e+00 2.7009000000e+00 0.0000000000e+00
2.7009000000e+00 0.0000000000e+00 -2.7009000000e+00
     2      1      2
 1  1  1     0.0000000000e+00
 1  1  2     2.6271688328e-01
 1  1  3     6.6841051572e-02
 1  2  1     4.7606926298e-02
 1  2  2     1.3497980895e-02
 1  2  3     4.9808615039e-01
 1  3  1     0.0000000000e+00
 1  3  2     8.4883251094e-02
 1  3  3     6.6841051572e-02
 2  1  1     2.6271688328e-01
 2  1  2     0.0000000000e+00
 2  1  3     8.4883251094e-02
 2  2  1    -1.3497980895e-02
 2  2  2    -1.1455871129e-01
 2  2  3     1.3497980895e-02
 2  3  1     8.4883251094e-02
 2  3  2     0.0000000000e+00
 2  3  3     2.6271688328e-01
 3  1  1    -6.6841051572e-02
 3  1  2     8.4883251094e-02
 3  1  3     0.0000000000e+00
 3  2  1     4.9808615039e-01
 3  2  2    -1.3497980895e-02
 3  2  3     4.7606926298e-02
 3  3  1    -6.6841051572e-02
 3  3  2     2.6271688328e-01
 3  3  3     0.0000000000e+00

  336
2.7009000000e+00 2.7009000000e+00 0.0000000000e+00
5.4018000000e+00 2.7009000000e+00 2.7009000000e+00
     2      1      1
 1  1  1    -2.9567687509e-02
 1  1  2    -2.5164203694e-02
 1  1  3     3.3202051217e-02
 1  2  1    -5.0891905195e-03
 1  2  2    -4.2526434434e-02
 1  2  3    -3.8267726566e-02
 1  3  1    -1.7355461497e-02
 1  3  2    -3.9333786320e-02
 1  3  3    -4.4789058074e-02
 2  1  1     8.1556607922e-03
 2  1  2     4.4354891269e-02
 2  1  3    -1.7544200508e-02
 2  2  1    -3.5359846116e-02
 2  2  2    -2.0798643268e-02
 2  2  3     3.5359846116e-02
 2  3  1    -1.7544200508e-02
 2  3  2    -4.4354891269e-02
 2  3  3     8.1556607922e-03
 3  1  1     4.4789058074e-02
 3  1  2    -3.9333786320e-02
 3  1  3     1.7355461497e-02
 3  2  1    -3.8267726566e-02
 3  2  2     4.2526434434e-02
 3  2  3    -5.0891905195e-03
 3  3  1    -3.3202051217e-02
 3  3  2    -2.5164203694e-02
 3  3  3     2.9567687509e-02

  337
2.7009000000e+00 2.7009000000e+00 0.0000000000e+00
0.0000000000e+00 2.7009000000e+00 -2.7009000000e+00
     2      1      2
 1  1  1    -1.1455871129e-01
 1  1  2    -1.3497980895e-02
 1  1  3     1.3497980895e-02
 1  2  1     0.0000000000e+00
 1  2  2     2.6271688328e-01
 1  2  3     8.4883251094e-02
 1  3  1     0.0000000000e+00
 1  3  2     8.4883251094e-02
 1  3  3     2.6271688328e-01
 2  1  1     1.3497980895e-02
 2  1  2     4.7606926298e-02
 2  1  3     4.9808615039e-01
 2  2  1     2.6271688328e-01
 2  2  2     0.0000000000e+00
 2  2  3     6.6841051572e-02
 2  3  1     8.4883251094e-02
 2  3  2     0.0000000000e+00
 2  3  3     6.6841051572e-02
 3  1  1    -1.3497980895e-02
 3  1  2     4.9808615039e-01
 3  1  3     4.7606926298e-02
 3  2  1     8.4883251094e-02
 3  2  2    -6.6841051572e-02
 3  2  3     0.0000000000e+00
 3  3  1     2.6271688328e-01
 3  3  2    -6.6841051572e-02
 3  3  3     0.0000000000e+00

  338
2.7009000000e+00 2.7009000000e+00 0.0000000000e+00
5.4018000000e+00 0.0000000000e+00 0.0000000000e+00
     2      1      1
 1  1  1    -2.9567687509e-02
 1  1  2    -3.3202051217e-02
 1  1  3     2.5164203694e-02
 1  2  1     1.7355461497e-02
 1  2  2    -4.4789058074e-02
 1  2  3    -3.9333786320e-02
 1  3  1     5.0891905195e-03
 1  3  2    -3.8267726566e-02
 1  3  3    -4.2526434434e-02
 2  1  1    -4.4789058074e-02
 2  1  2     1.7355461497e-02
 2  1  3    -3.9333786320e-02
 2  2  1    -3.3202051217e-02
 2  2  2    -2.9567687509e-02
 2  2  3     2.5164203694e-02
 2  3  1    -3.8267726566e-02
 2  3  2     5.0891905195e-03
 2  3  3    -4.2526434434e-02
 3  1  1    -8.1556607922e-03
 3  1  2    -1.7544200508e-02
 3  1  3     4.4354891269e-02
 3  2  1    -1.7544200508e-02
 3  2  2    -8.1556607922e-03
 3  2  3     4.4354891269e-02
 3  3  1    -3.5359846116e-02
 3  3  2    -3.5359846116e-02
 3  3  3     2.0798643268e-02

  339
-2.7009000000e+00 -2.7009000000e+00 0.0000000000e+00
0.0000000000e+00 0.0000000000e+00 0.0000000000e+00
     2      2      1
 1  1  1     0.0000000000e+00
 1  1  2     0.0000000000e+00
 1  1  3    -4.7606926298e-02
 1  2  1     6.6841051572e-02
 1  2  2    -6.6841051572e-02
 1  2  3     4.9808615039e-01
 1  3  1    -2.6271688328e-01
 1  3  2     8.4883251094e-02
 1  3  3    -1.3497980895e-02
 2  1  1    -6.6841051572e-02
 2  1  2     6.6841051572e-02
 2  1  3     4.9808615039e-01
 2  2  1     0.0000000000e+00
 2  2  2     0.0000000000e+00
 2  2  3    -4.7606926298e-02
 2  3  1     8.4883251094e-02
 2  3  2    -2.6271688328e-01
 2  3  3    -1.3497980895e-02
 3  1  1    -2.6271688328e-01
 3  1  2     8.4883251094e-02
 3  1  3     1.3497980895e-02
 3  2  1     8.4883251094e-02
 3  2  2    -2.6271688328e-01
 3  2  3     1.3497980895e-02
 3  3  1     0.0000000000e+00
 3  3  2     0.0000000000e+00
 3  3  3     1.1455871129e-01

  340
-2.7009000000e+00 -2.7009000000e+00 0.0000000000e+00
0.0000000000e+00 0.0000000000e+00 0.0000000000e+00
     2      2      2
 1  1  1     0.0000000000e+00
 1  1  2     0.0000000000e+00
 1  1  3     1.8739634866e-01
 1  2  1     0.0000000000e+00
 1  2  2     0.0000000000e+00
 1  2  3    -2.7146614263e-01
 1  3  1     1.9427549508e-01
 1  3  2    -1.1047329564e-02
 1  3  3     0.0000000000e+00
 2  1  1     0.0000000000e+00
 2  1  2     0.0000000000e+00
 2  1  3    -2.7146614263e-01
 2  2  1     0.0000000000e+00
 2  2  2     0.0000000000e+00
 2  2  3     1.8739634866e-01
 2  3  1    -1.1047329564e-02
 2  3  2     1.9427549508e-01
 2  3  3     0.0000000000e+00
 3  1  1     1.8739634866e-01
 3  1  2    -2.7146614263e-01
 3  1  3     0.0000000000e+00
 3  2  1    -2.7146614263e-01
 3  2  2     1.8739634866e-01
 3  2  3     0.0000000000e+00
 3  3  1     0.0000000000e+00
 3  3  2     0.0000000000e+00
 3  3  3    -1.5953594981e-01

  341
2.7009000000e+00 2.7009000000e+00 0.0000000000e+00
0.0000000000e+00 2.7009000000e+00 2.7009000000e+00
     2      2      1
 1  1  1    -2.9567687509e-02
 1  1  2     4.4789058074e-02
 1  1  3    -8.1556607922e-03
 1  2  1     3.3202051217e-02
 1  2  2     1.7355461497e-02
 1  2  3     1.7544200508e-02
 1  3  1     2.5164203694e-02
 1  3  2     3.9333786320e-02
 1  3  3     4.4354891269e-02
 2  1  1    -1.7355461497e-02
 2  1  2    -3.3202051217e-02
 2  1  3     1.7544200508e-02
 2  2  1    -4.4789058074e-02
 2  2  2     2.9567687509e-02
 2  2  3    -8.1556607922e-03
 2  3  1     3.9333786320e-02
 2  3  2     2.5164203694e-02
 2  3  3    -4.4354891269e-02
 3  1  1     5.0891905195e-03
 3  1  2     3.8267726566e-02
 3  1  3    -3.5359846116e-02
 3  2  1     3.8267726566e-02
 3  2  2     5.0891905195e-03
 3  2  3     3.5359846116e-02
 3  3  1    -4.2526434434e-02
 3  3  2     4.2526434434e-02
 3  3  3     2.0798643268e-02

  342
-2.7009000000e+00 -2.7009000000e+00 0.0000000000e+00
0.0000000000e+00 -2.7009000000e+00 -2.7009000000e+00
     2      2      2
 1  1  1    -1.8451752316e-02
 1  1  2     6.4360348474e-04
 1  1  3    -4.9465008683e-02
 1  2  1     6.4360348475e-04
 1  2  2    -6.4360348475e-04
 1  2  3    -1.3593549152e-02
 1  3  1    -6.4360348475e-04
 1  3  2    -3.7134281580e-02
 1  3  3    -6.4360348474e-04
 2  1  1     4.9465008683e-02
 2  1  2    -4.9465008683e-02
 2  1  3    -1.6102513025e-01
 2  2  1    -6.4360348474e-04
 2  2  2     1.8451752316e-02
 2  2  3    -4.9465008683e-02
 2  3  1    -1.3593549152e-02
 2  3  2    -6.4360348474e-04
 2  3  3     4.9465008683e-02
 3  1  1    -6.4360348474e-04
 3  1  2    -1.3593549152e-02
 3  1  3    -4.9465008683e-02
 3  2  1    -3.7134281580e-02
 3  2  2    -6.4360348475e-04
 3  2  3     6.4360348474e-04
 3  3  1    -6.4360348475e-04
 3  3  2     6.4360348475e-04
 3  3  3    -1.8451752316e-02

  343
2.7009000000e+00 2.7009000000e+00 0.0000000000e+00
2.7009000000e+00 0.0000000000e+00 2.7009000000e+00
     2      2      1
 1  1  1     2.9567687509e-02
 1  1  2    -4.4789058074e-02
 1  1  3    -8.1556607922e-03
 1  2  1    -3.3202051217e-02
 1  2  2    -1.7355461497e-02
 1  2  3     1.7544200508e-02
 1  3  1     2.5164203694e-02
 1  3  2     3.9333786320e-02
 1  3  3    -4.4354891269e-02
 2  1  1     1.7355461497e-02
 2  1  2     3.3202051217e-02
 2  1  3     1.7544200508e-02
 2  2  1     4.4789058074e-02
 2  2  2    -2.9567687509e-02
 2  2  3    -8.1556607922e-03
 2  3  1     3.9333786320e-02
 2  3  2     2.5164203694e-02
 2  3  3     4.4354891269e-02
 3  1  1     5.0891905195e-03
 3  1  2     3.8267726566e-02
 3  1  3     3.5359846116e-02
 3  2  1     3.8267726566e-02
 3  2  2     5.0891905195e-03
 3  2  3    -3.5359846116e-02
 3  3  1     4.2526434434e-02
 3  3  2    -4.2526434434e-02
 3  3  3     2.0798643268e-02

  344
2.7009000000e+00 2.7009000000e+00 0.0000000000e+00
2.7009000000e+00 0.0000000000e+00 2.7009000000e+00
     2      2      2
 1  1  1     1.8451752316e-02
 1  1  2    -6.4360348474e-04
 1  1  3    -4.9465008683e-02
 1  2  1    -4.9465008683e-02
 1  2  2     4.9465008683e-02
 1  2  3    -1.6102513025e-01
 1  3  1    -6.4360348474e-04
 1  3  2    -1.3593549152e-02
 1  3  3     4.9465008683e-02
 2  1  1    -6.4360348475e-04
 2  1  2     6.4360348475e-04
 2  1  3    -1.3593549152e-02
 2  2  1     6.4360348474e-04
 2  2  2    -1.8451752316e-02
 2  2  3    -4.9465008683e-02
 2  3  1    -3.7134281580e-02
 2  3  2    -6.4360348475e-04
 2  3  3    -6.4360348474e-04
 3  1  1    -6.4360348475e-04
 3  1  2    -3.7134281580e-02
 3  1  3     6.4360348474e-04
 3  2  1    -1.3593549152e-02
 3  2  2    -6.4360348474e-04
 3  2  3    -4.9465008683e-02
 3  3  1     6.4360348475e-04
 3  3  2    -6.4360348475e-04
 3  3  3    -1.8451752316e-02

  345
2.7009000000e+00 2.7009000000e+00 0.0000000000e+00
2.7009000000e+00 2.7009000000e+00 5.4018000000e+00
     2      2      1
 1  1  1     0.0000000000e+00
 1  1  2     0.0000000000e+00
 1  1  3    -2.4548083413e-02
 1  2  1    -9.9489805960e-02
 1  2  2     9.9489805960e-02
 1  2  3    -8.7089729381e-02
 1  3  1     4.2914774162e-02
 1  3  2     2.9499802849e-02
 1  3  3    -3.8245878644e-03
 2  1  1     9.9489805960e-02
 2  1  2    -9.9489805960e-02
 2  1  3    -8.7089729381e-02
 2  2  1     0.0000000000e+00
 2  2  2     0.0000000000e+00
 2  2  3    -2.4548083413e-02
 2  3  1     2.9499802849e-02
 2  3  2     4.2914774162e-02
 2  3  3    -3.8245878644e-03
 3  1  1     4.2914774162e-02
 3  1  2     2.9499802849e-02
 3  1  3     3.8245878644e-03
 3  2  1     2.9499802849e-02
 3  2  2     4.2914774162e-02
 3  2  3     3.8245878644e-03
 3  3  1     0.0000000000e+00
 3  3  2     0.0000000000e+00
 3  3  3     4.0283456619e-02

  346
2.7009000000e+00 2.7009000000e+00 0.0000000000e+00
2.7009000000e+00 2.7009000000e+00 0.0000000000e+00
     2      2      1
 1  1  1     0.0000000000e+00
 1  1  2     0.0000000000e+00
 1  1  3    -4.7606926298e-02
 1  2  1    -6.6841051572e-02
 1  2  2     6.6841051572e-02
 1  2  3     4.9808615039e-01
 1  3  1    -2.6271688328e-01
 1  3  2     8.4883251094e-02
 1  3  3     1.3497980895e-02
 2  1  1     6.6841051572e-02
 2  1  2    -6.6841051572e-02
 2  1  3     4.9808615039e-01
 2  2  1     0.0000000000e+00
 2  2  2     0.0000000000e+00
 2  2  3    -4.7606926298e-02
 2  3  1     8.4883251094e-02
 2  3  2    -2.6271688328e-01
 2  3  3     1.3497980895e-02
 3  1  1    -2.6271688328e-01
 3  1  2     8.4883251094e-02
 3  1  3    -1.3497980895e-02
 3  2  1     8.4883251094e-02
 3  2  2    -2.6271688328e-01
 3  2  3    -1.3497980895e-02
 3  3  1     0.0000000000e+00
 3  3  2     0.0000000000e+00
 3  3  3     1.1455871129e-01

  347
2.7009000000e+00 2.7009000000e+00 0.0000000000e+00
2.7009000000e+00 2.7009000000e+00 0.0000000000e+00
     2      2      2
 1  1  1     0.0000000000e+00
 1  1  2     0.0000000000e+00
 1  1  3     1.8739634866e-01
 1  2  1     0.0000000000e+00
 1  2  2     0.0000000000e+00
 1  2  3    -2.7146614263e-01
 1  3  1     1.8739634866e-01
 1  3  2    -2.7146614263e-01
 1  3  3     0.0000000000e+00
 2  1  1     0.0000000000e+00
 2  1  2     0.0000000000e+00
 2  1  3    -2.7146614263e-01
 2  2  1     0.0000000000e+00
 2  2  2     0.0000000000e+00
 2  2  3     1.8739634866e-01
 2  3  1    -2.7146614263e-01
 2  3  2     1.8739634866e-01
 2  3  3     0.0000000000e+00
 3  1  1     1.9427549508e-01
 3  1  2    -1.1047329564e-02
 3  1  3     0.0000000000e+00
 3  2  1    -1.1047329564e-02
 3  2  2     1.9427549508e-01
 3  2  3     0.0000000000e+00
 3  3  1     0.0000000000e+00
 3  3  2     0.0000000000e+00
 3  3  3    -1.5953594981e-01

  348
2.7009000000e+00 2.7009000000e+00 0.0000000000e+00
2.7009000000e+00 5.4018000000e+00 2.7009000000e+00
     2      2      1
 1  1  1    -2.9567687509e-02
 1  1  2     4.4789058074e-02
 1  1  3    -8.1556607922e-03
 1  2  1    -1.7355461497e-02
 1  2  2    -3.3202051217e-02
 1  2  3     1.7544200508e-02
 1  3  1     5.0891905195e-03
 1  3  2     3.8267726566e-02
 1  3  3    -3.5359846116e-02
 2  1  1     3.3202051217e-02
 2  1  2     1.7355461497e-02
 2  1  3     1.7544200508e-02
 2  2  1    -4.4789058074e-02
 2  2  2     2.9567687509e-02
 2  2  3    -8.1556607922e-03
 2  3  1     3.8267726566e-02
 2  3  2     5.0891905195e-03
 2  3  3     3.5359846116e-02
 3  1  1     2.5164203694e-02
 3  1  2     3.9333786320e-02
 3  1  3     4.4354891269e-02
 3  2  1     3.9333786320e-02
 3  2  2     2.5164203694e-02
 3  2  3    -4.4354891269e-02
 3  3  1    -4.2526434434e-02
 3  3  2     4.2526434434e-02
 3  3  3     2.0798643268e-02

  349
2.7009000000e+00 2.7009000000e+00 0.0000000000e+00
2.7009000000e+00 0.0000000000e+00 -2.7009000000e+00
     2      2      2
 1  1  1    -1.8451752316e-02
 1  1  2     6.4360348474e-04
 1  1  3    -4.9465008683e-02
 1  2  1     4.9465008683e-02
 1  2  2    -4.9465008683e-02
 1  2  3    -1.6102513025e-01
 1  3  1    -6.4360348474e-04
 1  3  2    -1.3593549152e-02
 1  3  3    -4.9465008683e-02
 2  1  1     6.4360348475e-04
 2  1  2    -6.4360348475e-04
 2  1  3    -1.3593549152e-02
 2  2  1    -6.4360348474e-04
 2  2  2     1.8451752316e-02
 2  2  3    -4.9465008683e-02
 2  3  1    -3.7134281580e-02
 2  3  2    -6.4360348475e-04
 2  3  3     6.4360348474e-04
 3  1  1    -6.4360348475e-04
 3  1  2    -3.7134281580e-02
 3  1  3    -6.4360348474e-04
 3  2  1    -1.3593549152e-02
 3  2  2    -6.4360348474e-04
 3  2  3     4.9465008683e-02
 3  3  1    -6.4360348475e-04
 3  3  2     6.4360348475e-04
 3  3  3    -1.8451752316e-02

  350
2.7009000000e+00 2.7009000000e+00 0.0000000000e+00
5.4018000000e+00 2.7009000000e+00 2.7009000000e+00
     2      2      1
 1  1  1     2.9567687509e-02
 1  1  2    -4.4789058074e-02
 1  1  3    -8.1556607922e-03
 1  2  1     1.7355461497e-02
 1  2  2     3.3202051217e-02
 1  2  3     1.7544200508e-02
 1  3  1     5.0891905195e-03
 1  3  2     3.8267726566e-02
 1  3  3     3.5359846116e-02
 2  1  1    -3.3202051217e-02
 2  1  2    -1.7355461497e-02
 2  1  3     1.7544200508e-02
 2  2  1     4.4789058074e-02
 2  2  2    -2.9567687509e-02
 2  2  3    -8.1556607922e-03
 2  3  1     3.8267726566e-02
 2  3  2     5.0891905195e-03
 2  3  3    -3.5359846116e-02
 3  1  1     2.5164203694e-02
 3  1  2     3.9333786320e-02
 3  1  3    -4.4354891269e-02
 3  2  1     3.9333786320e-02
 3  2  2     2.5164203694e-02
 3  2  3     4.4354891269e-02
 3  3  1     4.2526434434e-02
 3  3  2    -4.2526434434e-02
 3  3  3     2.0798643268e-02

  351
-2.7009000000e+00 -2.7009000000e+00 0.0000000000e+00
0.0000000000e+00 -2.7009000000e+00 2.7009000000e+00
     2      2      2
 1  1  1     1.8451752316e-02
 1  1  2    -6.4360348474e-04
 1  1  3    -4.9465008683e-02
 1  2  1    -6.4360348475e-04
 1  2  2     6.4360348475e-04
 1  2  3    -1.3593549152e-02
 1  3  1    -6.4360348475e-04
 1  3  2    -3.7134281580e-02
 1  3  3     6.4360348474e-04
 2  1  1    -4.9465008683e-02
 2  1  2     4.9465008683e-02
 2  1  3    -1.6102513025e-01
 2  2  1     6.4360348474e-04
 2  2  2    -1.8451752316e-02
 2  2  3    -4.9465008683e-02
 2  3  1    -1.3593549152e-02
 2  3  2    -6.4360348474e-04
 2  3  3    -4.9465008683e-02
 3  1  1    -6.4360348474e-04
 3  1  2    -1.3593549152e-02
 3  1  3     4.9465008683e-02
 3  2  1    -3.7134281580e-02
 3  2  2    -6.4360348475e-04
 3  2  3    -6.4360348474e-04
 3  3  1     6.4360348475e-04
 3  3  2    -6.4360348475e-04
 3  3  3    -1.8451752316e-02

  352
2.7009000000e+00 2.7009000000e+00 0.0000000000e+00
5.4018000000e+00 0.0000000000e+00 0.0000000000e+00
     2      2      1
 1  1  1     0.0000000000e+00
 1  1  2     0.0000000000e+00
 1  1  3    -2.4548083413e-02
 1  2  1     9.9489805960e-02
 1  2  2    -9.9489805960e-02
 1  2  3    -8.7089729381e-02
 1  3  1     4.2914774162e-02
 1  3  2     2.9499802849e-02
 1  3  3     3.8245878644e-03
 2  1  1    -9.9489805960e-02
 2  1  2     9.9489805960e-02
 2  1  3    -8.7089729381e-02
 2  2  1     0.0000000000e+00
 2  2  2     0.0000000000e+00
 2  2  3    -2.4548083413e-02
 2  3  1     2.9499802849e-02
 2  3  2     4.2914774162e-02
 2  3  3     3.8245878644e-03
 3  1  1     4.2914774162e-02
 3  1  2     2.9499802849e-02
 3  1  3    -3.8245878644e-03
 3  2  1     2.9499802849e-02
 3  2  2     4.2914774162e-02
 3  2  3    -3.8245878644e-03
 3  3  1     0.0000000000e+00
 3  3  2     0.0000000000e+00
 3  3  3     4.0283456619e-02

  353
2.7009000000e+00 0.0000000000e+00 -2.7009000000e+00
0.0000000000e+00 0.0000000000e+00 0.0000000000e+00
     2      1      1
 1  1  1     2.9567687509e-02
 1  1  2     5.0891905195e-03
 1  1  3    -1.7355461497e-02
 1  2  1     2.5164203694e-02
 1  2  2     4.2526434434e-02
 1  2  3    -3.9333786320e-02
 1  3  1     3.3202051217e-02
 1  3  2    -3.8267726566e-02
 1  3  3     4.4789058074e-02
 2  1  1    -8.1556607922e-03
 2  1  2     3.5359846116e-02
 2  1  3    -1.7544200508e-02
 2  2  1    -4.4354891269e-02
 2  2  2     2.0798643268e-02
 2  2  3    -4.4354891269e-02
 2  3  1    -1.7544200508e-02
 2  3  2     3.5359846116e-02
 2  3  3    -8.1556607922e-03
 3  1  1     4.4789058074e-02
 3  1  2    -3.8267726566e-02
 3  1  3     3.3202051217e-02
 3  2  1    -3.9333786320e-02
 3  2  2     4.2526434434e-02
 3  2  3     2.5164203694e-02
 3  3  1    -1.7355461497e-02
 3  3  2     5.0891905195e-03
 3  3  3     2.9567687509e-02

  354
2.7009000000e+00 0.0000000000e+00 -2.7009000000e+00
0.0000000000e+00 0.0000000000e+00 0.0000000000e+00
     2      1      2
 1  1  1     9.5773596497e-02
 1  1  2     7.3313067057e-02
 1  1  3    -7.3313067057e-02
 1  2  1    -6.9627531252e-03
 1  2  2    -7.3313067057e-02
 1  2  3    -2.1211618157e-02
 1  3  1     6.9627531252e-03
 1  3  2    -2.1211618157e-02
 1  3  3    -7.3313067057e-02
 2  1  1     7.3313067057e-02
 2  1  2     6.9627531252e-03
 2  1  3    -2.1211618157e-02
 2  2  1    -7.3313067057e-02
 2  2  2    -9.5773596497e-02
 2  2  3    -7.3313067057e-02
 2  3  1    -2.1211618157e-02
 2  3  2     6.9627531252e-03
 2  3  3     7.3313067057e-02
 3  1  1    -7.3313067057e-02
 3  1  2    -2.1211618157e-02
 3  1  3     6.9627531252e-03
 3  2  1    -2.1211618157e-02
 3  2  2    -7.3313067057e-02
 3  2  3    -6.9627531252e-03
 3  3  1    -7.3313067057e-02
 3  3  2     7.3313067057e-02
 3  3  3     9.5773596497e-02

  355
2.7009000000e+00 5.4018000000e+00 2.7009000000e+00
0.0000000000e+00 2.7009000000e+00 2.7009000000e+00
     2      1      1
 1  1  1     2.9567687509e-02
 1  1  2     1.7355461497e-02
 1  1  3    -5.0891905195e-03
 1  2  1    -3.3202051217e-02
 1  2  2     4.4789058074e-02
 1  2  3    -3.8267726566e-02
 1  3  1    -2.5164203694e-02
 1  3  2    -3.9333786320e-02
 1  3  3     4.2526434434e-02
 2  1  1    -4.4789058074e-02
 2  1  2     3.3202051217e-02
 2  1  3    -3.8267726566e-02
 2  2  1    -1.7355461497e-02
 2  2  2    -2.9567687509e-02
 2  2  3    -5.0891905195e-03
 2  3  1    -3.9333786320e-02
 2  3  2    -2.5164203694e-02
 2  3  3    -4.2526434434e-02
 3  1  1     8.1556607922e-03
 3  1  2    -1.7544200508e-02
 3  1  3     3.5359846116e-02
 3  2  1    -1.7544200508e-02
 3  2  2     8.1556607922e-03
 3  2  3    -3.5359846116e-02
 3  3  1    -4.4354891269e-02
 3  3  2     4.4354891269e-02
 3  3  3    -2.0798643268e-02

  356
2.7009000000e+00 0.0000000000e+00 -2.7009000000e+00
0.0000000000e+00 -2.7009000000e+00 -2.7009000000e+00
     2      1      2
 1  1  1     2.0798643268e-02
 1  1  2    -4.4354891269e-02
 1  1  3     4.4354891269e-02
 1  2  1     4.2526434434e-02
 1  2  2     2.5164203694e-02
 1  2  3     3.9333786320e-02
 1  3  1    -4.2526434434e-02
 1  3  2     3.9333786320e-02
 1  3  3     2.5164203694e-02
 2  1  1     3.5359846116e-02
 2  1  2    -8.1556607922e-03
 2  1  3     1.7544200508e-02
 2  2  1     5.0891905195e-03
 2  2  2     2.9567687509e-02
 2  2  3     1.7355461497e-02
 2  3  1     3.8267726566e-02
 2  3  2    -4.4789058074e-02
 2  3  3     3.3202051217e-02
 3  1  1    -3.5359846116e-02
 3  1  2     1.7544200508e-02
 3  1  3    -8.1556607922e-03
 3  2  1     3.8267726566e-02
 3  2  2    -3.3202051217e-02
 3  2  3     4.4789058074e-02
 3  3  1     5.0891905195e-03
 3  3  2    -1.7355461497e-02
 3  3  3    -2.9567687509e-02

  357
2.7009000000e+00 5.4018000000e+00 2.7009000000e+00
2.7009000000e+00 0.0000000000e+00 2.7009000000e+00
     2      1      2
 1  1  1     0.0000000000e+00
 1  1  2     4.2914774162e-02
 1  1  3    -9.9489805960e-02
 1  2  1    -2.4548083413e-02
 1  2  2    -3.8245878644e-03
 1  2  3    -8.7089729381e-02
 1  3  1     0.0000000000e+00
 1  3  2     2.9499802849e-02
 1  3  3     9.9489805960e-02
 2  1  1     4.2914774162e-02
 2  1  2     0.0000000000e+00
 2  1  3     2.9499802849e-02
 2  2  1     3.8245878644e-03
 2  2  2     4.0283456619e-02
 2  2  3     3.8245878644e-03
 2  3  1     2.9499802849e-02
 2  3  2     0.0000000000e+00
 2  3  3     4.2914774162e-02
 3  1  1     9.9489805960e-02
 3  1  2     2.9499802849e-02
 3  1  3     0.0000000000e+00
 3  2  1    -8.7089729381e-02
 3  2  2    -3.8245878644e-03
 3  2  3    -2.4548083413e-02
 3  3  1    -9.9489805960e-02
 3  3  2     4.2914774162e-02
 3  3  3     0.0000000000e+00

  358
2.7009000000e+00 5.4018000000e+00 2.7009000000e+00
2.7009000000e+00 2.7009000000e+00 5.4018000000e+00
     2      1      1
 1  1  1     4.0283456619e-02
 1  1  2     3.8245878644e-03
 1  1  3    -3.8245878644e-03
 1  2  1    -3.8245878644e-03
 1  2  2    -2.4548083413e-02
 1  2  3     8.7089729381e-02
 1  3  1     3.8245878644e-03
 1  3  2     8.7089729381e-02
 1  3  3    -2.4548083413e-02
 2  1  1     0.0000000000e+00
 2  1  2     4.2914774162e-02
 2  1  3    -2.9499802849e-02
 2  2  1     4.2914774162e-02
 2  2  2     0.0000000000e+00
 2  2  3     9.9489805960e-02
 2  3  1    -2.9499802849e-02
 2  3  2    -9.9489805960e-02
 2  3  3     0.0000000000e+00
 3  1  1     0.0000000000e+00
 3  1  2    -2.9499802849e-02
 3  1  3     4.2914774162e-02
 3  2  1    -2.9499802849e-02
 3  2  2     0.0000000000e+00
 3  2  3     9.9489805960e-02
 3  3  1     4.2914774162e-02
 3  3  2    -9.9489805960e-02
 3  3  3     0.0000000000e+00

  359
2.7009000000e+00 0.0000000000e+00 -2.7009000000e+00
2.7009000000e+00 -2.7009000000e+00 0.0000000000e+00
     2      1      2
 1  1  1     0.0000000000e+00
 1  1  2     9.9489805960e-02
 1  1  3    -4.2914774162e-02
 1  2  1     0.0000000000e+00
 1  2  2     9.9489805960e-02
 1  2  3     2.9499802849e-02
 1  3  1     2.4548083413e-02
 1  3  2    -8.7089729381e-02
 1  3  3    -3.8245878644e-03
 2  1  1    -9.9489805960e-02
 2  1  2     0.0000000000e+00
 2  1  3     2.9499802849e-02
 2  2  1    -9.9489805960e-02
 2  2  2     0.0000000000e+00
 2  2  3    -4.2914774162e-02
 2  3  1    -8.7089729381e-02
 2  3  2     2.4548083413e-02
 2  3  3     3.8245878644e-03
 3  1  1    -4.2914774162e-02
 3  1  2     2.9499802849e-02
 3  1  3     0.0000000000e+00
 3  2  1     2.9499802849e-02
 3  2  2    -4.2914774162e-02
 3  2  3     0.0000000000e+00
 3  3  1     3.8245878644e-03
 3  3  2    -3.8245878644e-03
 3  3  3    -4.0283456619e-02

  360
2.7009000000e+00 5.4018000000e+00 2.7009000000e+00
2.7009000000e+00 2.7009000000e+00 0.0000000000e+00
     2      1      1
 1  1  1    -2.0798643268e-02
 1  1  2     4.4354891269e-02
 1  1  3    -4.4354891269e-02
 1  2  1    -3.5359846116e-02
 1  2  2     8.1556607922e-03
 1  2  3    -1.7544200508e-02
 1  3  1     3.5359846116e-02
 1  3  2    -1.7544200508e-02
 1  3  3     8.1556607922e-03
 2  1  1    -4.2526434434e-02
 2  1  2    -2.5164203694e-02
 2  1  3    -3.9333786320e-02
 2  2  1    -5.0891905195e-03
 2  2  2    -2.9567687509e-02
 2  2  3    -1.7355461497e-02
 2  3  1    -3.8267726566e-02
 2  3  2     3.3202051217e-02
 2  3  3    -4.4789058074e-02
 3  1  1     4.2526434434e-02
 3  1  2    -3.9333786320e-02
 3  1  3    -2.5164203694e-02
 3  2  1    -3.8267726566e-02
 3  2  2     4.4789058074e-02
 3  2  3    -3.3202051217e-02
 3  3  1    -5.0891905195e-03
 3  3  2     1.7355461497e-02
 3  3  3     2.9567687509e-02

  361
2.7009000000e+00 5.4018000000e+00 2.7009000000e+00
2.7009000000e+00 2.7009000000e+00 0.0000000000e+00
     2      1      2
 1  1  1    -2.9567687509e-02
 1  1  2    -1.7355461497e-02
 1  1  3     5.0891905195e-03
 1  2  1     4.4789058074e-02
 1  2  2    -3.3202051217e-02
 1  2  3     3.8267726566e-02
 1  3  1    -8.1556607922e-03
 1  3  2     1.7544200508e-02
 1  3  3    -3.5359846116e-02
 2  1  1     3.3202051217e-02
 2  1  2    -4.4789058074e-02
 2  1  3     3.8267726566e-02
 2  2  1     1.7355461497e-02
 2  2  2     2.9567687509e-02
 2  2  3     5.0891905195e-03
 2  3  1     1.7544200508e-02
 2  3  2    -8.1556607922e-03
 2  3  3     3.5359846116e-02
 3  1  1     2.5164203694e-02
 3  1  2     3.9333786320e-02
 3  1  3    -4.2526434434e-02
 3  2  1     3.9333786320e-02
 3  2  2     2.5164203694e-02
 3  2  3     4.2526434434e-02
 3  3  1     4.4354891269e-02
 3  3  2    -4.4354891269e-02
 3  3  3     2.0798643268e-02

  362
2.7009000000e+00 5.4018000000e+00 2.7009000000e+00
2.7009000000e+00 5.4018000000e+00 2.7009000000e+00
     2      1      1
 1  1  1    -9.5773596497e-02
 1  1  2    -7.3313067057e-02
 1  1  3     7.3313067057e-02
 1  2  1    -7.3313067057e-02
 1  2  2    -6.9627531252e-03
 1  2  3     2.1211618157e-02
 1  3  1     7.3313067057e-02
 1  3  2     2.1211618157e-02
 1  3  3    -6.9627531252e-03
 2  1  1     6.9627531252e-03
 2  1  2     7.3313067057e-02
 2  1  3     2.1211618157e-02
 2  2  1     7.3313067057e-02
 2  2  2     9.5773596497e-02
 2  2  3     7.3313067057e-02
 2  3  1     2.1211618157e-02
 2  3  2     7.3313067057e-02
 2  3  3     6.9627531252e-03
 3  1  1    -6.9627531252e-03
 3  1  2     2.1211618157e-02
 3  1  3     7.3313067057e-02
 3  2  1     2.1211618157e-02
 3  2  2    -6.9627531252e-03
 3  2  3    -7.3313067057e-02
 3  3  1     7.3313067057e-02
 3  3  2    -7.3313067057e-02
 3  3  3    -9.5773596497e-02

  363
2.7009000000e+00 0.0000000000e+00 -2.7009000000e+00
2.7009000000e+00 0.0000000000e+00 -2.7009000000e+00
     2      1      2
 1  1  1    -2.9567687509e-02
 1  1  2    -5.0891905195e-03
 1  1  3     1.7355461497e-02
 1  2  1     8.1556607922e-03
 1  2  2    -3.5359846116e-02
 1  2  3     1.7544200508e-02
 1  3  1    -4.4789058074e-02
 1  3  2     3.8267726566e-02
 1  3  3    -3.3202051217e-02
 2  1  1    -2.5164203694e-02
 2  1  2    -4.2526434434e-02
 2  1  3     3.9333786320e-02
 2  2  1     4.4354891269e-02
 2  2  2    -2.0798643268e-02
 2  2  3     4.4354891269e-02
 2  3  1     3.9333786320e-02
 2  3  2    -4.2526434434e-02
 2  3  3    -2.5164203694e-02
 3  1  1    -3.3202051217e-02
 3  1  2     3.8267726566e-02
 3  1  3    -4.4789058074e-02
 3  2  1     1.7544200508e-02
 3  2  2    -3.5359846116e-02
 3  2  3     8.1556607922e-03
 3  3  1     1.7355461497e-02
 3  3  2    -5.0891905195e-03
 3  3  3    -2.9567687509e-02

  364
2.7009000000e+00 5.4018000000e+00 2.7009000000e+00
5.4018000000e+00 2.7009000000e+00 2.7009000000e+00
     2      1      1
 1  1  1     0.0000000000e+00
 1  1  2    -9.9489805960e-02
 1  1  3     4.2914774162e-02
 1  2  1     9.9489805960e-02
 1  2  2     0.0000000000e+00
 1  2  3    -2.9499802849e-02
 1  3  1     4.2914774162e-02
 1  3  2    -2.9499802849e-02
 1  3  3     0.0000000000e+00
 2  1  1     0.0000000000e+00
 2  1  2    -9.9489805960e-02
 2  1  3    -2.9499802849e-02
 2  2  1     9.9489805960e-02
 2  2  2     0.0000000000e+00
 2  2  3     4.2914774162e-02
 2  3  1    -2.9499802849e-02
 2  3  2     4.2914774162e-02
 2  3  3     0.0000000000e+00
 3  1  1    -2.4548083413e-02
 3  1  2     8.7089729381e-02
 3  1  3     3.8245878644e-03
 3  2  1     8.7089729381e-02
 3  2  2    -2.4548083413e-02
 3  2  3    -3.8245878644e-03
 3  3  1    -3.8245878644e-03
 3  3  2     3.8245878644e-03
 3  3  3     4.0283456619e-02

  365
-2.7009000000e+00 0.0000000000e+00 2.7009000000e+00
0.0000000000e+00 -2.7009000000e+00 2.7009000000e+00
     2      1      2
 1  1  1    -4.0283456619e-02
 1  1  2    -3.8245878644e-03
 1  1  3     3.8245878644e-03
 1  2  1     0.0000000000e+00
 1  2  2    -4.2914774162e-02
 1  2  3     2.9499802849e-02
 1  3  1     0.0000000000e+00
 1  3  2     2.9499802849e-02
 1  3  3    -4.2914774162e-02
 2  1  1     3.8245878644e-03
 2  1  2     2.4548083413e-02
 2  1  3    -8.7089729381e-02
 2  2  1    -4.2914774162e-02
 2  2  2     0.0000000000e+00
 2  2  3    -9.9489805960e-02
 2  3  1     2.9499802849e-02
 2  3  2     0.0000000000e+00
 2  3  3    -9.9489805960e-02
 3  1  1    -3.8245878644e-03
 3  1  2    -8.7089729381e-02
 3  1  3     2.4548083413e-02
 3  2  1     2.9499802849e-02
 3  2  2     9.9489805960e-02
 3  2  3     0.0000000000e+00
 3  3  1    -4.2914774162e-02
 3  3  2     9.9489805960e-02
 3  3  3     0.0000000000e+00

  366
2.7009000000e+00 5.4018000000e+00 2.7009000000e+00
0.0000000000e+00 5.4018000000e+00 0.0000000000e+00
     2      1      1
 1  1  1     0.0000000000e+00
 1  1  2    -4.2914774162e-02
 1  1  3     9.9489805960e-02
 1  2  1    -4.2914774162e-02
 1  2  2     0.0000000000e+00
 1  2  3    -2.9499802849e-02
 1  3  1    -9.9489805960e-02
 1  3  2    -2.9499802849e-02
 1  3  3     0.0000000000e+00
 2  1  1     2.4548083413e-02
 2  1  2     3.8245878644e-03
 2  1  3     8.7089729381e-02
 2  2  1    -3.8245878644e-03
 2  2  2    -4.0283456619e-02
 2  2  3    -3.8245878644e-03
 2  3  1     8.7089729381e-02
 2  3  2     3.8245878644e-03
 2  3  3     2.4548083413e-02
 3  1  1     0.0000000000e+00
 3  1  2    -2.9499802849e-02
 3  1  3    -9.9489805960e-02
 3  2  1    -2.9499802849e-02
 3  2  2     0.0000000000e+00
 3  2  3    -4.2914774162e-02
 3  3  1     9.9489805960e-02
 3  3  2    -4.2914774162e-02
 3  3  3     0.0000000000e+00

  367
2.7009000000e+00 0.0000000000e+00 -2.7009000000e+00
0.0000000000e+00 0.0000000000e+00 0.0000000000e+00
     2      2      1
 1  1  1    -2.9567687509e-02
 1  1  2     8.1556607922e-03
 1  1  3    -4.4789058074e-02
 1  2  1    -2.5164203694e-02
 1  2  2     4.4354891269e-02
 1  2  3     3.9333786320e-02
 1  3  1    -3.3202051217e-02
 1  3  2     1.7544200508e-02
 1  3  3     1.7355461497e-02
 2  1  1    -5.0891905195e-03
 2  1  2    -3.5359846116e-02
 2  1  3     3.8267726566e-02
 2  2  1    -4.2526434434e-02
 2  2  2    -2.0798643268e-02
 2  2  3    -4.2526434434e-02
 2  3  1     3.8267726566e-02
 2  3  2    -3.5359846116e-02
 2  3  3    -5.0891905195e-03
 3  1  1     1.7355461497e-02
 3  1  2     1.7544200508e-02
 3  1  3    -3.3202051217e-02
 3  2  1     3.9333786320e-02
 3  2  2     4.4354891269e-02
 3  2  3    -2.5164203694e-02
 3  3  1    -4.4789058074e-02
 3  3  2     8.1556607922e-03
 3  3  3    -2.9567687509e-02

  368
2.7009000000e+00 0.0000000000e+00 -2.7009000000e+00
0.0000000000e+00 0.0000000000e+00 0.0000000000e+00
     2      2      2
 1  1  1     0.0000000000e+00
 1  1  2    -1.8739634866e-01
 1  1  3     0.0000000000e+00
 1  2  1    -1.9427549508e-01
 1  2  2     0.0000000000e+00
 1  2  3    -1.1047329564e-02
 1  3  1     0.0000000000e+00
 1  3  2    -2.7146614263e-01
 1  3  3     0.0000000000e+00
 2  1  1    -1.8739634866e-01
 2  1  2     0.0000000000e+00
 2  1  3    -2.7146614263e-01
 2  2  1     0.0000000000e+00
 2  2  2     1.5953594981e-01
 2  2  3     0.0000000000e+00
 2  3  1    -2.7146614263e-01
 2  3  2     0.0000000000e+00
 2  3  3    -1.8739634866e-01
 3  1  1     0.0000000000e+00
 3  1  2    -2.7146614263e-01
 3  1  3     0.0000000000e+00
 3  2  1    -1.1047329564e-02
 3  2  2     0.0000000000e+00
 3  2  3    -1.9427549508e-01
 3  3  1     0.0000000000e+00
 3  3  2    -1.8739634866e-01
 3  3  3     0.0000000000e+00

  369
-2.7009000000e+00 0.0000000000e+00 2.7009000000e+00
0.0000000000e+00 2.7009000000e+00 2.7009000000e+00
     2      2      1
 1  1  1     0.0000000000e+00
 1  1  2     4.7606926298e-02
 1  1  3     0.0000000000e+00
 1  2  1     2.6271688328e-01
 1  2  2    -1.3497980895e-02
 1  2  3     8.4883251094e-02
 1  3  1    -6.6841051572e-02
 1  3  2     4.9808615039e-01
 1  3  3    -6.6841051572e-02
 2  1  1     2.6271688328e-01
 2  1  2     1.3497980895e-02
 2  1  3     8.4883251094e-02
 2  2  1     0.0000000000e+00
 2  2  2    -1.1455871129e-01
 2  2  3     0.0000000000e+00
 2  3  1     8.4883251094e-02
 2  3  2    -1.3497980895e-02
 2  3  3     2.6271688328e-01
 3  1  1     6.6841051572e-02
 3  1  2     4.9808615039e-01
 3  1  3     6.6841051572e-02
 3  2  1     8.4883251094e-02
 3  2  2     1.3497980895e-02
 3  2  3     2.6271688328e-01
 3  3  1     0.0000000000e+00
 3  3  2     4.7606926298e-02
 3  3  3     0.0000000000e+00

  370
-2.7009000000e+00 0.0000000000e+00 2.7009000000e+00
0.0000000000e+00 2.7009000000e+00 2.7009000000e+00
     2      2      2
 1  1  1    -1.8451752316e-02
 1  1  2     4.9465008683e-02
 1  1  3    -6.4360348474e-04
 1  2  1     6.4360348475e-04
 1  2  2    -6.4360348474e-04
 1  2  3    -3.7134281580e-02
 1  3  1    -6.4360348475e-04
 1  3  2    -1.3593549152e-02
 1  3  3    -6.4360348475e-04
 2  1  1     6.4360348474e-04
 2  1  2    -4.9465008683e-02
 2  1  3    -1.3593549152e-02
 2  2  1    -6.4360348475e-04
 2  2  2     1.8451752316e-02
 2  2  3    -6.4360348475e-04
 2  3  1    -3.7134281580e-02
 2  3  2    -6.4360348474e-04
 2  3  3     6.4360348475e-04
 3  1  1    -4.9465008683e-02
 3  1  2    -1.6102513025e-01
 3  1  3    -4.9465008683e-02
 3  2  1    -1.3593549152e-02
 3  2  2    -4.9465008683e-02
 3  2  3     6.4360348474e-04
 3  3  1    -6.4360348474e-04
 3  3  2     4.9465008683e-02
 3  3  3    -1.8451752316e-02

  371
2.7009000000e+00 0.0000000000e+00 -2.7009000000e+00
2.7009000000e+00 0.0000000000e+00 2.7009000000e+00
     2      2      1
 1  1  1     2.9567687509e-02
 1  1  2     8.1556607922e-03
 1  1  3     4.4789058074e-02
 1  2  1    -2.5164203694e-02
 1  2  2    -4.4354891269e-02
 1  2  3     3.9333786320e-02
 1  3  1     3.3202051217e-02
 1  3  2     1.7544200508e-02
 1  3  3    -1.7355461497e-02
 2  1  1    -5.0891905195e-03
 2  1  2     3.5359846116e-02
 2  1  3     3.8267726566e-02
 2  2  1     4.2526434434e-02
 2  2  2    -2.0798643268e-02
 2  2  3     4.2526434434e-02
 2  3  1     3.8267726566e-02
 2  3  2     3.5359846116e-02
 2  3  3    -5.0891905195e-03
 3  1  1    -1.7355461497e-02
 3  1  2     1.7544200508e-02
 3  1  3     3.3202051217e-02
 3  2  1     3.9333786320e-02
 3  2  2    -4.4354891269e-02
 3  2  3    -2.5164203694e-02
 3  3  1     4.4789058074e-02
 3  3  2     8.1556607922e-03
 3  3  3     2.9567687509e-02

  372
2.7009000000e+00 0.0000000000e+00 -2.7009000000e+00
2.7009000000e+00 -2.7009000000e+00 0.0000000000e+00
     2      2      1
 1  1  1     0.0000000000e+00
 1  1  2     2.4548083413e-02
 1  1  3     0.0000000000e+00
 1  2  1    -4.2914774162e-02
 1  2  2    -3.8245878644e-03
 1  2  3     2.9499802849e-02
 1  3  1     9.9489805960e-02
 1  3  2    -8.7089729381e-02
 1  3  3     9.9489805960e-02
 2  1  1    -4.2914774162e-02
 2  1  2     3.8245878644e-03
 2  1  3     2.9499802849e-02
 2  2  1     0.0000000000e+00
 2  2  2    -4.0283456619e-02
 2  2  3     0.0000000000e+00
 2  3  1     2.9499802849e-02
 2  3  2    -3.8245878644e-03
 2  3  3    -4.2914774162e-02
 3  1  1    -9.9489805960e-02
 3  1  2    -8.7089729381e-02
 3  1  3    -9.9489805960e-02
 3  2  1     2.9499802849e-02
 3  2  2     3.8245878644e-03
 3  2  3    -4.2914774162e-02
 3  3  1     0.0000000000e+00
 3  3  2     2.4548083413e-02
 3  3  3     0.0000000000e+00

  373
2.7009000000e+00 0.0000000000e+00 -2.7009000000e+00
2.7009000000e+00 -2.7009000000e+00 0.0000000000e+00
     2      2      2
 1  1  1     1.8451752316e-02
 1  1  2     4.9465008683e-02
 1  1  3     6.4360348474e-04
 1  2  1     6.4360348474e-04
 1  2  2     4.9465008683e-02
 1  2  3    -1.3593549152e-02
 1  3  1     4.9465008683e-02
 1  3  2    -1.6102513025e-01
 1  3  3     4.9465008683e-02
 2  1  1     6.4360348475e-04
 2  1  2     6.4360348474e-04
 2  1  3    -3.7134281580e-02
 2  2  1     6.4360348475e-04
 2  2  2     1.8451752316e-02
 2  2  3     6.4360348475e-04
 2  3  1    -1.3593549152e-02
 2  3  2     4.9465008683e-02
 2  3  3     6.4360348474e-04
 3  1  1     6.4360348475e-04
 3  1  2    -1.3593549152e-02
 3  1  3     6.4360348475e-04
 3  2  1    -3.7134281580e-02
 3  2  2     6.4360348474e-04
 3  2  3     6.4360348475e-04
 3  3  1     6.4360348474e-04
 3  3  2     4.9465008683e-02
 3  3  3     1.8451752316e-02

  374
2.7009000000e+00 0.0000000000e+00 -2.7009000000e+00
2.7009000000e+00 2.7009000000e+00 0.0000000000e+00
     2      2      1
 1  1  1     0.0000000000e+00
 1  1  2     4.7606926298e-02
 1  1  3     0.0000000000e+00
 1  2  1     2.6271688328e-01
 1  2  2     1.3497980895e-02
 1  2  3     8.4883251094e-02
 1  3  1     6.6841051572e-02
 1  3  2     4.9808615039e-01
 1  3  3     6.6841051572e-02
 2  1  1     2.6271688328e-01
 2  1  2    -1.3497980895e-02
 2  1  3     8.4883251094e-02
 2  2  1     0.0000000000e+00
 2  2  2    -1.1455871129e-01
 2  2  3     0.0000000000e+00
 2  3  1     8.4883251094e-02
 2  3  2     1.3497980895e-02
 2  3  3     2.6271688328e-01
 3  1  1    -6.6841051572e-02
 3  1  2     4.9808615039e-01
 3  1  3    -6.6841051572e-02
 3  2  1     8.4883251094e-02
 3  2  2    -1.3497980895e-02
 3  2  3     2.6271688328e-01
 3  3  1     0.0000000000e+00
 3  3  2     4.7606926298e-02
 3  3  3     0.0000000000e+00

  375
2.7009000000e+00 0.0000000000e+00 -2.7009000000e+00
2.7009000000e+00 2.7009000000e+00 0.0000000000e+00
     2      2      2
 1  1  1    -1.8451752316e-02
 1  1  2     4.9465008683e-02
 1  1  3    -6.4360348474e-04
 1  2  1     6.4360348474e-04
 1  2  2    -4.9465008683e-02
 1  2  3    -1.3593549152e-02
 1  3  1    -4.9465008683e-02
 1  3  2    -1.6102513025e-01
 1  3  3    -4.9465008683e-02
 2  1  1     6.4360348475e-04
 2  1  2    -6.4360348474e-04
 2  1  3    -3.7134281580e-02
 2  2  1    -6.4360348475e-04
 2  2  2     1.8451752316e-02
 2  2  3    -6.4360348475e-04
 2  3  1    -1.3593549152e-02
 2  3  2    -4.9465008683e-02
 2  3  3     6.4360348474e-04
 3  1  1    -6.4360348475e-04
 3  1  2    -1.3593549152e-02
 3  1  3    -6.4360348475e-04
 3  2  1    -3.7134281580e-02
 3  2  2    -6.4360348474e-04
 3  2  3     6.4360348475e-04
 3  3  1    -6.4360348474e-04
 3  3  2     4.9465008683e-02
 3  3  3    -1.8451752316e-02

  376
2.7009000000e+00 0.0000000000e+00 -2.7009000000e+00
2.7009000000e+00 0.0000000000e+00 -2.7009000000e+00
     2      2      1
 1  1  1    -2.9567687509e-02
 1  1  2     8.1556607922e-03
 1  1  3    -4.4789058074e-02
 1  2  1    -5.0891905195e-03
 1  2  2    -3.5359846116e-02
 1  2  3     3.8267726566e-02
 1  3  1     1.7355461497e-02
 1  3  2     1.7544200508e-02
 1  3  3    -3.3202051217e-02
 2  1  1    -2.5164203694e-02
 2  1  2     4.4354891269e-02
 2  1  3     3.9333786320e-02
 2  2  1    -4.2526434434e-02
 2  2  2    -2.0798643268e-02
 2  2  3    -4.2526434434e-02
 2  3  1     3.9333786320e-02
 2  3  2     4.4354891269e-02
 2  3  3    -2.5164203694e-02
 3  1  1    -3.3202051217e-02
 3  1  2     1.7544200508e-02
 3  1  3     1.7355461497e-02
 3  2  1     3.8267726566e-02
 3  2  2    -3.5359846116e-02
 3  2  3    -5.0891905195e-03
 3  3  1    -4.4789058074e-02
 3  3  2     8.1556607922e-03
 3  3  3    -2.9567687509e-02

  377
2.7009000000e+00 0.0000000000e+00 -2.7009000000e+00
2.7009000000e+00 0.0000000000e+00 -2.7009000000e+00
     2      2      2
 1  1  1     0.0000000000e+00
 1  1  2    -1.8739634866e-01
 1  1  3     0.0000000000e+00
 1  2  1    -1.8739634866e-01
 1  2  2     0.0000000000e+00
 1  2  3    -2.7146614263e-01
 1  3  1     0.0000000000e+00
 1  3  2    -2.7146614263e-01
 1  3  3     0.0000000000e+00
 2  1  1    -1.9427549508e-01
 2  1  2     0.0000000000e+00
 2  1  3    -1.1047329564e-02
 2  2  1     0.0000000000e+00
 2  2  2     1.5953594981e-01
 2  2  3     0.0000000000e+00
 2  3  1    -1.1047329564e-02
 2  3  2     0.0000000000e+00
 2  3  3    -1.9427549508e-01
 3  1  1     0.0000000000e+00
 3  1  2    -2.7146614263e-01
 3  1  3     0.0000000000e+00
 3  2  1    -2.7146614263e-01
 3  2  2     0.0000000000e+00
 3  2  3    -1.8739634866e-01
 3  3  1     0.0000000000e+00
 3  3  2    -1.8739634866e-01
 3  3  3     0.0000000000e+00

  378
-2.7009000000e+00 0.0000000000e+00 2.7009000000e+00
0.0000000000e+00 -2.7009000000e+00 2.7009000000e+00
     2      2      1
 1  1  1     0.0000000000e+00
 1  1  2     2.4548083413e-02
 1  1  3     0.0000000000e+00
 1  2  1    -4.2914774162e-02
 1  2  2     3.8245878644e-03
 1  2  3     2.9499802849e-02
 1  3  1    -9.9489805960e-02
 1  3  2    -8.7089729381e-02
 1  3  3    -9.9489805960e-02
 2  1  1    -4.2914774162e-02
 2  1  2    -3.8245878644e-03
 2  1  3     2.9499802849e-02
 2  2  1     0.0000000000e+00
 2  2  2    -4.0283456619e-02
 2  2  3     0.0000000000e+00
 2  3  1     2.9499802849e-02
 2  3  2     3.8245878644e-03
 2  3  3    -4.2914774162e-02
 3  1  1     9.9489805960e-02
 3  1  2    -8.7089729381e-02
 3  1  3     9.9489805960e-02
 3  2  1     2.9499802849e-02
 3  2  2    -3.8245878644e-03
 3  2  3    -4.2914774162e-02
 3  3  1     0.0000000000e+00
 3  3  2     2.4548083413e-02
 3  3  3     0.0000000000e+00

  379
-2.7009000000e+00 0.0000000000e+00 2.7009000000e+00
0.0000000000e+00 -2.7009000000e+00 2.7009000000e+00
     2      2      2
 1  1  1     1.8451752316e-02
 1  1  2     4.9465008683e-02
 1  1  3     6.4360348474e-04
 1  2  1     6.4360348475e-04
 1  2  2     6.4360348474e-04
 1  2  3    -3.7134281580e-02
 1  3  1     6.4360348475e-04
 1  3  2    -1.3593549152e-02
 1  3  3     6.4360348475e-04
 2  1  1     6.4360348474e-04
 2  1  2     4.9465008683e-02
 2  1  3    -1.3593549152e-02
 2  2  1     6.4360348475e-04
 2  2  2     1.8451752316e-02
 2  2  3     6.4360348475e-04
 2  3  1    -3.7134281580e-02
 2  3  2     6.4360348474e-04
 2  3  3     6.4360348475e-04
 3  1  1     4.9465008683e-02
 3  1  2    -1.6102513025e-01
 3  1  3     4.9465008683e-02
 3  2  1    -1.3593549152e-02
 3  2  2     4.9465008683e-02
 3  2  3     6.4360348474e-04
 3  3  1     6.4360348474e-04
 3  3  2     4.9465008683e-02
 3  3  3     1.8451752316e-02

  380
2.7009000000e+00 0.0000000000e+00 -2.7009000000e+00
5.4018000000e+00 0.0000000000e+00 0.0000000000e+00
     2      2      1
 1  1  1     2.9567687509e-02
 1  1  2     8.1556607922e-03
 1  1  3     4.4789058074e-02
 1  2  1    -5.0891905195e-03
 1  2  2     3.5359846116e-02
 1  2  3     3.8267726566e-02
 1  3  1    -1.7355461497e-02
 1  3  2     1.7544200508e-02
 1  3  3     3.3202051217e-02
 2  1  1    -2.5164203694e-02
 2  1  2    -4.4354891269e-02
 2  1  3     3.9333786320e-02
 2  2  1     4.2526434434e-02
 2  2  2    -2.0798643268e-02
 2  2  3     4.2526434434e-02
 2  3  1     3.9333786320e-02
 2  3  2    -4.4354891269e-02
 2  3  3    -2.5164203694e-02
 3  1  1     3.3202051217e-02
 3  1  2     1.7544200508e-02
 3  1  3    -1.7355461497e-02
 3  2  1     3.8267726566e-02
 3  2  2     3.5359846116e-02
 3  2  3    -5.0891905195e-03
 3  3  1     4.4789058074e-02
 3  3  2     8.1556607922e-03
 3  3  3     2.9567687509e-02

  381
0.0000000000e+00 2.7009000000e+00 -2.7009000000e+00
0.0000000000e+00 0.0000000000e+00 0.0000000000e+00
     2      1      1
 1  1  1     2.0798643268e-02
 1  1  2    -4.4354891269e-02
 1  1  3    -4.4354891269e-02
 1  2  1     3.5359846116e-02
 1  2  2    -8.1556607922e-03
 1  2  3    -1.7544200508e-02
 1  3  1     3.5359846116e-02
 1  3  2    -1.7544200508e-02
 1  3  3    -8.1556607922e-03
 2  1  1     4.2526434434e-02
 2  1  2     2.5164203694e-02
 2  1  3    -3.9333786320e-02
 2  2  1     5.0891905195e-03
 2  2  2     2.9567687509e-02
 2  2  3    -1.7355461497e-02
 2  3  1    -3.8267726566e-02
 2  3  2     3.3202051217e-02
 2  3  3     4.4789058074e-02
 3  1  1     4.2526434434e-02
 3  1  2    -3.9333786320e-02
 3  1  3     2.5164203694e-02
 3  2  1    -3.8267726566e-02
 3  2  2     4.4789058074e-02
 3  2  3     3.3202051217e-02
 3  3  1     5.0891905195e-03
 3  3  2    -1.7355461497e-02
 3  3  3     2.9567687509e-02

  382
0.0000000000e+00 2.7009000000e+00 -2.7009000000e+00
0.0000000000e+00 0.0000000000e+00 0.0000000000e+00
     2      1      2
 1  1  1    -9.5773596497e-02
 1  1  2    -7.3313067057e-02
 1  1  3    -7.3313067057e-02
 1  2  1     6.9627531252e-03
 1  2  2     7.3313067057e-02
 1  2  3    -2.1211618157e-02
 1  3  1     6.9627531252e-03
 1  3  2    -2.1211618157e-02
 1  3  3     7.3313067057e-02
 2  1  1    -7.3313067057e-02
 2  1  2    -6.9627531252e-03
 2  1  3    -2.1211618157e-02
 2  2  1     7.3313067057e-02
 2  2  2     9.5773596497e-02
 2  2  3    -7.3313067057e-02
 2  3  1    -2.1211618157e-02
 2  3  2     6.9627531252e-03
 2  3  3    -7.3313067057e-02
 3  1  1    -7.3313067057e-02
 3  1  2    -2.1211618157e-02
 3  1  3    -6.9627531252e-03
 3  2  1    -2.1211618157e-02
 3  2  2    -7.3313067057e-02
 3  2  3     6.9627531252e-03
 3  3  1     7.3313067057e-02
 3  3  2    -7.3313067057e-02
 3  3  3     9.5773596497e-02

  383
5.4018000000e+00 2.7009000000e+00 2.7009000000e+00
0.0000000000e+00 2.7009000000e+00 2.7009000000e+00
     2      1      2
 1  1  1     4.0283456619e-02
 1  1  2     3.8245878644e-03
 1  1  3     3.8245878644e-03
 1  2  1     0.0000000000e+00
 1  2  2     4.2914774162e-02
 1  2  3     2.9499802849e-02
 1  3  1     0.0000000000e+00
 1  3  2     2.9499802849e-02
 1  3  3     4.2914774162e-02
 2  1  1    -3.8245878644e-03
 2  1  2    -2.4548083413e-02
 2  1  3    -8.7089729381e-02
 2  2  1     4.2914774162e-02
 2  2  2     0.0000000000e+00
 2  2  3    -9.9489805960e-02
 2  3  1     2.9499802849e-02
 2  3  2     0.0000000000e+00
 2  3  3     9.9489805960e-02
 3  1  1    -3.8245878644e-03
 3  1  2    -8.7089729381e-02
 3  1  3    -2.4548083413e-02
 3  2  1     2.9499802849e-02
 3  2  2     9.9489805960e-02
 3  2  3     0.0000000000e+00
 3  3  1     4.2914774162e-02
 3  3  2    -9.9489805960e-02
 3  3  3     0.0000000000e+00

  384
5.4018000000e+00 2.7009000000e+00 2.7009000000e+00
2.7009000000e+00 0.0000000000e+00 2.7009000000e+00
     2      1      1
 1  1  1    -2.9567687509e-02
 1  1  2    -1.7355461497e-02
 1  1  3    -5.0891905195e-03
 1  2  1     3.3202051217e-02
 1  2  2    -4.4789058074e-02
 1  2  3    -3.8267726566e-02
 1  3  1    -2.5164203694e-02
 1  3  2    -3.9333786320e-02
 1  3  3    -4.2526434434e-02
 2  1  1     4.4789058074e-02
 2  1  2    -3.3202051217e-02
 2  1  3    -3.8267726566e-02
 2  2  1     1.7355461497e-02
 2  2  2     2.9567687509e-02
 2  2  3    -5.0891905195e-03
 2  3  1    -3.9333786320e-02
 2  3  2    -2.5164203694e-02
 2  3  3     4.2526434434e-02
 3  1  1     8.1556607922e-03
 3  1  2    -1.7544200508e-02
 3  1  3    -3.5359846116e-02
 3  2  1    -1.7544200508e-02
 3  2  2     8.1556607922e-03
 3  2  3     3.5359846116e-02
 3  3  1     4.4354891269e-02
 3  3  2    -4.4354891269e-02
 3  3  3    -2.0798643268e-02

  385
5.4018000000e+00 2.7009000000e+00 2.7009000000e+00
2.7009000000e+00 0.0000000000e+00 2.7009000000e+00
     2      1      2
 1  1  1     2.9567687509e-02
 1  1  2     5.0891905195e-03
 1  1  3     1.7355461497e-02
 1  2  1    -8.1556607922e-03
 1  2  2     3.5359846116e-02
 1  2  3     1.7544200508e-02
 1  3  1    -4.4789058074e-02
 1  3  2     3.8267726566e-02
 1  3  3     3.3202051217e-02
 2  1  1     2.5164203694e-02
 2  1  2     4.2526434434e-02
 2  1  3     3.9333786320e-02
 2  2  1    -4.4354891269e-02
 2  2  2     2.0798643268e-02
 2  2  3     4.4354891269e-02
 2  3  1     3.9333786320e-02
 2  3  2    -4.2526434434e-02
 2  3  3     2.5164203694e-02
 3  1  1    -3.3202051217e-02
 3  1  2     3.8267726566e-02
 3  1  3     4.4789058074e-02
 3  2  1     1.7544200508e-02
 3  2  2    -3.5359846116e-02
 3  2  3    -8.1556607922e-03
 3  3  1    -1.7355461497e-02
 3  3  2     5.0891905195e-03
 3  3  3    -2.9567687509e-02

  386
5.4018000000e+00 2.7009000000e+00 2.7009000000e+00
2.7009000000e+00 2.7009000000e+00 5.4018000000e+00
     2      1      1
 1  1  1     0.0000000000e+00
 1  1  2     4.2914774162e-02
 1  1  3     9.9489805960e-02
 1  2  1     4.2914774162e-02
 1  2  2     0.0000000000e+00
 1  2  3    -2.9499802849e-02
 1  3  1    -9.9489805960e-02
 1  3  2    -2.9499802849e-02
 1  3  3     0.0000000000e+00
 2  1  1    -2.4548083413e-02
 2  1  2    -3.8245878644e-03
 2  1  3     8.7089729381e-02
 2  2  1     3.8245878644e-03
 2  2  2     4.0283456619e-02
 2  2  3    -3.8245878644e-03
 2  3  1     8.7089729381e-02
 2  3  2     3.8245878644e-03
 2  3  3    -2.4548083413e-02
 3  1  1     0.0000000000e+00
 3  1  2    -2.9499802849e-02
 3  1  3     9.9489805960e-02
 3  2  1    -2.9499802849e-02
 3  2  2     0.0000000000e+00
 3  2  3     4.2914774162e-02
 3  3  1    -9.9489805960e-02
 3  3  2     4.2914774162e-02
 3  3  3     0.0000000000e+00

  387
0.0000000000e+00 2.7009000000e+00 -2.7009000000e+00
-2.7009000000e+00 2.7009000000e+00 0.0000000000e+00
     2      1      2
 1  1  1     0.0000000000e+00
 1  1  2    -9.9489805960e-02
 1  1  3    -4.2914774162e-02
 1  2  1     0.0000000000e+00
 1  2  2    -9.9489805960e-02
 1  2  3     2.9499802849e-02
 1  3  1     2.4548083413e-02
 1  3  2    -8.7089729381e-02
 1  3  3     3.8245878644e-03
 2  1  1     9.9489805960e-02
 2  1  2     0.0000000000e+00
 2  1  3     2.9499802849e-02
 2  2  1     9.9489805960e-02
 2  2  2     0.0000000000e+00
 2  2  3    -4.2914774162e-02
 2  3  1    -8.7089729381e-02
 2  3  2     2.4548083413e-02
 2  3  3    -3.8245878644e-03
 3  1  1    -4.2914774162e-02
 3  1  2     2.9499802849e-02
 3  1  3     0.0000000000e+00
 3  2  1     2.9499802849e-02
 3  2  2    -4.2914774162e-02
 3  2  3     0.0000000000e+00
 3  3  1    -3.8245878644e-03
 3  3  2     3.8245878644e-03
 3  3  3    -4.0283456619e-02

  388
5.4018000000e+00 2.7009000000e+00 2.7009000000e+00
2.7009000000e+00 2.7009000000e+00 0.0000000000e+00
     2      1      1
 1  1  1    -2.9567687509e-02
 1  1  2    -5.0891905195e-03
 1  1  3    -1.7355461497e-02
 1  2  1    -2.5164203694e-02
 1  2  2    -4.2526434434e-02
 1  2  3    -3.9333786320e-02
 1  3  1     3.3202051217e-02
 1  3  2    -3.8267726566e-02
 1  3  3    -4.4789058074e-02
 2  1  1     8.1556607922e-03
 2  1  2    -3.5359846116e-02
 2  1  3    -1.7544200508e-02
 2  2  1     4.4354891269e-02
 2  2  2    -2.0798643268e-02
 2  2  3    -4.4354891269e-02
 2  3  1    -1.7544200508e-02
 2  3  2     3.5359846116e-02
 2  3  3     8.1556607922e-03
 3  1  1     4.4789058074e-02
 3  1  2    -3.8267726566e-02
 3  1  3    -3.3202051217e-02
 3  2  1    -3.9333786320e-02
 3  2  2     4.2526434434e-02
 3  2  3    -2.5164203694e-02
 3  3  1     1.7355461497e-02
 3  3  2    -5.0891905195e-03
 3  3  3     2.9567687509e-02

  389
5.4018000000e+00 2.7009000000e+00 2.7009000000e+00
2.7009000000e+00 2.7009000000e+00 0.0000000000e+00
     2      1      2
 1  1  1     2.9567687509e-02
 1  1  2     1.7355461497e-02
 1  1  3     5.0891905195e-03
 1  2  1    -4.4789058074e-02
 1  2  2     3.3202051217e-02
 1  2  3     3.8267726566e-02
 1  3  1    -8.1556607922e-03
 1  3  2     1.7544200508e-02
 1  3  3     3.5359846116e-02
 2  1  1    -3.3202051217e-02
 2  1  2     4.4789058074e-02
 2  1  3     3.8267726566e-02
 2  2  1    -1.7355461497e-02
 2  2  2    -2.9567687509e-02
 2  2  3     5.0891905195e-03
 2  3  1     1.7544200508e-02
 2  3  2    -8.1556607922e-03
 2  3  3    -3.5359846116e-02
 3  1  1     2.5164203694e-02
 3  1  2     3.9333786320e-02
 3  1  3     4.2526434434e-02
 3  2  1     3.9333786320e-02
 3  2  2     2.5164203694e-02
 3  2  3    -4.2526434434e-02
 3  3  1    -4.4354891269e-02
 3  3  2     4.4354891269e-02
 3  3  3     2.0798643268e-02

  390
5.4018000000e+00 2.7009000000e+00 2.7009000000e+00
2.7009000000e+00 5.4018000000e+00 2.7009000000e+00
     2      1      1
 1  1  1     0.0000000000e+00
 1  1  2     9.9489805960e-02
 1  1  3     4.2914774162e-02
 1  2  1    -9.9489805960e-02
 1  2  2     0.0000000000e+00
 1  2  3    -2.9499802849e-02
 1  3  1     4.2914774162e-02
 1  3  2    -2.9499802849e-02
 1  3  3     0.0000000000e+00
 2  1  1     0.0000000000e+00
 2  1  2     9.9489805960e-02
 2  1  3    -2.9499802849e-02
 2  2  1    -9.9489805960e-02
 2  2  2     0.0000000000e+00
 2  2  3     4.2914774162e-02
 2  3  1    -2.9499802849e-02
 2  3  2     4.2914774162e-02
 2  3  3     0.0000000000e+00
 3  1  1    -2.4548083413e-02
 3  1  2     8.7089729381e-02
 3  1  3    -3.8245878644e-03
 3  2  1     8.7089729381e-02
 3  2  2    -2.4548083413e-02
 3  2  3     3.8245878644e-03
 3  3  1     3.8245878644e-03
 3  3  2    -3.8245878644e-03
 3  3  3     4.0283456619e-02

  391
0.0000000000e+00 -2.7009000000e+00 2.7009000000e+00
-2.7009000000e+00 0.0000000000e+00 2.7009000000e+00
     2      1      2
 1  1  1     0.0000000000e+00
 1  1  2    -4.2914774162e-02
 1  1  3    -9.9489805960e-02
 1  2  1     2.4548083413e-02
 1  2  2     3.8245878644e-03
 1  2  3    -8.7089729381e-02
 1  3  1     0.0000000000e+00
 1  3  2     2.9499802849e-02
 1  3  3    -9.9489805960e-02
 2  1  1    -4.2914774162e-02
 2  1  2     0.0000000000e+00
 2  1  3     2.9499802849e-02
 2  2  1    -3.8245878644e-03
 2  2  2    -4.0283456619e-02
 2  2  3     3.8245878644e-03
 2  3  1     2.9499802849e-02
 2  3  2     0.0000000000e+00
 2  3  3    -4.2914774162e-02
 3  1  1     9.9489805960e-02
 3  1  2     2.9499802849e-02
 3  1  3     0.0000000000e+00
 3  2  1    -8.7089729381e-02
 3  2  2    -3.8245878644e-03
 3  2  3     2.4548083413e-02
 3  3  1     9.9489805960e-02
 3  3  2    -4.2914774162e-02
 3  3  3     0.0000000000e+00

  392
5.4018000000e+00 2.7009000000e+00 2.7009000000e+00
5.4018000000e+00 2.7009000000e+00 2.7009000000e+00
     2      1      1
 1  1  1     9.5773596497e-02
 1  1  2     7.3313067057e-02
 1  1  3     7.3313067057e-02
 1  2  1     7.3313067057e-02
 1  2  2     6.9627531252e-03
 1  2  3     2.1211618157e-02
 1  3  1     7.3313067057e-02
 1  3  2     2.1211618157e-02
 1  3  3     6.9627531252e-03
 2  1  1    -6.9627531252e-03
 2  1  2    -7.3313067057e-02
 2  1  3     2.1211618157e-02
 2  2  1    -7.3313067057e-02
 2  2  2    -9.5773596497e-02
 2  2  3     7.3313067057e-02
 2  3  1     2.1211618157e-02
 2  3  2     7.3313067057e-02
 2  3  3    -6.9627531252e-03
 3  1  1    -6.9627531252e-03
 3  1  2     2.1211618157e-02
 3  1  3    -7.3313067057e-02
 3  2  1     2.1211618157e-02
 3  2  2    -6.9627531252e-03
 3  2  3     7.3313067057e-02
 3  3  1    -7.3313067057e-02
 3  3  2     7.3313067057e-02
 3  3  3    -9.5773596497e-02

  393
0.0000000000e+00 -2.7009000000e+00 2.7009000000e+00
0.0000000000e+00 -2.7009000000e+00 2.7009000000e+00
     2      1      2
 1  1  1    -2.0798643268e-02
 1  1  2     4.4354891269e-02
 1  1  3     4.4354891269e-02
 1  2  1    -4.2526434434e-02
 1  2  2    -2.5164203694e-02
 1  2  3     3.9333786320e-02
 1  3  1    -4.2526434434e-02
 1  3  2     3.9333786320e-02
 1  3  3    -2.5164203694e-02
 2  1  1    -3.5359846116e-02
 2  1  2     8.1556607922e-03
 2  1  3     1.7544200508e-02
 2  2  1    -5.0891905195e-03
 2  2  2    -2.9567687509e-02
 2  2  3     1.7355461497e-02
 2  3  1     3.8267726566e-02
 2  3  2    -4.4789058074e-02
 2  3  3    -3.3202051217e-02
 3  1  1    -3.5359846116e-02
 3  1  2     1.7544200508e-02
 3  1  3     8.1556607922e-03
 3  2  1     3.8267726566e-02
 3  2  2    -3.3202051217e-02
 3  2  3    -4.4789058074e-02
 3  3  1    -5.0891905195e-03
 3  3  2     1.7355461497e-02
 3  3  3    -2.9567687509e-02

  394
5.4018000000e+00 2.7009000000e+00 2.7009000000e+00
5.4018000000e+00 0.0000000000e+00 0.0000000000e+00
     2      1      1
 1  1  1    -4.0283456619e-02
 1  1  2    -3.8245878644e-03
 1  1  3    -3.8245878644e-03
 1  2  1     3.8245878644e-03
 1  2  2     2.4548083413e-02
 1  2  3     8.7089729381e-02
 1  3  1     3.8245878644e-03
 1  3  2     8.7089729381e-02
 1  3  3     2.4548083413e-02
 2  1  1     0.0000000000e+00
 2  1  2    -4.2914774162e-02
 2  1  3    -2.9499802849e-02
 2  2  1    -4.2914774162e-02
 2  2  2     0.0000000000e+00
 2  2  3     9.9489805960e-02
 2  3  1    -2.9499802849e-02
 2  3  2    -9.9489805960e-02
 2  3  3     0.0000000000e+00
 3  1  1     0.0000000000e+00
 3  1  2    -2.9499802849e-02
 3  1  3    -4.2914774162e-02
 3  2  1    -2.9499802849e-02
 3  2  2     0.0000000000e+00
 3  2  3    -9.9489805960e-02
 3  3  1    -4.2914774162e-02
 3  3  2     9.9489805960e-02
 3  3  3     0.0000000000e+00

  395
0.0000000000e+00 -2.7009000000e+00 2.7009000000e+00
0.0000000000e+00 0.0000000000e+00 0.0000000000e+00
     2      2      1
 1  1  1    -2.0798643268e-02
 1  1  2    -4.2526434434e-02
 1  1  3    -4.2526434434e-02
 1  2  1    -3.5359846116e-02
 1  2  2    -5.0891905195e-03
 1  2  3     3.8267726566e-02
 1  3  1    -3.5359846116e-02
 1  3  2     3.8267726566e-02
 1  3  3    -5.0891905195e-03
 2  1  1     4.4354891269e-02
 2  1  2    -2.5164203694e-02
 2  1  3     3.9333786320e-02
 2  2  1     8.1556607922e-03
 2  2  2    -2.9567687509e-02
 2  2  3    -4.4789058074e-02
 2  3  1     1.7544200508e-02
 2  3  2    -3.3202051217e-02
 2  3  3     1.7355461497e-02
 3  1  1     4.4354891269e-02
 3  1  2     3.9333786320e-02
 3  1  3    -2.5164203694e-02
 3  2  1     1.7544200508e-02
 3  2  2     1.7355461497e-02
 3  2  3    -3.3202051217e-02
 3  3  1     8.1556607922e-03
 3  3  2    -4.4789058074e-02
 3  3  3    -2.9567687509e-02

  396
0.0000000000e+00 -2.7009000000e+00 2.7009000000e+00
0.0000000000e+00 0.0000000000e+00 0.0000000000e+00
     2      2      2
 1  1  1     1.5953594981e-01
 1  1  2     0.0000000000e+00
 1  1  3     0.0000000000e+00
 1  2  1     0.0000000000e+00
 1  2  2    -1.8739634866e-01
 1  2  3    -2.7146614263e-01
 1  3  1     0.0000000000e+00
 1  3  2    -2.7146614263e-01
 1  3  3    -1.8739634866e-01
 2  1  1     0.0000000000e+00
 2  1  2    -1.9427549508e-01
 2  1  3    -1.1047329564e-02
 2  2  1    -1.8739634866e-01
 2  2  2     0.0000000000e+00
 2  2  3     0.0000000000e+00
 2  3  1    -2.7146614263e-01
 2  3  2     0.0000000000e+00
 2  3  3     0.0000000000e+00
 3  1  1     0.0000000000e+00
 3  1  2    -1.1047329564e-02
 3  1  3    -1.9427549508e-01
 3  2  1    -2.7146614263e-01
 3  2  2     0.0000000000e+00
 3  2  3     0.0000000000e+00
 3  3  1    -1.8739634866e-01
 3  3  2     0.0000000000e+00
 3  3  3     0.0000000000e+00

  397
0.0000000000e+00 -2.7009000000e+00 2.7009000000e+00
0.0000000000e+00 2.7009000000e+00 2.7009000000e+00
     2      2      1
 1  1  1    -2.0798643268e-02
 1  1  2     4.2526434434e-02
 1  1  3     4.2526434434e-02
 1  2  1     3.5359846116e-02
 1  2  2    -5.0891905195e-03
 1  2  3     3.8267726566e-02
 1  3  1     3.5359846116e-02
 1  3  2     3.8267726566e-02
 1  3  3    -5.0891905195e-03
 2  1  1    -4.4354891269e-02
 2  1  2    -2.5164203694e-02
 2  1  3     3.9333786320e-02
 2  2  1     8.1556607922e-03
 2  2  2     2.9567687509e-02
 2  2  3     4.4789058074e-02
 2  3  1     1.7544200508e-02
 2  3  2     3.3202051217e-02
 2  3  3    -1.7355461497e-02
 3  1  1    -4.4354891269e-02
 3  1  2     3.9333786320e-02
 3  1  3    -2.5164203694e-02
 3  2  1     1.7544200508e-02
 3  2  2    -1.7355461497e-02
 3  2  3     3.3202051217e-02
 3  3  1     8.1556607922e-03
 3  3  2     4.4789058074e-02
 3  3  3     2.9567687509e-02

  398
0.0000000000e+00 -2.7009000000e+00 2.7009000000e+00
2.7009000000e+00 0.0000000000e+00 2.7009000000e+00
     2      2      1
 1  1  1    -1.1455871129e-01
 1  1  2     0.0000000000e+00
 1  1  3     0.0000000000e+00
 1  2  1     1.3497980895e-02
 1  2  2     2.6271688328e-01
 1  2  3     8.4883251094e-02
 1  3  1    -1.3497980895e-02
 1  3  2     8.4883251094e-02
 1  3  3     2.6271688328e-01
 2  1  1    -1.3497980895e-02
 2  1  2     2.6271688328e-01
 2  1  3     8.4883251094e-02
 2  2  1     4.7606926298e-02
 2  2  2     0.0000000000e+00
 2  2  3     0.0000000000e+00
 2  3  1     4.9808615039e-01
 2  3  2    -6.6841051572e-02
 2  3  3    -6.6841051572e-02
 3  1  1     1.3497980895e-02
 3  1  2     8.4883251094e-02
 3  1  3     2.6271688328e-01
 3  2  1     4.9808615039e-01
 3  2  2     6.6841051572e-02
 3  2  3     6.6841051572e-02
 3  3  1     4.7606926298e-02
 3  3  2     0.0000000000e+00
 3  3  3     0.0000000000e+00

  399
0.0000000000e+00 -2.7009000000e+00 2.7009000000e+00
2.7009000000e+00 0.0000000000e+00 2.7009000000e+00
     2      2      2
 1  1  1     1.8451752316e-02
 1  1  2    -6.4360348475e-04
 1  1  3    -6.4360348475e-04
 1  2  1    -4.9465008683e-02
 1  2  2     6.4360348474e-04
 1  2  3    -1.3593549152e-02
 1  3  1    -6.4360348474e-04
 1  3  2    -3.7134281580e-02
 1  3  3     6.4360348475e-04
 2  1  1    -6.4360348474e-04
 2  1  2     6.4360348475e-04
 2  1  3    -3.7134281580e-02
 2  2  1     4.9465008683e-02
 2  2  2    -1.8451752316e-02
 2  2  3    -6.4360348474e-04
 2  3  1    -1.3593549152e-02
 2  3  2    -6.4360348475e-04
 2  3  3    -6.4360348475e-04
 3  1  1    -4.9465008683e-02
 3  1  2    -1.3593549152e-02
 3  1  3     6.4360348474e-04
 3  2  1    -1.6102513025e-01
 3  2  2    -4.9465008683e-02
 3  2  3    -4.9465008683e-02
 3  3  1     4.9465008683e-02
 3  3  2    -6.4360348474e-04
 3  3  3    -1.8451752316e-02

  400
0.0000000000e+00 -2.7009000000e+00 2.7009000000e+00
2.7009000000e+00 -2.7009000000e+00 0.0000000000e+00
     2      2      1
 1  1  1    -4.0283456619e-02
 1  1  2     0.0000000000e+00
 1  1  3     0.0000000000e+00
 1  2  1     3.8245878644e-03
 1  2  2    -4.2914774162e-02
 1  2  3     2.9499802849e-02
 1  3  1    -3.8245878644e-03
 1  3  2     2.9499802849e-02
 1  3  3    -4.2914774162e-02
 2  1  1    -3.8245878644e-03
 2  1  2    -4.2914774162e-02
 2  1  3     2.9499802849e-02
 2  2  1     2.4548083413e-02
 2  2  2     0.0000000000e+00
 2  2  3     0.0000000000e+00
 2  3  1    -8.7089729381e-02
 2  3  2     9.9489805960e-02
 2  3  3     9.9489805960e-02
 3  1  1     3.8245878644e-03
 3  1  2     2.9499802849e-02
 3  1  3    -4.2914774162e-02
 3  2  1    -8.7089729381e-02
 3  2  2    -9.9489805960e-02
 3  2  3    -9.9489805960e-02
 3  3  1     2.4548083413e-02
 3  3  2     0.0000000000e+00
 3  3  3     0.0000000000e+00

  401
0.0000000000e+00 2.7009000000e+00 -2.7009000000e+00
-2.7009000000e+00 2.7009000000e+00 0.0000000000e+00
     2      2      2
 1  1  1     1.8451752316e-02
 1  1  2     6.4360348475e-04
 1  1  3     6.4360348475e-04
 1  2  1     6.4360348474e-04
 1  2  2     6.4360348475e-04
 1  2  3    -3.7134281580e-02
 1  3  1     4.9465008683e-02
 1  3  2    -1.3593549152e-02
 1  3  3     6.4360348474e-04
 2  1  1     4.9465008683e-02
 2  1  2     6.4360348474e-04
 2  1  3    -1.3593549152e-02
 2  2  1     4.9465008683e-02
 2  2  2     1.8451752316e-02
 2  2  3     6.4360348474e-04
 2  3  1    -1.6102513025e-01
 2  3  2     4.9465008683e-02
 2  3  3     4.9465008683e-02
 3  1  1     6.4360348474e-04
 3  1  2    -3.7134281580e-02
 3  1  3     6.4360348475e-04
 3  2  1    -1.3593549152e-02
 3  2  2     6.4360348475e-04
 3  2  3     6.4360348475e-04
 3  3  1     4.9465008683e-02
 3  3  2     6.4360348474e-04
 3  3  3     1.8451752316e-02

  402
0.0000000000e+00 2.7009000000e+00 -2.7009000000e+00
2.7009000000e+00 2.7009000000e+00 0.0000000000e+00
     2      2      1
 1  1  1    -1.1455871129e-01
 1  1  2     0.0000000000e+00
 1  1  3     0.0000000000e+00
 1  2  1    -1.3497980895e-02
 1  2  2     2.6271688328e-01
 1  2  3     8.4883251094e-02
 1  3  1     1.3497980895e-02
 1  3  2     8.4883251094e-02
 1  3  3     2.6271688328e-01
 2  1  1     1.3497980895e-02
 2  1  2     2.6271688328e-01
 2  1  3     8.4883251094e-02
 2  2  1     4.7606926298e-02
 2  2  2     0.0000000000e+00
 2  2  3     0.0000000000e+00
 2  3  1     4.9808615039e-01
 2  3  2     6.6841051572e-02
 2  3  3     6.6841051572e-02
 3  1  1    -1.3497980895e-02
 3  1  2     8.4883251094e-02
 3  1  3     2.6271688328e-01
 3  2  1     4.9808615039e-01
 3  2  2    -6.6841051572e-02
 3  2  3    -6.6841051572e-02
 3  3  1     4.7606926298e-02
 3  3  2     0.0000000000e+00
 3  3  3     0.0000000000e+00

  403
0.0000000000e+00 -2.7009000000e+00 2.7009000000e+00
-2.7009000000e+00 -2.7009000000e+00 0.0000000000e+00
     2      2      2
 1  1  1     1.8451752316e-02
 1  1  2    -6.4360348475e-04
 1  1  3    -6.4360348475e-04
 1  2  1    -6.4360348474e-04
 1  2  2     6.4360348475e-04
 1  2  3    -3.7134281580e-02
 1  3  1    -4.9465008683e-02
 1  3  2    -1.3593549152e-02
 1  3  3     6.4360348474e-04
 2  1  1    -4.9465008683e-02
 2  1  2     6.4360348474e-04
 2  1  3    -1.3593549152e-02
 2  2  1     4.9465008683e-02
 2  2  2    -1.8451752316e-02
 2  2  3    -6.4360348474e-04
 2  3  1    -1.6102513025e-01
 2  3  2    -4.9465008683e-02
 2  3  3    -4.9465008683e-02
 3  1  1    -6.4360348474e-04
 3  1  2    -3.7134281580e-02
 3  1  3     6.4360348475e-04
 3  2  1    -1.3593549152e-02
 3  2  2    -6.4360348475e-04
 3  2  3    -6.4360348475e-04
 3  3  1     4.9465008683e-02
 3  3  2    -6.4360348474e-04
 3  3  3    -1.8451752316e-02

  404
0.0000000000e+00 -2.7009000000e+00 2.7009000000e+00
-2.7009000000e+00 0.0000000000e+00 2.7009000000e+00
     2      2      1
 1  1  1    -4.0283456619e-02
 1  1  2     0.0000000000e+00
 1  1  3     0.0000000000e+00
 1  2  1    -3.8245878644e-03
 1  2  2    -4.2914774162e-02
 1  2  3     2.9499802849e-02
 1  3  1     3.8245878644e-03
 1  3  2     2.9499802849e-02
 1  3  3    -4.2914774162e-02
 2  1  1     3.8245878644e-03
 2  1  2    -4.2914774162e-02
 2  1  3     2.9499802849e-02
 2  2  1     2.4548083413e-02
 2  2  2     0.0000000000e+00
 2  2  3     0.0000000000e+00
 2  3  1    -8.7089729381e-02
 2  3  2    -9.9489805960e-02
 2  3  3    -9.9489805960e-02
 3  1  1    -3.8245878644e-03
 3  1  2     2.9499802849e-02
 3  1  3    -4.2914774162e-02
 3  2  1    -8.7089729381e-02
 3  2  2     9.9489805960e-02
 3  2  3     9.9489805960e-02
 3  3  1     2.4548083413e-02
 3  3  2     0.0000000000e+00
 3  3  3     0.0000000000e+00

  405
0.0000000000e+00 -2.7009000000e+00 2.7009000000e+00
-2.7009000000e+00 0.0000000000e+00 2.7009000000e+00
     2      2      2
 1  1  1     1.8451752316e-02
 1  1  2     6.4360348475e-04
 1  1  3     6.4360348475e-04
 1  2  1     4.9465008683e-02
 1  2  2     6.4360348474e-04
 1  2  3    -1.3593549152e-02
 1  3  1     6.4360348474e-04
 1  3  2    -3.7134281580e-02
 1  3  3     6.4360348475e-04
 2  1  1     6.4360348474e-04
 2  1  2     6.4360348475e-04
 2  1  3    -3.7134281580e-02
 2  2  1     4.9465008683e-02
 2  2  2     1.8451752316e-02
 2  2  3     6.4360348474e-04
 2  3  1    -1.3593549152e-02
 2  3  2     6.4360348475e-04
 2  3  3     6.4360348475e-04
 3  1  1     4.9465008683e-02
 3  1  2    -1.3593549152e-02
 3  1  3     6.4360348474e-04
 3  2  1    -1.6102513025e-01
 3  2  2     4.9465008683e-02
 3  2  3     4.9465008683e-02
 3  3  1     4.9465008683e-02
 3  3  2     6.4360348474e-04
 3  3  3     1.8451752316e-02

  406
0.0000000000e+00 -2.7009000000e+00 2.7009000000e+00
0.0000000000e+00 -2.7009000000e+00 2.7009000000e+00
     2      2      1
 1  1  1    -2.0798643268e-02
 1  1  2    -4.2526434434e-02
 1  1  3    -4.2526434434e-02
 1  2  1     4.4354891269e-02
 1  2  2    -2.5164203694e-02
 1  2  3     3.9333786320e-02
 1  3  1     4.4354891269e-02
 1  3  2     3.9333786320e-02
 1  3  3    -2.5164203694e-02
 2  1  1    -3.5359846116e-02
 2  1  2    -5.0891905195e-03
 2  1  3     3.8267726566e-02
 2  2  1     8.1556607922e-03
 2  2  2    -2.9567687509e-02
 2  2  3    -4.4789058074e-02
 2  3  1     1.7544200508e-02
 2  3  2     1.7355461497e-02
 2  3  3    -3.3202051217e-02
 3  1  1    -3.5359846116e-02
 3  1  2     3.8267726566e-02
 3  1  3    -5.0891905195e-03
 3  2  1     1.7544200508e-02
 3  2  2    -3.3202051217e-02
 3  2  3     1.7355461497e-02
 3  3  1     8.1556607922e-03
 3  3  2    -4.4789058074e-02
 3  3  3    -2.9567687509e-02

  407
0.0000000000e+00 2.7009000000e+00 -2.7009000000e+00
0.0000000000e+00 2.7009000000e+00 -2.7009000000e+00
     2      2      2
 1  1  1     1.5953594981e-01
 1  1  2     0.0000000000e+00
 1  1  3     0.0000000000e+00
 1  2  1     0.0000000000e+00
 1  2  2    -1.9427549508e-01
 1  2  3    -1.1047329564e-02
 1  3  1     0.0000000000e+00
 1  3  2    -1.1047329564e-02
 1  3  3    -1.9427549508e-01
 2  1  1     0.0000000000e+00
 2  1  2    -1.8739634866e-01
 2  1  3    -2.7146614263e-01
 2  2  1    -1.8739634866e-01
 2  2  2     0.0000000000e+00
 2  2  3     0.0000000000e+00
 2  3  1    -2.7146614263e-01
 2  3  2     0.0000000000e+00
 2  3  3     0.0000000000e+00
 3  1  1     0.0000000000e+00
 3  1  2    -2.7146614263e-01
 3  1  3    -1.8739634866e-01
 3  2  1    -2.7146614263e-01
 3  2  2     0.0000000000e+00
 3  2  3     0.0000000000e+00
 3  3  1    -1.8739634866e-01
 3  3  2     0.0000000000e+00
 3  3  3     0.0000000000e+00

  408
0.0000000000e+00 2.7009000000e+00 -2.7009000000e+00
0.0000000000e+00 5.4018000000e+00 0.0000000000e+00
     2      2      1
 1  1  1    -2.0798643268e-02
 1  1  2     4.2526434434e-02
 1  1  3     4.2526434434e-02
 1  2  1    -4.4354891269e-02
 1  2  2    -2.5164203694e-02
 1  2  3     3.9333786320e-02
 1  3  1    -4.4354891269e-02
 1  3  2     3.9333786320e-02
 1  3  3    -2.5164203694e-02
 2  1  1     3.5359846116e-02
 2  1  2    -5.0891905195e-03
 2  1  3     3.8267726566e-02
 2  2  1     8.1556607922e-03
 2  2  2     2.9567687509e-02
 2  2  3     4.4789058074e-02
 2  3  1     1.7544200508e-02
 2  3  2    -1.7355461497e-02
 2  3  3     3.3202051217e-02
 3  1  1     3.5359846116e-02
 3  1  2     3.8267726566e-02
 3  1  3    -5.0891905195e-03
 3  2  1     1.7544200508e-02
 3  2  2     3.3202051217e-02
 3  2  3    -1.7355461497e-02
 3  3  1     8.1556607922e-03
 3  3  2     4.4789058074e-02
 3  3  3     2.9567687509e-02

  409
0.0000000000e+00 0.0000000000e+00 5.4018000000e+00
0.0000000000e+00 0.0000000000e+00 0.0000000000e+00
     2      1      2
 1  1  1    -9.5773596497e-02
 1  1  2     7.3313067057e-02
 1  1  3     7.3313067057e-02
 1  2  1    -6.9627531252e-03
 1  2  2     7.3313067057e-02
 1  2  3    -2.1211618157e-02
 1  3  1    -6.9627531252e-03
 1  3  2    -2.1211618157e-02
 1  3  3     7.3313067057e-02
 2  1  1     7.3313067057e-02
 2  1  2    -6.9627531252e-03
 2  1  3    -2.1211618157e-02
 2  2  1     7.3313067057e-02
 2  2  2    -9.5773596497e-02
 2  2  3     7.3313067057e-02
 2  3  1    -2.1211618157e-02
 2  3  2    -6.9627531252e-03
 2  3  3     7.3313067057e-02
 3  1  1     7.3313067057e-02
 3  1  2    -2.1211618157e-02
 3  1  3    -6.9627531252e-03
 3  2  1    -2.1211618157e-02
 3  2  2     7.3313067057e-02
 3  2  3    -6.9627531252e-03
 3  3  1     7.3313067057e-02
 3  3  2     7.3313067057e-02
 3  3  3    -9.5773596497e-02

  410
0.0000000000e+00 5.4018000000e+00 0.0000000000e+00
0.0000000000e+00 2.7009000000e+00 2.7009000000e+00
     2      1      1
 1  1  1     2.0798643268e-02
 1  1  2     4.4354891269e-02
 1  1  3     4.4354891269e-02
 1  2  1    -3.5359846116e-02
 1  2  2    -8.1556607922e-03
 1  2  3    -1.7544200508e-02
 1  3  1    -3.5359846116e-02
 1  3  2    -1.7544200508e-02
 1  3  3    -8.1556607922e-03
 2  1  1    -4.2526434434e-02
 2  1  2     2.5164203694e-02
 2  1  3    -3.9333786320e-02
 2  2  1     5.0891905195e-03
 2  2  2    -2.9567687509e-02
 2  2  3     1.7355461497e-02
 2  3  1    -3.8267726566e-02
 2  3  2    -3.3202051217e-02
 2  3  3    -4.4789058074e-02
 3  1  1    -4.2526434434e-02
 3  1  2    -3.9333786320e-02
 3  1  3     2.5164203694e-02
 3  2  1    -3.8267726566e-02
 3  2  2    -4.4789058074e-02
 3  2  3    -3.3202051217e-02
 3  3  1     5.0891905195e-03
 3  3  2     1.7355461497e-02
 3  3  3    -2.9567687509e-02

  411
0.0000000000e+00 0.0000000000e+00 5.4018000000e+00
0.0000000000e+00 2.7009000000e+00 2.7009000000e+00
     2      1      2
 1  1  1     4.0283456619e-02
 1  1  2    -3.8245878644e-03
 1  1  3    -3.8245878644e-03
 1  2  1     0.0000000000e+00
 1  2  2     4.2914774162e-02
 1  2  3     2.9499802849e-02
 1  3  1     0.0000000000e+00
 1  3  2     2.9499802849e-02
 1  3  3     4.2914774162e-02
 2  1  1     3.8245878644e-03
 2  1  2    -2.4548083413e-02
 2  1  3    -8.7089729381e-02
 2  2  1     4.2914774162e-02
 2  2  2     0.0000000000e+00
 2  2  3     9.9489805960e-02
 2  3  1     2.9499802849e-02
 2  3  2     0.0000000000e+00
 2  3  3    -9.9489805960e-02
 3  1  1     3.8245878644e-03
 3  1  2    -8.7089729381e-02
 3  1  3    -2.4548083413e-02
 3  2  1     2.9499802849e-02
 3  2  2    -9.9489805960e-02
 3  2  3     0.0000000000e+00
 3  3  1     4.2914774162e-02
 3  3  2     9.9489805960e-02
 3  3  3     0.0000000000e+00

  412
5.4018000000e+00 0.0000000000e+00 0.0000000000e+00
2.7009000000e+00 0.0000000000e+00 2.7009000000e+00
     2      1      1
 1  1  1    -2.9567687509e-02
 1  1  2     5.0891905195e-03
 1  1  3     1.7355461497e-02
 1  2  1     2.5164203694e-02
 1  2  2    -4.2526434434e-02
 1  2  3    -3.9333786320e-02
 1  3  1    -3.3202051217e-02
 1  3  2    -3.8267726566e-02
 1  3  3    -4.4789058074e-02
 2  1  1    -8.1556607922e-03
 2  1  2    -3.5359846116e-02
 2  1  3    -1.7544200508e-02
 2  2  1     4.4354891269e-02
 2  2  2     2.0798643268e-02
 2  2  3     4.4354891269e-02
 2  3  1    -1.7544200508e-02
 2  3  2    -3.5359846116e-02
 2  3  3    -8.1556607922e-03
 3  1  1    -4.4789058074e-02
 3  1  2    -3.8267726566e-02
 3  1  3    -3.3202051217e-02
 3  2  1    -3.9333786320e-02
 3  2  2    -4.2526434434e-02
 3  2  3     2.5164203694e-02
 3  3  1     1.7355461497e-02
 3  3  2     5.0891905195e-03
 3  3  3    -2.9567687509e-02

  413
5.4018000000e+00 0.0000000000e+00 0.0000000000e+00
2.7009000000e+00 0.0000000000e+00 2.7009000000e+00
     2      1      2
 1  1  1     0.0000000000e+00
 1  1  2     4.2914774162e-02
 1  1  3     9.9489805960e-02
 1  2  1    -2.4548083413e-02
 1  2  2     3.8245878644e-03
 1  2  3    -8.7089729381e-02
 1  3  1     0.0000000000e+00
 1  3  2     2.9499802849e-02
 1  3  3    -9.9489805960e-02
 2  1  1     4.2914774162e-02
 2  1  2     0.0000000000e+00
 2  1  3     2.9499802849e-02
 2  2  1    -3.8245878644e-03
 2  2  2     4.0283456619e-02
 2  2  3    -3.8245878644e-03
 2  3  1     2.9499802849e-02
 2  3  2     0.0000000000e+00
 2  3  3     4.2914774162e-02
 3  1  1    -9.9489805960e-02
 3  1  2     2.9499802849e-02
 3  1  3     0.0000000000e+00
 3  2  1    -8.7089729381e-02
 3  2  2     3.8245878644e-03
 3  2  3    -2.4548083413e-02
 3  3  1     9.9489805960e-02
 3  3  2     4.2914774162e-02
 3  3  3     0.0000000000e+00

  414
5.4018000000e+00 0.0000000000e+00 0.0000000000e+00
2.7009000000e+00 -2.7009000000e+00 0.0000000000e+00
     2      1      1
 1  1  1     0.0000000000e+00
 1  1  2    -9.9489805960e-02
 1  1  3    -4.2914774162e-02
 1  2  1     9.9489805960e-02
 1  2  2     0.0000000000e+00
 1  2  3    -2.9499802849e-02
 1  3  1    -4.2914774162e-02
 1  3  2    -2.9499802849e-02
 1  3  3     0.0000000000e+00
 2  1  1     0.0000000000e+00
 2  1  2     9.9489805960e-02
 2  1  3    -2.9499802849e-02
 2  2  1    -9.9489805960e-02
 2  2  2     0.0000000000e+00
 2  2  3    -4.2914774162e-02
 2  3  1    -2.9499802849e-02
 2  3  2    -4.2914774162e-02
 2  3  3     0.0000000000e+00
 3  1  1     2.4548083413e-02
 3  1  2     8.7089729381e-02
 3  1  3    -3.8245878644e-03
 3  2  1     8.7089729381e-02
 3  2  2     2.4548083413e-02
 3  2  3    -3.8245878644e-03
 3  3  1     3.8245878644e-03
 3  3  2     3.8245878644e-03
 3  3  3    -4.0283456619e-02

  415
5.4018000000e+00 0.0000000000e+00 0.0000000000e+00
2.7009000000e+00 -2.7009000000e+00 0.0000000000e+00
     2      1      2
 1  1  1     2.9567687509e-02
 1  1  2    -1.7355461497e-02
 1  1  3    -5.0891905195e-03
 1  2  1     4.4789058074e-02
 1  2  2     3.3202051217e-02
 1  2  3     3.8267726566e-02
 1  3  1     8.1556607922e-03
 1  3  2     1.7544200508e-02
 1  3  3     3.5359846116e-02
 2  1  1     3.3202051217e-02
 2  1  2     4.4789058074e-02
 2  1  3     3.8267726566e-02
 2  2  1    -1.7355461497e-02
 2  2  2     2.9567687509e-02
 2  2  3    -5.0891905195e-03
 2  3  1     1.7544200508e-02
 2  3  2     8.1556607922e-03
 2  3  3     3.5359846116e-02
 3  1  1    -2.5164203694e-02
 3  1  2     3.9333786320e-02
 3  1  3     4.2526434434e-02
 3  2  1     3.9333786320e-02
 3  2  2    -2.5164203694e-02
 3  2  3     4.2526434434e-02
 3  3  1    -4.4354891269e-02
 3  3  2    -4.4354891269e-02
 3  3  3    -2.0798643268e-02

  416
5.4018000000e+00 0.0000000000e+00 0.0000000000e+00
2.7009000000e+00 2.7009000000e+00 0.0000000000e+00
     2      1      1
 1  1  1    -2.9567687509e-02
 1  1  2     1.7355461497e-02
 1  1  3     5.0891905195e-03
 1  2  1    -3.3202051217e-02
 1  2  2    -4.4789058074e-02
 1  2  3    -3.8267726566e-02
 1  3  1     2.5164203694e-02
 1  3  2    -3.9333786320e-02
 1  3  3    -4.2526434434e-02
 2  1  1    -4.4789058074e-02
 2  1  2    -3.3202051217e-02
 2  1  3    -3.8267726566e-02
 2  2  1     1.7355461497e-02
 2  2  2    -2.9567687509e-02
 2  2  3     5.0891905195e-03
 2  3  1    -3.9333786320e-02
 2  3  2     2.5164203694e-02
 2  3  3    -4.2526434434e-02
 3  1  1    -8.1556607922e-03
 3  1  2    -1.7544200508e-02
 3  1  3    -3.5359846116e-02
 3  2  1    -1.7544200508e-02
 3  2  2    -8.1556607922e-03
 3  2  3    -3.5359846116e-02
 3  3  1     4.4354891269e-02
 3  3  2     4.4354891269e-02
 3  3  3     2.0798643268e-02

  417
5.4018000000e+00 0.0000000000e+00 0.0000000000e+00
2.7009000000e+00 2.7009000000e+00 0.0000000000e+00
     2      1      2
 1  1  1     0.0000000000e+00
 1  1  2     9.9489805960e-02
 1  1  3     4.2914774162e-02
 1  2  1     0.0000000000e+00
 1  2  2    -9.9489805960e-02
 1  2  3     2.9499802849e-02
 1  3  1    -2.4548083413e-02
 1  3  2    -8.7089729381e-02
 1  3  3     3.8245878644e-03
 2  1  1    -9.9489805960e-02
 2  1  2     0.0000000000e+00
 2  1  3     2.9499802849e-02
 2  2  1     9.9489805960e-02
 2  2  2     0.0000000000e+00
 2  2  3     4.2914774162e-02
 2  3  1    -8.7089729381e-02
 2  3  2    -2.4548083413e-02
 2  3  3     3.8245878644e-03
 3  1  1     4.2914774162e-02
 3  1  2     2.9499802849e-02
 3  1  3     0.0000000000e+00
 3  2  1     2.9499802849e-02
 3  2  2     4.2914774162e-02
 3  2  3     0.0000000000e+00
 3  3  1    -3.8245878644e-03
 3  3  2    -3.8245878644e-03
 3  3  3     4.0283456619e-02

  418
5.4018000000e+00 0.0000000000e+00 0.0000000000e+00
2.7009000000e+00 0.0000000000e+00 -2.7009000000e+00
     2      1      1
 1  1  1     0.0000000000e+00
 1  1  2    -4.2914774162e-02
 1  1  3    -9.9489805960e-02
 1  2  1    -4.2914774162e-02
 1  2  2     0.0000000000e+00
 1  2  3    -2.9499802849e-02
 1  3  1     9.9489805960e-02
 1  3  2    -2.9499802849e-02
 1  3  3     0.0000000000e+00
 2  1  1     2.4548083413e-02
 2  1  2    -3.8245878644e-03
 2  1  3     8.7089729381e-02
 2  2  1     3.8245878644e-03
 2  2  2    -4.0283456619e-02
 2  2  3     3.8245878644e-03
 2  3  1     8.7089729381e-02
 2  3  2    -3.8245878644e-03
 2  3  3     2.4548083413e-02
 3  1  1     0.0000000000e+00
 3  1  2    -2.9499802849e-02
 3  1  3     9.9489805960e-02
 3  2  1    -2.9499802849e-02
 3  2  2     0.0000000000e+00
 3  2  3    -4.2914774162e-02
 3  3  1    -9.9489805960e-02
 3  3  2    -4.2914774162e-02
 3  3  3     0.0000000000e+00

  419
5.4018000000e+00 0.0000000000e+00 0.0000000000e+00
2.7009000000e+00 0.0000000000e+00 -2.7009000000e+00
     2      1      2
 1  1  1     2.9567687509e-02
 1  1  2    -5.0891905195e-03
 1  1  3    -1.7355461497e-02
 1  2  1     8.1556607922e-03
 1  2  2     3.5359846116e-02
 1  2  3     1.7544200508e-02
 1  3  1     4.4789058074e-02
 1  3  2     3.8267726566e-02
 1  3  3     3.3202051217e-02
 2  1  1    -2.5164203694e-02
 2  1  2     4.2526434434e-02
 2  1  3     3.9333786320e-02
 2  2  1    -4.4354891269e-02
 2  2  2    -2.0798643268e-02
 2  2  3    -4.4354891269e-02
 2  3  1     3.9333786320e-02
 2  3  2     4.2526434434e-02
 2  3  3    -2.5164203694e-02
 3  1  1     3.3202051217e-02
 3  1  2     3.8267726566e-02
 3  1  3     4.4789058074e-02
 3  2  1     1.7544200508e-02
 3  2  2     3.5359846116e-02
 3  2  3     8.1556607922e-03
 3  3  1    -1.7355461497e-02
 3  3  2    -5.0891905195e-03
 3  3  3     2.9567687509e-02

  420
5.4018000000e+00 0.0000000000e+00 0.0000000000e+00
5.4018000000e+00 2.7009000000e+00 2.7009000000e+00
     2      1      1
 1  1  1    -4.0283456619e-02
 1  1  2     3.8245878644e-03
 1  1  3     3.8245878644e-03
 1  2  1    -3.8245878644e-03
 1  2  2     2.4548083413e-02
 1  2  3     8.7089729381e-02
 1  3  1    -3.8245878644e-03
 1  3  2     8.7089729381e-02
 1  3  3     2.4548083413e-02
 2  1  1     0.0000000000e+00
 2  1  2    -4.2914774162e-02
 2  1  3    -2.9499802849e-02
 2  2  1    -4.2914774162e-02
 2  2  2     0.0000000000e+00
 2  2  3    -9.9489805960e-02
 2  3  1    -2.9499802849e-02
 2  3  2     9.9489805960e-02
 2  3  3     0.0000000000e+00
 3  1  1     0.0000000000e+00
 3  1  2    -2.9499802849e-02
 3  1  3    -4.2914774162e-02
 3  2  1    -2.9499802849e-02
 3  2  2     0.0000000000e+00
 3  2  3     9.9489805960e-02
 3  3  1    -4.2914774162e-02
 3  3  2    -9.9489805960e-02
 3  3  3     0.0000000000e+00

  421
0.0000000000e+00 5.4018000000e+00 0.0000000000e+00
0.0000000000e+00 2.7009000000e+00 -2.7009000000e+00
     2      1      2
 1  1  1    -2.0798643268e-02
 1  1  2    -4.4354891269e-02
 1  1  3    -4.4354891269e-02
 1  2  1     4.2526434434e-02
 1  2  2    -2.5164203694e-02
 1  2  3     3.9333786320e-02
 1  3  1     4.2526434434e-02
 1  3  2     3.9333786320e-02
 1  3  3    -2.5164203694e-02
 2  1  1     3.5359846116e-02
 2  1  2     8.1556607922e-03
 2  1  3     1.7544200508e-02
 2  2  1    -5.0891905195e-03
 2  2  2     2.9567687509e-02
 2  2  3    -1.7355461497e-02
 2  3  1     3.8267726566e-02
 2  3  2     4.4789058074e-02
 2  3  3     3.3202051217e-02
 3  1  1     3.5359846116e-02
 3  1  2     1.7544200508e-02
 3  1  3     8.1556607922e-03
 3  2  1     3.8267726566e-02
 3  2  2     3.3202051217e-02
 3  2  3     4.4789058074e-02
 3  3  1    -5.0891905195e-03
 3  3  2    -1.7355461497e-02
 3  3  3     2.9567687509e-02

  422
5.4018000000e+00 0.0000000000e+00 0.0000000000e+00
5.4018000000e+00 0.0000000000e+00 0.0000000000e+00
     2      1      1
 1  1  1     9.5773596497e-02
 1  1  2    -7.3313067057e-02
 1  1  3    -7.3313067057e-02
 1  2  1    -7.3313067057e-02
 1  2  2     6.9627531252e-03
 1  2  3     2.1211618157e-02
 1  3  1    -7.3313067057e-02
 1  3  2     2.1211618157e-02
 1  3  3     6.9627531252e-03
 2  1  1     6.9627531252e-03
 2  1  2    -7.3313067057e-02
 2  1  3     2.1211618157e-02
 2  2  1    -7.3313067057e-02
 2  2  2     9.5773596497e-02
 2  2  3    -7.3313067057e-02
 2  3  1     2.1211618157e-02
 2  3  2    -7.3313067057e-02
 2  3  3     6.9627531252e-03
 3  1  1     6.9627531252e-03
 3  1  2     2.1211618157e-02
 3  1  3    -7.3313067057e-02
 3  2  1     2.1211618157e-02
 3  2  2     6.9627531252e-03
 3  2  3    -7.3313067057e-02
 3  3  1    -7.3313067057e-02
 3  3  2    -7.3313067057e-02
 3  3  3     9.5773596497e-02
