launch: NRANKS=128 QX_CONFIG=/usr/scratch/mont-fort11/pfischill/quatrex/phonon/studies/out/conv1e10/work/sinw_d5a_L2_eta0_jfnk_t005/quatrex_config.toml BCS=cfg QCS=cfg ballistic=0
/usr/scratch/mont-fort11/pfischill/quatrex/src/qttools/__init__.py:56: UserWarning: 'cupy' is unavailable or not working, defaulting to 'numpy'. (No module named 'cupy')
  warnings.warn(
/usr/scratch/mont-fort11/pfischill/quatrex/src/quatrex/core/config.py:1808: UserWarning: The CPU code will run sequentially which may impact performance.
  warnings.warn(
Max Interaction Cutoff: 10.0
Energy window: 0.0 to 66.0 eV with 181 grid points.
Resolution is 0.366667 eV.
comm.stack size: 128, comm.block size: 1
Each comm.block has 1 grid points.
/usr/scratch/mont-fort11/pfischill/quatrex/src/quatrex/core/statistics.py:42: RuntimeWarning: divide by zero encountered in divide
  return 1 / (xp.exp(energy / (k_B * temperature)) - 1)
IR occupation subtraction ON: full physical Bose occupation (no omega^2 taper); Gamma~omega keeps the injection finite as omega->0.
WARNING: phonon_energies.npy (181 pts, dw=0.3667) does not match the solver energy grid (2 pts); using the solver grid for the scattering self-energy.
SSE band-limit: harmonic band top 64.081 THz (fixed above-band mask)
Max Interaction Cutoff: 10.0
RUN config=/usr/scratch/mont-fort11/pfischill/quatrex/phonon/studies/out/conv1e10/work/sinw_d5a_L2_eta0_jfnk_t005/quatrex_config.toml phonon=True eta=1e-12 retarded=fft nblk=2 ne=181 bcs=1 qcs=1 nranks=128
Entering SCBA loop...
Iteration 0
eta IR floor ON: Gamma_floor=0.5378 THz^2 (eta_ir_floor_cells=2, omega_c=2*dw=0.733 THz) on the unresolved soft modes.
SSE band-limit: masking 5 bin(s) above 64.081 THz
SSE band-limit: harmonic-support mask -> 96/181 empty bins masked (margin 1.5 THz)
SSE band-limit: occupation-freeze mask -> 61/181 frozen bins (n<0.001, T_hot=305K)
SSE band-limit: SMOOTH window (support ramp 4*dw, freeze n<0.001) -> mean w=0.429, 102/181 bins below 0.5
[it  0] energy J(local)=[0.0385 0.036  0.0385]
SigmaR resid-by-omega: peak w=25.67THz val=9.493e+02 in-band(<=46.4)=0.957 low(<=5)=0.121
Maximum Self-Energy Update: 949.2690484514422
Contact Current Difference: 0.0
Current Conservation abs: 0.9611294860842463
Current Conservation rel: 6.329345680338001e-05
Phonon: rel Sigma^R residual 1.0000e+00; lead balance 2.8532e-13 (best inf; internal spread 2.7467e-03)
Bubble energy balance: P_in=-5.206725e+03 P_out=-5.206725e+03 resid=1.009e-15
Writing output for iteration 0...
Iteration 1
eta IR floor ON: Gamma_floor=0.5378 THz^2 (eta_ir_floor_cells=2, omega_c=2*dw=0.733 THz) on the unresolved soft modes.
[it  1] energy J(local)=[0.0724 0.0519 0.0615]
SigmaR resid-by-omega: peak w=26.03THz val=1.071e+03 in-band(<=46.4)=0.956 low(<=5)=0.127
Maximum Self-Energy Update: 1071.2560975405588
Contact Current Difference: 0.0
Current Conservation abs: 0.15936256748500455
Current Conservation rel: 1.94042983711804e-05
Phonon: rel Sigma^R residual 9.3518e-01; lead balance 1.0101e-03 (best inf; internal spread 7.1454e-03)
Bubble energy balance: P_in=-4.243255e+03 P_out=-4.243255e+03 resid=3.607e-15
Writing output for iteration 1...
Iteration 2
eta IR floor ON: Gamma_floor=0.5378 THz^2 (eta_ir_floor_cells=2, omega_c=2*dw=0.733 THz) on the unresolved soft modes.
[it  2] energy J(local)=[0.0706 0.051  0.0581]
SigmaR resid-by-omega: peak w=23.10THz val=1.450e+03 in-band(<=46.4)=0.960 low(<=5)=0.162
Maximum Self-Energy Update: 1450.341310799203
Contact Current Difference: 0.0
Current Conservation abs: 0.010553593850090692
Current Conservation rel: 1.8407000327327228e-06
Phonon: rel Sigma^R residual 9.4835e-01; lead balance 2.5240e-03 (best inf; internal spread 1.4218e-02)
Bubble energy balance: P_in=-4.125964e+03 P_out=-4.125964e+03 resid=2.255e-15
Writing output for iteration 2...
Iteration 3
eta IR floor ON: Gamma_floor=0.5378 THz^2 (eta_ir_floor_cells=2, omega_c=2*dw=0.733 THz) on the unresolved soft modes.
[it  3] energy J(local)=[0.0661 0.0456 0.0541]
SigmaR resid-by-omega: peak w=6.60THz val=2.286e+03 in-band(<=46.4)=0.966 low(<=5)=0.199
Maximum Self-Energy Update: 2285.6368037473235
Contact Current Difference: 0.0
Current Conservation abs: 0.024147604357494856
Current Conservation rel: 3.977468048596855e-06
Phonon: rel Sigma^R residual 9.5762e-01; lead balance 1.4674e-03 (best 1.4674e-03; internal spread 4.5374e-03)
Bubble energy balance: P_in=-6.329511e+03 P_out=-6.329511e+03 resid=3.215e-15
Writing output for iteration 3...
Iteration 4
eta IR floor ON: Gamma_floor=0.5378 THz^2 (eta_ir_floor_cells=2, omega_c=2*dw=0.733 THz) on the unresolved soft modes.
[it  4] energy J(local)=[0.059  0.0381 0.0489]
SigmaR resid-by-omega: peak w=14.67THz val=1.226e+03 in-band(<=46.4)=0.963 low(<=5)=0.196
Maximum Self-Energy Update: 1226.2207882275795
Contact Current Difference: 0.0
Current Conservation abs: 0.005034951732341142
Current Conservation rel: 7.496196025388991e-07
Phonon: rel Sigma^R residual 8.0404e-01; lead balance 1.3140e-03 (best 1.3140e-03; internal spread 5.2941e-02)
Bubble energy balance: P_in=-7.442353e+03 P_out=-7.442353e+03 resid=9.757e-16
Writing output for iteration 4...
Iteration 5
eta IR floor ON: Gamma_floor=0.5378 THz^2 (eta_ir_floor_cells=2, omega_c=2*dw=0.733 THz) on the unresolved soft modes.
[it  5] energy J(local)=[0.0538 0.0317 0.0452]
SigmaR resid-by-omega: peak w=13.93THz val=1.402e+03 in-band(<=46.4)=0.965 low(<=5)=0.237
Maximum Self-Energy Update: 1401.6142256871271
Contact Current Difference: 0.0
Current Conservation abs: 0.015737397415250598
Current Conservation rel: 1.422236638928511e-06
Phonon: rel Sigma^R residual 8.1418e-01; lead balance 1.7417e-03 (best 1.3140e-03; internal spread 8.7531e-02)
Bubble energy balance: P_in=-1.280905e+04 P_out=-1.280905e+04 resid=2.027e-16
Writing output for iteration 5...
Iteration 6
eta IR floor ON: Gamma_floor=0.5378 THz^2 (eta_ir_floor_cells=2, omega_c=2*dw=0.733 THz) on the unresolved soft modes.
[it  6] energy J(local)=[0.0633 0.0271 0.0469]
SigmaR resid-by-omega: peak w=0.37THz val=3.037e+03 in-band(<=46.4)=0.968 low(<=5)=0.293
Maximum Self-Energy Update: 3037.0720892357967
Contact Current Difference: 0.0
Current Conservation abs: 0.24662940777125186
Current Conservation rel: 5.519246554831234e-06
Phonon: rel Sigma^R residual 8.6506e-01; lead balance 2.0303e-03 (best 1.3140e-03; internal spread 1.3461e-01)
Bubble energy balance: P_in=-4.223026e+04 P_out=-4.223026e+04 resid=8.056e-16
Writing output for iteration 6...
Iteration 7
eta IR floor ON: Gamma_floor=0.5378 THz^2 (eta_ir_floor_cells=2, omega_c=2*dw=0.733 THz) on the unresolved soft modes.
[it  7] energy J(local)=[0.1362 0.0612 0.0835]
SigmaR resid-by-omega: peak w=0.73THz val=9.828e+03 in-band(<=46.4)=0.970 low(<=5)=0.302
Maximum Self-Energy Update: 9827.607157832863
Contact Current Difference: 0.0
Current Conservation abs: 4.521262811962515
Current Conservation rel: 2.911604377727689e-06
Phonon: rel Sigma^R residual 9.3601e-01; lead balance 2.1662e-02 (best 1.3140e-03; internal spread 1.7405e-01)
Bubble energy balance: P_in=-6.369920e+05 P_out=-6.369920e+05 resid=4.673e-16
Writing output for iteration 7...
Iteration 8
eta IR floor ON: Gamma_floor=0.5378 THz^2 (eta_ir_floor_cells=2, omega_c=2*dw=0.733 THz) on the unresolved soft modes.
[it  8] energy J(local)=[0.0537 0.0177 0.0435]
SigmaR resid-by-omega: peak w=0.37THz val=1.317e+03 in-band(<=46.4)=0.979 low(<=5)=0.274
Maximum Self-Energy Update: 1316.7060049143927
Contact Current Difference: 0.0
Current Conservation abs: 0.054295610804274475
Current Conservation rel: 1.1386981814550173e-05
Phonon: rel Sigma^R residual 2.4252e+00; lead balance 2.5768e-02 (best 1.3140e-03; internal spread 1.8904e-01)
Bubble energy balance: P_in=-6.855879e+03 P_out=-6.855879e+03 resid=9.018e-16
Writing output for iteration 8...
Iteration 9
eta IR floor ON: Gamma_floor=0.5378 THz^2 (eta_ir_floor_cells=2, omega_c=2*dw=0.733 THz) on the unresolved soft modes.
[it  9] energy J(local)=[0.053  0.0165 0.0436]
SigmaR resid-by-omega: peak w=0.37THz val=1.169e+03 in-band(<=46.4)=0.979 low(<=5)=0.275
Maximum Self-Energy Update: 1168.5981499587717
Contact Current Difference: 0.0
Current Conservation abs: 0.05027349781266821
Current Conservation rel: 9.807276820088856e-06
Phonon: rel Sigma^R residual 2.1676e+00; lead balance 2.5149e-02 (best 1.3140e-03; internal spread 1.9522e-01)
Bubble energy balance: P_in=-7.434311e+03 P_out=-7.434311e+03 resid=5.567e-16
Writing output for iteration 9...
Iteration 10
eta IR floor ON: Gamma_floor=0.5378 THz^2 (eta_ir_floor_cells=2, omega_c=2*dw=0.733 THz) on the unresolved soft modes.
[it 10] energy J(local)=[0.053  0.0158 0.044 ]
SigmaR resid-by-omega: peak w=0.37THz val=1.036e+03 in-band(<=46.4)=0.980 low(<=5)=0.276
Maximum Self-Energy Update: 1036.3092770433432
Contact Current Difference: 0.0
Current Conservation abs: 0.045621270412084414
Current Conservation rel: 8.149196908885138e-06
Phonon: rel Sigma^R residual 1.9182e+00; lead balance 2.4454e-02 (best 1.3140e-03; internal spread 2.0102e-01)
Bubble energy balance: P_in=-8.091367e+03 P_out=-8.091367e+03 resid=4.223e-16
Writing output for iteration 10...
Iteration 11
eta IR floor ON: Gamma_floor=0.5378 THz^2 (eta_ir_floor_cells=2, omega_c=2*dw=0.733 THz) on the unresolved soft modes.
[it 11] energy J(local)=[0.0536 0.0155 0.0447]
SigmaR resid-by-omega: peak w=0.37THz val=9.186e+02 in-band(<=46.4)=0.981 low(<=5)=0.276
Maximum Self-Energy Update: 918.5606416881764
Contact Current Difference: 0.0
Current Conservation abs: 0.0402432515406872
Current Conservation rel: 6.480181485057618e-06
Phonon: rel Sigma^R residual 1.6680e+00; lead balance 2.3773e-02 (best 1.3140e-03; internal spread 2.0654e-01)
Bubble energy balance: P_in=-8.847974e+03 P_out=-8.847974e+03 resid=4.441e-16
Writing output for iteration 11...
Iteration 12
eta IR floor ON: Gamma_floor=0.5378 THz^2 (eta_ir_floor_cells=2, omega_c=2*dw=0.733 THz) on the unresolved soft modes.
[it 12] energy J(local)=[0.0549 0.0156 0.0455]
SigmaR resid-by-omega: peak w=0.37THz val=8.140e+02 in-band(<=46.4)=0.981 low(<=5)=0.275
Maximum Self-Energy Update: 813.9810768465388
Contact Current Difference: 0.0
Current Conservation abs: 0.033867853231640765
Current Conservation rel: 4.823913701869711e-06
Phonon: rel Sigma^R residual 1.4478e+00; lead balance 2.3189e-02 (best 1.3140e-03; internal spread 2.1189e-01)
Bubble energy balance: P_in=-9.745457e+03 P_out=-9.745457e+03 resid=4.905e-16
Writing output for iteration 12...
Iteration 13
eta IR floor ON: Gamma_floor=0.5378 THz^2 (eta_ir_floor_cells=2, omega_c=2*dw=0.733 THz) on the unresolved soft modes.
[it 13] energy J(local)=[0.0573 0.0161 0.0466]
SigmaR resid-by-omega: peak w=0.37THz val=7.209e+02 in-band(<=46.4)=0.982 low(<=5)=0.272
Maximum Self-Energy Update: 720.9007428691136
Contact Current Difference: 0.0
Current Conservation abs: 0.025712750408274587
Current Conservation rel: 3.1497042358032446e-06
Phonon: rel Sigma^R residual 1.2522e+00; lead balance 2.2774e-02 (best 1.3140e-03; internal spread 2.1719e-01)
Bubble energy balance: P_in=-1.086443e+04 P_out=-1.086443e+04 resid=2.542e-16
Writing output for iteration 13...
Iteration 14
eta IR floor ON: Gamma_floor=0.5378 THz^2 (eta_ir_floor_cells=2, omega_c=2*dw=0.733 THz) on the unresolved soft modes.
[it 14] energy J(local)=[0.061  0.0168 0.0479]
SigmaR resid-by-omega: peak w=0.37THz val=6.370e+02 in-band(<=46.4)=0.983 low(<=5)=0.265
Maximum Self-Energy Update: 636.9894306073866
Contact Current Difference: 0.0
Current Conservation abs: 0.013691731768631143
Current Conservation rel: 1.3770751731577876e-06
Phonon: rel Sigma^R residual 1.0335e+00; lead balance 2.2553e-02 (best 1.3140e-03; internal spread 2.2264e-01)
Bubble energy balance: P_in=-1.235593e+04 P_out=-1.235593e+04 resid=7.505e-17
Writing output for iteration 14...
Iteration 15
eta IR floor ON: Gamma_floor=0.5378 THz^2 (eta_ir_floor_cells=2, omega_c=2*dw=0.733 THz) on the unresolved soft modes.
[it 15] energy J(local)=[0.0661 0.0168 0.0493]
SigmaR resid-by-omega: peak w=0.37THz val=5.587e+02 in-band(<=46.4)=0.983 low(<=5)=0.254
Maximum Self-Energy Update: 558.722672651315
Contact Current Difference: 0.0
Current Conservation abs: 0.005998167352117889
Current Conservation rel: 4.637271043326712e-07
Phonon: rel Sigma^R residual 7.9952e-01; lead balance 2.2414e-02 (best 1.3140e-03; internal spread 2.2869e-01)
Bubble energy balance: P_in=-1.442428e+04 P_out=-1.442428e+04 resid=3.166e-16
Writing output for iteration 15...
Iteration 16
eta IR floor ON: Gamma_floor=0.5378 THz^2 (eta_ir_floor_cells=2, omega_c=2*dw=0.733 THz) on the unresolved soft modes.
[it 16] energy J(local)=[0.0715 0.0146 0.0507]
SigmaR resid-by-omega: peak w=0.37THz val=4.876e+02 in-band(<=46.4)=0.984 low(<=5)=0.238
Maximum Self-Energy Update: 487.6089954528679
Contact Current Difference: 0.0
Current Conservation abs: 0.031469365780139924
Current Conservation rel: 1.8043690423038705e-06
Phonon: rel Sigma^R residual 6.0755e-01; lead balance 2.1983e-02 (best 1.3140e-03; internal spread 2.3574e-01)
Bubble energy balance: P_in=-1.697630e+04 P_out=-1.697630e+04 resid=4.334e-16
Writing output for iteration 16...
Iteration 17
eta IR floor ON: Gamma_floor=0.5378 THz^2 (eta_ir_floor_cells=2, omega_c=2*dw=0.733 THz) on the unresolved soft modes.
[it 17] energy J(local)=[0.0745 0.0119 0.0515]
SigmaR resid-by-omega: peak w=0.00THz val=4.193e+02 in-band(<=46.4)=0.985 low(<=5)=0.223
Maximum Self-Energy Update: 419.3489020477165
Contact Current Difference: 0.0
Current Conservation abs: 0.04675269461222342
Current Conservation rel: 2.0925133237174683e-06
Phonon: rel Sigma^R residual 4.6939e-01; lead balance 2.1032e-02 (best 1.3140e-03; internal spread 2.4266e-01)
Bubble energy balance: P_in=-1.930734e+04 P_out=-1.930734e+04 resid=3.869e-16
Writing output for iteration 17...
Iteration 18
eta IR floor ON: Gamma_floor=0.5378 THz^2 (eta_ir_floor_cells=2, omega_c=2*dw=0.733 THz) on the unresolved soft modes.
[it 18] energy J(local)=[0.0739 0.013  0.0521]
SigmaR resid-by-omega: peak w=0.00THz val=3.627e+02 in-band(<=46.4)=0.979 low(<=5)=0.204
Maximum Self-Energy Update: 362.7153890135948
Contact Current Difference: 0.0
Current Conservation abs: 0.04272059134382289
Current Conservation rel: 1.592623038238287e-06
Phonon: rel Sigma^R residual 3.7237e-01; lead balance 2.0210e-02 (best 1.3140e-03; internal spread 2.4761e-01)
Bubble energy balance: P_in=-2.109489e+04 P_out=-2.109489e+04 resid=2.231e-16
Writing output for iteration 18...
Iteration 19
eta IR floor ON: Gamma_floor=0.5378 THz^2 (eta_ir_floor_cells=2, omega_c=2*dw=0.733 THz) on the unresolved soft modes.
[it 19] energy J(local)=[0.0725 0.0176 0.0532]
SigmaR resid-by-omega: peak w=1.10THz val=3.306e+02 in-band(<=46.4)=0.971 low(<=5)=0.180
Maximum Self-Energy Update: 330.6343851439694
Contact Current Difference: 0.0
Current Conservation abs: 0.015640997457012418
Current Conservation rel: 4.881706352580696e-07
Phonon: rel Sigma^R residual 3.0513e-01; lead balance 2.0448e-02 (best 1.3140e-03; internal spread 2.5117e-01)
Bubble energy balance: P_in=-2.295780e+04 P_out=-2.295780e+04 resid=8.640e-17
Writing output for iteration 19...
Iteration 20
eta IR floor ON: Gamma_floor=0.5378 THz^2 (eta_ir_floor_cells=2, omega_c=2*dw=0.733 THz) on the unresolved soft modes.
[it 20] energy J(local)=[0.0762 0.0265 0.0572]
SigmaR resid-by-omega: peak w=22.73THz val=4.084e+02 in-band(<=46.4)=0.963 low(<=5)=0.146
Maximum Self-Energy Update: 408.3811153738208
Contact Current Difference: 0.0
Current Conservation abs: 0.03841096326505067
Current Conservation rel: 9.3380655179036e-07
Phonon: rel Sigma^R residual 3.2074e-01; lead balance 2.4638e-02 (best 1.3140e-03; internal spread 2.5513e-01)
Bubble energy balance: P_in=-2.602003e+04 P_out=-2.602003e+04 resid=1.515e-16
Writing output for iteration 20...
Iteration 21
eta IR floor ON: Gamma_floor=0.5378 THz^2 (eta_ir_floor_cells=2, omega_c=2*dw=0.733 THz) on the unresolved soft modes.
[it 21] energy J(local)=[0.0887 0.0442 0.0658]
SigmaR resid-by-omega: peak w=0.73THz val=5.174e+02 in-band(<=46.4)=0.962 low(<=5)=0.145
Maximum Self-Energy Update: 517.3610574400846
Contact Current Difference: 0.0
Current Conservation abs: 0.051104436242894735
Current Conservation rel: 9.806240962961932e-07
Phonon: rel Sigma^R residual 3.4515e-01; lead balance 3.5559e-02 (best 1.3140e-03; internal spread 2.5999e-01)
Bubble energy balance: P_in=-2.930708e+04 P_out=-2.930708e+04 resid=4.557e-17
Writing output for iteration 21...
Iteration 22
eta IR floor ON: Gamma_floor=0.5378 THz^2 (eta_ir_floor_cells=2, omega_c=2*dw=0.733 THz) on the unresolved soft modes.
[it 22] energy J(local)=[0.0962 0.0591 0.0699]
SigmaR resid-by-omega: peak w=22.73THz val=3.944e+02 in-band(<=46.4)=0.962 low(<=5)=0.141
Maximum Self-Energy Update: 394.4122076067296
Contact Current Difference: 0.0
Current Conservation abs: 0.0235262851601874
Current Conservation rel: 5.13040824471359e-07
Phonon: rel Sigma^R residual 2.8679e-01; lead balance 4.7560e-02 (best 1.3140e-03; internal spread 2.6151e-01)
Bubble energy balance: P_in=-2.691507e+04 P_out=-2.691507e+04 resid=1.546e-16
Writing output for iteration 22...
Iteration 23
eta IR floor ON: Gamma_floor=0.5378 THz^2 (eta_ir_floor_cells=2, omega_c=2*dw=0.733 THz) on the unresolved soft modes.
[it 23] energy J(local)=[0.0995 0.0688 0.0731]
SigmaR resid-by-omega: peak w=22.73THz val=2.937e+02 in-band(<=46.4)=0.965 low(<=5)=0.142
Maximum Self-Energy Update: 293.69693810435035
Contact Current Difference: 0.0
Current Conservation abs: 0.02849397328827763
Current Conservation rel: 7.202277945860983e-07
Phonon: rel Sigma^R residual 2.4230e-01; lead balance 5.3238e-02 (best 1.3140e-03; internal spread 2.5706e-01)
Bubble energy balance: P_in=-2.474023e+04 P_out=-2.474023e+04 resid=2.946e-16
Writing output for iteration 23...
Iteration 24
eta IR floor ON: Gamma_floor=0.5378 THz^2 (eta_ir_floor_cells=2, omega_c=2*dw=0.733 THz) on the unresolved soft modes.
[it 24] energy J(local)=[0.1016 0.0766 0.0781]
SigmaR resid-by-omega: peak w=22.73THz val=3.207e+02 in-band(<=46.4)=0.961 low(<=5)=0.132
Maximum Self-Energy Update: 320.7357811925546
Contact Current Difference: 0.0
Current Conservation abs: 0.005112318274768768
Current Conservation rel: 1.3179118018613267e-07
Phonon: rel Sigma^R residual 2.8130e-01; lead balance 5.3386e-02 (best 1.3140e-03; internal spread 2.4837e-01)
Bubble energy balance: P_in=-2.446190e+04 P_out=-2.446190e+04 resid=1.060e-16
Writing output for iteration 24...
Iteration 25
eta IR floor ON: Gamma_floor=0.5378 THz^2 (eta_ir_floor_cells=2, omega_c=2*dw=0.733 THz) on the unresolved soft modes.
[it 25] energy J(local)=[0.1044 0.0844 0.0847]
SigmaR resid-by-omega: peak w=22.73THz val=3.722e+02 in-band(<=46.4)=0.961 low(<=5)=0.145
Maximum Self-Energy Update: 372.19193494858445
Contact Current Difference: 0.0
Current Conservation abs: 0.017996452646912076
Current Conservation rel: 4.311375105107967e-07
Phonon: rel Sigma^R residual 2.9231e-01; lead balance 5.0222e-02 (best 1.3140e-03; internal spread 2.3708e-01)
Bubble energy balance: P_in=-2.544014e+04 P_out=-2.544014e+04 resid=1.329e-16
Writing output for iteration 25...
Iteration 26
eta IR floor ON: Gamma_floor=0.5378 THz^2 (eta_ir_floor_cells=2, omega_c=2*dw=0.733 THz) on the unresolved soft modes.
[it 26] energy J(local)=[0.1084 0.0921 0.0906]
SigmaR resid-by-omega: peak w=22.73THz val=2.730e+02 in-band(<=46.4)=0.961 low(<=5)=0.153
Maximum Self-Energy Update: 273.0030370939101
Contact Current Difference: 0.0
Current Conservation abs: 0.0017466383505961858
Current Conservation rel: 4.500053223076309e-08
Phonon: rel Sigma^R residual 2.2376e-01; lead balance 4.5623e-02 (best 1.3140e-03; internal spread 2.2432e-01)
Bubble energy balance: P_in=-2.456505e+04 P_out=-2.456505e+04 resid=1.344e-16
Writing output for iteration 26...
Iteration 27
eta IR floor ON: Gamma_floor=0.5378 THz^2 (eta_ir_floor_cells=2, omega_c=2*dw=0.733 THz) on the unresolved soft modes.
[it 27] energy J(local)=[0.1117 0.0973 0.0946]
SigmaR resid-by-omega: peak w=1.10THz val=1.995e+02 in-band(<=46.4)=0.965 low(<=5)=0.168
Maximum Self-Energy Update: 199.45429215080455
Contact Current Difference: 0.0
Current Conservation abs: 0.011691259307553992
Current Conservation rel: 3.36812491845955e-07
Phonon: rel Sigma^R residual 1.7675e-01; lead balance 4.1167e-02 (best 1.3140e-03; internal spread 2.1408e-01)
Bubble energy balance: P_in=-2.326193e+04 P_out=-2.326193e+04 resid=1.675e-16
Writing output for iteration 27...
Iteration 28
eta IR floor ON: Gamma_floor=0.5378 THz^2 (eta_ir_floor_cells=2, omega_c=2*dw=0.733 THz) on the unresolved soft modes.
[it 28] energy J(local)=[0.114  0.1008 0.0979]
SigmaR resid-by-omega: peak w=1.10THz val=1.979e+02 in-band(<=46.4)=0.970 low(<=5)=0.194
Maximum Self-Energy Update: 197.87464217611628
Contact Current Difference: 0.0
Current Conservation abs: 0.016851870554091875
Current Conservation rel: 5.153699796977393e-07
Phonon: rel Sigma^R residual 1.7334e-01; lead balance 3.7091e-02 (best 1.3140e-03; internal spread 2.0638e-01)
Bubble energy balance: P_in=-2.258172e+04 P_out=-2.258172e+04 resid=3.335e-16
Writing output for iteration 28...
Iteration 29
eta IR floor ON: Gamma_floor=0.5378 THz^2 (eta_ir_floor_cells=2, omega_c=2*dw=0.733 THz) on the unresolved soft modes.
[it 29] energy J(local)=[0.1157 0.1034 0.1007]
SigmaR resid-by-omega: peak w=1.10THz val=1.967e+02 in-band(<=46.4)=0.974 low(<=5)=0.214
Maximum Self-Energy Update: 196.7335111982488
Contact Current Difference: 0.0
Current Conservation abs: 0.019490937202135683
Current Conservation rel: 6.230833109822311e-07
Phonon: rel Sigma^R residual 1.6961e-01; lead balance 3.3200e-02 (best 1.3140e-03; internal spread 2.0015e-01)
Bubble energy balance: P_in=-2.207293e+04 P_out=-2.207293e+04 resid=2.352e-16
Writing output for iteration 29...
Iteration 30
eta IR floor ON: Gamma_floor=0.5378 THz^2 (eta_ir_floor_cells=2, omega_c=2*dw=0.733 THz) on the unresolved soft modes.
[it 30] energy J(local)=[0.1168 0.1051 0.103 ]
SigmaR resid-by-omega: peak w=1.10THz val=1.948e+02 in-band(<=46.4)=0.976 low(<=5)=0.228
Maximum Self-Energy Update: 194.8087352829848
Contact Current Difference: 0.0
Current Conservation abs: 0.021246522410365287
Current Conservation rel: 7.041334970629531e-07
Phonon: rel Sigma^R residual 1.6474e-01; lead balance 2.9426e-02 (best 1.3140e-03; internal spread 1.9510e-01)
Bubble energy balance: P_in=-2.166354e+04 P_out=-2.166354e+04 resid=2.655e-16
Writing output for iteration 30...
Iteration 31
eta IR floor ON: Gamma_floor=0.5378 THz^2 (eta_ir_floor_cells=2, omega_c=2*dw=0.733 THz) on the unresolved soft modes.
[it 31] energy J(local)=[0.1171 0.1059 0.1046]
SigmaR resid-by-omega: peak w=1.10THz val=1.922e+02 in-band(<=46.4)=0.972 low(<=5)=0.230
Maximum Self-Energy Update: 192.16515688125085
Contact Current Difference: 0.0
Current Conservation abs: 0.02312762281871983
Current Conservation rel: 7.878333954278048e-07
Phonon: rel Sigma^R residual 1.5865e-01; lead balance 2.5742e-02 (best 1.3140e-03; internal spread 1.9103e-01)
Bubble energy balance: P_in=-2.136214e+04 P_out=-2.136214e+04 resid=3.783e-16
Writing output for iteration 31...
Iteration 32
eta IR floor ON: Gamma_floor=0.5378 THz^2 (eta_ir_floor_cells=2, omega_c=2*dw=0.733 THz) on the unresolved soft modes.
[it 32] energy J(local)=[0.1164 0.1057 0.1055]
SigmaR resid-by-omega: peak w=0.37THz val=1.922e+02 in-band(<=46.4)=0.968 low(<=5)=0.228
Maximum Self-Energy Update: 192.15749603744143
Contact Current Difference: 0.0
Current Conservation abs: 0.025943310218281113
Current Conservation rel: 8.978141009372089e-07
Phonon: rel Sigma^R residual 1.5380e-01; lead balance 2.2133e-02 (best 1.3140e-03; internal spread 1.8776e-01)
Bubble energy balance: P_in=-2.120209e+04 P_out=-2.120209e+04 resid=1.797e-16
Writing output for iteration 32...
Iteration 33
eta IR floor ON: Gamma_floor=0.5378 THz^2 (eta_ir_floor_cells=2, omega_c=2*dw=0.733 THz) on the unresolved soft modes.
[it 33] energy J(local)=[0.1146 0.1045 0.1056]
SigmaR resid-by-omega: peak w=0.73THz val=1.983e+02 in-band(<=46.4)=0.963 low(<=5)=0.220
Maximum Self-Energy Update: 198.32675307832628
Contact Current Difference: 0.0
Current Conservation abs: 0.03047471252102696
Current Conservation rel: 1.0508912799253852e-06
Phonon: rel Sigma^R residual 1.5227e-01; lead balance 1.8584e-02 (best 1.3140e-03; internal spread 1.8506e-01)
Bubble energy balance: P_in=-2.126539e+04 P_out=-2.126539e+04 resid=6.111e-17
Writing output for iteration 33...
Iteration 34
eta IR floor ON: Gamma_floor=0.5378 THz^2 (eta_ir_floor_cells=2, omega_c=2*dw=0.733 THz) on the unresolved soft modes.
[it 34] energy J(local)=[0.1117 0.1025 0.1049]
SigmaR resid-by-omega: peak w=0.73THz val=2.530e+02 in-band(<=46.4)=0.961 low(<=5)=0.223
Maximum Self-Energy Update: 253.0392546978092
Contact Current Difference: 0.0
Current Conservation abs: 0.03801412908251223
Current Conservation rel: 1.259427327328724e-06
Phonon: rel Sigma^R residual 1.8323e-01; lead balance 1.5103e-02 (best 1.3140e-03; internal spread 1.8269e-01)
Bubble energy balance: P_in=-2.174797e+04 P_out=-2.174797e+04 resid=9.825e-17
Writing output for iteration 34...
Iteration 35
eta IR floor ON: Gamma_floor=0.5378 THz^2 (eta_ir_floor_cells=2, omega_c=2*dw=0.733 THz) on the unresolved soft modes.
[it 35] energy J(local)=[0.1081 0.1002 0.1036]
SigmaR resid-by-omega: peak w=0.37THz val=3.732e+02 in-band(<=46.4)=0.961 low(<=5)=0.228
Maximum Self-Energy Update: 373.16652449544273
Contact Current Difference: 0.0
Current Conservation abs: 0.05214774687192403
Current Conservation rel: 1.547422765505464e-06
Phonon: rel Sigma^R residual 2.4882e-01; lead balance 1.1783e-02 (best 1.3140e-03; internal spread 1.8032e-01)
Bubble energy balance: P_in=-2.306386e+04 P_out=-2.306386e+04 resid=1.789e-16
Writing output for iteration 35...
Iteration 36
eta IR floor ON: Gamma_floor=0.5378 THz^2 (eta_ir_floor_cells=2, omega_c=2*dw=0.733 THz) on the unresolved soft modes.
[it 36] energy J(local)=[0.1047 0.0994 0.1023]
SigmaR resid-by-omega: peak w=0.37THz val=6.955e+02 in-band(<=46.4)=0.962 low(<=5)=0.235
Maximum Self-Energy Update: 695.4889783894068
Contact Current Difference: 0.0
Current Conservation abs: 0.0892224182280188
Current Conservation rel: 2.07186034468232e-06
Phonon: rel Sigma^R residual 4.1203e-01; lead balance 9.0602e-03 (best 1.3140e-03; internal spread 1.7749e-01)
Bubble energy balance: P_in=-2.617891e+04 P_out=-2.617891e+04 resid=7.161e-17
Writing output for iteration 36...
Iteration 37
eta IR floor ON: Gamma_floor=0.5378 THz^2 (eta_ir_floor_cells=2, omega_c=2*dw=0.733 THz) on the unresolved soft modes.
[it 37] energy J(local)=[0.1051 0.1062 0.1021]
SigmaR resid-by-omega: peak w=0.73THz val=1.630e+03 in-band(<=46.4)=0.962 low(<=5)=0.243
Maximum Self-Energy Update: 1630.3136986440145
Contact Current Difference: 0.0
Current Conservation abs: 0.22811406861728756
Current Conservation rel: 3.7526335837637156e-06
Phonon: rel Sigma^R residual 6.1167e-01; lead balance 8.4082e-03 (best 1.3140e-03; internal spread 1.7388e-01)
Bubble energy balance: P_in=-3.159349e+04 P_out=-3.159349e+04 resid=4.611e-16
Writing output for iteration 37...
Iteration 38
eta IR floor ON: Gamma_floor=0.5378 THz^2 (eta_ir_floor_cells=2, omega_c=2*dw=0.733 THz) on the unresolved soft modes.
[it 38] energy J(local)=[0.0994 0.0983 0.0974]
SigmaR resid-by-omega: peak w=1.10THz val=5.791e+02 in-band(<=46.4)=0.961 low(<=5)=0.241
Maximum Self-Energy Update: 579.0715949609706
Contact Current Difference: 0.0
Current Conservation abs: 0.1096848819652223
Current Conservation rel: 4.044361350305731e-06
Phonon: rel Sigma^R residual 3.2405e-01; lead balance 7.7519e-03 (best 1.3140e-03; internal spread 1.7729e-01)
Bubble energy balance: P_in=-2.016639e+04 P_out=-2.016639e+04 resid=2.922e-16
Writing output for iteration 38...
Iteration 39
eta IR floor ON: Gamma_floor=0.5378 THz^2 (eta_ir_floor_cells=2, omega_c=2*dw=0.733 THz) on the unresolved soft modes.
[it 39] energy J(local)=[0.0975 0.0945 0.0961]
SigmaR resid-by-omega: peak w=1.10THz val=4.323e+02 in-band(<=46.4)=0.961 low(<=5)=0.243
Maximum Self-Energy Update: 432.30778602249126
Contact Current Difference: 0.0
Current Conservation abs: 0.09793527250621992
Current Conservation rel: 3.912502624172653e-06
Phonon: rel Sigma^R residual 2.6531e-01; lead balance 6.6452e-03 (best 1.3140e-03; internal spread 1.8300e-01)
Bubble energy balance: P_in=-1.963964e+04 P_out=-1.963964e+04 resid=1.373e-16
Writing output for iteration 39...
Iteration 40
eta IR floor ON: Gamma_floor=0.5378 THz^2 (eta_ir_floor_cells=2, omega_c=2*dw=0.733 THz) on the unresolved soft modes.
[it 40] energy J(local)=[0.0962 0.0915 0.0953]
SigmaR resid-by-omega: peak w=1.10THz val=3.500e+02 in-band(<=46.4)=0.961 low(<=5)=0.249
Maximum Self-Energy Update: 350.04608461768925
Contact Current Difference: 0.0
Current Conservation abs: 0.09389683553490613
Current Conservation rel: 3.7764158861617627e-06
Phonon: rel Sigma^R residual 2.2445e-01; lead balance 5.4915e-03 (best 1.3140e-03; internal spread 1.8801e-01)
Bubble energy balance: P_in=-1.987536e+04 P_out=-1.987536e+04 resid=2.994e-16
Writing output for iteration 40...
Iteration 41
eta IR floor ON: Gamma_floor=0.5378 THz^2 (eta_ir_floor_cells=2, omega_c=2*dw=0.733 THz) on the unresolved soft modes.
[it 41] energy J(local)=[0.0951 0.0891 0.0947]
SigmaR resid-by-omega: peak w=1.10THz val=2.884e+02 in-band(<=46.4)=0.961 low(<=5)=0.259
Maximum Self-Energy Update: 288.41619988784856
Contact Current Difference: 0.0
Current Conservation abs: 0.09097967696288833
Current Conservation rel: 3.601003164447991e-06
Phonon: rel Sigma^R residual 1.8856e-01; lead balance 4.3574e-03 (best 1.3140e-03; internal spread 1.9208e-01)
Bubble energy balance: P_in=-2.034829e+04 P_out=-2.034829e+04 resid=2.023e-16
Writing output for iteration 41...
Iteration 42
eta IR floor ON: Gamma_floor=0.5378 THz^2 (eta_ir_floor_cells=2, omega_c=2*dw=0.733 THz) on the unresolved soft modes.
[it 42] energy J(local)=[0.0942 0.0872 0.0945]
SigmaR resid-by-omega: peak w=1.10THz val=2.381e+02 in-band(<=46.4)=0.966 low(<=5)=0.247
Maximum Self-Energy Update: 238.06974836725797
Contact Current Difference: 0.0
Current Conservation abs: 0.08781300272858061
Current Conservation rel: 3.3843473428781317e-06
Phonon: rel Sigma^R residual 1.5742e-01; lead balance 3.3407e-03 (best 1.3140e-03; internal spread 1.9508e-01)
Bubble energy balance: P_in=-2.093585e+04 P_out=-2.093585e+04 resid=4.933e-16
Writing output for iteration 42...
Iteration 43
eta IR floor ON: Gamma_floor=0.5378 THz^2 (eta_ir_floor_cells=2, omega_c=2*dw=0.733 THz) on the unresolved soft modes.
[it 43] energy J(local)=[0.0936 0.0857 0.0944]
SigmaR resid-by-omega: peak w=0.73THz val=2.015e+02 in-band(<=46.4)=0.965 low(<=5)=0.223
Maximum Self-Energy Update: 201.4959176245542
Contact Current Difference: 0.0
Current Conservation abs: 0.0839991069133248
Current Conservation rel: 3.1386473794806856e-06
Phonon: rel Sigma^R residual 1.3433e-01; lead balance 2.5314e-03 (best 1.3140e-03; internal spread 1.9695e-01)
Bubble energy balance: P_in=-2.157032e+04 P_out=-2.157032e+04 resid=8.768e-17
Writing output for iteration 43...
Iteration 44
eta IR floor ON: Gamma_floor=0.5378 THz^2 (eta_ir_floor_cells=2, omega_c=2*dw=0.733 THz) on the unresolved soft modes.
[it 44] energy J(local)=[0.0932 0.0849 0.0945]
SigmaR resid-by-omega: peak w=0.73THz val=1.821e+02 in-band(<=46.4)=0.963 low(<=5)=0.196
Maximum Self-Energy Update: 182.10800911140623
Contact Current Difference: 0.0
Current Conservation abs: 0.07960717775131343
Current Conservation rel: 2.8839604836128154e-06
Phonon: rel Sigma^R residual 1.2216e-01; lead balance 1.9946e-03 (best 1.3140e-03; internal spread 1.9767e-01)
Bubble energy balance: P_in=-2.219914e+04 P_out=-2.219914e+04 resid=1.462e-16
Writing output for iteration 44...
Iteration 45
eta IR floor ON: Gamma_floor=0.5378 THz^2 (eta_ir_floor_cells=2, omega_c=2*dw=0.733 THz) on the unresolved soft modes.
[it 45] energy J(local)=[0.0931 0.0845 0.0948]
SigmaR resid-by-omega: peak w=0.73THz val=1.644e+02 in-band(<=46.4)=0.960 low(<=5)=0.183
Maximum Self-Energy Update: 164.41529601783196
Contact Current Difference: 0.0
Current Conservation abs: 0.07496022930536128
Current Conservation rel: 2.640763902510901e-06
Phonon: rel Sigma^R residual 1.1084e-01; lead balance 1.7615e-03 (best 1.3140e-03; internal spread 1.9732e-01)
Bubble energy balance: P_in=-2.278114e+04 P_out=-2.278114e+04 resid=8.123e-17
Writing output for iteration 45...
Iteration 46
eta IR floor ON: Gamma_floor=0.5378 THz^2 (eta_ir_floor_cells=2, omega_c=2*dw=0.733 THz) on the unresolved soft modes.
[it 46] energy J(local)=[0.0932 0.0846 0.0951]
SigmaR resid-by-omega: peak w=0.73THz val=1.475e+02 in-band(<=46.4)=0.960 low(<=5)=0.184
Maximum Self-Energy Update: 147.51065338169255
Contact Current Difference: 0.0
Current Conservation abs: 0.07041617320101068
Current Conservation rel: 2.4232960445606945e-06
Phonon: rel Sigma^R residual 9.9848e-02; lead balance 1.8285e-03 (best 1.3140e-03; internal spread 1.9603e-01)
Bubble energy balance: P_in=-2.328778e+04 P_out=-2.328778e+04 resid=8.019e-17
Writing output for iteration 46...
Iteration 47
eta IR floor ON: Gamma_floor=0.5378 THz^2 (eta_ir_floor_cells=2, omega_c=2*dw=0.733 THz) on the unresolved soft modes.
[it 47] energy J(local)=[0.0934 0.085  0.0955]
SigmaR resid-by-omega: peak w=1.10THz val=1.407e+02 in-band(<=46.4)=0.960 low(<=5)=0.188
Maximum Self-Energy Update: 140.73284973730767
Contact Current Difference: 0.0
Current Conservation abs: 0.06619524070811167
Current Conservation rel: 2.236447434567535e-06
Phonon: rel Sigma^R residual 9.5574e-02; lead balance 2.1613e-03 (best 1.3140e-03; internal spread 1.9393e-01)
Bubble energy balance: P_in=-2.370310e+04 P_out=-2.370310e+04 resid=6.199e-16
Writing output for iteration 47...
Iteration 48
eta IR floor ON: Gamma_floor=0.5378 THz^2 (eta_ir_floor_cells=2, omega_c=2*dw=0.733 THz) on the unresolved soft modes.
[it 48] energy J(local)=[0.0937 0.0856 0.0959]
SigmaR resid-by-omega: peak w=1.10THz val=1.321e+02 in-band(<=46.4)=0.960 low(<=5)=0.194
Maximum Self-Energy Update: 132.11521870669196
Contact Current Difference: 0.0
Current Conservation abs: 0.062327656474735704
Current Conservation rel: 2.0769186418685088e-06
Phonon: rel Sigma^R residual 8.9962e-02; lead balance 2.6999e-03 (best 1.3140e-03; internal spread 1.9121e-01)
Bubble energy balance: P_in=-2.402235e+04 P_out=-2.402235e+04 resid=2.449e-16
Writing output for iteration 48...
Iteration 49
eta IR floor ON: Gamma_floor=0.5378 THz^2 (eta_ir_floor_cells=2, omega_c=2*dw=0.733 THz) on the unresolved soft modes.
[it 49] energy J(local)=[0.0939 0.0863 0.0963]
SigmaR resid-by-omega: peak w=1.10THz val=1.217e+02 in-band(<=46.4)=0.961 low(<=5)=0.196
Maximum Self-Energy Update: 121.69747336183694
Contact Current Difference: 0.0
Current Conservation abs: 0.05871267028123839
Current Conservation rel: 1.9371203128841906e-06
Phonon: rel Sigma^R residual 8.3054e-02; lead balance 3.3674e-03 (best 1.3140e-03; internal spread 1.8801e-01)
Bubble energy balance: P_in=-2.424936e+04 P_out=-2.424936e+04 resid=2.464e-17
  JFNK: warmup done at it=50, ||R||=2.433e+04 -> engaging Newton-Krylov
Writing output for iteration 49...
Iteration 50
eta IR floor ON: Gamma_floor=0.5378 THz^2 (eta_ir_floor_cells=2, omega_c=2*dw=0.733 THz) on the unresolved soft modes.
[it 50] energy J(local)=[0.0941 0.087  0.0967]
SigmaR resid-by-omega: peak w=1.10THz val=1.111e+02 in-band(<=46.4)=0.963 low(<=5)=0.190
Maximum Self-Energy Update: 111.05839943144875
Contact Current Difference: 0.0
Current Conservation abs: 0.05521526839584112
Current Conservation rel: 1.8092081366695235e-06
Phonon: rel Sigma^R residual 7.5946e-02; lead balance 4.0832e-03 (best 1.3140e-03; internal spread 1.8449e-01)
Bubble energy balance: P_in=-2.439320e+04 P_out=-2.439320e+04 resid=2.424e-16
Writing output for iteration 50...
Iteration 51
eta IR floor ON: Gamma_floor=0.5378 THz^2 (eta_ir_floor_cells=2, omega_c=2*dw=0.733 THz) on the unresolved soft modes.
[it 51] energy J(local)=[0.0941 0.087  0.0967]
SigmaR resid-by-omega: peak w=1.10THz val=1.111e+02 in-band(<=46.4)=0.963 low(<=5)=0.190
Maximum Self-Energy Update: 111.05849854900642
Contact Current Difference: 0.0
Current Conservation abs: 0.05521530425721721
Current Conservation rel: 1.809209359731196e-06
Phonon: rel Sigma^R residual 7.5946e-02; lead balance 4.0832e-03 (best 1.3140e-03; internal spread 1.8449e-01)
Bubble energy balance: P_in=-2.439320e+04 P_out=-2.439320e+04 resid=5.243e-16
Writing output for iteration 51...
Iteration 52
eta IR floor ON: Gamma_floor=0.5378 THz^2 (eta_ir_floor_cells=2, omega_c=2*dw=0.733 THz) on the unresolved soft modes.
[it 52] energy J(local)=[0.0941 0.087  0.0967]
SigmaR resid-by-omega: peak w=1.10THz val=1.111e+02 in-band(<=46.4)=0.963 low(<=5)=0.190
Maximum Self-Energy Update: 111.0584137019824
Contact Current Difference: 0.0
Current Conservation abs: 0.055215312451764476
Current Conservation rel: 1.8092092109536053e-06
Phonon: rel Sigma^R residual 7.5946e-02; lead balance 4.0832e-03 (best 1.3140e-03; internal spread 1.8449e-01)
Bubble energy balance: P_in=-2.439320e+04 P_out=-2.439320e+04 resid=4.482e-16
Writing output for iteration 52...
Iteration 53
eta IR floor ON: Gamma_floor=0.5378 THz^2 (eta_ir_floor_cells=2, omega_c=2*dw=0.733 THz) on the unresolved soft modes.
[it 53] energy J(local)=[0.0941 0.087  0.0967]
SigmaR resid-by-omega: peak w=1.10THz val=1.111e+02 in-band(<=46.4)=0.963 low(<=5)=0.190
Maximum Self-Energy Update: 111.05802028417726
Contact Current Difference: 0.0
Current Conservation abs: 0.05521530569785682
Current Conservation rel: 1.8092105475795552e-06
Phonon: rel Sigma^R residual 7.5946e-02; lead balance 4.0832e-03 (best 1.3140e-03; internal spread 1.8449e-01)
Bubble energy balance: P_in=-2.439319e+04 P_out=-2.439319e+04 resid=1.556e-16
Writing output for iteration 53...
Iteration 54
eta IR floor ON: Gamma_floor=0.5378 THz^2 (eta_ir_floor_cells=2, omega_c=2*dw=0.733 THz) on the unresolved soft modes.
[it 54] energy J(local)=[0.0941 0.087  0.0967]
SigmaR resid-by-omega: peak w=1.10THz val=1.111e+02 in-band(<=46.4)=0.963 low(<=5)=0.190
Maximum Self-Energy Update: 111.05821226080398
Contact Current Difference: 0.0
Current Conservation abs: 0.05521528714780288
Current Conservation rel: 1.809208644531345e-06
Phonon: rel Sigma^R residual 7.5946e-02; lead balance 4.0832e-03 (best 1.3140e-03; internal spread 1.8449e-01)
Bubble energy balance: P_in=-2.439320e+04 P_out=-2.439320e+04 resid=8.854e-17
Writing output for iteration 54...
Iteration 55
eta IR floor ON: Gamma_floor=0.5378 THz^2 (eta_ir_floor_cells=2, omega_c=2*dw=0.733 THz) on the unresolved soft modes.
[it 55] energy J(local)=[0.0941 0.087  0.0967]
SigmaR resid-by-omega: peak w=1.10THz val=1.111e+02 in-band(<=46.4)=0.963 low(<=5)=0.190
Maximum Self-Energy Update: 111.05887458423582
Contact Current Difference: 0.0
Current Conservation abs: 0.055215208918525605
Current Conservation rel: 1.809206726603056e-06
Phonon: rel Sigma^R residual 7.5946e-02; lead balance 4.0831e-03 (best 1.3140e-03; internal spread 1.8449e-01)
Bubble energy balance: P_in=-2.439319e+04 P_out=-2.439319e+04 resid=8.994e-17
Writing output for iteration 55...
Iteration 56
eta IR floor ON: Gamma_floor=0.5378 THz^2 (eta_ir_floor_cells=2, omega_c=2*dw=0.733 THz) on the unresolved soft modes.
[it 56] energy J(local)=[0.0941 0.087  0.0967]
SigmaR resid-by-omega: peak w=1.10THz val=1.111e+02 in-band(<=46.4)=0.963 low(<=5)=0.190
Maximum Self-Energy Update: 111.05873422289066
Contact Current Difference: 0.0
Current Conservation abs: 0.05521525197036681
Current Conservation rel: 1.8092065673615515e-06
Phonon: rel Sigma^R residual 7.5946e-02; lead balance 4.0832e-03 (best 1.3140e-03; internal spread 1.8449e-01)
Bubble energy balance: P_in=-2.439320e+04 P_out=-2.439320e+04 resid=1.552e-16
Writing output for iteration 56...
Iteration 57
eta IR floor ON: Gamma_floor=0.5378 THz^2 (eta_ir_floor_cells=2, omega_c=2*dw=0.733 THz) on the unresolved soft modes.
[it 57] energy J(local)=[0.0941 0.087  0.0967]
SigmaR resid-by-omega: peak w=1.10THz val=1.111e+02 in-band(<=46.4)=0.963 low(<=5)=0.190
Maximum Self-Energy Update: 111.05735537431713
Contact Current Difference: 0.0
Current Conservation abs: 0.05521539736946579
Current Conservation rel: 1.8092139872127503e-06
Phonon: rel Sigma^R residual 7.5945e-02; lead balance 4.0832e-03 (best 1.3140e-03; internal spread 1.8449e-01)
Bubble energy balance: P_in=-2.439318e+04 P_out=-2.439318e+04 resid=2.238e-16
Writing output for iteration 57...
Iteration 58
eta IR floor ON: Gamma_floor=0.5378 THz^2 (eta_ir_floor_cells=2, omega_c=2*dw=0.733 THz) on the unresolved soft modes.
[it 58] energy J(local)=[0.0941 0.087  0.0967]
SigmaR resid-by-omega: peak w=1.10THz val=1.111e+02 in-band(<=46.4)=0.963 low(<=5)=0.190
Maximum Self-Energy Update: 111.05852358727205
Contact Current Difference: 0.0
Current Conservation abs: 0.055215265827428084
Current Conservation rel: 1.809207289550994e-06
Phonon: rel Sigma^R residual 7.5946e-02; lead balance 4.0832e-03 (best 1.3140e-03; internal spread 1.8449e-01)
Bubble energy balance: P_in=-2.439320e+04 P_out=-2.439320e+04 resid=4.229e-16
Writing output for iteration 58...
Iteration 59
eta IR floor ON: Gamma_floor=0.5378 THz^2 (eta_ir_floor_cells=2, omega_c=2*dw=0.733 THz) on the unresolved soft modes.
[it 59] energy J(local)=[0.0941 0.087  0.0967]
SigmaR resid-by-omega: peak w=1.10THz val=1.111e+02 in-band(<=46.4)=0.963 low(<=5)=0.190
Maximum Self-Energy Update: 111.05815506824544
Contact Current Difference: 0.0
Current Conservation abs: 0.055215315444002044
Current Conservation rel: 1.8092102398699864e-06
Phonon: rel Sigma^R residual 7.5946e-02; lead balance 4.0832e-03 (best 1.3140e-03; internal spread 1.8449e-01)
Bubble energy balance: P_in=-2.439319e+04 P_out=-2.439319e+04 resid=3.045e-16
Writing output for iteration 59...
Iteration 60
eta IR floor ON: Gamma_floor=0.5378 THz^2 (eta_ir_floor_cells=2, omega_c=2*dw=0.733 THz) on the unresolved soft modes.
[it 60] energy J(local)=[0.0941 0.087  0.0967]
SigmaR resid-by-omega: peak w=1.10THz val=1.111e+02 in-band(<=46.4)=0.963 low(<=5)=0.190
Maximum Self-Energy Update: 111.05819056611026
Contact Current Difference: 0.0
Current Conservation abs: 0.05521522859817196
Current Conservation rel: 1.8092070653445979e-06
Phonon: rel Sigma^R residual 7.5946e-02; lead balance 4.0832e-03 (best 1.3140e-03; internal spread 1.8449e-01)
Bubble energy balance: P_in=-2.439319e+04 P_out=-2.439319e+04 resid=1.067e-16
Writing output for iteration 60...
Iteration 61
eta IR floor ON: Gamma_floor=0.5378 THz^2 (eta_ir_floor_cells=2, omega_c=2*dw=0.733 THz) on the unresolved soft modes.
[it 61] energy J(local)=[0.0941 0.087  0.0967]
SigmaR resid-by-omega: peak w=1.10THz val=1.111e+02 in-band(<=46.4)=0.963 low(<=5)=0.190
Maximum Self-Energy Update: 111.05810461481052
Contact Current Difference: 0.0
Current Conservation abs: 0.05521536152809858
Current Conservation rel: 1.8092116829309699e-06
Phonon: rel Sigma^R residual 7.5946e-02; lead balance 4.0832e-03 (best 1.3140e-03; internal spread 1.8449e-01)
Bubble energy balance: P_in=-2.439319e+04 P_out=-2.439319e+04 resid=6.818e-17
Writing output for iteration 61...
Iteration 62
eta IR floor ON: Gamma_floor=0.5378 THz^2 (eta_ir_floor_cells=2, omega_c=2*dw=0.733 THz) on the unresolved soft modes.
[it 62] energy J(local)=[0.0941 0.087  0.0967]
SigmaR resid-by-omega: peak w=1.10THz val=1.111e+02 in-band(<=46.4)=0.963 low(<=5)=0.190
Maximum Self-Energy Update: 111.05853472210012
Contact Current Difference: 0.0
Current Conservation abs: 0.05521499306814803
Current Conservation rel: 1.8091990826750262e-06
Phonon: rel Sigma^R residual 7.5946e-02; lead balance 4.0831e-03 (best 1.3140e-03; internal spread 1.8449e-01)
Bubble energy balance: P_in=-2.439320e+04 P_out=-2.439320e+04 resid=8.006e-17
  JFNK newton#1: gmres_m=12 inner_res/||R||=9.41e-02 ||R||=2.170e+04 ||delta||=1.043e+04 trust=0.05 mu=0.00e+00
Writing output for iteration 62...
Iteration 63
eta IR floor ON: Gamma_floor=0.5378 THz^2 (eta_ir_floor_cells=2, omega_c=2*dw=0.733 THz) on the unresolved soft modes.
[it 63] energy J(local)=[0.0931 0.0868 0.0945]
SigmaR resid-by-omega: peak w=1.10THz val=9.413e+01 in-band(<=46.4)=0.964 low(<=5)=0.190
Maximum Self-Energy Update: 94.12534996382131
Contact Current Difference: 0.0
Current Conservation abs: 0.04784434805333149
Current Conservation rel: 1.58028734690729e-06
Phonon: rel Sigma^R residual 6.5350e-02; lead balance 5.1305e-03 (best 1.3140e-03; internal spread 1.7790e-01)
Bubble energy balance: P_in=-2.398505e+04 P_out=-2.398505e+04 resid=1.314e-16
Writing output for iteration 63...
Iteration 64
eta IR floor ON: Gamma_floor=0.5378 THz^2 (eta_ir_floor_cells=2, omega_c=2*dw=0.733 THz) on the unresolved soft modes.
[it 64] energy J(local)=[0.0931 0.0868 0.0945]
SigmaR resid-by-omega: peak w=1.10THz val=9.413e+01 in-band(<=46.4)=0.964 low(<=5)=0.190
Maximum Self-Energy Update: 94.12545475683635
Contact Current Difference: 0.0
Current Conservation abs: 0.047844384529525996
Current Conservation rel: 1.5802885131865947e-06
Phonon: rel Sigma^R residual 6.5350e-02; lead balance 5.1305e-03 (best 1.3140e-03; internal spread 1.7790e-01)
Bubble energy balance: P_in=-2.398505e+04 P_out=-2.398505e+04 resid=1.464e-16
Writing output for iteration 64...
Iteration 65
eta IR floor ON: Gamma_floor=0.5378 THz^2 (eta_ir_floor_cells=2, omega_c=2*dw=0.733 THz) on the unresolved soft modes.
[it 65] energy J(local)=[0.0931 0.0868 0.0945]
SigmaR resid-by-omega: peak w=1.10THz val=9.413e+01 in-band(<=46.4)=0.964 low(<=5)=0.190
Maximum Self-Energy Update: 94.12534171988034
Contact Current Difference: 0.0
Current Conservation abs: 0.04784438808565028
Current Conservation rel: 1.5802884996878605e-06
Phonon: rel Sigma^R residual 6.5350e-02; lead balance 5.1305e-03 (best 1.3140e-03; internal spread 1.7790e-01)
Bubble energy balance: P_in=-2.398505e+04 P_out=-2.398505e+04 resid=9.841e-17
Writing output for iteration 65...
Iteration 66
eta IR floor ON: Gamma_floor=0.5378 THz^2 (eta_ir_floor_cells=2, omega_c=2*dw=0.733 THz) on the unresolved soft modes.
[it 66] energy J(local)=[0.0931 0.0868 0.0945]
SigmaR resid-by-omega: peak w=1.10THz val=9.412e+01 in-band(<=46.4)=0.964 low(<=5)=0.190
Maximum Self-Energy Update: 94.12484302422513
Contact Current Difference: 0.0
Current Conservation abs: 0.047844385540884105
Current Conservation rel: 1.5802891431697234e-06
Phonon: rel Sigma^R residual 6.5349e-02; lead balance 5.1305e-03 (best 1.3140e-03; internal spread 1.7790e-01)
Bubble energy balance: P_in=-2.398504e+04 P_out=-2.398504e+04 resid=2.447e-16
Writing output for iteration 66...
Iteration 67
eta IR floor ON: Gamma_floor=0.5378 THz^2 (eta_ir_floor_cells=2, omega_c=2*dw=0.733 THz) on the unresolved soft modes.
[it 67] energy J(local)=[0.0931 0.0868 0.0945]
SigmaR resid-by-omega: peak w=1.10THz val=9.413e+01 in-band(<=46.4)=0.964 low(<=5)=0.190
Maximum Self-Energy Update: 94.12561308055717
Contact Current Difference: 0.0
Current Conservation abs: 0.04784431788721122
Current Conservation rel: 1.5802863686665658e-06
Phonon: rel Sigma^R residual 6.5350e-02; lead balance 5.1305e-03 (best 1.3140e-03; internal spread 1.7790e-01)
Bubble energy balance: P_in=-2.398505e+04 P_out=-2.398505e+04 resid=2.335e-16
Writing output for iteration 67...
Iteration 68
eta IR floor ON: Gamma_floor=0.5378 THz^2 (eta_ir_floor_cells=2, omega_c=2*dw=0.733 THz) on the unresolved soft modes.
[it 68] energy J(local)=[0.0931 0.0868 0.0945]
SigmaR resid-by-omega: peak w=1.10THz val=9.413e+01 in-band(<=46.4)=0.964 low(<=5)=0.190
Maximum Self-Energy Update: 94.12599336398063
Contact Current Difference: 0.0
Current Conservation abs: 0.04784429477513186
Current Conservation rel: 1.5802848480313847e-06
Phonon: rel Sigma^R residual 6.5350e-02; lead balance 5.1305e-03 (best 1.3140e-03; internal spread 1.7790e-01)
Bubble energy balance: P_in=-2.398505e+04 P_out=-2.398505e+04 resid=1.522e-16
Writing output for iteration 68...
Iteration 69
eta IR floor ON: Gamma_floor=0.5378 THz^2 (eta_ir_floor_cells=2, omega_c=2*dw=0.733 THz) on the unresolved soft modes.
[it 69] energy J(local)=[0.0931 0.0868 0.0945]
SigmaR resid-by-omega: peak w=1.10THz val=9.412e+01 in-band(<=46.4)=0.964 low(<=5)=0.190
Maximum Self-Energy Update: 94.12469587918619
Contact Current Difference: 0.0
Current Conservation abs: 0.04784444091274054
Current Conservation rel: 1.5802907850760535e-06
Phonon: rel Sigma^R residual 6.5349e-02; lead balance 5.1305e-03 (best 1.3140e-03; internal spread 1.7790e-01)
Bubble energy balance: P_in=-2.398504e+04 P_out=-2.398504e+04 resid=1.015e-16
Writing output for iteration 69...
Iteration 70
eta IR floor ON: Gamma_floor=0.5378 THz^2 (eta_ir_floor_cells=2, omega_c=2*dw=0.733 THz) on the unresolved soft modes.
[it 70] energy J(local)=[0.0931 0.0868 0.0945]
SigmaR resid-by-omega: peak w=1.10THz val=9.412e+01 in-band(<=46.4)=0.964 low(<=5)=0.190
Maximum Self-Energy Update: 94.12485839215095
Contact Current Difference: 0.0
Current Conservation abs: 0.04784440832554537
Current Conservation rel: 1.5802902495106775e-06
Phonon: rel Sigma^R residual 6.5349e-02; lead balance 5.1305e-03 (best 1.3140e-03; internal spread 1.7790e-01)
Bubble energy balance: P_in=-2.398504e+04 P_out=-2.398504e+04 resid=2.517e-16
Writing output for iteration 70...
Iteration 71
eta IR floor ON: Gamma_floor=0.5378 THz^2 (eta_ir_floor_cells=2, omega_c=2*dw=0.733 THz) on the unresolved soft modes.
[it 71] energy J(local)=[0.0931 0.0868 0.0945]
SigmaR resid-by-omega: peak w=1.10THz val=9.413e+01 in-band(<=46.4)=0.964 low(<=5)=0.190
Maximum Self-Energy Update: 94.12559128625401
Contact Current Difference: 0.0
Current Conservation abs: 0.0478443206884549
Current Conservation rel: 1.58028573939086e-06
Phonon: rel Sigma^R residual 6.5350e-02; lead balance 5.1305e-03 (best 1.3140e-03; internal spread 1.7790e-01)
Bubble energy balance: P_in=-2.398505e+04 P_out=-2.398505e+04 resid=9.584e-17
Writing output for iteration 71...
Iteration 72
eta IR floor ON: Gamma_floor=0.5378 THz^2 (eta_ir_floor_cells=2, omega_c=2*dw=0.733 THz) on the unresolved soft modes.
[it 72] energy J(local)=[0.0931 0.0868 0.0945]
SigmaR resid-by-omega: peak w=1.10THz val=9.413e+01 in-band(<=46.4)=0.964 low(<=5)=0.190
Maximum Self-Energy Update: 94.12515378107848
Contact Current Difference: 0.0
Current Conservation abs: 0.04784442294840119
Current Conservation rel: 1.5802902792875666e-06
Phonon: rel Sigma^R residual 6.5350e-02; lead balance 5.1305e-03 (best 1.3140e-03; internal spread 1.7790e-01)
Bubble energy balance: P_in=-2.398504e+04 P_out=-2.398504e+04 resid=1.545e-16
Writing output for iteration 72...
Iteration 73
eta IR floor ON: Gamma_floor=0.5378 THz^2 (eta_ir_floor_cells=2, omega_c=2*dw=0.733 THz) on the unresolved soft modes.
[it 73] energy J(local)=[0.0931 0.0868 0.0945]
SigmaR resid-by-omega: peak w=1.10THz val=9.413e+01 in-band(<=46.4)=0.964 low(<=5)=0.190
Maximum Self-Energy Update: 94.12533873491276
Contact Current Difference: 0.0
Current Conservation abs: 0.04784428698440024
Current Conservation rel: 1.5802843468028806e-06
Phonon: rel Sigma^R residual 6.5350e-02; lead balance 5.1305e-03 (best 1.3140e-03; internal spread 1.7790e-01)
Bubble energy balance: P_in=-2.398506e+04 P_out=-2.398506e+04 resid=2.282e-16
Writing output for iteration 73...
Iteration 74
eta IR floor ON: Gamma_floor=0.5378 THz^2 (eta_ir_floor_cells=2, omega_c=2*dw=0.733 THz) on the unresolved soft modes.
[it 74] energy J(local)=[0.0931 0.0868 0.0945]
SigmaR resid-by-omega: peak w=1.10THz val=9.413e+01 in-band(<=46.4)=0.964 low(<=5)=0.190
Maximum Self-Energy Update: 94.12513142229555
Contact Current Difference: 0.0
Current Conservation abs: 0.04784430517429428
Current Conservation rel: 1.5802869056127944e-06
Phonon: rel Sigma^R residual 6.5350e-02; lead balance 5.1305e-03 (best 1.3140e-03; internal spread 1.7790e-01)
Bubble energy balance: P_in=-2.398504e+04 P_out=-2.398504e+04 resid=2.622e-16
  JFNK newton#2: gmres_m=11 inner_res/||R||=2.89e-01 ||R||=1.782e+04 ||delta||=1.038e+04 trust=0.05 mu=0.00e+00
Writing output for iteration 74...
Iteration 75
eta IR floor ON: Gamma_floor=0.5378 THz^2 (eta_ir_floor_cells=2, omega_c=2*dw=0.733 THz) on the unresolved soft modes.
[it 75] energy J(local)=[0.092  0.0864 0.0922]
SigmaR resid-by-omega: peak w=1.10THz val=8.031e+01 in-band(<=46.4)=0.964 low(<=5)=0.187
Maximum Self-Energy Update: 80.31464490433729
Contact Current Difference: 0.0
Current Conservation abs: 0.04206191698904149
Current Conservation rel: 1.4005414211233576e-06
Phonon: rel Sigma^R residual 5.6263e-02; lead balance 5.0784e-03 (best 1.3140e-03; internal spread 1.7437e-01)
Bubble energy balance: P_in=-2.364438e+04 P_out=-2.364438e+04 resid=1.157e-16
Writing output for iteration 75...
Iteration 76
eta IR floor ON: Gamma_floor=0.5378 THz^2 (eta_ir_floor_cells=2, omega_c=2*dw=0.733 THz) on the unresolved soft modes.
[it 76] energy J(local)=[0.092  0.0864 0.0922]
SigmaR resid-by-omega: peak w=1.10THz val=8.031e+01 in-band(<=46.4)=0.964 low(<=5)=0.187
Maximum Self-Energy Update: 80.31477780844358
Contact Current Difference: 0.0
Current Conservation abs: 0.04206194739890634
Current Conservation rel: 1.400542293565992e-06
Phonon: rel Sigma^R residual 5.6263e-02; lead balance 5.0784e-03 (best 1.3140e-03; internal spread 1.7437e-01)
Bubble energy balance: P_in=-2.364438e+04 P_out=-2.364438e+04 resid=3.187e-16
Writing output for iteration 76...
Iteration 77
eta IR floor ON: Gamma_floor=0.5378 THz^2 (eta_ir_floor_cells=2, omega_c=2*dw=0.733 THz) on the unresolved soft modes.
[it 77] energy J(local)=[0.092  0.0864 0.0922]
SigmaR resid-by-omega: peak w=1.10THz val=8.031e+01 in-band(<=46.4)=0.964 low(<=5)=0.187
Maximum Self-Energy Update: 80.31459841046936
Contact Current Difference: 0.0
Current Conservation abs: 0.04206195733422646
Current Conservation rel: 1.4005427759315603e-06
Phonon: rel Sigma^R residual 5.6263e-02; lead balance 5.0784e-03 (best 1.3140e-03; internal spread 1.7437e-01)
Bubble energy balance: P_in=-2.364438e+04 P_out=-2.364438e+04 resid=1.360e-16
Writing output for iteration 77...
Iteration 78
eta IR floor ON: Gamma_floor=0.5378 THz^2 (eta_ir_floor_cells=2, omega_c=2*dw=0.733 THz) on the unresolved soft modes.
[it 78] energy J(local)=[0.092  0.0864 0.0922]
SigmaR resid-by-omega: peak w=1.10THz val=8.031e+01 in-band(<=46.4)=0.964 low(<=5)=0.187
Maximum Self-Energy Update: 80.3144121087395
Contact Current Difference: 0.0
Current Conservation abs: 0.042061914300575154
Current Conservation rel: 1.4005407665061408e-06
Phonon: rel Sigma^R residual 5.6263e-02; lead balance 5.0784e-03 (best 1.3140e-03; internal spread 1.7437e-01)
Bubble energy balance: P_in=-2.364439e+04 P_out=-2.364439e+04 resid=2.313e-16
Writing output for iteration 78...
Iteration 79
eta IR floor ON: Gamma_floor=0.5378 THz^2 (eta_ir_floor_cells=2, omega_c=2*dw=0.733 THz) on the unresolved soft modes.
[it 79] energy J(local)=[0.092  0.0864 0.0922]
SigmaR resid-by-omega: peak w=1.10THz val=8.031e+01 in-band(<=46.4)=0.964 low(<=5)=0.187
Maximum Self-Energy Update: 80.31450212793291
Contact Current Difference: 0.0
Current Conservation abs: 0.042061921529239044
Current Conservation rel: 1.400542629930589e-06
Phonon: rel Sigma^R residual 5.6263e-02; lead balance 5.0784e-03 (best 1.3140e-03; internal spread 1.7437e-01)
Bubble energy balance: P_in=-2.364437e+04 P_out=-2.364437e+04 resid=2.530e-16
Writing output for iteration 79...
Iteration 80
eta IR floor ON: Gamma_floor=0.5378 THz^2 (eta_ir_floor_cells=2, omega_c=2*dw=0.733 THz) on the unresolved soft modes.
[it 80] energy J(local)=[0.092  0.0864 0.0922]
SigmaR resid-by-omega: peak w=1.10THz val=8.032e+01 in-band(<=46.4)=0.964 low(<=5)=0.187
Maximum Self-Energy Update: 80.3153753789736
Contact Current Difference: 0.0
Current Conservation abs: 0.04206188037824177
Current Conservation rel: 1.4005396115117345e-06
Phonon: rel Sigma^R residual 5.6263e-02; lead balance 5.0784e-03 (best 1.3140e-03; internal spread 1.7437e-01)
Bubble energy balance: P_in=-2.364439e+04 P_out=-2.364439e+04 resid=1.885e-16
Writing output for iteration 80...
Iteration 81
eta IR floor ON: Gamma_floor=0.5378 THz^2 (eta_ir_floor_cells=2, omega_c=2*dw=0.733 THz) on the unresolved soft modes.
[it 81] energy J(local)=[0.092  0.0864 0.0922]
SigmaR resid-by-omega: peak w=1.10THz val=8.031e+01 in-band(<=46.4)=0.964 low(<=5)=0.187
Maximum Self-Energy Update: 80.31499898489945
Contact Current Difference: 0.0
Current Conservation abs: 0.042061889689648524
Current Conservation rel: 1.4005399134592526e-06
Phonon: rel Sigma^R residual 5.6263e-02; lead balance 5.0784e-03 (best 1.3140e-03; internal spread 1.7437e-01)
Bubble energy balance: P_in=-2.364439e+04 P_out=-2.364439e+04 resid=2.241e-16
Writing output for iteration 81...
Iteration 82
eta IR floor ON: Gamma_floor=0.5378 THz^2 (eta_ir_floor_cells=2, omega_c=2*dw=0.733 THz) on the unresolved soft modes.
[it 82] energy J(local)=[0.092  0.0864 0.0922]
SigmaR resid-by-omega: peak w=1.10THz val=8.031e+01 in-band(<=46.4)=0.964 low(<=5)=0.187
Maximum Self-Energy Update: 80.31411465000856
Contact Current Difference: 0.0
Current Conservation abs: 0.04206200048793107
Current Conservation rel: 1.4005443595574144e-06
Phonon: rel Sigma^R residual 5.6262e-02; lead balance 5.0785e-03 (best 1.3140e-03; internal spread 1.7437e-01)
Bubble energy balance: P_in=-2.364438e+04 P_out=-2.364438e+04 resid=2.365e-17
Writing output for iteration 82...
Iteration 83
eta IR floor ON: Gamma_floor=0.5378 THz^2 (eta_ir_floor_cells=2, omega_c=2*dw=0.733 THz) on the unresolved soft modes.
[it 83] energy J(local)=[0.092  0.0864 0.0922]
SigmaR resid-by-omega: peak w=1.10THz val=8.031e+01 in-band(<=46.4)=0.964 low(<=5)=0.187
Maximum Self-Energy Update: 80.31428730853285
Contact Current Difference: 0.0
Current Conservation abs: 0.042061978247147636
Current Conservation rel: 1.4005441408181449e-06
Phonon: rel Sigma^R residual 5.6262e-02; lead balance 5.0785e-03 (best 1.3140e-03; internal spread 1.7437e-01)
Bubble energy balance: P_in=-2.364437e+04 P_out=-2.364437e+04 resid=9.290e-17
Writing output for iteration 83...
Iteration 84
eta IR floor ON: Gamma_floor=0.5378 THz^2 (eta_ir_floor_cells=2, omega_c=2*dw=0.733 THz) on the unresolved soft modes.
[it 84] energy J(local)=[0.092  0.0864 0.0922]
SigmaR resid-by-omega: peak w=1.10THz val=8.032e+01 in-band(<=46.4)=0.964 low(<=5)=0.187
Maximum Self-Energy Update: 80.3152047042526
Contact Current Difference: 0.0
Current Conservation abs: 0.04206182691632421
Current Conservation rel: 1.4005373081837388e-06
Phonon: rel Sigma^R residual 5.6263e-02; lead balance 5.0784e-03 (best 1.3140e-03; internal spread 1.7437e-01)
Bubble energy balance: P_in=-2.364439e+04 P_out=-2.364439e+04 resid=2.368e-16
Writing output for iteration 84...
Iteration 85
eta IR floor ON: Gamma_floor=0.5378 THz^2 (eta_ir_floor_cells=2, omega_c=2*dw=0.733 THz) on the unresolved soft modes.
[it 85] energy J(local)=[0.092  0.0864 0.0922]
SigmaR resid-by-omega: peak w=1.10THz val=8.031e+01 in-band(<=46.4)=0.964 low(<=5)=0.187
Maximum Self-Energy Update: 80.31437388712503
Contact Current Difference: 0.0
Current Conservation abs: 0.04206204958609305
Current Conservation rel: 1.4005461350703011e-06
Phonon: rel Sigma^R residual 5.6263e-02; lead balance 5.0785e-03 (best 1.3140e-03; internal spread 1.7437e-01)
Bubble energy balance: P_in=-2.364438e+04 P_out=-2.364438e+04 resid=7.712e-17
Writing output for iteration 85...
Iteration 86
eta IR floor ON: Gamma_floor=0.5378 THz^2 (eta_ir_floor_cells=2, omega_c=2*dw=0.733 THz) on the unresolved soft modes.
[it 86] energy J(local)=[0.092  0.0864 0.0922]
SigmaR resid-by-omega: peak w=1.10THz val=8.031e+01 in-band(<=46.4)=0.964 low(<=5)=0.187
Maximum Self-Energy Update: 80.31461600788637
Contact Current Difference: 0.0
Current Conservation abs: 0.042061800722876796
Current Conservation rel: 1.4005373536911203e-06
Phonon: rel Sigma^R residual 5.6263e-02; lead balance 5.0784e-03 (best 1.3140e-03; internal spread 1.7437e-01)
Bubble energy balance: P_in=-2.364438e+04 P_out=-2.364438e+04 resid=1.197e-16
Writing output for iteration 86...
Iteration 87
eta IR floor ON: Gamma_floor=0.5378 THz^2 (eta_ir_floor_cells=2, omega_c=2*dw=0.733 THz) on the unresolved soft modes.
[it 87] energy J(local)=[0.092  0.0864 0.0922]
SigmaR resid-by-omega: peak w=1.10THz val=8.031e+01 in-band(<=46.4)=0.964 low(<=5)=0.187
Maximum Self-Energy Update: 80.31464729965379
Contact Current Difference: 0.0
Current Conservation abs: 0.04206176949082874
Current Conservation rel: 1.4005365057647595e-06
Phonon: rel Sigma^R residual 5.6263e-02; lead balance 5.0784e-03 (best 1.3140e-03; internal spread 1.7437e-01)
Bubble energy balance: P_in=-2.364438e+04 P_out=-2.364438e+04 resid=1.820e-18
  JFNK newton#3: gmres_m=12 inner_res/||R||=3.45e-01 ||R||=1.454e+04 ||delta||=1.040e+04 trust=0.05 mu=0.00e+00
Writing output for iteration 87...
Iteration 88
eta IR floor ON: Gamma_floor=0.5378 THz^2 (eta_ir_floor_cells=2, omega_c=2*dw=0.733 THz) on the unresolved soft modes.
[it 88] energy J(local)=[0.0907 0.0861 0.0903]
SigmaR resid-by-omega: peak w=1.10THz val=6.944e+01 in-band(<=46.4)=0.964 low(<=5)=0.184
Maximum Self-Energy Update: 69.44454726815474
Contact Current Difference: 0.0
Current Conservation abs: 0.03457868273835629
Current Conservation rel: 1.1641660687206569e-06
Phonon: rel Sigma^R residual 4.9124e-02; lead balance 4.6683e-03 (best 1.3140e-03; internal spread 1.7023e-01)
Bubble energy balance: P_in=-2.332096e+04 P_out=-2.332096e+04 resid=1.023e-16
Writing output for iteration 88...
Iteration 89
eta IR floor ON: Gamma_floor=0.5378 THz^2 (eta_ir_floor_cells=2, omega_c=2*dw=0.733 THz) on the unresolved soft modes.
[it 89] energy J(local)=[0.0907 0.0861 0.0903]
SigmaR resid-by-omega: peak w=1.10THz val=6.944e+01 in-band(<=46.4)=0.964 low(<=5)=0.184
Maximum Self-Energy Update: 69.44471500389129
Contact Current Difference: 0.0
Current Conservation abs: 0.03457869588783069
Current Conservation rel: 1.164166284373446e-06
Phonon: rel Sigma^R residual 4.9124e-02; lead balance 4.6683e-03 (best 1.3140e-03; internal spread 1.7023e-01)
Bubble energy balance: P_in=-2.332096e+04 P_out=-2.332096e+04 resid=3.143e-16
Writing output for iteration 89...
Iteration 90
eta IR floor ON: Gamma_floor=0.5378 THz^2 (eta_ir_floor_cells=2, omega_c=2*dw=0.733 THz) on the unresolved soft modes.
[it 90] energy J(local)=[0.0907 0.0861 0.0903]
SigmaR resid-by-omega: peak w=1.10THz val=6.944e+01 in-band(<=46.4)=0.964 low(<=5)=0.184
Maximum Self-Energy Update: 69.44445562624473
Contact Current Difference: 0.0
Current Conservation abs: 0.03457873217848828
Current Conservation rel: 1.1641679479694988e-06
Phonon: rel Sigma^R residual 4.9124e-02; lead balance 4.6683e-03 (best 1.3140e-03; internal spread 1.7023e-01)
Bubble energy balance: P_in=-2.332096e+04 P_out=-2.332096e+04 resid=2.266e-16
Writing output for iteration 90...
Iteration 91
eta IR floor ON: Gamma_floor=0.5378 THz^2 (eta_ir_floor_cells=2, omega_c=2*dw=0.733 THz) on the unresolved soft modes.
[it 91] energy J(local)=[0.0907 0.0861 0.0903]
SigmaR resid-by-omega: peak w=1.10THz val=6.944e+01 in-band(<=46.4)=0.964 low(<=5)=0.184
Maximum Self-Energy Update: 69.44444787113062
Contact Current Difference: 0.0
Current Conservation abs: 0.03457866315875435
Current Conservation rel: 1.1641646817533775e-06
Phonon: rel Sigma^R residual 4.9124e-02; lead balance 4.6683e-03 (best 1.3140e-03; internal spread 1.7023e-01)
Bubble energy balance: P_in=-2.332097e+04 P_out=-2.332097e+04 resid=3.124e-16
Writing output for iteration 91...
Iteration 92
eta IR floor ON: Gamma_floor=0.5378 THz^2 (eta_ir_floor_cells=2, omega_c=2*dw=0.733 THz) on the unresolved soft modes.
[it 92] energy J(local)=[0.0907 0.0861 0.0903]
SigmaR resid-by-omega: peak w=1.10THz val=6.944e+01 in-band(<=46.4)=0.964 low(<=5)=0.184
Maximum Self-Energy Update: 69.4443420483767
Contact Current Difference: 0.0
Current Conservation abs: 0.03457868420264276
Current Conservation rel: 1.164167037321574e-06
Phonon: rel Sigma^R residual 4.9124e-02; lead balance 4.6684e-03 (best 1.3140e-03; internal spread 1.7023e-01)
Bubble energy balance: P_in=-2.332095e+04 P_out=-2.332095e+04 resid=8.890e-17
Writing output for iteration 92...
Iteration 93
eta IR floor ON: Gamma_floor=0.5378 THz^2 (eta_ir_floor_cells=2, omega_c=2*dw=0.733 THz) on the unresolved soft modes.
[it 93] energy J(local)=[0.0907 0.0861 0.0903]
SigmaR resid-by-omega: peak w=1.10THz val=6.945e+01 in-band(<=46.4)=0.964 low(<=5)=0.184
Maximum Self-Energy Update: 69.44536900623585
Contact Current Difference: 0.0
Current Conservation abs: 0.034578681663333555
Current Conservation rel: 1.164165607531297e-06
Phonon: rel Sigma^R residual 4.9125e-02; lead balance 4.6683e-03 (best 1.3140e-03; internal spread 1.7023e-01)
Bubble energy balance: P_in=-2.332097e+04 P_out=-2.332097e+04 resid=1.560e-16
Writing output for iteration 93...
Iteration 94
eta IR floor ON: Gamma_floor=0.5378 THz^2 (eta_ir_floor_cells=2, omega_c=2*dw=0.733 THz) on the unresolved soft modes.
[it 94] energy J(local)=[0.0907 0.0861 0.0903]
SigmaR resid-by-omega: peak w=1.10THz val=6.944e+01 in-band(<=46.4)=0.964 low(<=5)=0.184
Maximum Self-Energy Update: 69.44479224142336
Contact Current Difference: 0.0
Current Conservation abs: 0.034578630127725773
Current Conservation rel: 1.164163752081314e-06
Phonon: rel Sigma^R residual 4.9124e-02; lead balance 4.6683e-03 (best 1.3140e-03; internal spread 1.7023e-01)
Bubble energy balance: P_in=-2.332097e+04 P_out=-2.332097e+04 resid=3.483e-16
Writing output for iteration 94...
Iteration 95
eta IR floor ON: Gamma_floor=0.5378 THz^2 (eta_ir_floor_cells=2, omega_c=2*dw=0.733 THz) on the unresolved soft modes.
[it 95] energy J(local)=[0.0907 0.0861 0.0903]
SigmaR resid-by-omega: peak w=1.10THz val=6.944e+01 in-band(<=46.4)=0.964 low(<=5)=0.184
Maximum Self-Energy Update: 69.44390349821595
Contact Current Difference: 0.0
Current Conservation abs: 0.03457884263661981
Current Conservation rel: 1.1641719068724562e-06
Phonon: rel Sigma^R residual 4.9124e-02; lead balance 4.6684e-03 (best 1.3140e-03; internal spread 1.7023e-01)
Bubble energy balance: P_in=-2.332096e+04 P_out=-2.332096e+04 resid=7.828e-17
Writing output for iteration 95...
Iteration 96
eta IR floor ON: Gamma_floor=0.5378 THz^2 (eta_ir_floor_cells=2, omega_c=2*dw=0.733 THz) on the unresolved soft modes.
[it 96] energy J(local)=[0.0907 0.0861 0.0903]
SigmaR resid-by-omega: peak w=1.10THz val=6.944e+01 in-band(<=46.4)=0.964 low(<=5)=0.184
Maximum Self-Energy Update: 69.44425380502807
Contact Current Difference: 0.0
Current Conservation abs: 0.03457875403728394
Current Conservation rel: 1.16416884132182e-06
Phonon: rel Sigma^R residual 4.9124e-02; lead balance 4.6684e-03 (best 1.3140e-03; internal spread 1.7023e-01)
Bubble energy balance: P_in=-2.332096e+04 P_out=-2.332096e+04 resid=1.245e-17
Writing output for iteration 96...
Iteration 97
eta IR floor ON: Gamma_floor=0.5378 THz^2 (eta_ir_floor_cells=2, omega_c=2*dw=0.733 THz) on the unresolved soft modes.
[it 97] energy J(local)=[0.0907 0.0861 0.0903]
SigmaR resid-by-omega: peak w=1.10THz val=6.945e+01 in-band(<=46.4)=0.964 low(<=5)=0.184
Maximum Self-Energy Update: 69.44503835237268
Contact Current Difference: 0.0
Current Conservation abs: 0.034578550559672294
Current Conservation rel: 1.1641608025689996e-06
Phonon: rel Sigma^R residual 4.9124e-02; lead balance 4.6683e-03 (best 1.3140e-03; internal spread 1.7023e-01)
Bubble energy balance: P_in=-2.332097e+04 P_out=-2.332097e+04 resid=1.414e-16
Writing output for iteration 97...
Iteration 98
eta IR floor ON: Gamma_floor=0.5378 THz^2 (eta_ir_floor_cells=2, omega_c=2*dw=0.733 THz) on the unresolved soft modes.
[it 98] energy J(local)=[0.0907 0.0861 0.0903]
SigmaR resid-by-omega: peak w=1.10THz val=6.944e+01 in-band(<=46.4)=0.964 low(<=5)=0.184
Maximum Self-Energy Update: 69.44424806640171
Contact Current Difference: 0.0
Current Conservation abs: 0.034578977327328175
Current Conservation rel: 1.1641761904401645e-06
Phonon: rel Sigma^R residual 4.9124e-02; lead balance 4.6684e-03 (best 1.3140e-03; internal spread 1.7023e-01)
Bubble energy balance: P_in=-2.332096e+04 P_out=-2.332096e+04 resid=1.630e-16
Writing output for iteration 98...
Iteration 99
eta IR floor ON: Gamma_floor=0.5378 THz^2 (eta_ir_floor_cells=2, omega_c=2*dw=0.733 THz) on the unresolved soft modes.
[it 99] energy J(local)=[0.0907 0.0861 0.0903]
SigmaR resid-by-omega: peak w=1.10THz val=6.944e+01 in-band(<=46.4)=0.964 low(<=5)=0.184
Maximum Self-Energy Update: 69.4446606744593
Contact Current Difference: 0.0
Current Conservation abs: 0.03457836485540611
Current Conservation rel: 1.1641551070154038e-06
Phonon: rel Sigma^R residual 4.9124e-02; lead balance 4.6683e-03 (best 1.3140e-03; internal spread 1.7023e-01)
Bubble energy balance: P_in=-2.332097e+04 P_out=-2.332097e+04 resid=1.567e-16
Writing output for iteration 99...
Iteration 100
eta IR floor ON: Gamma_floor=0.5378 THz^2 (eta_ir_floor_cells=2, omega_c=2*dw=0.733 THz) on the unresolved soft modes.
[it 100] energy J(local)=[0.0907 0.0861 0.0903]
SigmaR resid-by-omega: peak w=1.10THz val=6.944e+01 in-band(<=46.4)=0.964 low(<=5)=0.184
Maximum Self-Energy Update: 69.44460007304312
Contact Current Difference: 0.0
Current Conservation abs: 0.03457851479106466
Current Conservation rel: 1.1641604052152116e-06
Phonon: rel Sigma^R residual 4.9124e-02; lead balance 4.6683e-03 (best 1.3140e-03; internal spread 1.7023e-01)
Bubble energy balance: P_in=-2.332096e+04 P_out=-2.332096e+04 resid=2.488e-16
  JFNK newton#4: gmres_m=12 inner_res/||R||=4.47e-01 ||R||=1.211e+04 ||delta||=1.046e+04 trust=0.05 mu=0.00e+00
Writing output for iteration 100...
Iteration 101
eta IR floor ON: Gamma_floor=0.5378 THz^2 (eta_ir_floor_cells=2, omega_c=2*dw=0.733 THz) on the unresolved soft modes.
[it 101] energy J(local)=[0.0891 0.0855 0.0884]
SigmaR resid-by-omega: peak w=1.10THz val=6.064e+01 in-band(<=46.4)=0.965 low(<=5)=0.181
Maximum Self-Energy Update: 60.63910711450141
Contact Current Difference: 0.0
Current Conservation abs: 0.02256587933334231
Current Conservation rel: 7.696693092643413e-07
Phonon: rel Sigma^R residual 4.3298e-02; lead balance 3.7196e-03 (best 1.3140e-03; internal spread 1.6530e-01)
Bubble energy balance: P_in=-2.300993e+04 P_out=-2.300993e+04 resid=1.583e-16
Writing output for iteration 101...
Iteration 102
eta IR floor ON: Gamma_floor=0.5378 THz^2 (eta_ir_floor_cells=2, omega_c=2*dw=0.733 THz) on the unresolved soft modes.
[it 102] energy J(local)=[0.0891 0.0855 0.0884]
SigmaR resid-by-omega: peak w=1.10THz val=6.064e+01 in-band(<=46.4)=0.965 low(<=5)=0.181
Maximum Self-Energy Update: 60.639327939635244
Contact Current Difference: 0.0
Current Conservation abs: 0.022565846531506395
Current Conservation rel: 7.696679574601442e-07
Phonon: rel Sigma^R residual 4.3298e-02; lead balance 3.7196e-03 (best 1.3140e-03; internal spread 1.6530e-01)
Bubble energy balance: P_in=-2.300993e+04 P_out=-2.300993e+04 resid=2.790e-16
Writing output for iteration 102...
Iteration 103
eta IR floor ON: Gamma_floor=0.5378 THz^2 (eta_ir_floor_cells=2, omega_c=2*dw=0.733 THz) on the unresolved soft modes.
[it 103] energy J(local)=[0.0891 0.0855 0.0884]
SigmaR resid-by-omega: peak w=1.10THz val=6.064e+01 in-band(<=46.4)=0.965 low(<=5)=0.181
Maximum Self-Energy Update: 60.638959671712456
Contact Current Difference: 0.0
Current Conservation abs: 0.022565959025087068
Current Conservation rel: 7.696723046193011e-07
Phonon: rel Sigma^R residual 4.3298e-02; lead balance 3.7196e-03 (best 1.3140e-03; internal spread 1.6530e-01)
Bubble energy balance: P_in=-2.300993e+04 P_out=-2.300993e+04 resid=2.809e-17
Writing output for iteration 103...
Iteration 104
eta IR floor ON: Gamma_floor=0.5378 THz^2 (eta_ir_floor_cells=2, omega_c=2*dw=0.733 THz) on the unresolved soft modes.
[it 104] energy J(local)=[0.0891 0.0855 0.0884]
SigmaR resid-by-omega: peak w=1.10THz val=6.064e+01 in-band(<=46.4)=0.965 low(<=5)=0.181
Maximum Self-Energy Update: 60.6390076086826
Contact Current Difference: 0.0
Current Conservation abs: 0.022565857720110216
Current Conservation rel: 7.696681209756511e-07
Phonon: rel Sigma^R residual 4.3298e-02; lead balance 3.7196e-03 (best 1.3140e-03; internal spread 1.6530e-01)
Bubble energy balance: P_in=-2.300994e+04 P_out=-2.300994e+04 resid=3.311e-16
Writing output for iteration 104...
Iteration 105
eta IR floor ON: Gamma_floor=0.5378 THz^2 (eta_ir_floor_cells=2, omega_c=2*dw=0.733 THz) on the unresolved soft modes.
[it 105] energy J(local)=[0.0891 0.0855 0.0884]
SigmaR resid-by-omega: peak w=1.10THz val=6.064e+01 in-band(<=46.4)=0.965 low(<=5)=0.181
Maximum Self-Energy Update: 60.63889169875164
Contact Current Difference: 0.0
Current Conservation abs: 0.022565883647985174
Current Conservation rel: 7.696701307333974e-07
Phonon: rel Sigma^R residual 4.3298e-02; lead balance 3.7196e-03 (best 1.3140e-03; internal spread 1.6530e-01)
Bubble energy balance: P_in=-2.300992e+04 P_out=-2.300992e+04 resid=2.832e-16
Writing output for iteration 105...
Iteration 106
eta IR floor ON: Gamma_floor=0.5378 THz^2 (eta_ir_floor_cells=2, omega_c=2*dw=0.733 THz) on the unresolved soft modes.
[it 106] energy J(local)=[0.0891 0.0855 0.0884]
SigmaR resid-by-omega: peak w=1.10THz val=6.064e+01 in-band(<=46.4)=0.965 low(<=5)=0.181
Maximum Self-Energy Update: 60.63997292457242
Contact Current Difference: 0.0
Current Conservation abs: 0.022565933320947806
Current Conservation rel: 7.696708471026064e-07
Phonon: rel Sigma^R residual 4.3298e-02; lead balance 3.7195e-03 (best 1.3140e-03; internal spread 1.6530e-01)
Bubble energy balance: P_in=-2.300993e+04 P_out=-2.300993e+04 resid=1.961e-16
Writing output for iteration 106...
Iteration 107
eta IR floor ON: Gamma_floor=0.5378 THz^2 (eta_ir_floor_cells=2, omega_c=2*dw=0.733 THz) on the unresolved soft modes.
[it 107] energy J(local)=[0.0891 0.0855 0.0884]
SigmaR resid-by-omega: peak w=1.10THz val=6.064e+01 in-band(<=46.4)=0.965 low(<=5)=0.181
Maximum Self-Energy Update: 60.639293009040266
Contact Current Difference: 0.0
Current Conservation abs: 0.022565738992852857
Current Conservation rel: 7.696641664454763e-07
Phonon: rel Sigma^R residual 4.3298e-02; lead balance 3.7196e-03 (best 1.3140e-03; internal spread 1.6530e-01)
Bubble energy balance: P_in=-2.300994e+04 P_out=-2.300994e+04 resid=9.464e-17
Writing output for iteration 107...
Iteration 108
eta IR floor ON: Gamma_floor=0.5378 THz^2 (eta_ir_floor_cells=2, omega_c=2*dw=0.733 THz) on the unresolved soft modes.
[it 108] energy J(local)=[0.0891 0.0855 0.0884]
SigmaR resid-by-omega: peak w=1.10THz val=6.064e+01 in-band(<=46.4)=0.965 low(<=5)=0.181
Maximum Self-Energy Update: 60.63824658720551
Contact Current Difference: 0.0
Current Conservation abs: 0.022566271587493247
Current Conservation rel: 7.696832462176029e-07
Phonon: rel Sigma^R residual 4.3297e-02; lead balance 3.7197e-03 (best 1.3140e-03; internal spread 1.6530e-01)
Bubble energy balance: P_in=-2.300992e+04 P_out=-2.300992e+04 resid=7.956e-17
Writing output for iteration 108...
Iteration 109
eta IR floor ON: Gamma_floor=0.5378 THz^2 (eta_ir_floor_cells=2, omega_c=2*dw=0.733 THz) on the unresolved soft modes.
[it 109] energy J(local)=[0.0891 0.0855 0.0884]
SigmaR resid-by-omega: peak w=1.10THz val=6.064e+01 in-band(<=46.4)=0.965 low(<=5)=0.181
Maximum Self-Energy Update: 60.63911256941577
Contact Current Difference: 0.0
Current Conservation abs: 0.02256578692322364
Current Conservation rel: 7.696660093237887e-07
Phonon: rel Sigma^R residual 4.3298e-02; lead balance 3.7196e-03 (best 1.3140e-03; internal spread 1.6530e-01)
Bubble energy balance: P_in=-2.300993e+04 P_out=-2.300993e+04 resid=1.536e-16
Writing output for iteration 109...
Iteration 110
eta IR floor ON: Gamma_floor=0.5378 THz^2 (eta_ir_floor_cells=2, omega_c=2*dw=0.733 THz) on the unresolved soft modes.
[it 110] energy J(local)=[0.0891 0.0855 0.0884]
SigmaR resid-by-omega: peak w=1.10THz val=6.064e+01 in-band(<=46.4)=0.965 low(<=5)=0.181
Maximum Self-Energy Update: 60.63935836063742
Contact Current Difference: 0.0
Current Conservation abs: 0.022565753522940213
Current Conservation rel: 7.696647330930304e-07
Phonon: rel Sigma^R residual 4.3298e-02; lead balance 3.7196e-03 (best 1.3140e-03; internal spread 1.6530e-01)
Bubble energy balance: P_in=-2.300993e+04 P_out=-2.300993e+04 resid=1.238e-16
Writing output for iteration 110...
Iteration 111
eta IR floor ON: Gamma_floor=0.5378 THz^2 (eta_ir_floor_cells=2, omega_c=2*dw=0.733 THz) on the unresolved soft modes.
[it 111] energy J(local)=[0.0891 0.0855 0.0884]
SigmaR resid-by-omega: peak w=1.10THz val=6.064e+01 in-band(<=46.4)=0.965 low(<=5)=0.181
Maximum Self-Energy Update: 60.638721842186534
Contact Current Difference: 0.0
Current Conservation abs: 0.022566521733097034
Current Conservation rel: 7.696913334578331e-07
Phonon: rel Sigma^R residual 4.3297e-02; lead balance 3.7197e-03 (best 1.3140e-03; internal spread 1.6530e-01)
Bubble energy balance: P_in=-2.300993e+04 P_out=-2.300993e+04 resid=1.524e-16
Writing output for iteration 111...
Iteration 112
eta IR floor ON: Gamma_floor=0.5378 THz^2 (eta_ir_floor_cells=2, omega_c=2*dw=0.733 THz) on the unresolved soft modes.
[it 112] energy J(local)=[0.0891 0.0855 0.0884]
SigmaR resid-by-omega: peak w=1.10THz val=6.064e+01 in-band(<=46.4)=0.965 low(<=5)=0.181
Maximum Self-Energy Update: 60.6392740442168
Contact Current Difference: 0.0
Current Conservation abs: 0.022565381052118028
Current Conservation rel: 7.696521828314771e-07
Phonon: rel Sigma^R residual 4.3298e-02; lead balance 3.7195e-03 (best 1.3140e-03; internal spread 1.6530e-01)
Bubble energy balance: P_in=-2.300993e+04 P_out=-2.300993e+04 resid=1.611e-16
Writing output for iteration 112...
Iteration 113
eta IR floor ON: Gamma_floor=0.5378 THz^2 (eta_ir_floor_cells=2, omega_c=2*dw=0.733 THz) on the unresolved soft modes.
[it 113] energy J(local)=[0.0891 0.0855 0.0884]
SigmaR resid-by-omega: peak w=1.10THz val=6.064e+01 in-band(<=46.4)=0.965 low(<=5)=0.181
Maximum Self-Energy Update: 60.63908985611947
Contact Current Difference: 0.0
Current Conservation abs: 0.02256593523088668
Current Conservation rel: 7.696710990224705e-07
Phonon: rel Sigma^R residual 4.3298e-02; lead balance 3.7196e-03 (best 1.3140e-03; internal spread 1.6530e-01)
Bubble energy balance: P_in=-2.300993e+04 P_out=-2.300993e+04 resid=2.374e-16
Writing output for iteration 113...
Iteration 114
eta IR floor ON: Gamma_floor=0.5378 THz^2 (eta_ir_floor_cells=2, omega_c=2*dw=0.733 THz) on the unresolved soft modes.
[it 114] energy J(local)=[0.0891 0.0855 0.0884]
SigmaR resid-by-omega: peak w=1.10THz val=6.064e+01 in-band(<=46.4)=0.965 low(<=5)=0.181
Maximum Self-Energy Update: 60.63886167712749
Contact Current Difference: 0.0
Current Conservation abs: 0.022566461384485592
Current Conservation rel: 7.696893688343445e-07
Phonon: rel Sigma^R residual 4.3298e-02; lead balance 3.7196e-03 (best 1.3140e-03; internal spread 1.6530e-01)
Bubble energy balance: P_in=-2.300993e+04 P_out=-2.300993e+04 resid=4.791e-16
  JFNK newton#5: gmres_m=13 inner_res/||R||=4.22e-01 ||R||=1.021e+04 ||delta||=1.056e+04 trust=0.05 mu=0.00e+00
Writing output for iteration 114...
Iteration 115
eta IR floor ON: Gamma_floor=0.5378 THz^2 (eta_ir_floor_cells=2, omega_c=2*dw=0.733 THz) on the unresolved soft modes.
[it 115] energy J(local)=[0.0891 0.0858 0.0881]
SigmaR resid-by-omega: peak w=1.10THz val=5.539e+01 in-band(<=46.4)=0.965 low(<=5)=0.184
Maximum Self-Energy Update: 55.389787411786806
Contact Current Difference: 0.0
Current Conservation abs: 0.022545438190718414
Current Conservation rel: 7.806181530894535e-07
Phonon: rel Sigma^R residual 3.9934e-02; lead balance 4.4847e-03 (best 1.3140e-03; internal spread 1.6115e-01)
Bubble energy balance: P_in=-2.270971e+04 P_out=-2.270971e+04 resid=1.638e-16
Writing output for iteration 115...
Iteration 116
eta IR floor ON: Gamma_floor=0.5378 THz^2 (eta_ir_floor_cells=2, omega_c=2*dw=0.733 THz) on the unresolved soft modes.
[it 116] energy J(local)=[0.0891 0.0858 0.0881]
SigmaR resid-by-omega: peak w=1.10THz val=5.539e+01 in-band(<=46.4)=0.965 low(<=5)=0.184
Maximum Self-Energy Update: 55.39002727180944
Contact Current Difference: 0.0
Current Conservation abs: 0.022545413001353154
Current Conservation rel: 7.806169627288454e-07
Phonon: rel Sigma^R residual 3.9934e-02; lead balance 4.4846e-03 (best 1.3140e-03; internal spread 1.6115e-01)
Bubble energy balance: P_in=-2.270972e+04 P_out=-2.270972e+04 resid=4.446e-17
Writing output for iteration 116...
Iteration 117
eta IR floor ON: Gamma_floor=0.5378 THz^2 (eta_ir_floor_cells=2, omega_c=2*dw=0.733 THz) on the unresolved soft modes.
[it 117] energy J(local)=[0.0891 0.0858 0.0881]
SigmaR resid-by-omega: peak w=1.10THz val=5.539e+01 in-band(<=46.4)=0.965 low(<=5)=0.184
Maximum Self-Energy Update: 55.38962588450577
Contact Current Difference: 0.0
Current Conservation abs: 0.022545503639776143
Current Conservation rel: 7.806208811407808e-07
Phonon: rel Sigma^R residual 3.9934e-02; lead balance 4.4847e-03 (best 1.3140e-03; internal spread 1.6115e-01)
Bubble energy balance: P_in=-2.270971e+04 P_out=-2.270971e+04 resid=1.639e-16
Writing output for iteration 117...
Iteration 118
eta IR floor ON: Gamma_floor=0.5378 THz^2 (eta_ir_floor_cells=2, omega_c=2*dw=0.733 THz) on the unresolved soft modes.
[it 118] energy J(local)=[0.0891 0.0858 0.0881]
SigmaR resid-by-omega: peak w=1.10THz val=5.539e+01 in-band(<=46.4)=0.965 low(<=5)=0.184
Maximum Self-Energy Update: 55.38963906737924
Contact Current Difference: 0.0
Current Conservation abs: 0.02254544579227513
Current Conservation rel: 7.806180435846052e-07
Phonon: rel Sigma^R residual 3.9934e-02; lead balance 4.4847e-03 (best 1.3140e-03; internal spread 1.6115e-01)
Bubble energy balance: P_in=-2.270972e+04 P_out=-2.270972e+04 resid=3.208e-16
Writing output for iteration 118...
Iteration 119
eta IR floor ON: Gamma_floor=0.5378 THz^2 (eta_ir_floor_cells=2, omega_c=2*dw=0.733 THz) on the unresolved soft modes.
[it 119] energy J(local)=[0.0891 0.0858 0.0881]
SigmaR resid-by-omega: peak w=1.10THz val=5.539e+01 in-band(<=46.4)=0.965 low(<=5)=0.184
Maximum Self-Energy Update: 55.38953559013574
Contact Current Difference: 0.0
Current Conservation abs: 0.022545436928339768
Current Conservation rel: 7.806188186582249e-07
Phonon: rel Sigma^R residual 3.9934e-02; lead balance 4.4847e-03 (best 1.3140e-03; internal spread 1.6115e-01)
Bubble energy balance: P_in=-2.270970e+04 P_out=-2.270970e+04 resid=4.875e-16
Writing output for iteration 119...
Iteration 120
eta IR floor ON: Gamma_floor=0.5378 THz^2 (eta_ir_floor_cells=2, omega_c=2*dw=0.733 THz) on the unresolved soft modes.
[it 120] energy J(local)=[0.0891 0.0858 0.0881]
SigmaR resid-by-omega: peak w=1.10THz val=5.539e+01 in-band(<=46.4)=0.965 low(<=5)=0.184
Maximum Self-Energy Update: 55.390660986568236
Contact Current Difference: 0.0
Current Conservation abs: 0.02254548163000436
Current Conservation rel: 7.806193960983457e-07
Phonon: rel Sigma^R residual 3.9935e-02; lead balance 4.4846e-03 (best 1.3140e-03; internal spread 1.6115e-01)
Bubble energy balance: P_in=-2.270972e+04 P_out=-2.270972e+04 resid=1.314e-16
Writing output for iteration 120...
Iteration 121
eta IR floor ON: Gamma_floor=0.5378 THz^2 (eta_ir_floor_cells=2, omega_c=2*dw=0.733 THz) on the unresolved soft modes.
[it 121] energy J(local)=[0.0891 0.0858 0.0881]
SigmaR resid-by-omega: peak w=1.10THz val=5.539e+01 in-band(<=46.4)=0.965 low(<=5)=0.184
Maximum Self-Energy Update: 55.389970409607315
Contact Current Difference: 0.0
Current Conservation abs: 0.022545309439010452
Current Conservation rel: 7.806132666672826e-07
Phonon: rel Sigma^R residual 3.9934e-02; lead balance 4.4846e-03 (best 1.3140e-03; internal spread 1.6115e-01)
Bubble energy balance: P_in=-2.270972e+04 P_out=-2.270972e+04 resid=8.172e-17
Writing output for iteration 121...
Iteration 122
eta IR floor ON: Gamma_floor=0.5378 THz^2 (eta_ir_floor_cells=2, omega_c=2*dw=0.733 THz) on the unresolved soft modes.
[it 122] energy J(local)=[0.0891 0.0858 0.0881]
SigmaR resid-by-omega: peak w=1.10THz val=5.539e+01 in-band(<=46.4)=0.965 low(<=5)=0.184
Maximum Self-Energy Update: 55.38928056262194
Contact Current Difference: 0.0
Current Conservation abs: 0.022545598043507198
Current Conservation rel: 7.806240585235872e-07
Phonon: rel Sigma^R residual 3.9934e-02; lead balance 4.4847e-03 (best 1.3140e-03; internal spread 1.6115e-01)
Bubble energy balance: P_in=-2.270971e+04 P_out=-2.270971e+04 resid=9.109e-17
Writing output for iteration 122...
Iteration 123
eta IR floor ON: Gamma_floor=0.5378 THz^2 (eta_ir_floor_cells=2, omega_c=2*dw=0.733 THz) on the unresolved soft modes.
[it 123] energy J(local)=[0.0891 0.0858 0.0881]
SigmaR resid-by-omega: peak w=1.10THz val=5.539e+01 in-band(<=46.4)=0.965 low(<=5)=0.184
Maximum Self-Energy Update: 55.38905891718186
Contact Current Difference: 0.0
Current Conservation abs: 0.022545648889717995
Current Conservation rel: 7.806258557394169e-07
Phonon: rel Sigma^R residual 3.9934e-02; lead balance 4.4847e-03 (best 1.3140e-03; internal spread 1.6115e-01)
Bubble energy balance: P_in=-2.270971e+04 P_out=-2.270971e+04 resid=2.652e-16
Writing output for iteration 123...
Iteration 124
eta IR floor ON: Gamma_floor=0.5378 THz^2 (eta_ir_floor_cells=2, omega_c=2*dw=0.733 THz) on the unresolved soft modes.
[it 124] energy J(local)=[0.0891 0.0858 0.0881]
SigmaR resid-by-omega: peak w=1.10THz val=5.539e+01 in-band(<=46.4)=0.965 low(<=5)=0.184
Maximum Self-Energy Update: 55.38992295647147
Contact Current Difference: 0.0
Current Conservation abs: 0.02254521368558926
Current Conservation rel: 7.806100293033504e-07
Phonon: rel Sigma^R residual 3.9934e-02; lead balance 4.4846e-03 (best 1.3140e-03; internal spread 1.6115e-01)
Bubble energy balance: P_in=-2.270972e+04 P_out=-2.270972e+04 resid=1.696e-16
Writing output for iteration 124...
Iteration 125
eta IR floor ON: Gamma_floor=0.5378 THz^2 (eta_ir_floor_cells=2, omega_c=2*dw=0.733 THz) on the unresolved soft modes.
[it 125] energy J(local)=[0.0891 0.0858 0.0881]
SigmaR resid-by-omega: peak w=1.10THz val=5.539e+01 in-band(<=46.4)=0.965 low(<=5)=0.184
Maximum Self-Energy Update: 55.389308302627256
Contact Current Difference: 0.0
Current Conservation abs: 0.02254601922686561
Current Conservation rel: 7.806383819876829e-07
Phonon: rel Sigma^R residual 3.9934e-02; lead balance 4.4848e-03 (best 1.3140e-03; internal spread 1.6115e-01)
Bubble energy balance: P_in=-2.270971e+04 P_out=-2.270971e+04 resid=1.008e-16
Writing output for iteration 125...
Iteration 126
eta IR floor ON: Gamma_floor=0.5378 THz^2 (eta_ir_floor_cells=2, omega_c=2*dw=0.733 THz) on the unresolved soft modes.
[it 126] energy J(local)=[0.0891 0.0858 0.0881]
SigmaR resid-by-omega: peak w=1.10THz val=5.539e+01 in-band(<=46.4)=0.965 low(<=5)=0.184
Maximum Self-Energy Update: 55.389844805442614
Contact Current Difference: 0.0
Current Conservation abs: 0.022545107933183317
Current Conservation rel: 7.806066059902638e-07
Phonon: rel Sigma^R residual 3.9934e-02; lead balance 4.4846e-03 (best 1.3140e-03; internal spread 1.6115e-01)
Bubble energy balance: P_in=-2.270972e+04 P_out=-2.270972e+04 resid=1.021e-16
Writing output for iteration 126...
Iteration 127
eta IR floor ON: Gamma_floor=0.5378 THz^2 (eta_ir_floor_cells=2, omega_c=2*dw=0.733 THz) on the unresolved soft modes.
[it 127] energy J(local)=[0.0891 0.0858 0.0881]
SigmaR resid-by-omega: peak w=1.10THz val=5.539e+01 in-band(<=46.4)=0.965 low(<=5)=0.184
Maximum Self-Energy Update: 55.38981034361924
Contact Current Difference: 0.0
Current Conservation abs: 0.022545300102137844
Current Conservation rel: 7.806133406791222e-07
Phonon: rel Sigma^R residual 3.9934e-02; lead balance 4.4846e-03 (best 1.3140e-03; internal spread 1.6115e-01)
Bubble energy balance: P_in=-2.270971e+04 P_out=-2.270971e+04 resid=1.726e-16
Writing output for iteration 127...
Iteration 128
eta IR floor ON: Gamma_floor=0.5378 THz^2 (eta_ir_floor_cells=2, omega_c=2*dw=0.733 THz) on the unresolved soft modes.
[it 128] energy J(local)=[0.0891 0.0858 0.0881]
SigmaR resid-by-omega: peak w=1.10THz val=5.539e+01 in-band(<=46.4)=0.965 low(<=5)=0.184
Maximum Self-Energy Update: 55.38950512957529
Contact Current Difference: 0.0
Current Conservation abs: 0.022545895122675574
Current Conservation rel: 7.806341839233539e-07
Phonon: rel Sigma^R residual 3.9934e-02; lead balance 4.4847e-03 (best 1.3140e-03; internal spread 1.6115e-01)
Bubble energy balance: P_in=-2.270971e+04 P_out=-2.270971e+04 resid=2.403e-16
Writing output for iteration 128...
Iteration 129
eta IR floor ON: Gamma_floor=0.5378 THz^2 (eta_ir_floor_cells=2, omega_c=2*dw=0.733 THz) on the unresolved soft modes.
[it 129] energy J(local)=[0.0891 0.0858 0.0881]
SigmaR resid-by-omega: peak w=1.10THz val=5.539e+01 in-band(<=46.4)=0.965 low(<=5)=0.184
Maximum Self-Energy Update: 55.38987377180577
Contact Current Difference: 0.0
Current Conservation abs: 0.022544756608112948
Current Conservation rel: 7.805946139907029e-07
Phonon: rel Sigma^R residual 3.9934e-02; lead balance 4.4846e-03 (best 1.3140e-03; internal spread 1.6115e-01)
Bubble energy balance: P_in=-2.270971e+04 P_out=-2.270971e+04 resid=8.574e-17
Writing output for iteration 129...
Iteration 130
eta IR floor ON: Gamma_floor=0.5378 THz^2 (eta_ir_floor_cells=2, omega_c=2*dw=0.733 THz) on the unresolved soft modes.
[it 130] energy J(local)=[0.0891 0.0858 0.0881]
SigmaR resid-by-omega: peak w=1.10THz val=5.539e+01 in-band(<=46.4)=0.965 low(<=5)=0.184
Maximum Self-Energy Update: 55.389717737714314
Contact Current Difference: 0.0
Current Conservation abs: 0.022545911471752333
Current Conservation rel: 7.806343977760948e-07
Phonon: rel Sigma^R residual 3.9934e-02; lead balance 4.4847e-03 (best 1.3140e-03; internal spread 1.6115e-01)
Bubble energy balance: P_in=-2.270972e+04 P_out=-2.270972e+04 resid=2.455e-16
Writing output for iteration 130...
Iteration 131
eta IR floor ON: Gamma_floor=0.5378 THz^2 (eta_ir_floor_cells=2, omega_c=2*dw=0.733 THz) on the unresolved soft modes.
[it 131] energy J(local)=[0.0891 0.0858 0.0881]
SigmaR resid-by-omega: peak w=1.10THz val=5.539e+01 in-band(<=46.4)=0.965 low(<=5)=0.184
Maximum Self-Energy Update: 55.389778883018685
Contact Current Difference: 0.0
Current Conservation abs: 0.022545862097103964
Current Conservation rel: 7.806326315741895e-07
Phonon: rel Sigma^R residual 3.9934e-02; lead balance 4.4847e-03 (best 1.3140e-03; internal spread 1.6115e-01)
Bubble energy balance: P_in=-2.270972e+04 P_out=-2.270972e+04 resid=9.149e-17
Writing output for iteration 131...
Iteration 132
eta IR floor ON: Gamma_floor=0.5378 THz^2 (eta_ir_floor_cells=2, omega_c=2*dw=0.733 THz) on the unresolved soft modes.
[it 132] energy J(local)=[0.0891 0.0858 0.0881]
SigmaR resid-by-omega: peak w=1.10THz val=5.539e+01 in-band(<=46.4)=0.965 low(<=5)=0.184
Maximum Self-Energy Update: 55.39020149119899
Contact Current Difference: 0.0
Current Conservation abs: 0.02254468042519875
Current Conservation rel: 7.805917668339253e-07
Phonon: rel Sigma^R residual 3.9934e-02; lead balance 4.4846e-03 (best 1.3140e-03; internal spread 1.6115e-01)
Bubble energy balance: P_in=-2.270972e+04 P_out=-2.270972e+04 resid=1.450e-16
  JFNK newton#6: gmres_m=17 inner_res/||R||=4.91e-01 ||R||=8.816e+03 ||delta||=1.069e+04 trust=0.05 mu=0.00e+00
Writing output for iteration 132...
Iteration 133
eta IR floor ON: Gamma_floor=0.5378 THz^2 (eta_ir_floor_cells=2, omega_c=2*dw=0.733 THz) on the unresolved soft modes.
[it 133] energy J(local)=[0.089  0.0859 0.0878]
SigmaR resid-by-omega: peak w=1.10THz val=4.989e+01 in-band(<=46.4)=0.965 low(<=5)=0.185
Maximum Self-Energy Update: 49.88979997170597
Contact Current Difference: 0.0
Current Conservation abs: 0.020460156089029624
Current Conservation rel: 7.200200878472876e-07
Phonon: rel Sigma^R residual 3.6325e-02; lead balance 5.0479e-03 (best 1.3140e-03; internal spread 1.5653e-01)
Bubble energy balance: P_in=-2.241758e+04 P_out=-2.241758e+04 resid=3.504e-16
Writing output for iteration 133...
Iteration 134
eta IR floor ON: Gamma_floor=0.5378 THz^2 (eta_ir_floor_cells=2, omega_c=2*dw=0.733 THz) on the unresolved soft modes.
[it 134] energy J(local)=[0.089  0.0859 0.0878]
SigmaR resid-by-omega: peak w=1.10THz val=4.989e+01 in-band(<=46.4)=0.965 low(<=5)=0.185
Maximum Self-Energy Update: 49.890063886446825
Contact Current Difference: 0.0
Current Conservation abs: 0.02046013115977985
Current Conservation rel: 7.200188457429767e-07
Phonon: rel Sigma^R residual 3.6325e-02; lead balance 5.0479e-03 (best 1.3140e-03; internal spread 1.5653e-01)
Bubble energy balance: P_in=-2.241759e+04 P_out=-2.241759e+04 resid=4.105e-16
Writing output for iteration 134...
Iteration 135
eta IR floor ON: Gamma_floor=0.5378 THz^2 (eta_ir_floor_cells=2, omega_c=2*dw=0.733 THz) on the unresolved soft modes.
[it 135] energy J(local)=[0.089  0.0859 0.0878]
SigmaR resid-by-omega: peak w=1.10THz val=4.989e+01 in-band(<=46.4)=0.965 low(<=5)=0.185
Maximum Self-Energy Update: 49.88965672398425
Contact Current Difference: 0.0
Current Conservation abs: 0.020460207682845066
Current Conservation rel: 7.200224255854178e-07
Phonon: rel Sigma^R residual 3.6325e-02; lead balance 5.0479e-03 (best 1.3140e-03; internal spread 1.5653e-01)
Bubble energy balance: P_in=-2.241757e+04 P_out=-2.241757e+04 resid=1.692e-16
Writing output for iteration 135...
Iteration 136
eta IR floor ON: Gamma_floor=0.5378 THz^2 (eta_ir_floor_cells=2, omega_c=2*dw=0.733 THz) on the unresolved soft modes.
[it 136] energy J(local)=[0.089  0.0859 0.0878]
SigmaR resid-by-omega: peak w=1.10THz val=4.989e+01 in-band(<=46.4)=0.965 low(<=5)=0.185
Maximum Self-Energy Update: 49.88957866889252
Contact Current Difference: 0.0
Current Conservation abs: 0.02046018263717997
Current Conservation rel: 7.200208169895673e-07
Phonon: rel Sigma^R residual 3.6325e-02; lead balance 5.0479e-03 (best 1.3140e-03; internal spread 1.5653e-01)
Bubble energy balance: P_in=-2.241759e+04 P_out=-2.241759e+04 resid=3.247e-16
Writing output for iteration 136...
Iteration 137
eta IR floor ON: Gamma_floor=0.5378 THz^2 (eta_ir_floor_cells=2, omega_c=2*dw=0.733 THz) on the unresolved soft modes.
[it 137] energy J(local)=[0.089  0.0859 0.0878]
SigmaR resid-by-omega: peak w=1.10THz val=4.989e+01 in-band(<=46.4)=0.965 low(<=5)=0.185
Maximum Self-Energy Update: 49.889518669145005
Contact Current Difference: 0.0
Current Conservation abs: 0.020460153344174614
Current Conservation rel: 7.200206785239921e-07
Phonon: rel Sigma^R residual 3.6325e-02; lead balance 5.0479e-03 (best 1.3140e-03; internal spread 1.5653e-01)
Bubble energy balance: P_in=-2.241757e+04 P_out=-2.241757e+04 resid=1.161e-16
Writing output for iteration 137...
Iteration 138
eta IR floor ON: Gamma_floor=0.5378 THz^2 (eta_ir_floor_cells=2, omega_c=2*dw=0.733 THz) on the unresolved soft modes.
[it 138] energy J(local)=[0.089  0.0859 0.0878]
SigmaR resid-by-omega: peak w=1.10THz val=4.989e+01 in-band(<=46.4)=0.965 low(<=5)=0.185
Maximum Self-Energy Update: 49.89067585542081
Contact Current Difference: 0.0
Current Conservation abs: 0.020460195191844832
Current Conservation rel: 7.200212583419109e-07
Phonon: rel Sigma^R residual 3.6326e-02; lead balance 5.0478e-03 (best 1.3140e-03; internal spread 1.5653e-01)
Bubble energy balance: P_in=-2.241758e+04 P_out=-2.241758e+04 resid=3.309e-16
Writing output for iteration 138...
Iteration 139
eta IR floor ON: Gamma_floor=0.5378 THz^2 (eta_ir_floor_cells=2, omega_c=2*dw=0.733 THz) on the unresolved soft modes.
[it 139] energy J(local)=[0.089  0.0859 0.0878]
SigmaR resid-by-omega: peak w=1.10THz val=4.989e+01 in-band(<=46.4)=0.965 low(<=5)=0.185
Maximum Self-Energy Update: 49.890012305628694
Contact Current Difference: 0.0
Current Conservation abs: 0.020460033405470313
Current Conservation rel: 7.200152952150254e-07
Phonon: rel Sigma^R residual 3.6325e-02; lead balance 5.0478e-03 (best 1.3140e-03; internal spread 1.5653e-01)
Bubble energy balance: P_in=-2.241759e+04 P_out=-2.241759e+04 resid=1.639e-16
Writing output for iteration 139...
Iteration 140
eta IR floor ON: Gamma_floor=0.5378 THz^2 (eta_ir_floor_cells=2, omega_c=2*dw=0.733 THz) on the unresolved soft modes.
[it 140] energy J(local)=[0.089  0.0859 0.0878]
SigmaR resid-by-omega: peak w=1.10THz val=4.989e+01 in-band(<=46.4)=0.965 low(<=5)=0.185
Maximum Self-Energy Update: 49.88953352720549
Contact Current Difference: 0.0
Current Conservation abs: 0.02046020062698517
Current Conservation rel: 7.200217744402944e-07
Phonon: rel Sigma^R residual 3.6325e-02; lead balance 5.0479e-03 (best 1.3140e-03; internal spread 1.5653e-01)
Bubble energy balance: P_in=-2.241758e+04 P_out=-2.241758e+04 resid=2.445e-16
Writing output for iteration 140...
Iteration 141
eta IR floor ON: Gamma_floor=0.5378 THz^2 (eta_ir_floor_cells=2, omega_c=2*dw=0.733 THz) on the unresolved soft modes.
[it 141] energy J(local)=[0.089  0.0859 0.0878]
SigmaR resid-by-omega: peak w=1.10THz val=4.989e+01 in-band(<=46.4)=0.965 low(<=5)=0.185
Maximum Self-Energy Update: 49.888989846728634
Contact Current Difference: 0.0
Current Conservation abs: 0.02046035897001275
Current Conservation rel: 7.200277189021369e-07
Phonon: rel Sigma^R residual 3.6324e-02; lead balance 5.0480e-03 (best 1.3140e-03; internal spread 1.5653e-01)
Bubble energy balance: P_in=-2.241757e+04 P_out=-2.241757e+04 resid=3.644e-16
Writing output for iteration 141...
Iteration 142
eta IR floor ON: Gamma_floor=0.5378 THz^2 (eta_ir_floor_cells=2, omega_c=2*dw=0.733 THz) on the unresolved soft modes.
[it 142] energy J(local)=[0.089  0.0859 0.0878]
SigmaR resid-by-omega: peak w=1.10THz val=4.989e+01 in-band(<=46.4)=0.965 low(<=5)=0.185
Maximum Self-Energy Update: 49.89005058025365
Contact Current Difference: 0.0
Current Conservation abs: 0.0204598427790188
Current Conservation rel: 7.200087769628948e-07
Phonon: rel Sigma^R residual 3.6325e-02; lead balance 5.0478e-03 (best 1.3140e-03; internal spread 1.5653e-01)
Bubble energy balance: P_in=-2.241759e+04 P_out=-2.241759e+04 resid=2.484e-16
Writing output for iteration 142...
Iteration 143
eta IR floor ON: Gamma_floor=0.5378 THz^2 (eta_ir_floor_cells=2, omega_c=2*dw=0.733 THz) on the unresolved soft modes.
[it 143] energy J(local)=[0.089  0.0859 0.0878]
SigmaR resid-by-omega: peak w=1.10THz val=4.989e+01 in-band(<=46.4)=0.965 low(<=5)=0.185
Maximum Self-Energy Update: 49.88928530927125
Contact Current Difference: 0.0
Current Conservation abs: 0.020460628900764277
Current Conservation rel: 7.200367779718649e-07
Phonon: rel Sigma^R residual 3.6324e-02; lead balance 5.0480e-03 (best 1.3140e-03; internal spread 1.5653e-01)
Bubble energy balance: P_in=-2.241758e+04 P_out=-2.241758e+04 resid=3.263e-16
Writing output for iteration 143...
Iteration 144
eta IR floor ON: Gamma_floor=0.5378 THz^2 (eta_ir_floor_cells=2, omega_c=2*dw=0.733 THz) on the unresolved soft modes.
[it 144] energy J(local)=[0.089  0.0859 0.0878]
SigmaR resid-by-omega: peak w=1.10THz val=4.989e+01 in-band(<=46.4)=0.965 low(<=5)=0.185
Maximum Self-Energy Update: 49.889682892776186
Contact Current Difference: 0.0
Current Conservation abs: 0.02046007152966922
Current Conservation rel: 7.200170677121063e-07
Phonon: rel Sigma^R residual 3.6325e-02; lead balance 5.0479e-03 (best 1.3140e-03; internal spread 1.5653e-01)
Bubble energy balance: P_in=-2.241758e+04 P_out=-2.241758e+04 resid=7.901e-19
Writing output for iteration 144...
Iteration 145
eta IR floor ON: Gamma_floor=0.5378 THz^2 (eta_ir_floor_cells=2, omega_c=2*dw=0.733 THz) on the unresolved soft modes.
[it 145] energy J(local)=[0.089  0.0859 0.0878]
SigmaR resid-by-omega: peak w=1.10THz val=4.989e+01 in-band(<=46.4)=0.965 low(<=5)=0.185
Maximum Self-Energy Update: 49.88981542195976
Contact Current Difference: 0.0
Current Conservation abs: 0.020459898623812478
Current Conservation rel: 7.200109428222793e-07
Phonon: rel Sigma^R residual 3.6325e-02; lead balance 5.0478e-03 (best 1.3140e-03; internal spread 1.5653e-01)
Bubble energy balance: P_in=-2.241758e+04 P_out=-2.241758e+04 resid=1.143e-16
Writing output for iteration 145...
Iteration 146
eta IR floor ON: Gamma_floor=0.5378 THz^2 (eta_ir_floor_cells=2, omega_c=2*dw=0.733 THz) on the unresolved soft modes.
[it 146] energy J(local)=[0.089  0.0859 0.0878]
SigmaR resid-by-omega: peak w=1.10THz val=4.989e+01 in-band(<=46.4)=0.965 low(<=5)=0.185
Maximum Self-Energy Update: 49.88994566323211
Contact Current Difference: 0.0
Current Conservation abs: 0.02046054731363256
Current Conservation rel: 7.200340388739855e-07
Phonon: rel Sigma^R residual 3.6325e-02; lead balance 5.0479e-03 (best 1.3140e-03; internal spread 1.5653e-01)
Bubble energy balance: P_in=-2.241758e+04 P_out=-2.241758e+04 resid=3.300e-16
Writing output for iteration 146...
Iteration 147
eta IR floor ON: Gamma_floor=0.5378 THz^2 (eta_ir_floor_cells=2, omega_c=2*dw=0.733 THz) on the unresolved soft modes.
[it 147] energy J(local)=[0.089  0.0859 0.0878]
SigmaR resid-by-omega: peak w=1.10THz val=4.989e+01 in-band(<=46.4)=0.965 low(<=5)=0.185
Maximum Self-Energy Update: 49.889994179537894
Contact Current Difference: 0.0
Current Conservation abs: 0.02045975992223248
Current Conservation rel: 7.200061929315718e-07
Phonon: rel Sigma^R residual 3.6325e-02; lead balance 5.0478e-03 (best 1.3140e-03; internal spread 1.5653e-01)
Bubble energy balance: P_in=-2.241758e+04 P_out=-2.241758e+04 resid=8.205e-17
Writing output for iteration 147...
Iteration 148
eta IR floor ON: Gamma_floor=0.5378 THz^2 (eta_ir_floor_cells=2, omega_c=2*dw=0.733 THz) on the unresolved soft modes.
[it 148] energy J(local)=[0.089  0.0859 0.0878]
SigmaR resid-by-omega: peak w=1.10THz val=4.989e+01 in-band(<=46.4)=0.965 low(<=5)=0.185
Maximum Self-Energy Update: 49.88927934953236
Contact Current Difference: 0.0
Current Conservation abs: 0.020460633120819693
Current Conservation rel: 7.200369837370351e-07
Phonon: rel Sigma^R residual 3.6324e-02; lead balance 5.0479e-03 (best 1.3140e-03; internal spread 1.5653e-01)
Bubble energy balance: P_in=-2.241758e+04 P_out=-2.241758e+04 resid=2.477e-16
Writing output for iteration 148...
Iteration 149
eta IR floor ON: Gamma_floor=0.5378 THz^2 (eta_ir_floor_cells=2, omega_c=2*dw=0.733 THz) on the unresolved soft modes.
[it 149] energy J(local)=[0.089  0.0859 0.0878]
SigmaR resid-by-omega: peak w=1.10THz val=4.989e+01 in-band(<=46.4)=0.965 low(<=5)=0.185
Maximum Self-Energy Update: 49.88949080954841
Contact Current Difference: 0.0
Current Conservation abs: 0.020460264562643715
Current Conservation rel: 7.200239907621994e-07
Phonon: rel Sigma^R residual 3.6325e-02; lead balance 5.0479e-03 (best 1.3140e-03; internal spread 1.5653e-01)
Bubble energy balance: P_in=-2.241758e+04 P_out=-2.241758e+04 resid=4.881e-16
Writing output for iteration 149...
Iteration 150
eta IR floor ON: Gamma_floor=0.5378 THz^2 (eta_ir_floor_cells=2, omega_c=2*dw=0.733 THz) on the unresolved soft modes.
[it 150] energy J(local)=[0.089  0.0859 0.0878]
SigmaR resid-by-omega: peak w=1.10THz val=4.989e+01 in-band(<=46.4)=0.965 low(<=5)=0.185
Maximum Self-Energy Update: 49.890002561308506
Contact Current Difference: 0.0
Current Conservation abs: 0.020459380855754716
Current Conservation rel: 7.199928647280092e-07
Phonon: rel Sigma^R residual 3.6325e-02; lead balance 5.0479e-03 (best 1.3140e-03; internal spread 1.5653e-01)
Bubble energy balance: P_in=-2.241758e+04 P_out=-2.241758e+04 resid=2.334e-16
Writing output for iteration 150...
Iteration 151
eta IR floor ON: Gamma_floor=0.5378 THz^2 (eta_ir_floor_cells=2, omega_c=2*dw=0.733 THz) on the unresolved soft modes.
[it 151] energy J(local)=[0.089  0.0859 0.0878]
SigmaR resid-by-omega: peak w=1.10THz val=4.989e+01 in-band(<=46.4)=0.965 low(<=5)=0.185
Maximum Self-Energy Update: 49.8900325185308
Contact Current Difference: 0.0
Current Conservation abs: 0.020461039937799796
Current Conservation rel: 7.200509920585596e-07
Phonon: rel Sigma^R residual 3.6325e-02; lead balance 5.0479e-03 (best 1.3140e-03; internal spread 1.5653e-01)
Bubble energy balance: P_in=-2.241758e+04 P_out=-2.241758e+04 resid=1.223e-16
Writing output for iteration 151...
Iteration 152
eta IR floor ON: Gamma_floor=0.5378 THz^2 (eta_ir_floor_cells=2, omega_c=2*dw=0.733 THz) on the unresolved soft modes.
[it 152] energy J(local)=[0.089  0.0859 0.0878]
SigmaR resid-by-omega: peak w=1.10THz val=4.989e+01 in-band(<=46.4)=0.965 low(<=5)=0.185
Maximum Self-Energy Update: 49.88997527088454
Contact Current Difference: 0.0
Current Conservation abs: 0.020458716526263743
Current Conservation rel: 7.199693429327186e-07
Phonon: rel Sigma^R residual 3.6325e-02; lead balance 5.0479e-03 (best 1.3140e-03; internal spread 1.5653e-01)
Bubble energy balance: P_in=-2.241758e+04 P_out=-2.241758e+04 resid=1.549e-16
Writing output for iteration 152...
Iteration 153
eta IR floor ON: Gamma_floor=0.5378 THz^2 (eta_ir_floor_cells=2, omega_c=2*dw=0.733 THz) on the unresolved soft modes.
[it 153] energy J(local)=[0.089  0.0859 0.0878]
SigmaR resid-by-omega: peak w=1.10THz val=4.989e+01 in-band(<=46.4)=0.965 low(<=5)=0.185
Maximum Self-Energy Update: 49.88934805472966
Contact Current Difference: 0.0
Current Conservation abs: 0.020461237343624816
Current Conservation rel: 7.200581793159361e-07
Phonon: rel Sigma^R residual 3.6325e-02; lead balance 5.0479e-03 (best 1.3140e-03; internal spread 1.5653e-01)
Bubble energy balance: P_in=-2.241758e+04 P_out=-2.241758e+04 resid=2.370e-16
Writing output for iteration 153...
Iteration 154
eta IR floor ON: Gamma_floor=0.5378 THz^2 (eta_ir_floor_cells=2, omega_c=2*dw=0.733 THz) on the unresolved soft modes.
[it 154] energy J(local)=[0.089  0.0859 0.0878]
SigmaR resid-by-omega: peak w=1.10THz val=4.989e+01 in-band(<=46.4)=0.965 low(<=5)=0.185
Maximum Self-Energy Update: 49.89049264863423
Contact Current Difference: 0.0
Current Conservation abs: 0.02045828760128643
Current Conservation rel: 7.199543575288148e-07
Phonon: rel Sigma^R residual 3.6325e-02; lead balance 5.0479e-03 (best 1.3140e-03; internal spread 1.5653e-01)
Bubble energy balance: P_in=-2.241758e+04 P_out=-2.241758e+04 resid=8.584e-17
  JFNK newton#7: gmres_m=21 inner_res/||R||=4.68e-01 ||R||=7.668e+03 ||delta||=1.084e+04 trust=0.05 mu=0.00e+00
Writing output for iteration 154...
Iteration 155
eta IR floor ON: Gamma_floor=0.5378 THz^2 (eta_ir_floor_cells=2, omega_c=2*dw=0.733 THz) on the unresolved soft modes.
[it 155] energy J(local)=[0.089  0.0858 0.0874]
SigmaR resid-by-omega: peak w=1.10THz val=4.151e+01 in-band(<=46.4)=0.965 low(<=5)=0.177
Maximum Self-Energy Update: 41.50923935705944
Contact Current Difference: 0.0
Current Conservation abs: 0.005873560268810252
Current Conservation rel: 2.102313675131015e-07
Phonon: rel Sigma^R residual 3.0515e-02; lead balance 5.8956e-03 (best 1.3140e-03; internal spread 1.5155e-01)
Bubble energy balance: P_in=-2.214136e+04 P_out=-2.214136e+04 resid=3.664e-17
Writing output for iteration 155...
Iteration 156
eta IR floor ON: Gamma_floor=0.5378 THz^2 (eta_ir_floor_cells=2, omega_c=2*dw=0.733 THz) on the unresolved soft modes.
[it 156] energy J(local)=[0.089  0.0858 0.0874]
SigmaR resid-by-omega: peak w=1.10THz val=4.151e+01 in-band(<=46.4)=0.965 low(<=5)=0.177
Maximum Self-Energy Update: 41.50952973534215
Contact Current Difference: 0.0
Current Conservation abs: 0.005873778107343242
Current Conservation rel: 2.1023903586589185e-07
Phonon: rel Sigma^R residual 3.0515e-02; lead balance 5.8956e-03 (best 1.3140e-03; internal spread 1.5155e-01)
Bubble energy balance: P_in=-2.214137e+04 P_out=-2.214137e+04 resid=2.470e-16
Writing output for iteration 156...
Iteration 157
eta IR floor ON: Gamma_floor=0.5378 THz^2 (eta_ir_floor_cells=2, omega_c=2*dw=0.733 THz) on the unresolved soft modes.
[it 157] energy J(local)=[0.089  0.0858 0.0874]
SigmaR resid-by-omega: peak w=1.10THz val=4.151e+01 in-band(<=46.4)=0.965 low(<=5)=0.177
Maximum Self-Energy Update: 41.509153841735504
Contact Current Difference: 0.0
Current Conservation abs: 0.005873444624739932
Current Conservation rel: 2.1022739222074958e-07
Phonon: rel Sigma^R residual 3.0515e-02; lead balance 5.8956e-03 (best 1.3140e-03; internal spread 1.5155e-01)
Bubble energy balance: P_in=-2.214135e+04 P_out=-2.214135e+04 resid=2.469e-16
Writing output for iteration 157...
Iteration 158
eta IR floor ON: Gamma_floor=0.5378 THz^2 (eta_ir_floor_cells=2, omega_c=2*dw=0.733 THz) on the unresolved soft modes.
[it 158] energy J(local)=[0.089  0.0858 0.0874]
SigmaR resid-by-omega: peak w=1.10THz val=4.151e+01 in-band(<=46.4)=0.965 low(<=5)=0.177
Maximum Self-Energy Update: 41.50894295395275
Contact Current Difference: 0.0
Current Conservation abs: 0.005873400159543962
Current Conservation rel: 2.1022562553151173e-07
Phonon: rel Sigma^R residual 3.0514e-02; lead balance 5.8957e-03 (best 1.3140e-03; internal spread 1.5155e-01)
Bubble energy balance: P_in=-2.214136e+04 P_out=-2.214136e+04 resid=4.269e-16
Writing output for iteration 158...
Iteration 159
eta IR floor ON: Gamma_floor=0.5378 THz^2 (eta_ir_floor_cells=2, omega_c=2*dw=0.733 THz) on the unresolved soft modes.
[it 159] energy J(local)=[0.089  0.0858 0.0874]
SigmaR resid-by-omega: peak w=1.10THz val=4.151e+01 in-band(<=46.4)=0.965 low(<=5)=0.177
Maximum Self-Energy Update: 41.50895648590042
Contact Current Difference: 0.0
Current Conservation abs: 0.00587357299082214
Current Conservation rel: 2.1023202886202897e-07
Phonon: rel Sigma^R residual 3.0514e-02; lead balance 5.8956e-03 (best 1.3140e-03; internal spread 1.5155e-01)
Bubble energy balance: P_in=-2.214135e+04 P_out=-2.214135e+04 resid=9.454e-17
Writing output for iteration 159...
Iteration 160
eta IR floor ON: Gamma_floor=0.5378 THz^2 (eta_ir_floor_cells=2, omega_c=2*dw=0.733 THz) on the unresolved soft modes.
[it 160] energy J(local)=[0.089  0.0858 0.0874]
SigmaR resid-by-omega: peak w=1.10THz val=4.151e+01 in-band(<=46.4)=0.965 low(<=5)=0.177
Maximum Self-Energy Update: 41.51010934468878
Contact Current Difference: 0.0
Current Conservation abs: 0.005873266527487431
Current Conservation rel: 2.102208038205432e-07
Phonon: rel Sigma^R residual 3.0515e-02; lead balance 5.8956e-03 (best 1.3140e-03; internal spread 1.5155e-01)
Bubble energy balance: P_in=-2.214137e+04 P_out=-2.214137e+04 resid=8.430e-17
Writing output for iteration 160...
Iteration 161
eta IR floor ON: Gamma_floor=0.5378 THz^2 (eta_ir_floor_cells=2, omega_c=2*dw=0.733 THz) on the unresolved soft modes.
[it 161] energy J(local)=[0.089  0.0858 0.0874]
SigmaR resid-by-omega: peak w=1.10THz val=4.151e+01 in-band(<=46.4)=0.965 low(<=5)=0.177
Maximum Self-Energy Update: 41.50955428327427
Contact Current Difference: 0.0
Current Conservation abs: 0.0058740397817018675
Current Conservation rel: 2.102483658645339e-07
Phonon: rel Sigma^R residual 3.0515e-02; lead balance 5.8956e-03 (best 1.3140e-03; internal spread 1.5155e-01)
Bubble energy balance: P_in=-2.214137e+04 P_out=-2.214137e+04 resid=1.571e-16
Writing output for iteration 161...
Iteration 162
eta IR floor ON: Gamma_floor=0.5378 THz^2 (eta_ir_floor_cells=2, omega_c=2*dw=0.733 THz) on the unresolved soft modes.
[it 162] energy J(local)=[0.089  0.0858 0.0874]
SigmaR resid-by-omega: peak w=1.10THz val=4.151e+01 in-band(<=46.4)=0.965 low(<=5)=0.177
Maximum Self-Energy Update: 41.509186411046485
Contact Current Difference: 0.0
Current Conservation abs: 0.0058736737173603615
Current Conservation rel: 2.1023538798756506e-07
Phonon: rel Sigma^R residual 3.0515e-02; lead balance 5.8956e-03 (best 1.3140e-03; internal spread 1.5155e-01)
Bubble energy balance: P_in=-2.214137e+04 P_out=-2.214137e+04 resid=2.470e-16
Writing output for iteration 162...
Iteration 163
eta IR floor ON: Gamma_floor=0.5378 THz^2 (eta_ir_floor_cells=2, omega_c=2*dw=0.733 THz) on the unresolved soft modes.
[it 163] energy J(local)=[0.089  0.0858 0.0874]
SigmaR resid-by-omega: peak w=1.10THz val=4.151e+01 in-band(<=46.4)=0.965 low(<=5)=0.177
Maximum Self-Energy Update: 41.50846668686116
Contact Current Difference: 0.0
Current Conservation abs: 0.005872771565918811
Current Conservation rel: 2.1020328915667368e-07
Phonon: rel Sigma^R residual 3.0514e-02; lead balance 5.8957e-03 (best 1.3140e-03; internal spread 1.5155e-01)
Bubble energy balance: P_in=-2.214135e+04 P_out=-2.214135e+04 resid=6.161e-17
Writing output for iteration 163...
Iteration 164
eta IR floor ON: Gamma_floor=0.5378 THz^2 (eta_ir_floor_cells=2, omega_c=2*dw=0.733 THz) on the unresolved soft modes.
[it 164] energy J(local)=[0.089  0.0858 0.0874]
SigmaR resid-by-omega: peak w=1.10THz val=4.151e+01 in-band(<=46.4)=0.965 low(<=5)=0.177
Maximum Self-Energy Update: 41.509751289369056
Contact Current Difference: 0.0
Current Conservation abs: 0.005875304732398945
Current Conservation rel: 2.102937445920383e-07
Phonon: rel Sigma^R residual 3.0515e-02; lead balance 5.8955e-03 (best 1.3140e-03; internal spread 1.5155e-01)
Bubble energy balance: P_in=-2.214137e+04 P_out=-2.214137e+04 resid=2.465e-16
Writing output for iteration 164...
Iteration 165
eta IR floor ON: Gamma_floor=0.5378 THz^2 (eta_ir_floor_cells=2, omega_c=2*dw=0.733 THz) on the unresolved soft modes.
[it 165] energy J(local)=[0.089  0.0858 0.0874]
SigmaR resid-by-omega: peak w=1.10THz val=4.151e+01 in-band(<=46.4)=0.965 low(<=5)=0.177
Maximum Self-Energy Update: 41.50886986925828
Contact Current Difference: 0.0
Current Conservation abs: 0.005872233907211921
Current Conservation rel: 2.1018389378360197e-07
Phonon: rel Sigma^R residual 3.0514e-02; lead balance 5.8957e-03 (best 1.3140e-03; internal spread 1.5155e-01)
Bubble energy balance: P_in=-2.214136e+04 P_out=-2.214136e+04 resid=1.644e-16
Writing output for iteration 165...
Iteration 166
eta IR floor ON: Gamma_floor=0.5378 THz^2 (eta_ir_floor_cells=2, omega_c=2*dw=0.733 THz) on the unresolved soft modes.
[it 166] energy J(local)=[0.089  0.0858 0.0874]
SigmaR resid-by-omega: peak w=1.10THz val=4.151e+01 in-band(<=46.4)=0.965 low(<=5)=0.177
Maximum Self-Energy Update: 41.509016892048905
Contact Current Difference: 0.0
Current Conservation abs: 0.005873389300177223
Current Conservation rel: 2.1022523745042544e-07
Phonon: rel Sigma^R residual 3.0515e-02; lead balance 5.8956e-03 (best 1.3140e-03; internal spread 1.5155e-01)
Bubble energy balance: P_in=-2.214136e+04 P_out=-2.214136e+04 resid=2.472e-16
Writing output for iteration 166...
Iteration 167
eta IR floor ON: Gamma_floor=0.5378 THz^2 (eta_ir_floor_cells=2, omega_c=2*dw=0.733 THz) on the unresolved soft modes.
[it 167] energy J(local)=[0.089  0.0858 0.0874]
SigmaR resid-by-omega: peak w=1.10THz val=4.151e+01 in-band(<=46.4)=0.965 low(<=5)=0.177
Maximum Self-Energy Update: 41.50914620932552
Contact Current Difference: 0.0
Current Conservation abs: 0.005875049360838602
Current Conservation rel: 2.1028460864837737e-07
Phonon: rel Sigma^R residual 3.0515e-02; lead balance 5.8956e-03 (best 1.3140e-03; internal spread 1.5155e-01)
Bubble energy balance: P_in=-2.214137e+04 P_out=-2.214137e+04 resid=3.323e-16
Writing output for iteration 167...
Iteration 168
eta IR floor ON: Gamma_floor=0.5378 THz^2 (eta_ir_floor_cells=2, omega_c=2*dw=0.733 THz) on the unresolved soft modes.
[it 168] energy J(local)=[0.089  0.0858 0.0874]
SigmaR resid-by-omega: peak w=1.10THz val=4.151e+01 in-band(<=46.4)=0.965 low(<=5)=0.177
Maximum Self-Energy Update: 41.509325241876944
Contact Current Difference: 0.0
Current Conservation abs: 0.005872155812539859
Current Conservation rel: 2.1018110281469092e-07
Phonon: rel Sigma^R residual 3.0515e-02; lead balance 5.8957e-03 (best 1.3140e-03; internal spread 1.5155e-01)
Bubble energy balance: P_in=-2.214136e+04 P_out=-2.214136e+04 resid=3.387e-16
Writing output for iteration 168...
Iteration 169
eta IR floor ON: Gamma_floor=0.5378 THz^2 (eta_ir_floor_cells=2, omega_c=2*dw=0.733 THz) on the unresolved soft modes.
[it 169] energy J(local)=[0.089  0.0858 0.0874]
SigmaR resid-by-omega: peak w=1.10THz val=4.151e+01 in-band(<=46.4)=0.965 low(<=5)=0.177
Maximum Self-Energy Update: 41.50969354317204
Contact Current Difference: 0.0
Current Conservation abs: 0.0058753865196194965
Current Conservation rel: 2.1029673624759275e-07
Phonon: rel Sigma^R residual 3.0515e-02; lead balance 5.8956e-03 (best 1.3140e-03; internal spread 1.5155e-01)
Bubble energy balance: P_in=-2.214136e+04 P_out=-2.214136e+04 resid=1.620e-16
Writing output for iteration 169...
Iteration 170
eta IR floor ON: Gamma_floor=0.5378 THz^2 (eta_ir_floor_cells=2, omega_c=2*dw=0.733 THz) on the unresolved soft modes.
[it 170] energy J(local)=[0.089  0.0858 0.0874]
SigmaR resid-by-omega: peak w=1.10THz val=4.151e+01 in-band(<=46.4)=0.965 low(<=5)=0.177
Maximum Self-Energy Update: 41.508738443839775
Contact Current Difference: 0.0
Current Conservation abs: 0.005870652492376394
Current Conservation rel: 2.1012735607091683e-07
Phonon: rel Sigma^R residual 3.0514e-02; lead balance 5.8957e-03 (best 1.3140e-03; internal spread 1.5155e-01)
Bubble energy balance: P_in=-2.214136e+04 P_out=-2.214136e+04 resid=1.678e-16
Writing output for iteration 170...
Iteration 171
eta IR floor ON: Gamma_floor=0.5378 THz^2 (eta_ir_floor_cells=2, omega_c=2*dw=0.733 THz) on the unresolved soft modes.
[it 171] energy J(local)=[0.089  0.0858 0.0874]
SigmaR resid-by-omega: peak w=1.10THz val=4.151e+01 in-band(<=46.4)=0.965 low(<=5)=0.177
Maximum Self-Energy Update: 41.509354650588435
Contact Current Difference: 0.0
Current Conservation abs: 0.005877437684830511
Current Conservation rel: 2.1037020470822907e-07
Phonon: rel Sigma^R residual 3.0515e-02; lead balance 5.8956e-03 (best 1.3140e-03; internal spread 1.5155e-01)
Bubble energy balance: P_in=-2.214136e+04 P_out=-2.214136e+04 resid=2.684e-16
Writing output for iteration 171...
Iteration 172
eta IR floor ON: Gamma_floor=0.5378 THz^2 (eta_ir_floor_cells=2, omega_c=2*dw=0.733 THz) on the unresolved soft modes.
[it 172] energy J(local)=[0.089  0.0858 0.0874]
SigmaR resid-by-omega: peak w=1.10THz val=4.151e+01 in-band(<=46.4)=0.965 low(<=5)=0.177
Maximum Self-Energy Update: 41.509367684920235
Contact Current Difference: 0.0
Current Conservation abs: 0.005873568738024915
Current Conservation rel: 2.1023167795702295e-07
Phonon: rel Sigma^R residual 3.0515e-02; lead balance 5.8956e-03 (best 1.3140e-03; internal spread 1.5155e-01)
Bubble energy balance: P_in=-2.214136e+04 P_out=-2.214136e+04 resid=8.516e-17
Writing output for iteration 172...
Iteration 173
eta IR floor ON: Gamma_floor=0.5378 THz^2 (eta_ir_floor_cells=2, omega_c=2*dw=0.733 THz) on the unresolved soft modes.
[it 173] energy J(local)=[0.089  0.0858 0.0874]
SigmaR resid-by-omega: peak w=1.10THz val=4.151e+01 in-band(<=46.4)=0.965 low(<=5)=0.177
Maximum Self-Energy Update: 41.509544255482005
Contact Current Difference: 0.0
Current Conservation abs: 0.005869188391443458
Current Conservation rel: 2.1007485414053386e-07
Phonon: rel Sigma^R residual 3.0515e-02; lead balance 5.8956e-03 (best 1.3140e-03; internal spread 1.5155e-01)
Bubble energy balance: P_in=-2.214136e+04 P_out=-2.214136e+04 resid=3.545e-16
Writing output for iteration 173...
Iteration 174
eta IR floor ON: Gamma_floor=0.5378 THz^2 (eta_ir_floor_cells=2, omega_c=2*dw=0.733 THz) on the unresolved soft modes.
[it 174] energy J(local)=[0.089  0.0858 0.0874]
SigmaR resid-by-omega: peak w=1.10THz val=4.151e+01 in-band(<=46.4)=0.965 low(<=5)=0.177
Maximum Self-Energy Update: 41.50907104535404
Contact Current Difference: 0.0
Current Conservation abs: 0.0058783616696018726
Current Conservation rel: 2.1040319504950789e-07
Phonon: rel Sigma^R residual 3.0515e-02; lead balance 5.8956e-03 (best 1.3140e-03; internal spread 1.5155e-01)
Bubble energy balance: P_in=-2.214136e+04 P_out=-2.214136e+04 resid=1.713e-16
Writing output for iteration 174...
Iteration 175
eta IR floor ON: Gamma_floor=0.5378 THz^2 (eta_ir_floor_cells=2, omega_c=2*dw=0.733 THz) on the unresolved soft modes.
[it 175] energy J(local)=[0.089  0.0858 0.0874]
SigmaR resid-by-omega: peak w=1.10THz val=4.151e+01 in-band(<=46.4)=0.965 low(<=5)=0.177
Maximum Self-Energy Update: 41.50879331103773
Contact Current Difference: 0.0
Current Conservation abs: 0.005866204879566794
Current Conservation rel: 2.0996807463822617e-07
Phonon: rel Sigma^R residual 3.0514e-02; lead balance 5.8956e-03 (best 1.3140e-03; internal spread 1.5155e-01)
Bubble energy balance: P_in=-2.214136e+04 P_out=-2.214136e+04 resid=1.675e-16
Writing output for iteration 175...
Iteration 176
eta IR floor ON: Gamma_floor=0.5378 THz^2 (eta_ir_floor_cells=2, omega_c=2*dw=0.733 THz) on the unresolved soft modes.
[it 176] energy J(local)=[0.089  0.0858 0.0874]
SigmaR resid-by-omega: peak w=1.10THz val=4.151e+01 in-band(<=46.4)=0.965 low(<=5)=0.177
Maximum Self-Energy Update: 41.50956407353185
Contact Current Difference: 0.0
Current Conservation abs: 0.005886223871129914
Current Conservation rel: 2.1068459847977657e-07
Phonon: rel Sigma^R residual 3.0515e-02; lead balance 5.8956e-03 (best 1.3140e-03; internal spread 1.5155e-01)
Bubble energy balance: P_in=-2.214136e+04 P_out=-2.214136e+04 resid=8.299e-17
Writing output for iteration 176...
Iteration 177
eta IR floor ON: Gamma_floor=0.5378 THz^2 (eta_ir_floor_cells=2, omega_c=2*dw=0.733 THz) on the unresolved soft modes.
[it 177] energy J(local)=[0.089  0.0858 0.0874]
SigmaR resid-by-omega: peak w=1.10THz val=4.151e+01 in-band(<=46.4)=0.965 low(<=5)=0.177
Maximum Self-Energy Update: 41.5091652027889
Contact Current Difference: 0.0
Current Conservation abs: 0.005854294728123932
Current Conservation rel: 2.0954186889773415e-07
Phonon: rel Sigma^R residual 3.0515e-02; lead balance 5.8956e-03 (best 1.3140e-03; internal spread 1.5155e-01)
Bubble energy balance: P_in=-2.214136e+04 P_out=-2.214136e+04 resid=9.810e-17
  JFNK newton#8: gmres_m=22 inner_res/||R||=4.74e-01 ||R||=6.726e+03 ||delta||=1.103e+04 trust=0.05 mu=0.00e+00
Writing output for iteration 177...
Iteration 178
eta IR floor ON: Gamma_floor=0.5378 THz^2 (eta_ir_floor_cells=2, omega_c=2*dw=0.733 THz) on the unresolved soft modes.
[it 178] energy J(local)=[0.0888 0.0865 0.0877]
SigmaR resid-by-omega: peak w=1.10THz val=3.521e+01 in-band(<=46.4)=0.966 low(<=5)=0.175
Maximum Self-Energy Update: 35.21442373711997
Contact Current Difference: 0.0
Current Conservation abs: 0.157584795530056
Current Conservation rel: 5.74583648877048e-06
Phonon: rel Sigma^R residual 2.5941e-02; lead balance 6.9823e-03 (best 1.3140e-03; internal spread 1.4513e-01)
Bubble energy balance: P_in=-2.187712e+04 P_out=-2.187712e+04 resid=1.670e-16
Writing output for iteration 178...
Iteration 179
eta IR floor ON: Gamma_floor=0.5378 THz^2 (eta_ir_floor_cells=2, omega_c=2*dw=0.733 THz) on the unresolved soft modes.
[it 179] energy J(local)=[0.0888 0.0865 0.0877]
SigmaR resid-by-omega: peak w=1.10THz val=3.521e+01 in-band(<=46.4)=0.966 low(<=5)=0.175
Maximum Self-Energy Update: 35.21475122852337
Contact Current Difference: 0.0
Current Conservation abs: 0.15758610595548816
Current Conservation rel: 5.745880356421601e-06
Phonon: rel Sigma^R residual 2.5941e-02; lead balance 6.9822e-03 (best 1.3140e-03; internal spread 1.4513e-01)
Bubble energy balance: P_in=-2.187712e+04 P_out=-2.187712e+04 resid=3.155e-17
Writing output for iteration 179...
Iteration 180
eta IR floor ON: Gamma_floor=0.5378 THz^2 (eta_ir_floor_cells=2, omega_c=2*dw=0.733 THz) on the unresolved soft modes.
[it 180] energy J(local)=[0.0888 0.0865 0.0877]
SigmaR resid-by-omega: peak w=1.10THz val=3.521e+01 in-band(<=46.4)=0.966 low(<=5)=0.175
Maximum Self-Energy Update: 35.21441257183264
Contact Current Difference: 0.0
Current Conservation abs: 0.15758458036725642
Current Conservation rel: 5.745833120902736e-06
Phonon: rel Sigma^R residual 2.5941e-02; lead balance 6.9823e-03 (best 1.3140e-03; internal spread 1.4513e-01)
Bubble energy balance: P_in=-2.187711e+04 P_out=-2.187711e+04 resid=9.056e-17
Writing output for iteration 180...
Iteration 181
eta IR floor ON: Gamma_floor=0.5378 THz^2 (eta_ir_floor_cells=2, omega_c=2*dw=0.733 THz) on the unresolved soft modes.
[it 181] energy J(local)=[0.0888 0.0865 0.0877]
SigmaR resid-by-omega: peak w=1.10THz val=3.521e+01 in-band(<=46.4)=0.966 low(<=5)=0.175
Maximum Self-Energy Update: 35.21404017890621
Contact Current Difference: 0.0
Current Conservation abs: 0.15758374449433177
Current Conservation rel: 5.745798937728042e-06
Phonon: rel Sigma^R residual 2.5940e-02; lead balance 6.9823e-03 (best 1.3140e-03; internal spread 1.4513e-01)
Bubble energy balance: P_in=-2.187712e+04 P_out=-2.187712e+04 resid=3.380e-16
Writing output for iteration 181...
Iteration 182
eta IR floor ON: Gamma_floor=0.5378 THz^2 (eta_ir_floor_cells=2, omega_c=2*dw=0.733 THz) on the unresolved soft modes.
[it 182] energy J(local)=[0.0888 0.0865 0.0877]
SigmaR resid-by-omega: peak w=1.10THz val=3.521e+01 in-band(<=46.4)=0.966 low(<=5)=0.175
Maximum Self-Energy Update: 35.21410453793198
Contact Current Difference: 0.0
Current Conservation abs: 0.15758488941901305
Current Conservation rel: 5.745845417108221e-06
Phonon: rel Sigma^R residual 2.5940e-02; lead balance 6.9823e-03 (best 1.3140e-03; internal spread 1.4513e-01)
Bubble energy balance: P_in=-2.187710e+04 P_out=-2.187710e+04 resid=1.902e-16
Writing output for iteration 182...
Iteration 183
eta IR floor ON: Gamma_floor=0.5378 THz^2 (eta_ir_floor_cells=2, omega_c=2*dw=0.733 THz) on the unresolved soft modes.
[it 183] energy J(local)=[0.0888 0.0865 0.0877]
SigmaR resid-by-omega: peak w=1.10THz val=3.522e+01 in-band(<=46.4)=0.966 low(<=5)=0.175
Maximum Self-Energy Update: 35.21533992589271
Contact Current Difference: 0.0
Current Conservation abs: 0.15758297228239826
Current Conservation rel: 5.745768762842581e-06
Phonon: rel Sigma^R residual 2.5941e-02; lead balance 6.9822e-03 (best 1.3140e-03; internal spread 1.4513e-01)
Bubble energy balance: P_in=-2.187712e+04 P_out=-2.187712e+04 resid=3.757e-16
Writing output for iteration 183...
Iteration 184
eta IR floor ON: Gamma_floor=0.5378 THz^2 (eta_ir_floor_cells=2, omega_c=2*dw=0.733 THz) on the unresolved soft modes.
[it 184] energy J(local)=[0.0888 0.0865 0.0877]
SigmaR resid-by-omega: peak w=1.10THz val=3.521e+01 in-band(<=46.4)=0.966 low(<=5)=0.175
Maximum Self-Energy Update: 35.21480987552136
Contact Current Difference: 0.0
Current Conservation abs: 0.15758683383683092
Current Conservation rel: 5.7459059090288225e-06
Phonon: rel Sigma^R residual 2.5941e-02; lead balance 6.9822e-03 (best 1.3140e-03; internal spread 1.4513e-01)
Bubble energy balance: P_in=-2.187713e+04 P_out=-2.187713e+04 resid=1.733e-16
Writing output for iteration 184...
Iteration 185
eta IR floor ON: Gamma_floor=0.5378 THz^2 (eta_ir_floor_cells=2, omega_c=2*dw=0.733 THz) on the unresolved soft modes.
[it 185] energy J(local)=[0.0888 0.0865 0.0877]
SigmaR resid-by-omega: peak w=1.10THz val=3.521e+01 in-band(<=46.4)=0.966 low(<=5)=0.175
Maximum Self-Energy Update: 35.21453595383111
Contact Current Difference: 0.0
Current Conservation abs: 0.15758627919240098
Current Conservation rel: 5.745887341063636e-06
Phonon: rel Sigma^R residual 2.5941e-02; lead balance 6.9822e-03 (best 1.3140e-03; internal spread 1.4513e-01)
Bubble energy balance: P_in=-2.187712e+04 P_out=-2.187712e+04 resid=3.511e-16
Writing output for iteration 185...
Iteration 186
eta IR floor ON: Gamma_floor=0.5378 THz^2 (eta_ir_floor_cells=2, omega_c=2*dw=0.733 THz) on the unresolved soft modes.
[it 186] energy J(local)=[0.0888 0.0865 0.0877]
SigmaR resid-by-omega: peak w=1.10THz val=3.521e+01 in-band(<=46.4)=0.966 low(<=5)=0.175
Maximum Self-Energy Update: 35.21376064675724
Contact Current Difference: 0.0
Current Conservation abs: 0.15758027857737034
Current Conservation rel: 5.745675067487907e-06
Phonon: rel Sigma^R residual 2.5940e-02; lead balance 6.9823e-03 (best 1.3140e-03; internal spread 1.4513e-01)
Bubble energy balance: P_in=-2.187711e+04 P_out=-2.187711e+04 resid=2.327e-16
Writing output for iteration 186...
Iteration 187
eta IR floor ON: Gamma_floor=0.5378 THz^2 (eta_ir_floor_cells=2, omega_c=2*dw=0.733 THz) on the unresolved soft modes.
[it 187] energy J(local)=[0.0888 0.0865 0.0877]
SigmaR resid-by-omega: peak w=1.10THz val=3.521e+01 in-band(<=46.4)=0.966 low(<=5)=0.175
Maximum Self-Energy Update: 35.214706943282266
Contact Current Difference: 0.0
Current Conservation abs: 0.15759442512535315
Current Conservation rel: 5.746187315410496e-06
Phonon: rel Sigma^R residual 2.5941e-02; lead balance 6.9822e-03 (best 1.3140e-03; internal spread 1.4513e-01)
Bubble energy balance: P_in=-2.187712e+04 P_out=-2.187712e+04 resid=2.508e-16
Writing output for iteration 187...
Iteration 188
eta IR floor ON: Gamma_floor=0.5378 THz^2 (eta_ir_floor_cells=2, omega_c=2*dw=0.733 THz) on the unresolved soft modes.
[it 188] energy J(local)=[0.0888 0.0865 0.0877]
SigmaR resid-by-omega: peak w=1.10THz val=3.521e+01 in-band(<=46.4)=0.966 low(<=5)=0.175
Maximum Self-Energy Update: 35.214057996626586
Contact Current Difference: 0.0
Current Conservation abs: 0.15758017791267775
Current Conservation rel: 5.7456684501432e-06
Phonon: rel Sigma^R residual 2.5940e-02; lead balance 6.9823e-03 (best 1.3140e-03; internal spread 1.4513e-01)
Bubble energy balance: P_in=-2.187712e+04 P_out=-2.187712e+04 resid=8.360e-17
Writing output for iteration 188...
Iteration 189
eta IR floor ON: Gamma_floor=0.5378 THz^2 (eta_ir_floor_cells=2, omega_c=2*dw=0.733 THz) on the unresolved soft modes.
[it 189] energy J(local)=[0.0888 0.0865 0.0877]
SigmaR resid-by-omega: peak w=1.10THz val=3.521e+01 in-band(<=46.4)=0.966 low(<=5)=0.175
Maximum Self-Energy Update: 35.21412322962893
Contact Current Difference: 0.0
Current Conservation abs: 0.15758116669167066
Current Conservation rel: 5.745704241177314e-06
Phonon: rel Sigma^R residual 2.5940e-02; lead balance 6.9823e-03 (best 1.3140e-03; internal spread 1.4513e-01)
Bubble energy balance: P_in=-2.187712e+04 P_out=-2.187712e+04 resid=1.151e-16
Writing output for iteration 189...
Iteration 190
eta IR floor ON: Gamma_floor=0.5378 THz^2 (eta_ir_floor_cells=2, omega_c=2*dw=0.733 THz) on the unresolved soft modes.
[it 190] energy J(local)=[0.0888 0.0865 0.0877]
SigmaR resid-by-omega: peak w=1.10THz val=3.521e+01 in-band(<=46.4)=0.966 low(<=5)=0.175
Maximum Self-Energy Update: 35.214890388796086
Contact Current Difference: 0.0
Current Conservation abs: 0.1575944025080389
Current Conservation rel: 5.746184882730642e-06
Phonon: rel Sigma^R residual 2.5941e-02; lead balance 6.9822e-03 (best 1.3140e-03; internal spread 1.4513e-01)
Bubble energy balance: P_in=-2.187712e+04 P_out=-2.187712e+04 resid=8.526e-17
Writing output for iteration 190...
Iteration 191
eta IR floor ON: Gamma_floor=0.5378 THz^2 (eta_ir_floor_cells=2, omega_c=2*dw=0.733 THz) on the unresolved soft modes.
[it 191] energy J(local)=[0.0888 0.0865 0.0877]
SigmaR resid-by-omega: peak w=1.10THz val=3.521e+01 in-band(<=46.4)=0.966 low(<=5)=0.175
Maximum Self-Energy Update: 35.214296313271575
Contact Current Difference: 0.0
Current Conservation abs: 0.1575767097674543
Current Conservation rel: 5.745540522206727e-06
Phonon: rel Sigma^R residual 2.5940e-02; lead balance 6.9823e-03 (best 1.3140e-03; internal spread 1.4513e-01)
Bubble energy balance: P_in=-2.187712e+04 P_out=-2.187712e+04 resid=1.193e-16
Writing output for iteration 191...
Iteration 192
eta IR floor ON: Gamma_floor=0.5378 THz^2 (eta_ir_floor_cells=2, omega_c=2*dw=0.733 THz) on the unresolved soft modes.
[it 192] energy J(local)=[0.0888 0.0865 0.0877]
SigmaR resid-by-omega: peak w=1.10THz val=3.521e+01 in-band(<=46.4)=0.966 low(<=5)=0.175
Maximum Self-Energy Update: 35.214452659862495
Contact Current Difference: 0.0
Current Conservation abs: 0.15759576533127984
Current Conservation rel: 5.746235771621511e-06
Phonon: rel Sigma^R residual 2.5941e-02; lead balance 6.9822e-03 (best 1.3140e-03; internal spread 1.4513e-01)
Bubble energy balance: P_in=-2.187712e+04 P_out=-2.187712e+04 resid=1.506e-16
Writing output for iteration 192...
Iteration 193
eta IR floor ON: Gamma_floor=0.5378 THz^2 (eta_ir_floor_cells=2, omega_c=2*dw=0.733 THz) on the unresolved soft modes.
[it 193] energy J(local)=[0.0888 0.0865 0.0877]
SigmaR resid-by-omega: peak w=1.10THz val=3.521e+01 in-band(<=46.4)=0.966 low(<=5)=0.175
Maximum Self-Energy Update: 35.21444434084883
Contact Current Difference: 0.0
Current Conservation abs: 0.15758629385891254
Current Conservation rel: 5.7458911879360805e-06
Phonon: rel Sigma^R residual 2.5941e-02; lead balance 6.9822e-03 (best 1.3140e-03; internal spread 1.4513e-01)
Bubble energy balance: P_in=-2.187712e+04 P_out=-2.187712e+04 resid=1.503e-16
Writing output for iteration 193...
Iteration 194
eta IR floor ON: Gamma_floor=0.5378 THz^2 (eta_ir_floor_cells=2, omega_c=2*dw=0.733 THz) on the unresolved soft modes.
[it 194] energy J(local)=[0.0888 0.0865 0.0877]
SigmaR resid-by-omega: peak w=1.10THz val=3.521e+01 in-band(<=46.4)=0.966 low(<=5)=0.175
Maximum Self-Energy Update: 35.2144059385275
Contact Current Difference: 0.0
Current Conservation abs: 0.15756909984338563
Current Conservation rel: 5.745265988499687e-06
Phonon: rel Sigma^R residual 2.5941e-02; lead balance 6.9823e-03 (best 1.3140e-03; internal spread 1.4513e-01)
Bubble energy balance: P_in=-2.187711e+04 P_out=-2.187711e+04 resid=1.004e-16
Writing output for iteration 194...
Iteration 195
eta IR floor ON: Gamma_floor=0.5378 THz^2 (eta_ir_floor_cells=2, omega_c=2*dw=0.733 THz) on the unresolved soft modes.
[it 195] energy J(local)=[0.0888 0.0865 0.0877]
SigmaR resid-by-omega: peak w=1.10THz val=3.521e+01 in-band(<=46.4)=0.966 low(<=5)=0.175
Maximum Self-Energy Update: 35.21462329698284
Contact Current Difference: 0.0
Current Conservation abs: 0.15761140329777845
Current Conservation rel: 5.746809067658073e-06
Phonon: rel Sigma^R residual 2.5941e-02; lead balance 6.9822e-03 (best 1.3140e-03; internal spread 1.4513e-01)
Bubble energy balance: P_in=-2.187711e+04 P_out=-2.187711e+04 resid=1.891e-16
Writing output for iteration 195...
Iteration 196
eta IR floor ON: Gamma_floor=0.5378 THz^2 (eta_ir_floor_cells=2, omega_c=2*dw=0.733 THz) on the unresolved soft modes.
[it 196] energy J(local)=[0.0888 0.0865 0.0877]
SigmaR resid-by-omega: peak w=1.10THz val=3.521e+01 in-band(<=46.4)=0.966 low(<=5)=0.175
Maximum Self-Energy Update: 35.21443152779476
Contact Current Difference: 0.0
Current Conservation abs: 0.1575530067202635
Current Conservation rel: 5.744676324817198e-06
Phonon: rel Sigma^R residual 2.5941e-02; lead balance 6.9823e-03 (best 1.3140e-03; internal spread 1.4513e-01)
Bubble energy balance: P_in=-2.187712e+04 P_out=-2.187712e+04 resid=2.664e-16
Writing output for iteration 196...
Iteration 197
eta IR floor ON: Gamma_floor=0.5378 THz^2 (eta_ir_floor_cells=2, omega_c=2*dw=0.733 THz) on the unresolved soft modes.
[it 197] energy J(local)=[0.0888 0.0865 0.0877]
SigmaR resid-by-omega: peak w=1.10THz val=3.521e+01 in-band(<=46.4)=0.966 low(<=5)=0.175
Maximum Self-Energy Update: 35.214590668372765
Contact Current Difference: 0.0
Current Conservation abs: 0.15762027537130052
Current Conservation rel: 5.747131121228158e-06
Phonon: rel Sigma^R residual 2.5941e-02; lead balance 6.9822e-03 (best 1.3140e-03; internal spread 1.4513e-01)
Bubble energy balance: P_in=-2.187711e+04 P_out=-2.187711e+04 resid=1.269e-17
Writing output for iteration 197...
Iteration 198
eta IR floor ON: Gamma_floor=0.5378 THz^2 (eta_ir_floor_cells=2, omega_c=2*dw=0.733 THz) on the unresolved soft modes.
[it 198] energy J(local)=[0.0888 0.0865 0.0877]
SigmaR resid-by-omega: peak w=1.10THz val=3.521e+01 in-band(<=46.4)=0.966 low(<=5)=0.175
Maximum Self-Energy Update: 35.213884091225225
Contact Current Difference: 0.0
Current Conservation abs: 0.15753809484886006
Current Conservation rel: 5.744131754103029e-06
Phonon: rel Sigma^R residual 2.5940e-02; lead balance 6.9823e-03 (best 1.3140e-03; internal spread 1.4513e-01)
Bubble energy balance: P_in=-2.187712e+04 P_out=-2.187712e+04 resid=1.739e-16
Writing output for iteration 198...
Iteration 199
eta IR floor ON: Gamma_floor=0.5378 THz^2 (eta_ir_floor_cells=2, omega_c=2*dw=0.733 THz) on the unresolved soft modes.
[it 199] energy J(local)=[0.0888 0.0865 0.0877]
SigmaR resid-by-omega: peak w=1.10THz val=3.521e+01 in-band(<=46.4)=0.966 low(<=5)=0.175
Maximum Self-Energy Update: 35.214369509229606
Contact Current Difference: 0.0
Current Conservation abs: 0.15766840253127157
Current Conservation rel: 5.7488866209780404e-06
Phonon: rel Sigma^R residual 2.5941e-02; lead balance 6.9822e-03 (best 1.3140e-03; internal spread 1.4513e-01)
Bubble energy balance: P_in=-2.187711e+04 P_out=-2.187711e+04 resid=3.235e-17
Writing output for iteration 199...
SCBA did not converge after 199 iterations.
SAVED /usr/scratch/mont-fort11/pfischill/quatrex/phonon/studies/out/conv1e10/sinw_d5a_L2_eta0_jfnk_t005.npz  final_heat=[0.089 0.087 0.088]  best=[5.222 4.957 5.229]  best_cons=0.001314023882077381
