launch: NRANKS=128 QX_CONFIG=/usr/scratch/mont-fort11/pfischill/quatrex/phonon/studies/out/conv1e10/work/sinw_d5a_L2_eta0_jfnk_warm/quatrex_config.toml BCS=cfg QCS=cfg ballistic=0
/usr/scratch/mont-fort11/pfischill/quatrex/src/qttools/__init__.py:56: UserWarning: 'cupy' is unavailable or not working, defaulting to 'numpy'. (No module named 'cupy')
  warnings.warn(
/usr/scratch/mont-fort11/pfischill/quatrex/src/quatrex/core/config.py:1808: UserWarning: The CPU code will run sequentially which may impact performance.
  warnings.warn(
Max Interaction Cutoff: 10.0
Energy window: 0.0 to 66.0 eV with 181 grid points.
Resolution is 0.366667 eV.
comm.stack size: 128, comm.block size: 1
Each comm.block has 1 grid points.
/usr/scratch/mont-fort11/pfischill/quatrex/src/quatrex/core/statistics.py:42: RuntimeWarning: divide by zero encountered in divide
  return 1 / (xp.exp(energy / (k_B * temperature)) - 1)
IR occupation subtraction ON: full physical Bose occupation (no omega^2 taper); Gamma~omega keeps the injection finite as omega->0.
WARNING: phonon_energies.npy (181 pts, dw=0.3667) does not match the solver energy grid (2 pts); using the solver grid for the scattering self-energy.
SSE band-limit: harmonic band top 64.081 THz (fixed above-band mask)
Max Interaction Cutoff: 10.0
RUN config=/usr/scratch/mont-fort11/pfischill/quatrex/phonon/studies/out/conv1e10/work/sinw_d5a_L2_eta0_jfnk_warm/quatrex_config.toml phonon=True eta=1e-12 retarded=fft nblk=2 ne=181 bcs=1 qcs=1 nranks=128
Entering SCBA loop...
Iteration 0
eta IR floor ON: Gamma_floor=0.5378 THz^2 (eta_ir_floor_cells=2, omega_c=2*dw=0.733 THz) on the unresolved soft modes.
SSE band-limit: masking 5 bin(s) above 64.081 THz
SSE band-limit: harmonic-support mask -> 96/181 empty bins masked (margin 1.5 THz)
SSE band-limit: occupation-freeze mask -> 61/181 frozen bins (n<0.001, T_hot=305K)
SSE band-limit: SMOOTH window (support ramp 4*dw, freeze n<0.001) -> mean w=0.429, 102/181 bins below 0.5
[it  0] energy J(local)=[0.0385 0.036  0.0385]
SigmaR resid-by-omega: peak w=25.67THz val=9.493e+02 in-band(<=46.4)=0.957 low(<=5)=0.121
Maximum Self-Energy Update: 949.2690484514422
Contact Current Difference: 0.0
Current Conservation abs: 0.9611294860842463
Current Conservation rel: 6.329345680338001e-05
Phonon: rel Sigma^R residual 1.0000e+00; lead balance 2.8532e-13 (best inf; internal spread 2.7467e-03)
Bubble energy balance: P_in=-5.206725e+03 P_out=-5.206725e+03 resid=1.009e-15
Writing output for iteration 0...
Iteration 1
eta IR floor ON: Gamma_floor=0.5378 THz^2 (eta_ir_floor_cells=2, omega_c=2*dw=0.733 THz) on the unresolved soft modes.
[it  1] energy J(local)=[0.0724 0.0519 0.0615]
SigmaR resid-by-omega: peak w=26.03THz val=1.071e+03 in-band(<=46.4)=0.956 low(<=5)=0.127
Maximum Self-Energy Update: 1071.2560975405588
Contact Current Difference: 0.0
Current Conservation abs: 0.15936256748500455
Current Conservation rel: 1.94042983711804e-05
Phonon: rel Sigma^R residual 9.3518e-01; lead balance 1.0101e-03 (best inf; internal spread 7.1454e-03)
Bubble energy balance: P_in=-4.243255e+03 P_out=-4.243255e+03 resid=3.607e-15
Writing output for iteration 1...
Iteration 2
eta IR floor ON: Gamma_floor=0.5378 THz^2 (eta_ir_floor_cells=2, omega_c=2*dw=0.733 THz) on the unresolved soft modes.
[it  2] energy J(local)=[0.0706 0.051  0.0581]
SigmaR resid-by-omega: peak w=23.10THz val=1.450e+03 in-band(<=46.4)=0.960 low(<=5)=0.162
Maximum Self-Energy Update: 1450.341310799203
Contact Current Difference: 0.0
Current Conservation abs: 0.010553593850090692
Current Conservation rel: 1.8407000327327228e-06
Phonon: rel Sigma^R residual 9.4835e-01; lead balance 2.5240e-03 (best inf; internal spread 1.4218e-02)
Bubble energy balance: P_in=-4.125964e+03 P_out=-4.125964e+03 resid=2.255e-15
Writing output for iteration 2...
Iteration 3
eta IR floor ON: Gamma_floor=0.5378 THz^2 (eta_ir_floor_cells=2, omega_c=2*dw=0.733 THz) on the unresolved soft modes.
[it  3] energy J(local)=[0.0661 0.0456 0.0541]
SigmaR resid-by-omega: peak w=6.60THz val=2.286e+03 in-band(<=46.4)=0.966 low(<=5)=0.199
Maximum Self-Energy Update: 2285.6368037473235
Contact Current Difference: 0.0
Current Conservation abs: 0.024147604357494856
Current Conservation rel: 3.977468048596855e-06
Phonon: rel Sigma^R residual 9.5762e-01; lead balance 1.4674e-03 (best 1.4674e-03; internal spread 4.5374e-03)
Bubble energy balance: P_in=-6.329511e+03 P_out=-6.329511e+03 resid=3.215e-15
Writing output for iteration 3...
Iteration 4
eta IR floor ON: Gamma_floor=0.5378 THz^2 (eta_ir_floor_cells=2, omega_c=2*dw=0.733 THz) on the unresolved soft modes.
[it  4] energy J(local)=[0.059  0.0381 0.0489]
SigmaR resid-by-omega: peak w=14.67THz val=1.226e+03 in-band(<=46.4)=0.963 low(<=5)=0.196
Maximum Self-Energy Update: 1226.2207882275795
Contact Current Difference: 0.0
Current Conservation abs: 0.005034951732341142
Current Conservation rel: 7.496196025388991e-07
Phonon: rel Sigma^R residual 8.0404e-01; lead balance 1.3140e-03 (best 1.3140e-03; internal spread 5.2941e-02)
Bubble energy balance: P_in=-7.442353e+03 P_out=-7.442353e+03 resid=9.757e-16
Writing output for iteration 4...
Iteration 5
eta IR floor ON: Gamma_floor=0.5378 THz^2 (eta_ir_floor_cells=2, omega_c=2*dw=0.733 THz) on the unresolved soft modes.
[it  5] energy J(local)=[0.0538 0.0317 0.0452]
SigmaR resid-by-omega: peak w=13.93THz val=1.402e+03 in-band(<=46.4)=0.965 low(<=5)=0.237
Maximum Self-Energy Update: 1401.6142256871271
Contact Current Difference: 0.0
Current Conservation abs: 0.015737397415250598
Current Conservation rel: 1.422236638928511e-06
Phonon: rel Sigma^R residual 8.1418e-01; lead balance 1.7417e-03 (best 1.3140e-03; internal spread 8.7531e-02)
Bubble energy balance: P_in=-1.280905e+04 P_out=-1.280905e+04 resid=2.027e-16
Writing output for iteration 5...
Iteration 6
eta IR floor ON: Gamma_floor=0.5378 THz^2 (eta_ir_floor_cells=2, omega_c=2*dw=0.733 THz) on the unresolved soft modes.
[it  6] energy J(local)=[0.0633 0.0271 0.0469]
SigmaR resid-by-omega: peak w=0.37THz val=3.037e+03 in-band(<=46.4)=0.968 low(<=5)=0.293
Maximum Self-Energy Update: 3037.0720892357967
Contact Current Difference: 0.0
Current Conservation abs: 0.24662940777125186
Current Conservation rel: 5.519246554831234e-06
Phonon: rel Sigma^R residual 8.6506e-01; lead balance 2.0303e-03 (best 1.3140e-03; internal spread 1.3461e-01)
Bubble energy balance: P_in=-4.223026e+04 P_out=-4.223026e+04 resid=8.056e-16
Writing output for iteration 6...
Iteration 7
eta IR floor ON: Gamma_floor=0.5378 THz^2 (eta_ir_floor_cells=2, omega_c=2*dw=0.733 THz) on the unresolved soft modes.
[it  7] energy J(local)=[0.1362 0.0612 0.0835]
SigmaR resid-by-omega: peak w=0.73THz val=9.828e+03 in-band(<=46.4)=0.970 low(<=5)=0.302
Maximum Self-Energy Update: 9827.607157832863
Contact Current Difference: 0.0
Current Conservation abs: 4.521262811962515
Current Conservation rel: 2.911604377727689e-06
Phonon: rel Sigma^R residual 9.3601e-01; lead balance 2.1662e-02 (best 1.3140e-03; internal spread 1.7405e-01)
Bubble energy balance: P_in=-6.369920e+05 P_out=-6.369920e+05 resid=4.673e-16
Writing output for iteration 7...
Iteration 8
eta IR floor ON: Gamma_floor=0.5378 THz^2 (eta_ir_floor_cells=2, omega_c=2*dw=0.733 THz) on the unresolved soft modes.
[it  8] energy J(local)=[0.0537 0.0177 0.0435]
SigmaR resid-by-omega: peak w=0.37THz val=1.317e+03 in-band(<=46.4)=0.979 low(<=5)=0.274
Maximum Self-Energy Update: 1316.7060049143927
Contact Current Difference: 0.0
Current Conservation abs: 0.054295610804274475
Current Conservation rel: 1.1386981814550173e-05
Phonon: rel Sigma^R residual 2.4252e+00; lead balance 2.5768e-02 (best 1.3140e-03; internal spread 1.8904e-01)
Bubble energy balance: P_in=-6.855879e+03 P_out=-6.855879e+03 resid=9.018e-16
Writing output for iteration 8...
Iteration 9
eta IR floor ON: Gamma_floor=0.5378 THz^2 (eta_ir_floor_cells=2, omega_c=2*dw=0.733 THz) on the unresolved soft modes.
[it  9] energy J(local)=[0.053  0.0165 0.0436]
SigmaR resid-by-omega: peak w=0.37THz val=1.169e+03 in-band(<=46.4)=0.979 low(<=5)=0.275
Maximum Self-Energy Update: 1168.5981499587717
Contact Current Difference: 0.0
Current Conservation abs: 0.05027349781266821
Current Conservation rel: 9.807276820088856e-06
Phonon: rel Sigma^R residual 2.1676e+00; lead balance 2.5149e-02 (best 1.3140e-03; internal spread 1.9522e-01)
Bubble energy balance: P_in=-7.434311e+03 P_out=-7.434311e+03 resid=5.567e-16
Writing output for iteration 9...
Iteration 10
eta IR floor ON: Gamma_floor=0.5378 THz^2 (eta_ir_floor_cells=2, omega_c=2*dw=0.733 THz) on the unresolved soft modes.
[it 10] energy J(local)=[0.053  0.0158 0.044 ]
SigmaR resid-by-omega: peak w=0.37THz val=1.036e+03 in-band(<=46.4)=0.980 low(<=5)=0.276
Maximum Self-Energy Update: 1036.3092770433432
Contact Current Difference: 0.0
Current Conservation abs: 0.045621270412084414
Current Conservation rel: 8.149196908885138e-06
Phonon: rel Sigma^R residual 1.9182e+00; lead balance 2.4454e-02 (best 1.3140e-03; internal spread 2.0102e-01)
Bubble energy balance: P_in=-8.091367e+03 P_out=-8.091367e+03 resid=4.223e-16
Writing output for iteration 10...
Iteration 11
eta IR floor ON: Gamma_floor=0.5378 THz^2 (eta_ir_floor_cells=2, omega_c=2*dw=0.733 THz) on the unresolved soft modes.
[it 11] energy J(local)=[0.0536 0.0155 0.0447]
SigmaR resid-by-omega: peak w=0.37THz val=9.186e+02 in-band(<=46.4)=0.981 low(<=5)=0.276
Maximum Self-Energy Update: 918.5606416881764
Contact Current Difference: 0.0
Current Conservation abs: 0.0402432515406872
Current Conservation rel: 6.480181485057618e-06
Phonon: rel Sigma^R residual 1.6680e+00; lead balance 2.3773e-02 (best 1.3140e-03; internal spread 2.0654e-01)
Bubble energy balance: P_in=-8.847974e+03 P_out=-8.847974e+03 resid=4.441e-16
Writing output for iteration 11...
Iteration 12
eta IR floor ON: Gamma_floor=0.5378 THz^2 (eta_ir_floor_cells=2, omega_c=2*dw=0.733 THz) on the unresolved soft modes.
[it 12] energy J(local)=[0.0549 0.0156 0.0455]
SigmaR resid-by-omega: peak w=0.37THz val=8.140e+02 in-band(<=46.4)=0.981 low(<=5)=0.275
Maximum Self-Energy Update: 813.9810768465388
Contact Current Difference: 0.0
Current Conservation abs: 0.033867853231640765
Current Conservation rel: 4.823913701869711e-06
Phonon: rel Sigma^R residual 1.4478e+00; lead balance 2.3189e-02 (best 1.3140e-03; internal spread 2.1189e-01)
Bubble energy balance: P_in=-9.745457e+03 P_out=-9.745457e+03 resid=4.905e-16
Writing output for iteration 12...
Iteration 13
eta IR floor ON: Gamma_floor=0.5378 THz^2 (eta_ir_floor_cells=2, omega_c=2*dw=0.733 THz) on the unresolved soft modes.
[it 13] energy J(local)=[0.0573 0.0161 0.0466]
SigmaR resid-by-omega: peak w=0.37THz val=7.209e+02 in-band(<=46.4)=0.982 low(<=5)=0.272
Maximum Self-Energy Update: 720.9007428691136
Contact Current Difference: 0.0
Current Conservation abs: 0.025712750408274587
Current Conservation rel: 3.1497042358032446e-06
Phonon: rel Sigma^R residual 1.2522e+00; lead balance 2.2774e-02 (best 1.3140e-03; internal spread 2.1719e-01)
Bubble energy balance: P_in=-1.086443e+04 P_out=-1.086443e+04 resid=2.542e-16
Writing output for iteration 13...
Iteration 14
eta IR floor ON: Gamma_floor=0.5378 THz^2 (eta_ir_floor_cells=2, omega_c=2*dw=0.733 THz) on the unresolved soft modes.
[it 14] energy J(local)=[0.061  0.0168 0.0479]
SigmaR resid-by-omega: peak w=0.37THz val=6.370e+02 in-band(<=46.4)=0.983 low(<=5)=0.265
Maximum Self-Energy Update: 636.9894306073866
Contact Current Difference: 0.0
Current Conservation abs: 0.013691731768631143
Current Conservation rel: 1.3770751731577876e-06
Phonon: rel Sigma^R residual 1.0335e+00; lead balance 2.2553e-02 (best 1.3140e-03; internal spread 2.2264e-01)
Bubble energy balance: P_in=-1.235593e+04 P_out=-1.235593e+04 resid=7.505e-17
Writing output for iteration 14...
Iteration 15
eta IR floor ON: Gamma_floor=0.5378 THz^2 (eta_ir_floor_cells=2, omega_c=2*dw=0.733 THz) on the unresolved soft modes.
[it 15] energy J(local)=[0.0661 0.0168 0.0493]
SigmaR resid-by-omega: peak w=0.37THz val=5.587e+02 in-band(<=46.4)=0.983 low(<=5)=0.254
Maximum Self-Energy Update: 558.722672651315
Contact Current Difference: 0.0
Current Conservation abs: 0.005998167352117889
Current Conservation rel: 4.637271043326712e-07
Phonon: rel Sigma^R residual 7.9952e-01; lead balance 2.2414e-02 (best 1.3140e-03; internal spread 2.2869e-01)
Bubble energy balance: P_in=-1.442428e+04 P_out=-1.442428e+04 resid=3.166e-16
Writing output for iteration 15...
Iteration 16
eta IR floor ON: Gamma_floor=0.5378 THz^2 (eta_ir_floor_cells=2, omega_c=2*dw=0.733 THz) on the unresolved soft modes.
[it 16] energy J(local)=[0.0715 0.0146 0.0507]
SigmaR resid-by-omega: peak w=0.37THz val=4.876e+02 in-band(<=46.4)=0.984 low(<=5)=0.238
Maximum Self-Energy Update: 487.6089954528679
Contact Current Difference: 0.0
Current Conservation abs: 0.031469365780139924
Current Conservation rel: 1.8043690423038705e-06
Phonon: rel Sigma^R residual 6.0755e-01; lead balance 2.1983e-02 (best 1.3140e-03; internal spread 2.3574e-01)
Bubble energy balance: P_in=-1.697630e+04 P_out=-1.697630e+04 resid=4.334e-16
Writing output for iteration 16...
Iteration 17
eta IR floor ON: Gamma_floor=0.5378 THz^2 (eta_ir_floor_cells=2, omega_c=2*dw=0.733 THz) on the unresolved soft modes.
[it 17] energy J(local)=[0.0745 0.0119 0.0515]
SigmaR resid-by-omega: peak w=0.00THz val=4.193e+02 in-band(<=46.4)=0.985 low(<=5)=0.223
Maximum Self-Energy Update: 419.3489020477165
Contact Current Difference: 0.0
Current Conservation abs: 0.04675269461222342
Current Conservation rel: 2.0925133237174683e-06
Phonon: rel Sigma^R residual 4.6939e-01; lead balance 2.1032e-02 (best 1.3140e-03; internal spread 2.4266e-01)
Bubble energy balance: P_in=-1.930734e+04 P_out=-1.930734e+04 resid=3.869e-16
Writing output for iteration 17...
Iteration 18
eta IR floor ON: Gamma_floor=0.5378 THz^2 (eta_ir_floor_cells=2, omega_c=2*dw=0.733 THz) on the unresolved soft modes.
[it 18] energy J(local)=[0.0739 0.013  0.0521]
SigmaR resid-by-omega: peak w=0.00THz val=3.627e+02 in-band(<=46.4)=0.979 low(<=5)=0.204
Maximum Self-Energy Update: 362.7153890135948
Contact Current Difference: 0.0
Current Conservation abs: 0.04272059134382289
Current Conservation rel: 1.592623038238287e-06
Phonon: rel Sigma^R residual 3.7237e-01; lead balance 2.0210e-02 (best 1.3140e-03; internal spread 2.4761e-01)
Bubble energy balance: P_in=-2.109489e+04 P_out=-2.109489e+04 resid=2.231e-16
Writing output for iteration 18...
Iteration 19
eta IR floor ON: Gamma_floor=0.5378 THz^2 (eta_ir_floor_cells=2, omega_c=2*dw=0.733 THz) on the unresolved soft modes.
[it 19] energy J(local)=[0.0725 0.0176 0.0532]
SigmaR resid-by-omega: peak w=1.10THz val=3.306e+02 in-band(<=46.4)=0.971 low(<=5)=0.180
Maximum Self-Energy Update: 330.6343851439694
Contact Current Difference: 0.0
Current Conservation abs: 0.015640997457012418
Current Conservation rel: 4.881706352580696e-07
Phonon: rel Sigma^R residual 3.0513e-01; lead balance 2.0448e-02 (best 1.3140e-03; internal spread 2.5117e-01)
Bubble energy balance: P_in=-2.295780e+04 P_out=-2.295780e+04 resid=8.640e-17
Writing output for iteration 19...
Iteration 20
eta IR floor ON: Gamma_floor=0.5378 THz^2 (eta_ir_floor_cells=2, omega_c=2*dw=0.733 THz) on the unresolved soft modes.
[it 20] energy J(local)=[0.0762 0.0265 0.0572]
SigmaR resid-by-omega: peak w=22.73THz val=4.084e+02 in-band(<=46.4)=0.963 low(<=5)=0.146
Maximum Self-Energy Update: 408.3811153738208
Contact Current Difference: 0.0
Current Conservation abs: 0.03841096326505067
Current Conservation rel: 9.3380655179036e-07
Phonon: rel Sigma^R residual 3.2074e-01; lead balance 2.4638e-02 (best 1.3140e-03; internal spread 2.5513e-01)
Bubble energy balance: P_in=-2.602003e+04 P_out=-2.602003e+04 resid=1.515e-16
Writing output for iteration 20...
Iteration 21
eta IR floor ON: Gamma_floor=0.5378 THz^2 (eta_ir_floor_cells=2, omega_c=2*dw=0.733 THz) on the unresolved soft modes.
[it 21] energy J(local)=[0.0887 0.0442 0.0658]
SigmaR resid-by-omega: peak w=0.73THz val=5.174e+02 in-band(<=46.4)=0.962 low(<=5)=0.145
Maximum Self-Energy Update: 517.3610574400846
Contact Current Difference: 0.0
Current Conservation abs: 0.051104436242894735
Current Conservation rel: 9.806240962961932e-07
Phonon: rel Sigma^R residual 3.4515e-01; lead balance 3.5559e-02 (best 1.3140e-03; internal spread 2.5999e-01)
Bubble energy balance: P_in=-2.930708e+04 P_out=-2.930708e+04 resid=4.557e-17
Writing output for iteration 21...
Iteration 22
eta IR floor ON: Gamma_floor=0.5378 THz^2 (eta_ir_floor_cells=2, omega_c=2*dw=0.733 THz) on the unresolved soft modes.
[it 22] energy J(local)=[0.0962 0.0591 0.0699]
SigmaR resid-by-omega: peak w=22.73THz val=3.944e+02 in-band(<=46.4)=0.962 low(<=5)=0.141
Maximum Self-Energy Update: 394.4122076067296
Contact Current Difference: 0.0
Current Conservation abs: 0.0235262851601874
Current Conservation rel: 5.13040824471359e-07
Phonon: rel Sigma^R residual 2.8679e-01; lead balance 4.7560e-02 (best 1.3140e-03; internal spread 2.6151e-01)
Bubble energy balance: P_in=-2.691507e+04 P_out=-2.691507e+04 resid=1.546e-16
Writing output for iteration 22...
Iteration 23
eta IR floor ON: Gamma_floor=0.5378 THz^2 (eta_ir_floor_cells=2, omega_c=2*dw=0.733 THz) on the unresolved soft modes.
[it 23] energy J(local)=[0.0995 0.0688 0.0731]
SigmaR resid-by-omega: peak w=22.73THz val=2.937e+02 in-band(<=46.4)=0.965 low(<=5)=0.142
Maximum Self-Energy Update: 293.69693810435035
Contact Current Difference: 0.0
Current Conservation abs: 0.02849397328827763
Current Conservation rel: 7.202277945860983e-07
Phonon: rel Sigma^R residual 2.4230e-01; lead balance 5.3238e-02 (best 1.3140e-03; internal spread 2.5706e-01)
Bubble energy balance: P_in=-2.474023e+04 P_out=-2.474023e+04 resid=2.946e-16
Writing output for iteration 23...
Iteration 24
eta IR floor ON: Gamma_floor=0.5378 THz^2 (eta_ir_floor_cells=2, omega_c=2*dw=0.733 THz) on the unresolved soft modes.
[it 24] energy J(local)=[0.1016 0.0766 0.0781]
SigmaR resid-by-omega: peak w=22.73THz val=3.207e+02 in-band(<=46.4)=0.961 low(<=5)=0.132
Maximum Self-Energy Update: 320.7357811925546
Contact Current Difference: 0.0
Current Conservation abs: 0.005112318274768768
Current Conservation rel: 1.3179118018613267e-07
Phonon: rel Sigma^R residual 2.8130e-01; lead balance 5.3386e-02 (best 1.3140e-03; internal spread 2.4837e-01)
Bubble energy balance: P_in=-2.446190e+04 P_out=-2.446190e+04 resid=1.060e-16
Writing output for iteration 24...
Iteration 25
eta IR floor ON: Gamma_floor=0.5378 THz^2 (eta_ir_floor_cells=2, omega_c=2*dw=0.733 THz) on the unresolved soft modes.
[it 25] energy J(local)=[0.1044 0.0844 0.0847]
SigmaR resid-by-omega: peak w=22.73THz val=3.722e+02 in-band(<=46.4)=0.961 low(<=5)=0.145
Maximum Self-Energy Update: 372.19193494858445
Contact Current Difference: 0.0
Current Conservation abs: 0.017996452646912076
Current Conservation rel: 4.311375105107967e-07
Phonon: rel Sigma^R residual 2.9231e-01; lead balance 5.0222e-02 (best 1.3140e-03; internal spread 2.3708e-01)
Bubble energy balance: P_in=-2.544014e+04 P_out=-2.544014e+04 resid=1.329e-16
Writing output for iteration 25...
Iteration 26
eta IR floor ON: Gamma_floor=0.5378 THz^2 (eta_ir_floor_cells=2, omega_c=2*dw=0.733 THz) on the unresolved soft modes.
[it 26] energy J(local)=[0.1084 0.0921 0.0906]
SigmaR resid-by-omega: peak w=22.73THz val=2.730e+02 in-band(<=46.4)=0.961 low(<=5)=0.153
Maximum Self-Energy Update: 273.0030370939101
Contact Current Difference: 0.0
Current Conservation abs: 0.0017466383505961858
Current Conservation rel: 4.500053223076309e-08
Phonon: rel Sigma^R residual 2.2376e-01; lead balance 4.5623e-02 (best 1.3140e-03; internal spread 2.2432e-01)
Bubble energy balance: P_in=-2.456505e+04 P_out=-2.456505e+04 resid=1.344e-16
Writing output for iteration 26...
Iteration 27
eta IR floor ON: Gamma_floor=0.5378 THz^2 (eta_ir_floor_cells=2, omega_c=2*dw=0.733 THz) on the unresolved soft modes.
[it 27] energy J(local)=[0.1117 0.0973 0.0946]
SigmaR resid-by-omega: peak w=1.10THz val=1.995e+02 in-band(<=46.4)=0.965 low(<=5)=0.168
Maximum Self-Energy Update: 199.45429215080455
Contact Current Difference: 0.0
Current Conservation abs: 0.011691259307553992
Current Conservation rel: 3.36812491845955e-07
Phonon: rel Sigma^R residual 1.7675e-01; lead balance 4.1167e-02 (best 1.3140e-03; internal spread 2.1408e-01)
Bubble energy balance: P_in=-2.326193e+04 P_out=-2.326193e+04 resid=1.675e-16
Writing output for iteration 27...
Iteration 28
eta IR floor ON: Gamma_floor=0.5378 THz^2 (eta_ir_floor_cells=2, omega_c=2*dw=0.733 THz) on the unresolved soft modes.
[it 28] energy J(local)=[0.114  0.1008 0.0979]
SigmaR resid-by-omega: peak w=1.10THz val=1.979e+02 in-band(<=46.4)=0.970 low(<=5)=0.194
Maximum Self-Energy Update: 197.87464217611628
Contact Current Difference: 0.0
Current Conservation abs: 0.016851870554091875
Current Conservation rel: 5.153699796977393e-07
Phonon: rel Sigma^R residual 1.7334e-01; lead balance 3.7091e-02 (best 1.3140e-03; internal spread 2.0638e-01)
Bubble energy balance: P_in=-2.258172e+04 P_out=-2.258172e+04 resid=3.335e-16
Writing output for iteration 28...
Iteration 29
eta IR floor ON: Gamma_floor=0.5378 THz^2 (eta_ir_floor_cells=2, omega_c=2*dw=0.733 THz) on the unresolved soft modes.
[it 29] energy J(local)=[0.1157 0.1034 0.1007]
SigmaR resid-by-omega: peak w=1.10THz val=1.967e+02 in-band(<=46.4)=0.974 low(<=5)=0.214
Maximum Self-Energy Update: 196.7335111982488
Contact Current Difference: 0.0
Current Conservation abs: 0.019490937202135683
Current Conservation rel: 6.230833109822311e-07
Phonon: rel Sigma^R residual 1.6961e-01; lead balance 3.3200e-02 (best 1.3140e-03; internal spread 2.0015e-01)
Bubble energy balance: P_in=-2.207293e+04 P_out=-2.207293e+04 resid=2.352e-16
Writing output for iteration 29...
Iteration 30
eta IR floor ON: Gamma_floor=0.5378 THz^2 (eta_ir_floor_cells=2, omega_c=2*dw=0.733 THz) on the unresolved soft modes.
[it 30] energy J(local)=[0.1168 0.1051 0.103 ]
SigmaR resid-by-omega: peak w=1.10THz val=1.948e+02 in-band(<=46.4)=0.976 low(<=5)=0.228
Maximum Self-Energy Update: 194.8087352829848
Contact Current Difference: 0.0
Current Conservation abs: 0.021246522410365287
Current Conservation rel: 7.041334970629531e-07
Phonon: rel Sigma^R residual 1.6474e-01; lead balance 2.9426e-02 (best 1.3140e-03; internal spread 1.9510e-01)
Bubble energy balance: P_in=-2.166354e+04 P_out=-2.166354e+04 resid=2.655e-16
Writing output for iteration 30...
Iteration 31
eta IR floor ON: Gamma_floor=0.5378 THz^2 (eta_ir_floor_cells=2, omega_c=2*dw=0.733 THz) on the unresolved soft modes.
[it 31] energy J(local)=[0.1171 0.1059 0.1046]
SigmaR resid-by-omega: peak w=1.10THz val=1.922e+02 in-band(<=46.4)=0.972 low(<=5)=0.230
Maximum Self-Energy Update: 192.16515688125085
Contact Current Difference: 0.0
Current Conservation abs: 0.02312762281871983
Current Conservation rel: 7.878333954278048e-07
Phonon: rel Sigma^R residual 1.5865e-01; lead balance 2.5742e-02 (best 1.3140e-03; internal spread 1.9103e-01)
Bubble energy balance: P_in=-2.136214e+04 P_out=-2.136214e+04 resid=3.783e-16
Writing output for iteration 31...
Iteration 32
eta IR floor ON: Gamma_floor=0.5378 THz^2 (eta_ir_floor_cells=2, omega_c=2*dw=0.733 THz) on the unresolved soft modes.
[it 32] energy J(local)=[0.1164 0.1057 0.1055]
SigmaR resid-by-omega: peak w=0.37THz val=1.922e+02 in-band(<=46.4)=0.968 low(<=5)=0.228
Maximum Self-Energy Update: 192.15749603744143
Contact Current Difference: 0.0
Current Conservation abs: 0.025943310218281113
Current Conservation rel: 8.978141009372089e-07
Phonon: rel Sigma^R residual 1.5380e-01; lead balance 2.2133e-02 (best 1.3140e-03; internal spread 1.8776e-01)
Bubble energy balance: P_in=-2.120209e+04 P_out=-2.120209e+04 resid=1.797e-16
Writing output for iteration 32...
Iteration 33
eta IR floor ON: Gamma_floor=0.5378 THz^2 (eta_ir_floor_cells=2, omega_c=2*dw=0.733 THz) on the unresolved soft modes.
[it 33] energy J(local)=[0.1146 0.1045 0.1056]
SigmaR resid-by-omega: peak w=0.73THz val=1.983e+02 in-band(<=46.4)=0.963 low(<=5)=0.220
Maximum Self-Energy Update: 198.32675307832628
Contact Current Difference: 0.0
Current Conservation abs: 0.03047471252102696
Current Conservation rel: 1.0508912799253852e-06
Phonon: rel Sigma^R residual 1.5227e-01; lead balance 1.8584e-02 (best 1.3140e-03; internal spread 1.8506e-01)
Bubble energy balance: P_in=-2.126539e+04 P_out=-2.126539e+04 resid=6.111e-17
Writing output for iteration 33...
Iteration 34
eta IR floor ON: Gamma_floor=0.5378 THz^2 (eta_ir_floor_cells=2, omega_c=2*dw=0.733 THz) on the unresolved soft modes.
[it 34] energy J(local)=[0.1117 0.1025 0.1049]
SigmaR resid-by-omega: peak w=0.73THz val=2.530e+02 in-band(<=46.4)=0.961 low(<=5)=0.223
Maximum Self-Energy Update: 253.0392546978092
Contact Current Difference: 0.0
Current Conservation abs: 0.03801412908251223
Current Conservation rel: 1.259427327328724e-06
Phonon: rel Sigma^R residual 1.8323e-01; lead balance 1.5103e-02 (best 1.3140e-03; internal spread 1.8269e-01)
Bubble energy balance: P_in=-2.174797e+04 P_out=-2.174797e+04 resid=9.825e-17
Writing output for iteration 34...
Iteration 35
eta IR floor ON: Gamma_floor=0.5378 THz^2 (eta_ir_floor_cells=2, omega_c=2*dw=0.733 THz) on the unresolved soft modes.
[it 35] energy J(local)=[0.1081 0.1002 0.1036]
SigmaR resid-by-omega: peak w=0.37THz val=3.732e+02 in-band(<=46.4)=0.961 low(<=5)=0.228
Maximum Self-Energy Update: 373.16652449544273
Contact Current Difference: 0.0
Current Conservation abs: 0.05214774687192403
Current Conservation rel: 1.547422765505464e-06
Phonon: rel Sigma^R residual 2.4882e-01; lead balance 1.1783e-02 (best 1.3140e-03; internal spread 1.8032e-01)
Bubble energy balance: P_in=-2.306386e+04 P_out=-2.306386e+04 resid=1.789e-16
Writing output for iteration 35...
Iteration 36
eta IR floor ON: Gamma_floor=0.5378 THz^2 (eta_ir_floor_cells=2, omega_c=2*dw=0.733 THz) on the unresolved soft modes.
[it 36] energy J(local)=[0.1047 0.0994 0.1023]
SigmaR resid-by-omega: peak w=0.37THz val=6.955e+02 in-band(<=46.4)=0.962 low(<=5)=0.235
Maximum Self-Energy Update: 695.4889783894068
Contact Current Difference: 0.0
Current Conservation abs: 0.0892224182280188
Current Conservation rel: 2.07186034468232e-06
Phonon: rel Sigma^R residual 4.1203e-01; lead balance 9.0602e-03 (best 1.3140e-03; internal spread 1.7749e-01)
Bubble energy balance: P_in=-2.617891e+04 P_out=-2.617891e+04 resid=7.161e-17
Writing output for iteration 36...
Iteration 37
eta IR floor ON: Gamma_floor=0.5378 THz^2 (eta_ir_floor_cells=2, omega_c=2*dw=0.733 THz) on the unresolved soft modes.
[it 37] energy J(local)=[0.1051 0.1062 0.1021]
SigmaR resid-by-omega: peak w=0.73THz val=1.630e+03 in-band(<=46.4)=0.962 low(<=5)=0.243
Maximum Self-Energy Update: 1630.3136986440145
Contact Current Difference: 0.0
Current Conservation abs: 0.22811406861728756
Current Conservation rel: 3.7526335837637156e-06
Phonon: rel Sigma^R residual 6.1167e-01; lead balance 8.4082e-03 (best 1.3140e-03; internal spread 1.7388e-01)
Bubble energy balance: P_in=-3.159349e+04 P_out=-3.159349e+04 resid=4.611e-16
Writing output for iteration 37...
Iteration 38
eta IR floor ON: Gamma_floor=0.5378 THz^2 (eta_ir_floor_cells=2, omega_c=2*dw=0.733 THz) on the unresolved soft modes.
[it 38] energy J(local)=[0.0994 0.0983 0.0974]
SigmaR resid-by-omega: peak w=1.10THz val=5.791e+02 in-band(<=46.4)=0.961 low(<=5)=0.241
Maximum Self-Energy Update: 579.0715949609706
Contact Current Difference: 0.0
Current Conservation abs: 0.1096848819652223
Current Conservation rel: 4.044361350305731e-06
Phonon: rel Sigma^R residual 3.2405e-01; lead balance 7.7519e-03 (best 1.3140e-03; internal spread 1.7729e-01)
Bubble energy balance: P_in=-2.016639e+04 P_out=-2.016639e+04 resid=2.922e-16
Writing output for iteration 38...
Iteration 39
eta IR floor ON: Gamma_floor=0.5378 THz^2 (eta_ir_floor_cells=2, omega_c=2*dw=0.733 THz) on the unresolved soft modes.
[it 39] energy J(local)=[0.0975 0.0945 0.0961]
SigmaR resid-by-omega: peak w=1.10THz val=4.323e+02 in-band(<=46.4)=0.961 low(<=5)=0.243
Maximum Self-Energy Update: 432.30778602249126
Contact Current Difference: 0.0
Current Conservation abs: 0.09793527250621992
Current Conservation rel: 3.912502624172653e-06
Phonon: rel Sigma^R residual 2.6531e-01; lead balance 6.6452e-03 (best 1.3140e-03; internal spread 1.8300e-01)
Bubble energy balance: P_in=-1.963964e+04 P_out=-1.963964e+04 resid=1.373e-16
Writing output for iteration 39...
Iteration 40
eta IR floor ON: Gamma_floor=0.5378 THz^2 (eta_ir_floor_cells=2, omega_c=2*dw=0.733 THz) on the unresolved soft modes.
[it 40] energy J(local)=[0.0962 0.0915 0.0953]
SigmaR resid-by-omega: peak w=1.10THz val=3.500e+02 in-band(<=46.4)=0.961 low(<=5)=0.249
Maximum Self-Energy Update: 350.04608461768925
Contact Current Difference: 0.0
Current Conservation abs: 0.09389683553490613
Current Conservation rel: 3.7764158861617627e-06
Phonon: rel Sigma^R residual 2.2445e-01; lead balance 5.4915e-03 (best 1.3140e-03; internal spread 1.8801e-01)
Bubble energy balance: P_in=-1.987536e+04 P_out=-1.987536e+04 resid=2.994e-16
Writing output for iteration 40...
Iteration 41
eta IR floor ON: Gamma_floor=0.5378 THz^2 (eta_ir_floor_cells=2, omega_c=2*dw=0.733 THz) on the unresolved soft modes.
[it 41] energy J(local)=[0.0951 0.0891 0.0947]
SigmaR resid-by-omega: peak w=1.10THz val=2.884e+02 in-band(<=46.4)=0.961 low(<=5)=0.259
Maximum Self-Energy Update: 288.41619988784856
Contact Current Difference: 0.0
Current Conservation abs: 0.09097967696288833
Current Conservation rel: 3.601003164447991e-06
Phonon: rel Sigma^R residual 1.8856e-01; lead balance 4.3574e-03 (best 1.3140e-03; internal spread 1.9208e-01)
Bubble energy balance: P_in=-2.034829e+04 P_out=-2.034829e+04 resid=2.023e-16
Writing output for iteration 41...
Iteration 42
eta IR floor ON: Gamma_floor=0.5378 THz^2 (eta_ir_floor_cells=2, omega_c=2*dw=0.733 THz) on the unresolved soft modes.
[it 42] energy J(local)=[0.0942 0.0872 0.0945]
SigmaR resid-by-omega: peak w=1.10THz val=2.381e+02 in-band(<=46.4)=0.966 low(<=5)=0.247
Maximum Self-Energy Update: 238.06974836725797
Contact Current Difference: 0.0
Current Conservation abs: 0.08781300272858061
Current Conservation rel: 3.3843473428781317e-06
Phonon: rel Sigma^R residual 1.5742e-01; lead balance 3.3407e-03 (best 1.3140e-03; internal spread 1.9508e-01)
Bubble energy balance: P_in=-2.093585e+04 P_out=-2.093585e+04 resid=4.933e-16
Writing output for iteration 42...
Iteration 43
eta IR floor ON: Gamma_floor=0.5378 THz^2 (eta_ir_floor_cells=2, omega_c=2*dw=0.733 THz) on the unresolved soft modes.
[it 43] energy J(local)=[0.0936 0.0857 0.0944]
SigmaR resid-by-omega: peak w=0.73THz val=2.015e+02 in-band(<=46.4)=0.965 low(<=5)=0.223
Maximum Self-Energy Update: 201.4959176245542
Contact Current Difference: 0.0
Current Conservation abs: 0.0839991069133248
Current Conservation rel: 3.1386473794806856e-06
Phonon: rel Sigma^R residual 1.3433e-01; lead balance 2.5314e-03 (best 1.3140e-03; internal spread 1.9695e-01)
Bubble energy balance: P_in=-2.157032e+04 P_out=-2.157032e+04 resid=8.768e-17
Writing output for iteration 43...
Iteration 44
eta IR floor ON: Gamma_floor=0.5378 THz^2 (eta_ir_floor_cells=2, omega_c=2*dw=0.733 THz) on the unresolved soft modes.
[it 44] energy J(local)=[0.0932 0.0849 0.0945]
SigmaR resid-by-omega: peak w=0.73THz val=1.821e+02 in-band(<=46.4)=0.963 low(<=5)=0.196
Maximum Self-Energy Update: 182.10800911140623
Contact Current Difference: 0.0
Current Conservation abs: 0.07960717775131343
Current Conservation rel: 2.8839604836128154e-06
Phonon: rel Sigma^R residual 1.2216e-01; lead balance 1.9946e-03 (best 1.3140e-03; internal spread 1.9767e-01)
Bubble energy balance: P_in=-2.219914e+04 P_out=-2.219914e+04 resid=1.462e-16
Writing output for iteration 44...
Iteration 45
eta IR floor ON: Gamma_floor=0.5378 THz^2 (eta_ir_floor_cells=2, omega_c=2*dw=0.733 THz) on the unresolved soft modes.
[it 45] energy J(local)=[0.0931 0.0845 0.0948]
SigmaR resid-by-omega: peak w=0.73THz val=1.644e+02 in-band(<=46.4)=0.960 low(<=5)=0.183
Maximum Self-Energy Update: 164.41529601783196
Contact Current Difference: 0.0
Current Conservation abs: 0.07496022930536128
Current Conservation rel: 2.640763902510901e-06
Phonon: rel Sigma^R residual 1.1084e-01; lead balance 1.7615e-03 (best 1.3140e-03; internal spread 1.9732e-01)
Bubble energy balance: P_in=-2.278114e+04 P_out=-2.278114e+04 resid=8.123e-17
Writing output for iteration 45...
Iteration 46
eta IR floor ON: Gamma_floor=0.5378 THz^2 (eta_ir_floor_cells=2, omega_c=2*dw=0.733 THz) on the unresolved soft modes.
[it 46] energy J(local)=[0.0932 0.0846 0.0951]
SigmaR resid-by-omega: peak w=0.73THz val=1.475e+02 in-band(<=46.4)=0.960 low(<=5)=0.184
Maximum Self-Energy Update: 147.51065338169255
Contact Current Difference: 0.0
Current Conservation abs: 0.07041617320101068
Current Conservation rel: 2.4232960445606945e-06
Phonon: rel Sigma^R residual 9.9848e-02; lead balance 1.8285e-03 (best 1.3140e-03; internal spread 1.9603e-01)
Bubble energy balance: P_in=-2.328778e+04 P_out=-2.328778e+04 resid=8.019e-17
Writing output for iteration 46...
Iteration 47
eta IR floor ON: Gamma_floor=0.5378 THz^2 (eta_ir_floor_cells=2, omega_c=2*dw=0.733 THz) on the unresolved soft modes.
[it 47] energy J(local)=[0.0934 0.085  0.0955]
SigmaR resid-by-omega: peak w=1.10THz val=1.407e+02 in-band(<=46.4)=0.960 low(<=5)=0.188
Maximum Self-Energy Update: 140.73284973730767
Contact Current Difference: 0.0
Current Conservation abs: 0.06619524070811167
Current Conservation rel: 2.236447434567535e-06
Phonon: rel Sigma^R residual 9.5574e-02; lead balance 2.1613e-03 (best 1.3140e-03; internal spread 1.9393e-01)
Bubble energy balance: P_in=-2.370310e+04 P_out=-2.370310e+04 resid=6.199e-16
Writing output for iteration 47...
Iteration 48
eta IR floor ON: Gamma_floor=0.5378 THz^2 (eta_ir_floor_cells=2, omega_c=2*dw=0.733 THz) on the unresolved soft modes.
[it 48] energy J(local)=[0.0937 0.0856 0.0959]
SigmaR resid-by-omega: peak w=1.10THz val=1.321e+02 in-band(<=46.4)=0.960 low(<=5)=0.194
Maximum Self-Energy Update: 132.11521870669196
Contact Current Difference: 0.0
Current Conservation abs: 0.062327656474735704
Current Conservation rel: 2.0769186418685088e-06
Phonon: rel Sigma^R residual 8.9962e-02; lead balance 2.6999e-03 (best 1.3140e-03; internal spread 1.9121e-01)
Bubble energy balance: P_in=-2.402235e+04 P_out=-2.402235e+04 resid=2.449e-16
Writing output for iteration 48...
Iteration 49
eta IR floor ON: Gamma_floor=0.5378 THz^2 (eta_ir_floor_cells=2, omega_c=2*dw=0.733 THz) on the unresolved soft modes.
[it 49] energy J(local)=[0.0939 0.0863 0.0963]
SigmaR resid-by-omega: peak w=1.10THz val=1.217e+02 in-band(<=46.4)=0.961 low(<=5)=0.196
Maximum Self-Energy Update: 121.69747336183694
Contact Current Difference: 0.0
Current Conservation abs: 0.05871267028123839
Current Conservation rel: 1.9371203128841906e-06
Phonon: rel Sigma^R residual 8.3054e-02; lead balance 3.3674e-03 (best 1.3140e-03; internal spread 1.8801e-01)
Bubble energy balance: P_in=-2.424936e+04 P_out=-2.424936e+04 resid=2.464e-17
  JFNK: warmup done at it=50, ||R||=2.433e+04 -> engaging Newton-Krylov
Writing output for iteration 49...
Iteration 50
eta IR floor ON: Gamma_floor=0.5378 THz^2 (eta_ir_floor_cells=2, omega_c=2*dw=0.733 THz) on the unresolved soft modes.
[it 50] energy J(local)=[0.0941 0.087  0.0967]
SigmaR resid-by-omega: peak w=1.10THz val=1.111e+02 in-band(<=46.4)=0.963 low(<=5)=0.190
Maximum Self-Energy Update: 111.05839943144875
Contact Current Difference: 0.0
Current Conservation abs: 0.05521526839584112
Current Conservation rel: 1.8092081366695235e-06
Phonon: rel Sigma^R residual 7.5946e-02; lead balance 4.0832e-03 (best 1.3140e-03; internal spread 1.8449e-01)
Bubble energy balance: P_in=-2.439320e+04 P_out=-2.439320e+04 resid=2.424e-16
Writing output for iteration 50...
Iteration 51
eta IR floor ON: Gamma_floor=0.5378 THz^2 (eta_ir_floor_cells=2, omega_c=2*dw=0.733 THz) on the unresolved soft modes.
[it 51] energy J(local)=[0.0941 0.087  0.0967]
SigmaR resid-by-omega: peak w=1.10THz val=1.111e+02 in-band(<=46.4)=0.963 low(<=5)=0.190
Maximum Self-Energy Update: 111.05849854900642
Contact Current Difference: 0.0
Current Conservation abs: 0.05521530425721721
Current Conservation rel: 1.809209359731196e-06
Phonon: rel Sigma^R residual 7.5946e-02; lead balance 4.0832e-03 (best 1.3140e-03; internal spread 1.8449e-01)
Bubble energy balance: P_in=-2.439320e+04 P_out=-2.439320e+04 resid=5.243e-16
Writing output for iteration 51...
Iteration 52
eta IR floor ON: Gamma_floor=0.5378 THz^2 (eta_ir_floor_cells=2, omega_c=2*dw=0.733 THz) on the unresolved soft modes.
[it 52] energy J(local)=[0.0941 0.087  0.0967]
SigmaR resid-by-omega: peak w=1.10THz val=1.111e+02 in-band(<=46.4)=0.963 low(<=5)=0.190
Maximum Self-Energy Update: 111.0584137019824
Contact Current Difference: 0.0
Current Conservation abs: 0.055215312451764476
Current Conservation rel: 1.8092092109536053e-06
Phonon: rel Sigma^R residual 7.5946e-02; lead balance 4.0832e-03 (best 1.3140e-03; internal spread 1.8449e-01)
Bubble energy balance: P_in=-2.439320e+04 P_out=-2.439320e+04 resid=4.482e-16
Writing output for iteration 52...
Iteration 53
eta IR floor ON: Gamma_floor=0.5378 THz^2 (eta_ir_floor_cells=2, omega_c=2*dw=0.733 THz) on the unresolved soft modes.
[it 53] energy J(local)=[0.0941 0.087  0.0967]
SigmaR resid-by-omega: peak w=1.10THz val=1.111e+02 in-band(<=46.4)=0.963 low(<=5)=0.190
Maximum Self-Energy Update: 111.05802028417726
Contact Current Difference: 0.0
Current Conservation abs: 0.05521530569785682
Current Conservation rel: 1.8092105475795552e-06
Phonon: rel Sigma^R residual 7.5946e-02; lead balance 4.0832e-03 (best 1.3140e-03; internal spread 1.8449e-01)
Bubble energy balance: P_in=-2.439319e+04 P_out=-2.439319e+04 resid=1.556e-16
Writing output for iteration 53...
Iteration 54
eta IR floor ON: Gamma_floor=0.5378 THz^2 (eta_ir_floor_cells=2, omega_c=2*dw=0.733 THz) on the unresolved soft modes.
[it 54] energy J(local)=[0.0941 0.087  0.0967]
SigmaR resid-by-omega: peak w=1.10THz val=1.111e+02 in-band(<=46.4)=0.963 low(<=5)=0.190
Maximum Self-Energy Update: 111.05821226080398
Contact Current Difference: 0.0
Current Conservation abs: 0.05521528714780288
Current Conservation rel: 1.809208644531345e-06
Phonon: rel Sigma^R residual 7.5946e-02; lead balance 4.0832e-03 (best 1.3140e-03; internal spread 1.8449e-01)
Bubble energy balance: P_in=-2.439320e+04 P_out=-2.439320e+04 resid=8.854e-17
Writing output for iteration 54...
Iteration 55
eta IR floor ON: Gamma_floor=0.5378 THz^2 (eta_ir_floor_cells=2, omega_c=2*dw=0.733 THz) on the unresolved soft modes.
[it 55] energy J(local)=[0.0941 0.087  0.0967]
SigmaR resid-by-omega: peak w=1.10THz val=1.111e+02 in-band(<=46.4)=0.963 low(<=5)=0.190
Maximum Self-Energy Update: 111.05887458423582
Contact Current Difference: 0.0
Current Conservation abs: 0.055215208918525605
Current Conservation rel: 1.809206726603056e-06
Phonon: rel Sigma^R residual 7.5946e-02; lead balance 4.0831e-03 (best 1.3140e-03; internal spread 1.8449e-01)
Bubble energy balance: P_in=-2.439319e+04 P_out=-2.439319e+04 resid=8.994e-17
Writing output for iteration 55...
Iteration 56
eta IR floor ON: Gamma_floor=0.5378 THz^2 (eta_ir_floor_cells=2, omega_c=2*dw=0.733 THz) on the unresolved soft modes.
[it 56] energy J(local)=[0.0941 0.087  0.0967]
SigmaR resid-by-omega: peak w=1.10THz val=1.111e+02 in-band(<=46.4)=0.963 low(<=5)=0.190
Maximum Self-Energy Update: 111.05873422289066
Contact Current Difference: 0.0
Current Conservation abs: 0.05521525197036681
Current Conservation rel: 1.8092065673615515e-06
Phonon: rel Sigma^R residual 7.5946e-02; lead balance 4.0832e-03 (best 1.3140e-03; internal spread 1.8449e-01)
Bubble energy balance: P_in=-2.439320e+04 P_out=-2.439320e+04 resid=1.552e-16
Writing output for iteration 56...
Iteration 57
eta IR floor ON: Gamma_floor=0.5378 THz^2 (eta_ir_floor_cells=2, omega_c=2*dw=0.733 THz) on the unresolved soft modes.
[it 57] energy J(local)=[0.0941 0.087  0.0967]
SigmaR resid-by-omega: peak w=1.10THz val=1.111e+02 in-band(<=46.4)=0.963 low(<=5)=0.190
Maximum Self-Energy Update: 111.05735537431713
Contact Current Difference: 0.0
Current Conservation abs: 0.05521539736946579
Current Conservation rel: 1.8092139872127503e-06
Phonon: rel Sigma^R residual 7.5945e-02; lead balance 4.0832e-03 (best 1.3140e-03; internal spread 1.8449e-01)
Bubble energy balance: P_in=-2.439318e+04 P_out=-2.439318e+04 resid=2.238e-16
Writing output for iteration 57...
Iteration 58
eta IR floor ON: Gamma_floor=0.5378 THz^2 (eta_ir_floor_cells=2, omega_c=2*dw=0.733 THz) on the unresolved soft modes.
[it 58] energy J(local)=[0.0941 0.087  0.0967]
SigmaR resid-by-omega: peak w=1.10THz val=1.111e+02 in-band(<=46.4)=0.963 low(<=5)=0.190
Maximum Self-Energy Update: 111.05852358727205
Contact Current Difference: 0.0
Current Conservation abs: 0.055215265827428084
Current Conservation rel: 1.809207289550994e-06
Phonon: rel Sigma^R residual 7.5946e-02; lead balance 4.0832e-03 (best 1.3140e-03; internal spread 1.8449e-01)
Bubble energy balance: P_in=-2.439320e+04 P_out=-2.439320e+04 resid=4.229e-16
Writing output for iteration 58...
Iteration 59
eta IR floor ON: Gamma_floor=0.5378 THz^2 (eta_ir_floor_cells=2, omega_c=2*dw=0.733 THz) on the unresolved soft modes.
[it 59] energy J(local)=[0.0941 0.087  0.0967]
SigmaR resid-by-omega: peak w=1.10THz val=1.111e+02 in-band(<=46.4)=0.963 low(<=5)=0.190
Maximum Self-Energy Update: 111.05815506824544
Contact Current Difference: 0.0
Current Conservation abs: 0.055215315444002044
Current Conservation rel: 1.8092102398699864e-06
Phonon: rel Sigma^R residual 7.5946e-02; lead balance 4.0832e-03 (best 1.3140e-03; internal spread 1.8449e-01)
Bubble energy balance: P_in=-2.439319e+04 P_out=-2.439319e+04 resid=3.045e-16
Writing output for iteration 59...
Iteration 60
eta IR floor ON: Gamma_floor=0.5378 THz^2 (eta_ir_floor_cells=2, omega_c=2*dw=0.733 THz) on the unresolved soft modes.
[it 60] energy J(local)=[0.0941 0.087  0.0967]
SigmaR resid-by-omega: peak w=1.10THz val=1.111e+02 in-band(<=46.4)=0.963 low(<=5)=0.190
Maximum Self-Energy Update: 111.05819056611026
Contact Current Difference: 0.0
Current Conservation abs: 0.05521522859817196
Current Conservation rel: 1.8092070653445979e-06
Phonon: rel Sigma^R residual 7.5946e-02; lead balance 4.0832e-03 (best 1.3140e-03; internal spread 1.8449e-01)
Bubble energy balance: P_in=-2.439319e+04 P_out=-2.439319e+04 resid=1.067e-16
Writing output for iteration 60...
Iteration 61
eta IR floor ON: Gamma_floor=0.5378 THz^2 (eta_ir_floor_cells=2, omega_c=2*dw=0.733 THz) on the unresolved soft modes.
[it 61] energy J(local)=[0.0941 0.087  0.0967]
SigmaR resid-by-omega: peak w=1.10THz val=1.111e+02 in-band(<=46.4)=0.963 low(<=5)=0.190
Maximum Self-Energy Update: 111.05810461481052
Contact Current Difference: 0.0
Current Conservation abs: 0.05521536152809858
Current Conservation rel: 1.8092116829309699e-06
Phonon: rel Sigma^R residual 7.5946e-02; lead balance 4.0832e-03 (best 1.3140e-03; internal spread 1.8449e-01)
Bubble energy balance: P_in=-2.439319e+04 P_out=-2.439319e+04 resid=6.818e-17
Writing output for iteration 61...
Iteration 62
eta IR floor ON: Gamma_floor=0.5378 THz^2 (eta_ir_floor_cells=2, omega_c=2*dw=0.733 THz) on the unresolved soft modes.
[it 62] energy J(local)=[0.0941 0.087  0.0967]
SigmaR resid-by-omega: peak w=1.10THz val=1.111e+02 in-band(<=46.4)=0.963 low(<=5)=0.190
Maximum Self-Energy Update: 111.05853472210012
Contact Current Difference: 0.0
Current Conservation abs: 0.05521499306814803
Current Conservation rel: 1.8091990826750262e-06
Phonon: rel Sigma^R residual 7.5946e-02; lead balance 4.0831e-03 (best 1.3140e-03; internal spread 1.8449e-01)
Bubble energy balance: P_in=-2.439320e+04 P_out=-2.439320e+04 resid=8.006e-17
  JFNK newton#1: gmres_m=12 inner_res/||R||=9.41e-02 ||R||=2.170e+04 ||delta||=5.216e+04 trust=0.25 mu=0.00e+00
Writing output for iteration 62...
Iteration 63
eta IR floor ON: Gamma_floor=0.5378 THz^2 (eta_ir_floor_cells=2, omega_c=2*dw=0.733 THz) on the unresolved soft modes.
[it 63] energy J(local)=[0.0897 0.0866 0.0879]
SigmaR resid-by-omega: peak w=0.73THz val=3.260e+02 in-band(<=46.4)=0.964 low(<=5)=0.312
Maximum Self-Energy Update: 326.0310728871862
Contact Current Difference: 0.0
Current Conservation abs: 0.014154489210341126
Current Conservation rel: 4.1892682809483316e-07
Phonon: rel Sigma^R residual 2.1056e-01; lead balance 8.5372e-03 (best 1.3140e-03; internal spread 1.5087e-01)
Bubble energy balance: P_in=-2.470371e+04 P_out=-2.470371e+04 resid=2.614e-16
Writing output for iteration 63...
Iteration 64
eta IR floor ON: Gamma_floor=0.5378 THz^2 (eta_ir_floor_cells=2, omega_c=2*dw=0.733 THz) on the unresolved soft modes.
[it 64] energy J(local)=[0.0897 0.0866 0.0879]
SigmaR resid-by-omega: peak w=0.73THz val=3.260e+02 in-band(<=46.4)=0.964 low(<=5)=0.312
Maximum Self-Energy Update: 326.0316996108847
Contact Current Difference: 0.0
Current Conservation abs: 0.014154474665701855
Current Conservation rel: 4.1892622150253206e-07
Phonon: rel Sigma^R residual 2.1056e-01; lead balance 8.5372e-03 (best 1.3140e-03; internal spread 1.5087e-01)
Bubble energy balance: P_in=-2.470371e+04 P_out=-2.470371e+04 resid=1.473e-16
  JFNK newton#2: gmres_m=1 inner_res/||R||=1.91e-01 ||R||=7.447e+04 ||delta||=1.215e+04 trust=0.12 mu=0.00e+00
Writing output for iteration 64...
Iteration 65
eta IR floor ON: Gamma_floor=0.5378 THz^2 (eta_ir_floor_cells=2, omega_c=2*dw=0.733 THz) on the unresolved soft modes.
[it 65] energy J(local)=[0.0892 0.0861 0.088 ]
SigmaR resid-by-omega: peak w=0.73THz val=1.550e+02 in-band(<=46.4)=0.962 low(<=5)=0.223
Maximum Self-Energy Update: 154.9515460661711
Contact Current Difference: 0.0
Current Conservation abs: 0.019086914680883638
Current Conservation rel: 7.770458125905001e-07
Phonon: rel Sigma^R residual 1.2868e-01; lead balance 9.8496e-03 (best 1.3140e-03; internal spread 1.4493e-01)
Bubble energy balance: P_in=-2.034130e+04 P_out=-2.034130e+04 resid=9.933e-17
Writing output for iteration 65...
Iteration 66
eta IR floor ON: Gamma_floor=0.5378 THz^2 (eta_ir_floor_cells=2, omega_c=2*dw=0.733 THz) on the unresolved soft modes.
[it 66] energy J(local)=[0.0892 0.0861 0.088 ]
SigmaR resid-by-omega: peak w=0.73THz val=1.550e+02 in-band(<=46.4)=0.962 low(<=5)=0.223
Maximum Self-Energy Update: 154.95279030264555
Contact Current Difference: 0.0
Current Conservation abs: 0.019086916126980213
Current Conservation rel: 7.770465699988415e-07
Phonon: rel Sigma^R residual 1.2868e-01; lead balance 9.8496e-03 (best 1.3140e-03; internal spread 1.4493e-01)
Bubble energy balance: P_in=-2.034129e+04 P_out=-2.034129e+04 resid=1.305e-16
Writing output for iteration 66...
Iteration 67
eta IR floor ON: Gamma_floor=0.5378 THz^2 (eta_ir_floor_cells=2, omega_c=2*dw=0.733 THz) on the unresolved soft modes.
[it 67] energy J(local)=[0.0892 0.0861 0.088 ]
SigmaR resid-by-omega: peak w=0.73THz val=1.550e+02 in-band(<=46.4)=0.962 low(<=5)=0.223
Maximum Self-Energy Update: 154.95158301333322
Contact Current Difference: 0.0
Current Conservation abs: 0.01908692339202389
Current Conservation rel: 7.77046156123671e-07
Phonon: rel Sigma^R residual 1.2868e-01; lead balance 9.8496e-03 (best 1.3140e-03; internal spread 1.4493e-01)
Bubble energy balance: P_in=-2.034130e+04 P_out=-2.034130e+04 resid=2.216e-16
Writing output for iteration 67...
Iteration 68
eta IR floor ON: Gamma_floor=0.5378 THz^2 (eta_ir_floor_cells=2, omega_c=2*dw=0.733 THz) on the unresolved soft modes.
[it 68] energy J(local)=[0.0892 0.0861 0.088 ]
SigmaR resid-by-omega: peak w=0.73THz val=1.550e+02 in-band(<=46.4)=0.962 low(<=5)=0.223
Maximum Self-Energy Update: 154.95194384705908
Contact Current Difference: 0.0
Current Conservation abs: 0.019086941920249956
Current Conservation rel: 7.77047293523814e-07
Phonon: rel Sigma^R residual 1.2868e-01; lead balance 9.8496e-03 (best 1.3140e-03; internal spread 1.4493e-01)
Bubble energy balance: P_in=-2.034130e+04 P_out=-2.034130e+04 resid=1.135e-16
Writing output for iteration 68...
Iteration 69
eta IR floor ON: Gamma_floor=0.5378 THz^2 (eta_ir_floor_cells=2, omega_c=2*dw=0.733 THz) on the unresolved soft modes.
[it 69] energy J(local)=[0.0892 0.0861 0.088 ]
SigmaR resid-by-omega: peak w=0.73THz val=1.550e+02 in-band(<=46.4)=0.962 low(<=5)=0.223
Maximum Self-Energy Update: 154.95171853956
Contact Current Difference: 0.0
Current Conservation abs: 0.019086841684838873
Current Conservation rel: 7.770428015249553e-07
Phonon: rel Sigma^R residual 1.2868e-01; lead balance 9.8495e-03 (best 1.3140e-03; internal spread 1.4493e-01)
Bubble energy balance: P_in=-2.034130e+04 P_out=-2.034130e+04 resid=1.125e-16
Writing output for iteration 69...
Iteration 70
eta IR floor ON: Gamma_floor=0.5378 THz^2 (eta_ir_floor_cells=2, omega_c=2*dw=0.733 THz) on the unresolved soft modes.
[it 70] energy J(local)=[0.0892 0.0861 0.088 ]
SigmaR resid-by-omega: peak w=0.73THz val=1.550e+02 in-band(<=46.4)=0.962 low(<=5)=0.223
Maximum Self-Energy Update: 154.95182318864659
Contact Current Difference: 0.0
Current Conservation abs: 0.01908693671975925
Current Conservation rel: 7.770464917253672e-07
Phonon: rel Sigma^R residual 1.2868e-01; lead balance 9.8496e-03 (best 1.3140e-03; internal spread 1.4493e-01)
Bubble energy balance: P_in=-2.034131e+04 P_out=-2.034131e+04 resid=1.821e-16
Writing output for iteration 70...
Iteration 71
eta IR floor ON: Gamma_floor=0.5378 THz^2 (eta_ir_floor_cells=2, omega_c=2*dw=0.733 THz) on the unresolved soft modes.
[it 71] energy J(local)=[0.0892 0.0861 0.088 ]
SigmaR resid-by-omega: peak w=0.73THz val=1.550e+02 in-band(<=46.4)=0.962 low(<=5)=0.223
Maximum Self-Energy Update: 154.9518572980456
Contact Current Difference: 0.0
Current Conservation abs: 0.019086844964476768
Current Conservation rel: 7.770434265203178e-07
Phonon: rel Sigma^R residual 1.2868e-01; lead balance 9.8496e-03 (best 1.3140e-03; internal spread 1.4493e-01)
Bubble energy balance: P_in=-2.034129e+04 P_out=-2.034129e+04 resid=1.813e-16
Writing output for iteration 71...
Iteration 72
eta IR floor ON: Gamma_floor=0.5378 THz^2 (eta_ir_floor_cells=2, omega_c=2*dw=0.733 THz) on the unresolved soft modes.
[it 72] energy J(local)=[0.0892 0.0861 0.088 ]
SigmaR resid-by-omega: peak w=0.73THz val=1.550e+02 in-band(<=46.4)=0.962 low(<=5)=0.223
Maximum Self-Energy Update: 154.95062426531067
Contact Current Difference: 0.0
Current Conservation abs: 0.0190870541955519
Current Conservation rel: 7.770518551093954e-07
Phonon: rel Sigma^R residual 1.2868e-01; lead balance 9.8496e-03 (best 1.3140e-03; internal spread 1.4493e-01)
Bubble energy balance: P_in=-2.034130e+04 P_out=-2.034130e+04 resid=2.790e-16
Writing output for iteration 72...
Iteration 73
eta IR floor ON: Gamma_floor=0.5378 THz^2 (eta_ir_floor_cells=2, omega_c=2*dw=0.733 THz) on the unresolved soft modes.
[it 73] energy J(local)=[0.0892 0.0861 0.088 ]
SigmaR resid-by-omega: peak w=0.73THz val=1.550e+02 in-band(<=46.4)=0.962 low(<=5)=0.223
Maximum Self-Energy Update: 154.95281760375906
Contact Current Difference: 0.0
Current Conservation abs: 0.019087055034106015
Current Conservation rel: 7.770517236703208e-07
Phonon: rel Sigma^R residual 1.2868e-01; lead balance 9.8496e-03 (best 1.3140e-03; internal spread 1.4493e-01)
Bubble energy balance: P_in=-2.034130e+04 P_out=-2.034130e+04 resid=1.223e-16
Writing output for iteration 73...
Iteration 74
eta IR floor ON: Gamma_floor=0.5378 THz^2 (eta_ir_floor_cells=2, omega_c=2*dw=0.733 THz) on the unresolved soft modes.
[it 74] energy J(local)=[0.0892 0.0861 0.088 ]
SigmaR resid-by-omega: peak w=0.73THz val=1.550e+02 in-band(<=46.4)=0.962 low(<=5)=0.223
Maximum Self-Energy Update: 154.9506927529257
Contact Current Difference: 0.0
Current Conservation abs: 0.019086711336058215
Current Conservation rel: 7.770370519602052e-07
Phonon: rel Sigma^R residual 1.2868e-01; lead balance 9.8495e-03 (best 1.3140e-03; internal spread 1.4493e-01)
Bubble energy balance: P_in=-2.034131e+04 P_out=-2.034131e+04 resid=2.861e-16
Writing output for iteration 74...
Iteration 75
eta IR floor ON: Gamma_floor=0.5378 THz^2 (eta_ir_floor_cells=2, omega_c=2*dw=0.733 THz) on the unresolved soft modes.
[it 75] energy J(local)=[0.0892 0.0861 0.088 ]
SigmaR resid-by-omega: peak w=0.73THz val=1.550e+02 in-band(<=46.4)=0.962 low(<=5)=0.223
Maximum Self-Energy Update: 154.95110302897726
Contact Current Difference: 0.0
Current Conservation abs: 0.019087239141299506
Current Conservation rel: 7.770588638234376e-07
Phonon: rel Sigma^R residual 1.2868e-01; lead balance 9.8497e-03 (best 1.3140e-03; internal spread 1.4493e-01)
Bubble energy balance: P_in=-2.034130e+04 P_out=-2.034130e+04 resid=1.997e-17
Writing output for iteration 75...
Iteration 76
eta IR floor ON: Gamma_floor=0.5378 THz^2 (eta_ir_floor_cells=2, omega_c=2*dw=0.733 THz) on the unresolved soft modes.
[it 76] energy J(local)=[0.0892 0.0861 0.088 ]
SigmaR resid-by-omega: peak w=0.73THz val=1.550e+02 in-band(<=46.4)=0.962 low(<=5)=0.223
Maximum Self-Energy Update: 154.9515055930558
Contact Current Difference: 0.0
Current Conservation abs: 0.01908678505969874
Current Conservation rel: 7.7704051627393e-07
Phonon: rel Sigma^R residual 1.2868e-01; lead balance 9.8496e-03 (best 1.3140e-03; internal spread 1.4493e-01)
Bubble energy balance: P_in=-2.034130e+04 P_out=-2.034130e+04 resid=2.692e-16
Writing output for iteration 76...
Iteration 77
eta IR floor ON: Gamma_floor=0.5378 THz^2 (eta_ir_floor_cells=2, omega_c=2*dw=0.733 THz) on the unresolved soft modes.
[it 77] energy J(local)=[0.0892 0.0861 0.088 ]
SigmaR resid-by-omega: peak w=0.73THz val=1.550e+02 in-band(<=46.4)=0.962 low(<=5)=0.223
Maximum Self-Energy Update: 154.951690833645
Contact Current Difference: 0.0
Current Conservation abs: 0.019086570584477158
Current Conservation rel: 7.770317983117447e-07
Phonon: rel Sigma^R residual 1.2868e-01; lead balance 9.8495e-03 (best 1.3140e-03; internal spread 1.4493e-01)
Bubble energy balance: P_in=-2.034130e+04 P_out=-2.034130e+04 resid=9.101e-17
Writing output for iteration 77...
Iteration 78
eta IR floor ON: Gamma_floor=0.5378 THz^2 (eta_ir_floor_cells=2, omega_c=2*dw=0.733 THz) on the unresolved soft modes.
[it 78] energy J(local)=[0.0892 0.0861 0.088 ]
SigmaR resid-by-omega: peak w=0.73THz val=1.550e+02 in-band(<=46.4)=0.962 low(<=5)=0.223
Maximum Self-Energy Update: 154.95179557501316
Contact Current Difference: 0.0
Current Conservation abs: 0.019088413848294294
Current Conservation rel: 7.771069871162557e-07
Phonon: rel Sigma^R residual 1.2868e-01; lead balance 9.8498e-03 (best 1.3140e-03; internal spread 1.4493e-01)
Bubble energy balance: P_in=-2.034130e+04 P_out=-2.034130e+04 resid=3.611e-16
Writing output for iteration 78...
Iteration 79
eta IR floor ON: Gamma_floor=0.5378 THz^2 (eta_ir_floor_cells=2, omega_c=2*dw=0.733 THz) on the unresolved soft modes.
[it 79] energy J(local)=[0.0892 0.0861 0.088 ]
SigmaR resid-by-omega: peak w=0.73THz val=1.550e+02 in-band(<=46.4)=0.962 low(<=5)=0.223
Maximum Self-Energy Update: 154.95189752467533
Contact Current Difference: 0.0
Current Conservation abs: 0.019085704088865896
Current Conservation rel: 7.769967169010818e-07
Phonon: rel Sigma^R residual 1.2868e-01; lead balance 9.8494e-03 (best 1.3140e-03; internal spread 1.4493e-01)
Bubble energy balance: P_in=-2.034130e+04 P_out=-2.034130e+04 resid=2.993e-16
  JFNK newton#3: gmres_m=14 inner_res/||R||=7.63e-02 ||R||=2.263e+04 ||delta||=4.049e+04 trust=0.19 mu=0.00e+00
Writing output for iteration 79...
Iteration 80
eta IR floor ON: Gamma_floor=0.5378 THz^2 (eta_ir_floor_cells=2, omega_c=2*dw=0.733 THz) on the unresolved soft modes.
[it 80] energy J(local)=[0.0904 0.0867 0.0888]
SigmaR resid-by-omega: peak w=0.73THz val=1.303e+02 in-band(<=46.4)=0.965 low(<=5)=0.342
Maximum Self-Energy Update: 130.30162279638094
Contact Current Difference: 0.0
Current Conservation abs: 0.012583938685565954
Current Conservation rel: 4.614302641279792e-07
Phonon: rel Sigma^R residual 9.2751e-02; lead balance 1.2210e-02 (best 1.3140e-03; internal spread 1.2839e-01)
Bubble energy balance: P_in=-2.162214e+04 P_out=-2.162214e+04 resid=1.228e-16
Writing output for iteration 80...
Iteration 81
eta IR floor ON: Gamma_floor=0.5378 THz^2 (eta_ir_floor_cells=2, omega_c=2*dw=0.733 THz) on the unresolved soft modes.
[it 81] energy J(local)=[0.0904 0.0867 0.0888]
SigmaR resid-by-omega: peak w=0.73THz val=1.303e+02 in-band(<=46.4)=0.965 low(<=5)=0.342
Maximum Self-Energy Update: 130.30281893434736
Contact Current Difference: 0.0
Current Conservation abs: 0.012583952442582813
Current Conservation rel: 4.614304871739647e-07
Phonon: rel Sigma^R residual 9.2752e-02; lead balance 1.2210e-02 (best 1.3140e-03; internal spread 1.2839e-01)
Bubble energy balance: P_in=-2.162214e+04 P_out=-2.162214e+04 resid=2.538e-16
  JFNK newton#4: gmres_m=1 inner_res/||R||=2.18e-01 ||R||=2.963e+04 ||delta||=2.803e+03 trust=0.094 mu=0.00e+00
Writing output for iteration 81...
Iteration 82
eta IR floor ON: Gamma_floor=0.5378 THz^2 (eta_ir_floor_cells=2, omega_c=2*dw=0.733 THz) on the unresolved soft modes.
[it 82] energy J(local)=[0.0902 0.0865 0.0887]
SigmaR resid-by-omega: peak w=0.73THz val=4.792e+01 in-band(<=46.4)=0.962 low(<=5)=0.229
Maximum Self-Energy Update: 47.92152007603989
Contact Current Difference: 0.0
Current Conservation abs: 0.01091740553965792
Current Conservation rel: 4.3173116465430527e-07
Phonon: rel Sigma^R residual 3.7221e-02; lead balance 1.2248e-02 (best 1.3140e-03; internal spread 1.2699e-01)
Bubble energy balance: P_in=-2.063376e+04 P_out=-2.063376e+04 resid=1.081e-16
Writing output for iteration 82...
Iteration 83
eta IR floor ON: Gamma_floor=0.5378 THz^2 (eta_ir_floor_cells=2, omega_c=2*dw=0.733 THz) on the unresolved soft modes.
[it 83] energy J(local)=[0.0902 0.0865 0.0887]
SigmaR resid-by-omega: peak w=0.73THz val=4.792e+01 in-band(<=46.4)=0.962 low(<=5)=0.229
Maximum Self-Energy Update: 47.922865477028694
Contact Current Difference: 0.0
Current Conservation abs: 0.010917423664068338
Current Conservation rel: 4.3173225423317905e-07
Phonon: rel Sigma^R residual 3.7222e-02; lead balance 1.2248e-02 (best 1.3140e-03; internal spread 1.2699e-01)
Bubble energy balance: P_in=-2.063375e+04 P_out=-2.063375e+04 resid=2.810e-16
Writing output for iteration 83...
Iteration 84
eta IR floor ON: Gamma_floor=0.5378 THz^2 (eta_ir_floor_cells=2, omega_c=2*dw=0.733 THz) on the unresolved soft modes.
[it 84] energy J(local)=[0.0902 0.0865 0.0887]
SigmaR resid-by-omega: peak w=0.73THz val=4.792e+01 in-band(<=46.4)=0.962 low(<=5)=0.229
Maximum Self-Energy Update: 47.92007724407587
Contact Current Difference: 0.0
Current Conservation abs: 0.010917410225374624
Current Conservation rel: 4.3173092934772703e-07
Phonon: rel Sigma^R residual 3.7220e-02; lead balance 1.2248e-02 (best 1.3140e-03; internal spread 1.2699e-01)
Bubble energy balance: P_in=-2.063377e+04 P_out=-2.063377e+04 resid=1.205e-16
Writing output for iteration 84...
Iteration 85
eta IR floor ON: Gamma_floor=0.5378 THz^2 (eta_ir_floor_cells=2, omega_c=2*dw=0.733 THz) on the unresolved soft modes.
[it 85] energy J(local)=[0.0902 0.0865 0.0887]
SigmaR resid-by-omega: peak w=0.73THz val=4.792e+01 in-band(<=46.4)=0.962 low(<=5)=0.229
Maximum Self-Energy Update: 47.92076376669902
Contact Current Difference: 0.0
Current Conservation abs: 0.010917365159912151
Current Conservation rel: 4.317294195269171e-07
Phonon: rel Sigma^R residual 3.7221e-02; lead balance 1.2248e-02 (best 1.3140e-03; internal spread 1.2699e-01)
Bubble energy balance: P_in=-2.063376e+04 P_out=-2.063376e+04 resid=3.526e-16
Writing output for iteration 85...
Iteration 86
eta IR floor ON: Gamma_floor=0.5378 THz^2 (eta_ir_floor_cells=2, omega_c=2*dw=0.733 THz) on the unresolved soft modes.
[it 86] energy J(local)=[0.0902 0.0865 0.0887]
SigmaR resid-by-omega: peak w=0.73THz val=4.792e+01 in-band(<=46.4)=0.962 low(<=5)=0.229
Maximum Self-Energy Update: 47.92183081366561
Contact Current Difference: 0.0
Current Conservation abs: 0.010917448371401406
Current Conservation rel: 4.3173284276103565e-07
Phonon: rel Sigma^R residual 3.7222e-02; lead balance 1.2248e-02 (best 1.3140e-03; internal spread 1.2699e-01)
Bubble energy balance: P_in=-2.063376e+04 P_out=-2.063376e+04 resid=1.908e-16
Writing output for iteration 86...
Iteration 87
eta IR floor ON: Gamma_floor=0.5378 THz^2 (eta_ir_floor_cells=2, omega_c=2*dw=0.733 THz) on the unresolved soft modes.
[it 87] energy J(local)=[0.0902 0.0865 0.0887]
SigmaR resid-by-omega: peak w=0.73THz val=4.792e+01 in-band(<=46.4)=0.962 low(<=5)=0.229
Maximum Self-Energy Update: 47.92013451479922
Contact Current Difference: 0.0
Current Conservation abs: 0.010917409332250827
Current Conservation rel: 4.317311784087532e-07
Phonon: rel Sigma^R residual 3.7220e-02; lead balance 1.2248e-02 (best 1.3140e-03; internal spread 1.2699e-01)
Bubble energy balance: P_in=-2.063376e+04 P_out=-2.063376e+04 resid=2.666e-16
Writing output for iteration 87...
Iteration 88
eta IR floor ON: Gamma_floor=0.5378 THz^2 (eta_ir_floor_cells=2, omega_c=2*dw=0.733 THz) on the unresolved soft modes.
[it 88] energy J(local)=[0.0902 0.0865 0.0887]
SigmaR resid-by-omega: peak w=0.73THz val=4.792e+01 in-band(<=46.4)=0.962 low(<=5)=0.229
Maximum Self-Energy Update: 47.92192570605259
Contact Current Difference: 0.0
Current Conservation abs: 0.01091741200798424
Current Conservation rel: 4.3173104586146e-07
Phonon: rel Sigma^R residual 3.7222e-02; lead balance 1.2248e-02 (best 1.3140e-03; internal spread 1.2699e-01)
Bubble energy balance: P_in=-2.063377e+04 P_out=-2.063377e+04 resid=2.854e-17
Writing output for iteration 88...
Iteration 89
eta IR floor ON: Gamma_floor=0.5378 THz^2 (eta_ir_floor_cells=2, omega_c=2*dw=0.733 THz) on the unresolved soft modes.
[it 89] energy J(local)=[0.0902 0.0865 0.0887]
SigmaR resid-by-omega: peak w=0.73THz val=4.792e+01 in-band(<=46.4)=0.962 low(<=5)=0.229
Maximum Self-Energy Update: 47.921268703556294
Contact Current Difference: 0.0
Current Conservation abs: 0.010917535604676232
Current Conservation rel: 4.3173648362304596e-07
Phonon: rel Sigma^R residual 3.7221e-02; lead balance 1.2248e-02 (best 1.3140e-03; internal spread 1.2699e-01)
Bubble energy balance: P_in=-2.063375e+04 P_out=-2.063375e+04 resid=1.509e-16
Writing output for iteration 89...
Iteration 90
eta IR floor ON: Gamma_floor=0.5378 THz^2 (eta_ir_floor_cells=2, omega_c=2*dw=0.733 THz) on the unresolved soft modes.
[it 90] energy J(local)=[0.0902 0.0865 0.0887]
SigmaR resid-by-omega: peak w=0.73THz val=4.792e+01 in-band(<=46.4)=0.962 low(<=5)=0.229
Maximum Self-Energy Update: 47.921901351823074
Contact Current Difference: 0.0
Current Conservation abs: 0.010917240329945344
Current Conservation rel: 4.317247615040568e-07
Phonon: rel Sigma^R residual 3.7222e-02; lead balance 1.2248e-02 (best 1.3140e-03; internal spread 1.2699e-01)
Bubble energy balance: P_in=-2.063375e+04 P_out=-2.063375e+04 resid=3.398e-16
Writing output for iteration 90...
Iteration 91
eta IR floor ON: Gamma_floor=0.5378 THz^2 (eta_ir_floor_cells=2, omega_c=2*dw=0.733 THz) on the unresolved soft modes.
[it 91] energy J(local)=[0.0902 0.0865 0.0887]
SigmaR resid-by-omega: peak w=0.73THz val=4.792e+01 in-band(<=46.4)=0.962 low(<=5)=0.229
Maximum Self-Energy Update: 47.922352732562764
Contact Current Difference: 0.0
Current Conservation abs: 0.010917644602159271
Current Conservation rel: 4.3174053569946023e-07
Phonon: rel Sigma^R residual 3.7222e-02; lead balance 1.2248e-02 (best 1.3140e-03; internal spread 1.2699e-01)
Bubble energy balance: P_in=-2.063376e+04 P_out=-2.063376e+04 resid=3.527e-16
Writing output for iteration 91...
Iteration 92
eta IR floor ON: Gamma_floor=0.5378 THz^2 (eta_ir_floor_cells=2, omega_c=2*dw=0.733 THz) on the unresolved soft modes.
[it 92] energy J(local)=[0.0902 0.0865 0.0887]
SigmaR resid-by-omega: peak w=0.73THz val=4.792e+01 in-band(<=46.4)=0.962 low(<=5)=0.229
Maximum Self-Energy Update: 47.92063320254668
Contact Current Difference: 0.0
Current Conservation abs: 0.010917811689068913
Current Conservation rel: 4.3174704209125277e-07
Phonon: rel Sigma^R residual 3.7221e-02; lead balance 1.2248e-02 (best 1.3140e-03; internal spread 1.2699e-01)
Bubble energy balance: P_in=-2.063376e+04 P_out=-2.063376e+04 resid=1.912e-16
Writing output for iteration 92...
Iteration 93
eta IR floor ON: Gamma_floor=0.5378 THz^2 (eta_ir_floor_cells=2, omega_c=2*dw=0.733 THz) on the unresolved soft modes.
[it 93] energy J(local)=[0.0902 0.0865 0.0887]
SigmaR resid-by-omega: peak w=0.73THz val=4.792e+01 in-band(<=46.4)=0.962 low(<=5)=0.229
Maximum Self-Energy Update: 47.92114574230874
Contact Current Difference: 0.0
Current Conservation abs: 0.010916306508079288
Current Conservation rel: 4.3168758512653015e-07
Phonon: rel Sigma^R residual 3.7221e-02; lead balance 1.2248e-02 (best 1.3140e-03; internal spread 1.2699e-01)
Bubble energy balance: P_in=-2.063376e+04 P_out=-2.063376e+04 resid=1.952e-16
Writing output for iteration 93...
Iteration 94
eta IR floor ON: Gamma_floor=0.5378 THz^2 (eta_ir_floor_cells=2, omega_c=2*dw=0.733 THz) on the unresolved soft modes.
[it 94] energy J(local)=[0.0902 0.0865 0.0887]
SigmaR resid-by-omega: peak w=0.73THz val=4.792e+01 in-band(<=46.4)=0.962 low(<=5)=0.229
Maximum Self-Energy Update: 47.92122370051832
Contact Current Difference: 0.0
Current Conservation abs: 0.010917823186900932
Current Conservation rel: 4.3174768657891987e-07
Phonon: rel Sigma^R residual 3.7221e-02; lead balance 1.2248e-02 (best 1.3140e-03; internal spread 1.2699e-01)
Bubble energy balance: P_in=-2.063376e+04 P_out=-2.063376e+04 resid=4.441e-16
Writing output for iteration 94...
Iteration 95
eta IR floor ON: Gamma_floor=0.5378 THz^2 (eta_ir_floor_cells=2, omega_c=2*dw=0.733 THz) on the unresolved soft modes.
[it 95] energy J(local)=[0.0902 0.0865 0.0887]
SigmaR resid-by-omega: peak w=0.73THz val=4.792e+01 in-band(<=46.4)=0.962 low(<=5)=0.229
Maximum Self-Energy Update: 47.92196252705049
Contact Current Difference: 0.0
Current Conservation abs: 0.010917288807831937
Current Conservation rel: 4.3172654205579847e-07
Phonon: rel Sigma^R residual 3.7222e-02; lead balance 1.2248e-02 (best 1.3140e-03; internal spread 1.2699e-01)
Bubble energy balance: P_in=-2.063376e+04 P_out=-2.063376e+04 resid=1.777e-16
Writing output for iteration 95...
Iteration 96
eta IR floor ON: Gamma_floor=0.5378 THz^2 (eta_ir_floor_cells=2, omega_c=2*dw=0.733 THz) on the unresolved soft modes.
[it 96] energy J(local)=[0.0902 0.0865 0.0887]
SigmaR resid-by-omega: peak w=0.73THz val=4.792e+01 in-band(<=46.4)=0.962 low(<=5)=0.229
Maximum Self-Energy Update: 47.92162537410918
Contact Current Difference: 0.0
Current Conservation abs: 0.01091539175104117
Current Conservation rel: 4.316514505753892e-07
Phonon: rel Sigma^R residual 3.7221e-02; lead balance 1.2247e-02 (best 1.3140e-03; internal spread 1.2699e-01)
Bubble energy balance: P_in=-2.063376e+04 P_out=-2.063376e+04 resid=8.847e-17
Writing output for iteration 96...
Iteration 97
eta IR floor ON: Gamma_floor=0.5378 THz^2 (eta_ir_floor_cells=2, omega_c=2*dw=0.733 THz) on the unresolved soft modes.
[it 97] energy J(local)=[0.0902 0.0865 0.0887]
SigmaR resid-by-omega: peak w=0.73THz val=4.792e+01 in-band(<=46.4)=0.962 low(<=5)=0.229
Maximum Self-Energy Update: 47.92158182697639
Contact Current Difference: 0.0
Current Conservation abs: 0.010919379175902577
Current Conservation rel: 4.318093321792004e-07
Phonon: rel Sigma^R residual 3.7221e-02; lead balance 1.2248e-02 (best 1.3140e-03; internal spread 1.2699e-01)
Bubble energy balance: P_in=-2.063376e+04 P_out=-2.063376e+04 resid=1.175e-16
Writing output for iteration 97...
Iteration 98
eta IR floor ON: Gamma_floor=0.5378 THz^2 (eta_ir_floor_cells=2, omega_c=2*dw=0.733 THz) on the unresolved soft modes.
[it 98] energy J(local)=[0.0902 0.0865 0.0887]
SigmaR resid-by-omega: peak w=0.73THz val=4.792e+01 in-band(<=46.4)=0.962 low(<=5)=0.229
Maximum Self-Energy Update: 47.92154043640103
Contact Current Difference: 0.0
Current Conservation abs: 0.01091580354841426
Current Conservation rel: 4.316677929377699e-07
Phonon: rel Sigma^R residual 3.7221e-02; lead balance 1.2248e-02 (best 1.3140e-03; internal spread 1.2699e-01)
Bubble energy balance: P_in=-2.063376e+04 P_out=-2.063376e+04 resid=9.004e-17
Writing output for iteration 98...
Iteration 99
eta IR floor ON: Gamma_floor=0.5378 THz^2 (eta_ir_floor_cells=2, omega_c=2*dw=0.733 THz) on the unresolved soft modes.
[it 99] energy J(local)=[0.0902 0.0865 0.0887]
SigmaR resid-by-omega: peak w=0.73THz val=4.792e+01 in-band(<=46.4)=0.962 low(<=5)=0.229
Maximum Self-Energy Update: 47.92138662231418
Contact Current Difference: 0.0
Current Conservation abs: 0.01092087149299914
Current Conservation rel: 4.318682264489721e-07
Phonon: rel Sigma^R residual 3.7221e-02; lead balance 1.2248e-02 (best 1.3140e-03; internal spread 1.2699e-01)
Bubble energy balance: P_in=-2.063376e+04 P_out=-2.063376e+04 resid=4.054e-17
Writing output for iteration 99...
Iteration 100
eta IR floor ON: Gamma_floor=0.5378 THz^2 (eta_ir_floor_cells=2, omega_c=2*dw=0.733 THz) on the unresolved soft modes.
[it 100] energy J(local)=[0.0902 0.0865 0.0887]
SigmaR resid-by-omega: peak w=0.73THz val=4.792e+01 in-band(<=46.4)=0.962 low(<=5)=0.229
Maximum Self-Energy Update: 47.92156941706392
Contact Current Difference: 0.0
Current Conservation abs: 0.010913696189163602
Current Conservation rel: 4.315844954434018e-07
Phonon: rel Sigma^R residual 3.7221e-02; lead balance 1.2248e-02 (best 1.3140e-03; internal spread 1.2699e-01)
Bubble energy balance: P_in=-2.063376e+04 P_out=-2.063376e+04 resid=2.166e-16
Writing output for iteration 100...
Iteration 101
eta IR floor ON: Gamma_floor=0.5378 THz^2 (eta_ir_floor_cells=2, omega_c=2*dw=0.733 THz) on the unresolved soft modes.
[it 101] energy J(local)=[0.0902 0.0865 0.0887]
SigmaR resid-by-omega: peak w=0.73THz val=4.792e+01 in-band(<=46.4)=0.962 low(<=5)=0.229
Maximum Self-Energy Update: 47.92133083111624
Contact Current Difference: 0.0
Current Conservation abs: 0.010922852658040938
Current Conservation rel: 4.319465603190004e-07
Phonon: rel Sigma^R residual 3.7221e-02; lead balance 1.2248e-02 (best 1.3140e-03; internal spread 1.2699e-01)
Bubble energy balance: P_in=-2.063376e+04 P_out=-2.063376e+04 resid=9.074e-17
Writing output for iteration 101...
Iteration 102
eta IR floor ON: Gamma_floor=0.5378 THz^2 (eta_ir_floor_cells=2, omega_c=2*dw=0.733 THz) on the unresolved soft modes.
[it 102] energy J(local)=[0.0902 0.0865 0.0887]
SigmaR resid-by-omega: peak w=0.73THz val=4.792e+01 in-band(<=46.4)=0.962 low(<=5)=0.229
Maximum Self-Energy Update: 47.92139960572836
Contact Current Difference: 0.0
Current Conservation abs: 0.01091140839162108
Current Conservation rel: 4.3149392928113756e-07
Phonon: rel Sigma^R residual 3.7221e-02; lead balance 1.2248e-02 (best 1.3140e-03; internal spread 1.2699e-01)
Bubble energy balance: P_in=-2.063376e+04 P_out=-2.063376e+04 resid=2.213e-16
Writing output for iteration 102...
Iteration 103
eta IR floor ON: Gamma_floor=0.5378 THz^2 (eta_ir_floor_cells=2, omega_c=2*dw=0.733 THz) on the unresolved soft modes.
[it 103] energy J(local)=[0.0902 0.0865 0.0887]
SigmaR resid-by-omega: peak w=0.73THz val=4.792e+01 in-band(<=46.4)=0.962 low(<=5)=0.229
Maximum Self-Energy Update: 47.92153869974326
Contact Current Difference: 0.0
Current Conservation abs: 0.010922760044195456
Current Conservation rel: 4.3194292518418494e-07
Phonon: rel Sigma^R residual 3.7221e-02; lead balance 1.2248e-02 (best 1.3140e-03; internal spread 1.2699e-01)
Bubble energy balance: P_in=-2.063376e+04 P_out=-2.063376e+04 resid=6.550e-18
Writing output for iteration 103...
Iteration 104
eta IR floor ON: Gamma_floor=0.5378 THz^2 (eta_ir_floor_cells=2, omega_c=2*dw=0.733 THz) on the unresolved soft modes.
[it 104] energy J(local)=[0.0902 0.0865 0.0887]
SigmaR resid-by-omega: peak w=0.73THz val=4.792e+01 in-band(<=46.4)=0.962 low(<=5)=0.229
Maximum Self-Energy Update: 47.92136850433751
Contact Current Difference: 0.0
Current Conservation abs: 0.010909053116847645
Current Conservation rel: 4.3140078670141973e-07
Phonon: rel Sigma^R residual 3.7221e-02; lead balance 1.2248e-02 (best 1.3140e-03; internal spread 1.2699e-01)
Bubble energy balance: P_in=-2.063376e+04 P_out=-2.063376e+04 resid=1.788e-16
Writing output for iteration 104...
Iteration 105
eta IR floor ON: Gamma_floor=0.5378 THz^2 (eta_ir_floor_cells=2, omega_c=2*dw=0.733 THz) on the unresolved soft modes.
[it 105] energy J(local)=[0.0902 0.0865 0.0887]
SigmaR resid-by-omega: peak w=0.73THz val=4.792e+01 in-band(<=46.4)=0.962 low(<=5)=0.229
Maximum Self-Energy Update: 47.92191835552194
Contact Current Difference: 0.0
Current Conservation abs: 0.010931572134722956
Current Conservation rel: 4.322915655583306e-07
Phonon: rel Sigma^R residual 3.7222e-02; lead balance 1.2248e-02 (best 1.3140e-03; internal spread 1.2699e-01)
Bubble energy balance: P_in=-2.063375e+04 P_out=-2.063375e+04 resid=6.001e-18
Writing output for iteration 105...
Iteration 106
eta IR floor ON: Gamma_floor=0.5378 THz^2 (eta_ir_floor_cells=2, omega_c=2*dw=0.733 THz) on the unresolved soft modes.
[it 106] energy J(local)=[0.0902 0.0865 0.0887]
SigmaR resid-by-omega: peak w=0.73THz val=4.792e+01 in-band(<=46.4)=0.962 low(<=5)=0.229
Maximum Self-Energy Update: 47.92126045125271
Contact Current Difference: 0.0
Current Conservation abs: 0.010903333555688732
Current Conservation rel: 4.3117465476323414e-07
Phonon: rel Sigma^R residual 3.7221e-02; lead balance 1.2248e-02 (best 1.3140e-03; internal spread 1.2699e-01)
Bubble energy balance: P_in=-2.063376e+04 P_out=-2.063376e+04 resid=3.487e-16
Writing output for iteration 106...
Iteration 107
eta IR floor ON: Gamma_floor=0.5378 THz^2 (eta_ir_floor_cells=2, omega_c=2*dw=0.733 THz) on the unresolved soft modes.
[it 107] energy J(local)=[0.0902 0.0865 0.0887]
SigmaR resid-by-omega: peak w=0.73THz val=4.792e+01 in-band(<=46.4)=0.962 low(<=5)=0.229
Maximum Self-Energy Update: 47.921842241701775
Contact Current Difference: 0.0
Current Conservation abs: 0.010962982349155936
Current Conservation rel: 4.3353344856970764e-07
Phonon: rel Sigma^R residual 3.7222e-02; lead balance 1.2248e-02 (best 1.3140e-03; internal spread 1.2699e-01)
Bubble energy balance: P_in=-2.063376e+04 P_out=-2.063376e+04 resid=2.844e-17
Writing output for iteration 107...
Iteration 108
eta IR floor ON: Gamma_floor=0.5378 THz^2 (eta_ir_floor_cells=2, omega_c=2*dw=0.733 THz) on the unresolved soft modes.
[it 108] energy J(local)=[0.0902 0.0865 0.0887]
SigmaR resid-by-omega: peak w=0.73THz val=4.792e+01 in-band(<=46.4)=0.962 low(<=5)=0.229
Maximum Self-Energy Update: 47.92186408990463
Contact Current Difference: 0.0
Current Conservation abs: 0.010855371143406956
Current Conservation rel: 4.2927806473751504e-07
Phonon: rel Sigma^R residual 3.7222e-02; lead balance 1.2248e-02 (best 1.3140e-03; internal spread 1.2699e-01)
Bubble energy balance: P_in=-2.063376e+04 P_out=-2.063376e+04 resid=1.858e-17
Writing output for iteration 108...
Iteration 109
eta IR floor ON: Gamma_floor=0.5378 THz^2 (eta_ir_floor_cells=2, omega_c=2*dw=0.733 THz) on the unresolved soft modes.
[it 109] energy J(local)=[0.0902 0.0865 0.0887]
SigmaR resid-by-omega: peak w=0.73THz val=4.792e+01 in-band(<=46.4)=0.962 low(<=5)=0.229
Maximum Self-Energy Update: 47.9222390241043
Contact Current Difference: 0.0
Current Conservation abs: 0.010995212691341294
Current Conservation rel: 4.3480822905268576e-07
Phonon: rel Sigma^R residual 3.7222e-02; lead balance 1.2248e-02 (best 1.3140e-03; internal spread 1.2699e-01)
Bubble energy balance: P_in=-2.063375e+04 P_out=-2.063375e+04 resid=8.821e-17
Writing output for iteration 109...
Iteration 110
eta IR floor ON: Gamma_floor=0.5378 THz^2 (eta_ir_floor_cells=2, omega_c=2*dw=0.733 THz) on the unresolved soft modes.
[it 110] energy J(local)=[0.0902 0.0865 0.0887]
SigmaR resid-by-omega: peak w=0.73THz val=4.792e+01 in-band(<=46.4)=0.962 low(<=5)=0.229
Maximum Self-Energy Update: 47.92028010568678
Contact Current Difference: 0.0
Current Conservation abs: 0.010796119504448143
Current Conservation rel: 4.2693451622768415e-07
Phonon: rel Sigma^R residual 3.7220e-02; lead balance 1.2248e-02 (best 1.3140e-03; internal spread 1.2699e-01)
Bubble energy balance: P_in=-2.063377e+04 P_out=-2.063377e+04 resid=1.835e-16
Writing output for iteration 110...
Iteration 111
eta IR floor ON: Gamma_floor=0.5378 THz^2 (eta_ir_floor_cells=2, omega_c=2*dw=0.733 THz) on the unresolved soft modes.
[it 111] energy J(local)=[0.0902 0.0865 0.0887]
SigmaR resid-by-omega: peak w=0.73THz val=4.792e+01 in-band(<=46.4)=0.962 low(<=5)=0.229
Maximum Self-Energy Update: 47.92198911587222
Contact Current Difference: 0.0
Current Conservation abs: 0.011011832099029562
Current Conservation rel: 4.354654490953153e-07
Phonon: rel Sigma^R residual 3.7222e-02; lead balance 1.2248e-02 (best 1.3140e-03; internal spread 1.2699e-01)
Bubble energy balance: P_in=-2.063375e+04 P_out=-2.063375e+04 resid=2.074e-16
Writing output for iteration 111...
Iteration 112
eta IR floor ON: Gamma_floor=0.5378 THz^2 (eta_ir_floor_cells=2, omega_c=2*dw=0.733 THz) on the unresolved soft modes.
[it 112] energy J(local)=[0.0902 0.0865 0.0887]
SigmaR resid-by-omega: peak w=0.73THz val=4.792e+01 in-band(<=46.4)=0.962 low(<=5)=0.229
Maximum Self-Energy Update: 47.91950511395344
Contact Current Difference: 0.0
Current Conservation abs: 0.010718466195612564
Current Conservation rel: 4.238634599459275e-07
Phonon: rel Sigma^R residual 3.7220e-02; lead balance 1.2248e-02 (best 1.3140e-03; internal spread 1.2699e-01)
Bubble energy balance: P_in=-2.063378e+04 P_out=-2.063378e+04 resid=1.905e-16
  JFNK newton#5: gmres_m=30 inner_res/||R||=4.55e-01 ||R||=6.498e+03 ||delta||=2.090e+04 trust=0.14 mu=0.00e+00
Writing output for iteration 112...
Iteration 113
eta IR floor ON: Gamma_floor=0.5378 THz^2 (eta_ir_floor_cells=2, omega_c=2*dw=0.733 THz) on the unresolved soft modes.
[it 113] energy J(local)=[0.1025 0.0749 0.0838]
SigmaR resid-by-omega: peak w=0.73THz val=5.331e+01 in-band(<=46.4)=0.970 low(<=5)=0.204
Maximum Self-Energy Update: 53.309367943321526
Contact Current Difference: 0.0
Current Conservation abs: 3.9080292914604797
Current Conservation rel: 0.0001517319774441303
Phonon: rel Sigma^R residual 3.9560e-02; lead balance 1.2677e-02 (best 1.3140e-03; internal spread 1.1431e-01)
Bubble energy balance: P_in=-2.094233e+04 P_out=-2.094233e+04 resid=1.177e-16
Writing output for iteration 113...
Iteration 114
eta IR floor ON: Gamma_floor=0.5378 THz^2 (eta_ir_floor_cells=2, omega_c=2*dw=0.733 THz) on the unresolved soft modes.
[it 114] energy J(local)=[0.1025 0.0749 0.0838]
SigmaR resid-by-omega: peak w=0.73THz val=5.331e+01 in-band(<=46.4)=0.970 low(<=5)=0.204
Maximum Self-Energy Update: 53.310649366189665
Contact Current Difference: 0.0
Current Conservation abs: 3.9080716182234028
Current Conservation rel: 0.00015173349023612928
Phonon: rel Sigma^R residual 3.9561e-02; lead balance 1.2677e-02 (best 1.3140e-03; internal spread 1.1431e-01)
Bubble energy balance: P_in=-2.094234e+04 P_out=-2.094234e+04 resid=4.415e-16
Writing output for iteration 114...
Iteration 115
eta IR floor ON: Gamma_floor=0.5378 THz^2 (eta_ir_floor_cells=2, omega_c=2*dw=0.733 THz) on the unresolved soft modes.
[it 115] energy J(local)=[0.1025 0.0749 0.0838]
SigmaR resid-by-omega: peak w=0.73THz val=5.331e+01 in-band(<=46.4)=0.970 low(<=5)=0.204
Maximum Self-Energy Update: 53.30817905737742
Contact Current Difference: 0.0
Current Conservation abs: 3.908066285557652
Current Conservation rel: 0.00015173349334238008
Phonon: rel Sigma^R residual 3.9559e-02; lead balance 1.2677e-02 (best 1.3140e-03; internal spread 1.1431e-01)
Bubble energy balance: P_in=-2.094232e+04 P_out=-2.094232e+04 resid=8.765e-17
Writing output for iteration 115...
Iteration 116
eta IR floor ON: Gamma_floor=0.5378 THz^2 (eta_ir_floor_cells=2, omega_c=2*dw=0.733 THz) on the unresolved soft modes.
[it 116] energy J(local)=[0.1025 0.0749 0.0838]
SigmaR resid-by-omega: peak w=0.73THz val=5.331e+01 in-band(<=46.4)=0.970 low(<=5)=0.204
Maximum Self-Energy Update: 53.30790622955035
Contact Current Difference: 0.0
Current Conservation abs: 3.9079241120743973
Current Conservation rel: 0.00015172803481197403
Phonon: rel Sigma^R residual 3.9559e-02; lead balance 1.2677e-02 (best 1.3140e-03; internal spread 1.1431e-01)
Bubble energy balance: P_in=-2.094232e+04 P_out=-2.094232e+04 resid=2.936e-16
  JFNK newton#6: gmres_m=3 inner_res/||R||=4.96e-01 ||R||=6.329e+03 ||delta||=1.452e+03 trust=0.14 mu=0.00e+00
Writing output for iteration 116...
Iteration 117
eta IR floor ON: Gamma_floor=0.5378 THz^2 (eta_ir_floor_cells=2, omega_c=2*dw=0.733 THz) on the unresolved soft modes.
[it 117] energy J(local)=[0.1029 0.074  0.0835]
SigmaR resid-by-omega: peak w=0.73THz val=3.012e+01 in-band(<=46.4)=0.968 low(<=5)=0.170
Maximum Self-Energy Update: 30.115048020088828
Contact Current Difference: 0.0
Current Conservation abs: 4.219819686262781
Current Conservation rel: 0.00016483234310038093
Phonon: rel Sigma^R residual 2.2661e-02; lead balance 1.1877e-02 (best 1.3140e-03; internal spread 1.1451e-01)
Bubble energy balance: P_in=-2.085973e+04 P_out=-2.085973e+04 resid=1.185e-16
Writing output for iteration 117...
Iteration 118
eta IR floor ON: Gamma_floor=0.5378 THz^2 (eta_ir_floor_cells=2, omega_c=2*dw=0.733 THz) on the unresolved soft modes.
[it 118] energy J(local)=[0.1029 0.074  0.0835]
SigmaR resid-by-omega: peak w=0.73THz val=3.012e+01 in-band(<=46.4)=0.968 low(<=5)=0.170
Maximum Self-Energy Update: 30.115360885673798
Contact Current Difference: 0.0
Current Conservation abs: 4.21989872407903
Current Conservation rel: 0.00016483534842593286
Phonon: rel Sigma^R residual 2.2661e-02; lead balance 1.1877e-02 (best 1.3140e-03; internal spread 1.1451e-01)
Bubble energy balance: P_in=-2.085973e+04 P_out=-2.085973e+04 resid=2.534e-17
Writing output for iteration 118...
Iteration 119
eta IR floor ON: Gamma_floor=0.5378 THz^2 (eta_ir_floor_cells=2, omega_c=2*dw=0.733 THz) on the unresolved soft modes.
[it 119] energy J(local)=[0.1029 0.074  0.0835]
SigmaR resid-by-omega: peak w=0.73THz val=3.011e+01 in-band(<=46.4)=0.968 low(<=5)=0.170
Maximum Self-Energy Update: 30.113012615444358
Contact Current Difference: 0.0
Current Conservation abs: 4.219753027933621
Current Conservation rel: 0.00016482992656747839
Phonon: rel Sigma^R residual 2.2659e-02; lead balance 1.1877e-02 (best 1.3140e-03; internal spread 1.1451e-01)
Bubble energy balance: P_in=-2.085972e+04 P_out=-2.085972e+04 resid=1.013e-16
Writing output for iteration 119...
Iteration 120
eta IR floor ON: Gamma_floor=0.5378 THz^2 (eta_ir_floor_cells=2, omega_c=2*dw=0.733 THz) on the unresolved soft modes.
[it 120] energy J(local)=[0.1029 0.074  0.0835]
SigmaR resid-by-omega: peak w=0.73THz val=3.012e+01 in-band(<=46.4)=0.968 low(<=5)=0.170
Maximum Self-Energy Update: 30.11590349893443
Contact Current Difference: 0.0
Current Conservation abs: 4.21979372757778
Current Conservation rel: 0.00016483126241329692
Phonon: rel Sigma^R residual 2.2662e-02; lead balance 1.1877e-02 (best 1.3140e-03; internal spread 1.1451e-01)
Bubble energy balance: P_in=-2.085974e+04 P_out=-2.085974e+04 resid=1.306e-16
Writing output for iteration 120...
Iteration 121
eta IR floor ON: Gamma_floor=0.5378 THz^2 (eta_ir_floor_cells=2, omega_c=2*dw=0.733 THz) on the unresolved soft modes.
[it 121] energy J(local)=[0.1029 0.074  0.0835]
SigmaR resid-by-omega: peak w=0.73THz val=3.011e+01 in-band(<=46.4)=0.968 low(<=5)=0.170
Maximum Self-Energy Update: 30.11423316947101
Contact Current Difference: 0.0
Current Conservation abs: 4.219807484349076
Current Conservation rel: 0.00016483201628531607
Phonon: rel Sigma^R residual 2.2660e-02; lead balance 1.1877e-02 (best 1.3140e-03; internal spread 1.1451e-01)
Bubble energy balance: P_in=-2.085972e+04 P_out=-2.085972e+04 resid=3.560e-16
Writing output for iteration 121...
Iteration 122
eta IR floor ON: Gamma_floor=0.5378 THz^2 (eta_ir_floor_cells=2, omega_c=2*dw=0.733 THz) on the unresolved soft modes.
[it 122] energy J(local)=[0.1029 0.074  0.0835]
SigmaR resid-by-omega: peak w=0.73THz val=3.011e+01 in-band(<=46.4)=0.968 low(<=5)=0.170
Maximum Self-Energy Update: 30.114056208456613
Contact Current Difference: 0.0
Current Conservation abs: 4.219718901373199
Current Conservation rel: 0.00016482842322827087
Phonon: rel Sigma^R residual 2.2660e-02; lead balance 1.1877e-02 (best 1.3140e-03; internal spread 1.1451e-01)
Bubble energy balance: P_in=-2.085973e+04 P_out=-2.085973e+04 resid=9.133e-17
Writing output for iteration 122...
Iteration 123
eta IR floor ON: Gamma_floor=0.5378 THz^2 (eta_ir_floor_cells=2, omega_c=2*dw=0.733 THz) on the unresolved soft modes.
[it 123] energy J(local)=[0.1029 0.074  0.0835]
SigmaR resid-by-omega: peak w=0.73THz val=3.011e+01 in-band(<=46.4)=0.968 low(<=5)=0.170
Maximum Self-Energy Update: 30.11477904103332
Contact Current Difference: 0.0
Current Conservation abs: 4.219920918418211
Current Conservation rel: 0.00016483609119495856
Phonon: rel Sigma^R residual 2.2661e-02; lead balance 1.1877e-02 (best 1.3140e-03; internal spread 1.1451e-01)
Bubble energy balance: P_in=-2.085974e+04 P_out=-2.085974e+04 resid=4.392e-16
Writing output for iteration 123...
Iteration 124
eta IR floor ON: Gamma_floor=0.5378 THz^2 (eta_ir_floor_cells=2, omega_c=2*dw=0.733 THz) on the unresolved soft modes.
[it 124] energy J(local)=[0.1029 0.074  0.0835]
SigmaR resid-by-omega: peak w=0.73THz val=3.012e+01 in-band(<=46.4)=0.968 low(<=5)=0.170
Maximum Self-Energy Update: 30.118146574398796
Contact Current Difference: 0.0
Current Conservation abs: 4.219958516923725
Current Conservation rel: 0.00016483751340503236
Phonon: rel Sigma^R residual 2.2663e-02; lead balance 1.1877e-02 (best 1.3140e-03; internal spread 1.1451e-01)
Bubble energy balance: P_in=-2.085975e+04 P_out=-2.085975e+04 resid=8.919e-17
Writing output for iteration 124...
Iteration 125
eta IR floor ON: Gamma_floor=0.5378 THz^2 (eta_ir_floor_cells=2, omega_c=2*dw=0.733 THz) on the unresolved soft modes.
[it 125] energy J(local)=[0.1029 0.074  0.0835]
SigmaR resid-by-omega: peak w=0.73THz val=3.011e+01 in-band(<=46.4)=0.968 low(<=5)=0.170
Maximum Self-Energy Update: 30.11425984754477
Contact Current Difference: 0.0
Current Conservation abs: 4.219684205932936
Current Conservation rel: 0.00016482715233834803
Phonon: rel Sigma^R residual 2.2660e-02; lead balance 1.1877e-02 (best 1.3140e-03; internal spread 1.1451e-01)
Bubble energy balance: P_in=-2.085972e+04 P_out=-2.085972e+04 resid=1.203e-16
Writing output for iteration 125...
Iteration 126
eta IR floor ON: Gamma_floor=0.5378 THz^2 (eta_ir_floor_cells=2, omega_c=2*dw=0.733 THz) on the unresolved soft modes.
[it 126] energy J(local)=[0.1029 0.074  0.0835]
SigmaR resid-by-omega: peak w=0.73THz val=3.012e+01 in-band(<=46.4)=0.968 low(<=5)=0.170
Maximum Self-Energy Update: 30.116518977770806
Contact Current Difference: 0.0
Current Conservation abs: 4.220008641561435
Current Conservation rel: 0.00016483961579857192
Phonon: rel Sigma^R residual 2.2662e-02; lead balance 1.1877e-02 (best 1.3140e-03; internal spread 1.1451e-01)
Bubble energy balance: P_in=-2.085974e+04 P_out=-2.085974e+04 resid=1.892e-16
Writing output for iteration 126...
Iteration 127
eta IR floor ON: Gamma_floor=0.5378 THz^2 (eta_ir_floor_cells=2, omega_c=2*dw=0.733 THz) on the unresolved soft modes.
[it 127] energy J(local)=[0.1029 0.074  0.0835]
SigmaR resid-by-omega: peak w=0.73THz val=3.011e+01 in-band(<=46.4)=0.968 low(<=5)=0.170
Maximum Self-Energy Update: 30.11472426883601
Contact Current Difference: 0.0
Current Conservation abs: 4.219815290342012
Current Conservation rel: 0.00016483220311941455
Phonon: rel Sigma^R residual 2.2661e-02; lead balance 1.1877e-02 (best 1.3140e-03; internal spread 1.1451e-01)
Bubble energy balance: P_in=-2.085973e+04 P_out=-2.085973e+04 resid=1.771e-16
Writing output for iteration 127...
Iteration 128
eta IR floor ON: Gamma_floor=0.5378 THz^2 (eta_ir_floor_cells=2, omega_c=2*dw=0.733 THz) on the unresolved soft modes.
[it 128] energy J(local)=[0.1029 0.074  0.0835]
SigmaR resid-by-omega: peak w=0.73THz val=3.011e+01 in-band(<=46.4)=0.968 low(<=5)=0.170
Maximum Self-Energy Update: 30.11368459189965
Contact Current Difference: 0.0
Current Conservation abs: 4.219748703859295
Current Conservation rel: 0.00016482964333420832
Phonon: rel Sigma^R residual 2.2660e-02; lead balance 1.1877e-02 (best 1.3140e-03; internal spread 1.1451e-01)
Bubble energy balance: P_in=-2.085972e+04 P_out=-2.085972e+04 resid=1.194e-16
Writing output for iteration 128...
Iteration 129
eta IR floor ON: Gamma_floor=0.5378 THz^2 (eta_ir_floor_cells=2, omega_c=2*dw=0.733 THz) on the unresolved soft modes.
[it 129] energy J(local)=[0.1029 0.074  0.0835]
SigmaR resid-by-omega: peak w=0.73THz val=3.012e+01 in-band(<=46.4)=0.968 low(<=5)=0.170
Maximum Self-Energy Update: 30.11546831528776
Contact Current Difference: 0.0
Current Conservation abs: 4.219894637275502
Current Conservation rel: 0.00016483525547940207
Phonon: rel Sigma^R residual 2.2661e-02; lead balance 1.1877e-02 (best 1.3140e-03; internal spread 1.1451e-01)
Bubble energy balance: P_in=-2.085973e+04 P_out=-2.085973e+04 resid=1.671e-16
Writing output for iteration 129...
Iteration 130
eta IR floor ON: Gamma_floor=0.5378 THz^2 (eta_ir_floor_cells=2, omega_c=2*dw=0.733 THz) on the unresolved soft modes.
[it 130] energy J(local)=[0.1029 0.074  0.0835]
SigmaR resid-by-omega: peak w=0.73THz val=3.011e+01 in-band(<=46.4)=0.968 low(<=5)=0.170
Maximum Self-Energy Update: 30.114093390462372
Contact Current Difference: 0.0
Current Conservation abs: 4.219699019236941
Current Conservation rel: 0.00016482771052967328
Phonon: rel Sigma^R residual 2.2660e-02; lead balance 1.1877e-02 (best 1.3140e-03; internal spread 1.1451e-01)
Bubble energy balance: P_in=-2.085972e+04 P_out=-2.085972e+04 resid=2.656e-16
Writing output for iteration 130...
Iteration 131
eta IR floor ON: Gamma_floor=0.5378 THz^2 (eta_ir_floor_cells=2, omega_c=2*dw=0.733 THz) on the unresolved soft modes.
[it 131] energy J(local)=[0.1029 0.074  0.0835]
SigmaR resid-by-omega: peak w=0.73THz val=3.011e+01 in-band(<=46.4)=0.968 low(<=5)=0.170
Maximum Self-Energy Update: 30.114651147124796
Contact Current Difference: 0.0
Current Conservation abs: 4.219865675133406
Current Conservation rel: 0.00016483408512900244
Phonon: rel Sigma^R residual 2.2661e-02; lead balance 1.1877e-02 (best 1.3140e-03; internal spread 1.1451e-01)
Bubble energy balance: P_in=-2.085973e+04 P_out=-2.085973e+04 resid=2.770e-16
Writing output for iteration 131...
Iteration 132
eta IR floor ON: Gamma_floor=0.5378 THz^2 (eta_ir_floor_cells=2, omega_c=2*dw=0.733 THz) on the unresolved soft modes.
[it 132] energy J(local)=[0.1029 0.074  0.0835]
SigmaR resid-by-omega: peak w=0.73THz val=3.012e+01 in-band(<=46.4)=0.968 low(<=5)=0.170
Maximum Self-Energy Update: 30.116598525969888
Contact Current Difference: 0.0
Current Conservation abs: 4.219875146727645
Current Conservation rel: 0.00016483445292486446
Phonon: rel Sigma^R residual 2.2662e-02; lead balance 1.1877e-02 (best 1.3140e-03; internal spread 1.1451e-01)
Bubble energy balance: P_in=-2.085973e+04 P_out=-2.085973e+04 resid=2.383e-16
Writing output for iteration 132...
Iteration 133
eta IR floor ON: Gamma_floor=0.5378 THz^2 (eta_ir_floor_cells=2, omega_c=2*dw=0.733 THz) on the unresolved soft modes.
[it 133] energy J(local)=[0.1029 0.074  0.0835]
SigmaR resid-by-omega: peak w=0.73THz val=3.011e+01 in-band(<=46.4)=0.968 low(<=5)=0.170
Maximum Self-Energy Update: 30.114009616134002
Contact Current Difference: 0.0
Current Conservation abs: 4.219706029403824
Current Conservation rel: 0.00016482800357562992
Phonon: rel Sigma^R residual 2.2660e-02; lead balance 1.1877e-02 (best 1.3140e-03; internal spread 1.1451e-01)
Bubble energy balance: P_in=-2.085972e+04 P_out=-2.085972e+04 resid=1.119e-16
Writing output for iteration 133...
Iteration 134
eta IR floor ON: Gamma_floor=0.5378 THz^2 (eta_ir_floor_cells=2, omega_c=2*dw=0.733 THz) on the unresolved soft modes.
[it 134] energy J(local)=[0.1029 0.074  0.0835]
SigmaR resid-by-omega: peak w=0.73THz val=3.012e+01 in-band(<=46.4)=0.968 low(<=5)=0.170
Maximum Self-Energy Update: 30.115619355899366
Contact Current Difference: 0.0
Current Conservation abs: 4.219906647795142
Current Conservation rel: 0.00016483570385163993
Phonon: rel Sigma^R residual 2.2661e-02; lead balance 1.1877e-02 (best 1.3140e-03; internal spread 1.1451e-01)
Bubble energy balance: P_in=-2.085973e+04 P_out=-2.085973e+04 resid=2.688e-16
Writing output for iteration 134...
Iteration 135
eta IR floor ON: Gamma_floor=0.5378 THz^2 (eta_ir_floor_cells=2, omega_c=2*dw=0.733 THz) on the unresolved soft modes.
[it 135] energy J(local)=[0.1029 0.074  0.0835]
SigmaR resid-by-omega: peak w=0.73THz val=3.012e+01 in-band(<=46.4)=0.968 low(<=5)=0.170
Maximum Self-Energy Update: 30.115589707028146
Contact Current Difference: 0.0
Current Conservation abs: 4.219844187353374
Current Conservation rel: 0.0001648332264542949
Phonon: rel Sigma^R residual 2.2661e-02; lead balance 1.1877e-02 (best 1.3140e-03; internal spread 1.1451e-01)
Bubble energy balance: P_in=-2.085973e+04 P_out=-2.085973e+04 resid=2.029e-19
Writing output for iteration 135...
Iteration 136
eta IR floor ON: Gamma_floor=0.5378 THz^2 (eta_ir_floor_cells=2, omega_c=2*dw=0.733 THz) on the unresolved soft modes.
[it 136] energy J(local)=[0.1029 0.074  0.0835]
SigmaR resid-by-omega: peak w=0.73THz val=3.012e+01 in-band(<=46.4)=0.968 low(<=5)=0.170
Maximum Self-Energy Update: 30.117225841953687
Contact Current Difference: 0.0
Current Conservation abs: 4.219949761896714
Current Conservation rel: 0.00016483725164740453
Phonon: rel Sigma^R residual 2.2663e-02; lead balance 1.1877e-02 (best 1.3140e-03; internal spread 1.1451e-01)
Bubble energy balance: P_in=-2.085974e+04 P_out=-2.085974e+04 resid=2.548e-16
Writing output for iteration 136...
Iteration 137
eta IR floor ON: Gamma_floor=0.5378 THz^2 (eta_ir_floor_cells=2, omega_c=2*dw=0.733 THz) on the unresolved soft modes.
[it 137] energy J(local)=[0.1029 0.074  0.0835]
SigmaR resid-by-omega: peak w=0.73THz val=3.012e+01 in-band(<=46.4)=0.968 low(<=5)=0.170
Maximum Self-Energy Update: 30.11558409423234
Contact Current Difference: 0.0
Current Conservation abs: 4.219827585171515
Current Conservation rel: 0.00016483258230855485
Phonon: rel Sigma^R residual 2.2661e-02; lead balance 1.1877e-02 (best 1.3140e-03; internal spread 1.1451e-01)
Bubble energy balance: P_in=-2.085973e+04 P_out=-2.085973e+04 resid=2.643e-16
Writing output for iteration 137...
Iteration 138
eta IR floor ON: Gamma_floor=0.5378 THz^2 (eta_ir_floor_cells=2, omega_c=2*dw=0.733 THz) on the unresolved soft modes.
[it 138] energy J(local)=[0.1029 0.074  0.0835]
SigmaR resid-by-omega: peak w=0.73THz val=3.011e+01 in-band(<=46.4)=0.968 low(<=5)=0.170
Maximum Self-Energy Update: 30.114935087216192
Contact Current Difference: 0.0
Current Conservation abs: 4.219802855228409
Current Conservation rel: 0.00016483171349551855
Phonon: rel Sigma^R residual 2.2661e-02; lead balance 1.1877e-02 (best 1.3140e-03; internal spread 1.1451e-01)
Bubble energy balance: P_in=-2.085973e+04 P_out=-2.085973e+04 resid=1.074e-16
Writing output for iteration 138...
Iteration 139
eta IR floor ON: Gamma_floor=0.5378 THz^2 (eta_ir_floor_cells=2, omega_c=2*dw=0.733 THz) on the unresolved soft modes.
[it 139] energy J(local)=[0.1029 0.074  0.0835]
SigmaR resid-by-omega: peak w=0.73THz val=3.011e+01 in-band(<=46.4)=0.968 low(<=5)=0.170
Maximum Self-Energy Update: 30.1131886658359
Contact Current Difference: 0.0
Current Conservation abs: 4.219697613794779
Current Conservation rel: 0.00016482770932525536
Phonon: rel Sigma^R residual 2.2660e-02; lead balance 1.1877e-02 (best 1.3140e-03; internal spread 1.1451e-01)
Bubble energy balance: P_in=-2.085972e+04 P_out=-2.085972e+04 resid=8.786e-17
Writing output for iteration 139...
Iteration 140
eta IR floor ON: Gamma_floor=0.5378 THz^2 (eta_ir_floor_cells=2, omega_c=2*dw=0.733 THz) on the unresolved soft modes.
[it 140] energy J(local)=[0.1029 0.074  0.0835]
SigmaR resid-by-omega: peak w=0.73THz val=3.011e+01 in-band(<=46.4)=0.968 low(<=5)=0.170
Maximum Self-Energy Update: 30.114153132192296
Contact Current Difference: 0.0
Current Conservation abs: 4.219764588373437
Current Conservation rel: 0.00016483031768306804
Phonon: rel Sigma^R residual 2.2660e-02; lead balance 1.1877e-02 (best 1.3140e-03; internal spread 1.1451e-01)
Bubble energy balance: P_in=-2.085972e+04 P_out=-2.085972e+04 resid=1.650e-16
Writing output for iteration 140...
Iteration 141
eta IR floor ON: Gamma_floor=0.5378 THz^2 (eta_ir_floor_cells=2, omega_c=2*dw=0.733 THz) on the unresolved soft modes.
[it 141] energy J(local)=[0.1029 0.074  0.0835]
SigmaR resid-by-omega: peak w=0.73THz val=3.011e+01 in-band(<=46.4)=0.968 low(<=5)=0.170
Maximum Self-Energy Update: 30.114882543459853
Contact Current Difference: 0.0
Current Conservation abs: 4.219859979099056
Current Conservation rel: 0.00016483390948890704
Phonon: rel Sigma^R residual 2.2661e-02; lead balance 1.1877e-02 (best 1.3140e-03; internal spread 1.1451e-01)
Bubble energy balance: P_in=-2.085973e+04 P_out=-2.085973e+04 resid=3.554e-17
Writing output for iteration 141...
Iteration 142
eta IR floor ON: Gamma_floor=0.5378 THz^2 (eta_ir_floor_cells=2, omega_c=2*dw=0.733 THz) on the unresolved soft modes.
[it 142] energy J(local)=[0.1029 0.074  0.0835]
SigmaR resid-by-omega: peak w=0.73THz val=3.012e+01 in-band(<=46.4)=0.968 low(<=5)=0.170
Maximum Self-Energy Update: 30.11623068791813
Contact Current Difference: 0.0
Current Conservation abs: 4.21983103641287
Current Conservation rel: 0.0001648327654981308
Phonon: rel Sigma^R residual 2.2662e-02; lead balance 1.1877e-02 (best 1.3140e-03; internal spread 1.1451e-01)
Bubble energy balance: P_in=-2.085973e+04 P_out=-2.085973e+04 resid=8.754e-17
Writing output for iteration 142...
Iteration 143
eta IR floor ON: Gamma_floor=0.5378 THz^2 (eta_ir_floor_cells=2, omega_c=2*dw=0.733 THz) on the unresolved soft modes.
[it 143] energy J(local)=[0.1029 0.074  0.0835]
SigmaR resid-by-omega: peak w=0.73THz val=3.011e+01 in-band(<=46.4)=0.968 low(<=5)=0.170
Maximum Self-Energy Update: 30.114834953175993
Contact Current Difference: 0.0
Current Conservation abs: 4.219833900371668
Current Conservation rel: 0.00016483286311598839
Phonon: rel Sigma^R residual 2.2661e-02; lead balance 1.1877e-02 (best 1.3140e-03; internal spread 1.1451e-01)
Bubble energy balance: P_in=-2.085973e+04 P_out=-2.085973e+04 resid=3.085e-16
Writing output for iteration 143...
Iteration 144
eta IR floor ON: Gamma_floor=0.5378 THz^2 (eta_ir_floor_cells=2, omega_c=2*dw=0.733 THz) on the unresolved soft modes.
[it 144] energy J(local)=[0.1029 0.074  0.0835]
SigmaR resid-by-omega: peak w=0.73THz val=3.012e+01 in-band(<=46.4)=0.968 low(<=5)=0.170
Maximum Self-Energy Update: 30.11575751555634
Contact Current Difference: 0.0
Current Conservation abs: 4.21981247128133
Current Conservation rel: 0.0001648320644395488
Phonon: rel Sigma^R residual 2.2661e-02; lead balance 1.1877e-02 (best 1.3140e-03; internal spread 1.1451e-01)
Bubble energy balance: P_in=-2.085973e+04 P_out=-2.085973e+04 resid=1.488e-16
Writing output for iteration 144...
Iteration 145
eta IR floor ON: Gamma_floor=0.5378 THz^2 (eta_ir_floor_cells=2, omega_c=2*dw=0.733 THz) on the unresolved soft modes.
[it 145] energy J(local)=[0.1029 0.074  0.0835]
SigmaR resid-by-omega: peak w=0.73THz val=3.011e+01 in-band(<=46.4)=0.968 low(<=5)=0.170
Maximum Self-Energy Update: 30.112622116520104
Contact Current Difference: 0.0
Current Conservation abs: 4.219752770746709
Current Conservation rel: 0.00016482975407893828
Phonon: rel Sigma^R residual 2.2659e-02; lead balance 1.1877e-02 (best 1.3140e-03; internal spread 1.1451e-01)
Bubble energy balance: P_in=-2.085973e+04 P_out=-2.085973e+04 resid=3.494e-16
Writing output for iteration 145...
Iteration 146
eta IR floor ON: Gamma_floor=0.5378 THz^2 (eta_ir_floor_cells=2, omega_c=2*dw=0.733 THz) on the unresolved soft modes.
[it 146] energy J(local)=[0.1029 0.074  0.0835]
SigmaR resid-by-omega: peak w=0.73THz val=3.012e+01 in-band(<=46.4)=0.968 low(<=5)=0.170
Maximum Self-Energy Update: 30.116770210761118
Contact Current Difference: 0.0
Current Conservation abs: 4.219871636514654
Current Conservation rel: 0.0001648343882303134
Phonon: rel Sigma^R residual 2.2662e-02; lead balance 1.1877e-02 (best 1.3140e-03; internal spread 1.1451e-01)
Bubble energy balance: P_in=-2.085973e+04 P_out=-2.085973e+04 resid=2.750e-16
Writing output for iteration 146...
Iteration 147
eta IR floor ON: Gamma_floor=0.5378 THz^2 (eta_ir_floor_cells=2, omega_c=2*dw=0.733 THz) on the unresolved soft modes.
[it 147] energy J(local)=[0.1029 0.074  0.0835]
SigmaR resid-by-omega: peak w=0.73THz val=3.011e+01 in-band(<=46.4)=0.968 low(<=5)=0.170
Maximum Self-Energy Update: 30.112231028425125
Contact Current Difference: 0.0
Current Conservation abs: 4.219872976920669
Current Conservation rel: 0.00016483438154272427
Phonon: rel Sigma^R residual 2.2659e-02; lead balance 1.1877e-02 (best 1.3140e-03; internal spread 1.1451e-01)
Bubble energy balance: P_in=-2.085973e+04 P_out=-2.085973e+04 resid=8.937e-17
  JFNK newton#7: gmres_m=30 inner_res/||R||=5.82e-01 ||R||=3.164e+03 ||delta||=3.099e+04 trust=0.21 mu=0.00e+00
Writing output for iteration 147...
Iteration 148
eta IR floor ON: Gamma_floor=0.5378 THz^2 (eta_ir_floor_cells=2, omega_c=2*dw=0.733 THz) on the unresolved soft modes.
[it 148] energy J(local)=[0.0925 0.0839 0.0866]
SigmaR resid-by-omega: peak w=0.73THz val=1.085e+02 in-band(<=46.4)=0.961 low(<=5)=0.274
Maximum Self-Energy Update: 108.50603133476811
Contact Current Difference: 0.0
Current Conservation abs: 2.3635969079841743
Current Conservation rel: 8.635406638816753e-05
Phonon: rel Sigma^R residual 8.0703e-02; lead balance 7.2612e-03 (best 1.3140e-03; internal spread 1.1958e-01)
Bubble energy balance: P_in=-2.149499e+04 P_out=-2.149499e+04 resid=2.591e-16
Writing output for iteration 148...
Iteration 149
eta IR floor ON: Gamma_floor=0.5378 THz^2 (eta_ir_floor_cells=2, omega_c=2*dw=0.733 THz) on the unresolved soft modes.
[it 149] energy J(local)=[0.0925 0.0839 0.0866]
SigmaR resid-by-omega: peak w=0.73THz val=1.085e+02 in-band(<=46.4)=0.961 low(<=5)=0.274
Maximum Self-Energy Update: 108.50726017906231
Contact Current Difference: 0.0
Current Conservation abs: 2.363607710980432
Current Conservation rel: 8.635438681322806e-05
Phonon: rel Sigma^R residual 8.0703e-02; lead balance 7.2612e-03 (best 1.3140e-03; internal spread 1.1958e-01)
Bubble energy balance: P_in=-2.149500e+04 P_out=-2.149500e+04 resid=1.509e-16
  JFNK newton#8: gmres_m=1 inner_res/||R||=1.71e-01 ||R||=2.190e+04 ||delta||=1.550e+03 trust=0.11 mu=0.00e+00
Writing output for iteration 149...
Iteration 150
eta IR floor ON: Gamma_floor=0.5378 THz^2 (eta_ir_floor_cells=2, omega_c=2*dw=0.733 THz) on the unresolved soft modes.
[it 150] energy J(local)=[0.0912 0.0852 0.0873]
SigmaR resid-by-omega: peak w=1.10THz val=3.102e+01 in-band(<=46.4)=0.972 low(<=5)=0.242
Maximum Self-Energy Update: 31.02029200726841
Contact Current Difference: 0.0
Current Conservation abs: 1.695934844272415
Current Conservation rel: 6.566887928714012e-05
Phonon: rel Sigma^R residual 2.4329e-02; lead balance 6.4633e-03 (best 1.3140e-03; internal spread 1.1884e-01)
Bubble energy balance: P_in=-2.072066e+04 P_out=-2.072066e+04 resid=8.840e-17
Writing output for iteration 150...
Iteration 151
eta IR floor ON: Gamma_floor=0.5378 THz^2 (eta_ir_floor_cells=2, omega_c=2*dw=0.733 THz) on the unresolved soft modes.
[it 151] energy J(local)=[0.0912 0.0852 0.0873]
SigmaR resid-by-omega: peak w=1.10THz val=3.102e+01 in-band(<=46.4)=0.972 low(<=5)=0.242
Maximum Self-Energy Update: 31.02046940121276
Contact Current Difference: 0.0
Current Conservation abs: 1.6959603872455773
Current Conservation rel: 6.566988273521569e-05
Phonon: rel Sigma^R residual 2.4329e-02; lead balance 6.4634e-03 (best 1.3140e-03; internal spread 1.1884e-01)
Bubble energy balance: P_in=-2.072066e+04 P_out=-2.072066e+04 resid=1.058e-16
Writing output for iteration 151...
Iteration 152
eta IR floor ON: Gamma_floor=0.5378 THz^2 (eta_ir_floor_cells=2, omega_c=2*dw=0.733 THz) on the unresolved soft modes.
[it 152] energy J(local)=[0.0912 0.0852 0.0873]
SigmaR resid-by-omega: peak w=1.10THz val=3.102e+01 in-band(<=46.4)=0.972 low(<=5)=0.242
Maximum Self-Energy Update: 31.02015568635298
Contact Current Difference: 0.0
Current Conservation abs: 1.6959273946413305
Current Conservation rel: 6.56685444974203e-05
Phonon: rel Sigma^R residual 2.4329e-02; lead balance 6.4633e-03 (best 1.3140e-03; internal spread 1.1884e-01)
Bubble energy balance: P_in=-2.072067e+04 P_out=-2.072067e+04 resid=9.072e-17
Writing output for iteration 152...
Iteration 153
eta IR floor ON: Gamma_floor=0.5378 THz^2 (eta_ir_floor_cells=2, omega_c=2*dw=0.733 THz) on the unresolved soft modes.
[it 153] energy J(local)=[0.0912 0.0852 0.0873]
SigmaR resid-by-omega: peak w=1.10THz val=3.102e+01 in-band(<=46.4)=0.972 low(<=5)=0.242
Maximum Self-Energy Update: 31.020417110983377
Contact Current Difference: 0.0
Current Conservation abs: 1.695905309075897
Current Conservation rel: 6.566781221161305e-05
Phonon: rel Sigma^R residual 2.4329e-02; lead balance 6.4633e-03 (best 1.3140e-03; internal spread 1.1884e-01)
Bubble energy balance: P_in=-2.072065e+04 P_out=-2.072065e+04 resid=1.759e-16
Writing output for iteration 153...
Iteration 154
eta IR floor ON: Gamma_floor=0.5378 THz^2 (eta_ir_floor_cells=2, omega_c=2*dw=0.733 THz) on the unresolved soft modes.
[it 154] energy J(local)=[0.0912 0.0852 0.0873]
SigmaR resid-by-omega: peak w=1.10THz val=3.102e+01 in-band(<=46.4)=0.972 low(<=5)=0.242
Maximum Self-Energy Update: 31.020376008188865
Contact Current Difference: 0.0
Current Conservation abs: 1.6959532523815142
Current Conservation rel: 6.566961861544992e-05
Phonon: rel Sigma^R residual 2.4329e-02; lead balance 6.4633e-03 (best 1.3140e-03; internal spread 1.1884e-01)
Bubble energy balance: P_in=-2.072065e+04 P_out=-2.072065e+04 resid=1.870e-16
Writing output for iteration 154...
Iteration 155
eta IR floor ON: Gamma_floor=0.5378 THz^2 (eta_ir_floor_cells=2, omega_c=2*dw=0.733 THz) on the unresolved soft modes.
[it 155] energy J(local)=[0.0912 0.0852 0.0873]
SigmaR resid-by-omega: peak w=1.10THz val=3.102e+01 in-band(<=46.4)=0.972 low(<=5)=0.242
Maximum Self-Energy Update: 31.020092066230784
Contact Current Difference: 0.0
Current Conservation abs: 1.6959133801756252
Current Conservation rel: 6.566803530776939e-05
Phonon: rel Sigma^R residual 2.4329e-02; lead balance 6.4633e-03 (best 1.3140e-03; internal spread 1.1884e-01)
Bubble energy balance: P_in=-2.072066e+04 P_out=-2.072066e+04 resid=2.887e-16
Writing output for iteration 155...
Iteration 156
eta IR floor ON: Gamma_floor=0.5378 THz^2 (eta_ir_floor_cells=2, omega_c=2*dw=0.733 THz) on the unresolved soft modes.
[it 156] energy J(local)=[0.0912 0.0852 0.0873]
SigmaR resid-by-omega: peak w=1.10THz val=3.102e+01 in-band(<=46.4)=0.972 low(<=5)=0.242
Maximum Self-Energy Update: 31.020311425071004
Contact Current Difference: 0.0
Current Conservation abs: 1.6958657950617635
Current Conservation rel: 6.566619040024915e-05
Phonon: rel Sigma^R residual 2.4329e-02; lead balance 6.4633e-03 (best 1.3140e-03; internal spread 1.1884e-01)
Bubble energy balance: P_in=-2.072066e+04 P_out=-2.072066e+04 resid=1.866e-16
Writing output for iteration 156...
Iteration 157
eta IR floor ON: Gamma_floor=0.5378 THz^2 (eta_ir_floor_cells=2, omega_c=2*dw=0.733 THz) on the unresolved soft modes.
[it 157] energy J(local)=[0.0912 0.0852 0.0873]
SigmaR resid-by-omega: peak w=1.10THz val=3.102e+01 in-band(<=46.4)=0.972 low(<=5)=0.242
Maximum Self-Energy Update: 31.02016575791987
Contact Current Difference: 0.0
Current Conservation abs: 1.6960080254921195
Current Conservation rel: 6.567162575686739e-05
Phonon: rel Sigma^R residual 2.4329e-02; lead balance 6.4633e-03 (best 1.3140e-03; internal spread 1.1884e-01)
Bubble energy balance: P_in=-2.072068e+04 P_out=-2.072068e+04 resid=1.118e-16
Writing output for iteration 157...
Iteration 158
eta IR floor ON: Gamma_floor=0.5378 THz^2 (eta_ir_floor_cells=2, omega_c=2*dw=0.733 THz) on the unresolved soft modes.
[it 158] energy J(local)=[0.0912 0.0852 0.0873]
SigmaR resid-by-omega: peak w=1.10THz val=3.102e+01 in-band(<=46.4)=0.972 low(<=5)=0.242
Maximum Self-Energy Update: 31.020147200542272
Contact Current Difference: 0.0
Current Conservation abs: 1.6958201809793536
Current Conservation rel: 6.56645124126445e-05
Phonon: rel Sigma^R residual 2.4329e-02; lead balance 6.4632e-03 (best 1.3140e-03; internal spread 1.1884e-01)
Bubble energy balance: P_in=-2.072065e+04 P_out=-2.072065e+04 resid=4.512e-17
Writing output for iteration 158...
Iteration 159
eta IR floor ON: Gamma_floor=0.5378 THz^2 (eta_ir_floor_cells=2, omega_c=2*dw=0.733 THz) on the unresolved soft modes.
[it 159] energy J(local)=[0.0912 0.0852 0.0873]
SigmaR resid-by-omega: peak w=1.10THz val=3.102e+01 in-band(<=46.4)=0.972 low(<=5)=0.242
Maximum Self-Energy Update: 31.020454994251704
Contact Current Difference: 0.0
Current Conservation abs: 1.6958115988054487
Current Conservation rel: 6.56641963872076e-05
Phonon: rel Sigma^R residual 2.4329e-02; lead balance 6.4632e-03 (best 1.3140e-03; internal spread 1.1884e-01)
Bubble energy balance: P_in=-2.072064e+04 P_out=-2.072064e+04 resid=2.470e-16
Writing output for iteration 159...
Iteration 160
eta IR floor ON: Gamma_floor=0.5378 THz^2 (eta_ir_floor_cells=2, omega_c=2*dw=0.733 THz) on the unresolved soft modes.
[it 160] energy J(local)=[0.0912 0.0852 0.0873]
SigmaR resid-by-omega: peak w=1.10THz val=3.102e+01 in-band(<=46.4)=0.972 low(<=5)=0.242
Maximum Self-Energy Update: 31.020266206422082
Contact Current Difference: 0.0
Current Conservation abs: 1.6961495598352485
Current Conservation rel: 6.567708514913362e-05
Phonon: rel Sigma^R residual 2.4329e-02; lead balance 6.4634e-03 (best 1.3140e-03; internal spread 1.1884e-01)
Bubble energy balance: P_in=-2.072068e+04 P_out=-2.072068e+04 resid=1.784e-16
Writing output for iteration 160...
Iteration 161
eta IR floor ON: Gamma_floor=0.5378 THz^2 (eta_ir_floor_cells=2, omega_c=2*dw=0.733 THz) on the unresolved soft modes.
[it 161] energy J(local)=[0.0912 0.0852 0.0873]
SigmaR resid-by-omega: peak w=1.10THz val=3.102e+01 in-band(<=46.4)=0.972 low(<=5)=0.242
Maximum Self-Energy Update: 31.020346401866288
Contact Current Difference: 0.0
Current Conservation abs: 1.6958552954274637
Current Conservation rel: 6.566582791013646e-05
Phonon: rel Sigma^R residual 2.4329e-02; lead balance 6.4633e-03 (best 1.3140e-03; internal spread 1.1884e-01)
Bubble energy balance: P_in=-2.072066e+04 P_out=-2.072066e+04 resid=1.242e-16
Writing output for iteration 161...
Iteration 162
eta IR floor ON: Gamma_floor=0.5378 THz^2 (eta_ir_floor_cells=2, omega_c=2*dw=0.733 THz) on the unresolved soft modes.
[it 162] energy J(local)=[0.0912 0.0852 0.0873]
SigmaR resid-by-omega: peak w=1.10THz val=3.102e+01 in-band(<=46.4)=0.972 low(<=5)=0.242
Maximum Self-Energy Update: 31.020287322769306
Contact Current Difference: 0.0
Current Conservation abs: 1.69597393710319
Current Conservation rel: 6.567037608901369e-05
Phonon: rel Sigma^R residual 2.4329e-02; lead balance 6.4633e-03 (best 1.3140e-03; internal spread 1.1884e-01)
Bubble energy balance: P_in=-2.072066e+04 P_out=-2.072066e+04 resid=1.941e-16
Writing output for iteration 162...
Iteration 163
eta IR floor ON: Gamma_floor=0.5378 THz^2 (eta_ir_floor_cells=2, omega_c=2*dw=0.733 THz) on the unresolved soft modes.
[it 163] energy J(local)=[0.0912 0.0852 0.0873]
SigmaR resid-by-omega: peak w=1.10THz val=3.102e+01 in-band(<=46.4)=0.972 low(<=5)=0.242
Maximum Self-Energy Update: 31.020178028119314
Contact Current Difference: 0.0
Current Conservation abs: 1.6960564489982062
Current Conservation rel: 6.567353198198675e-05
Phonon: rel Sigma^R residual 2.4329e-02; lead balance 6.4633e-03 (best 1.3140e-03; internal spread 1.1884e-01)
Bubble energy balance: P_in=-2.072067e+04 P_out=-2.072067e+04 resid=2.803e-16
Writing output for iteration 163...
Iteration 164
eta IR floor ON: Gamma_floor=0.5378 THz^2 (eta_ir_floor_cells=2, omega_c=2*dw=0.733 THz) on the unresolved soft modes.
[it 164] energy J(local)=[0.0912 0.0852 0.0873]
SigmaR resid-by-omega: peak w=1.10THz val=3.102e+01 in-band(<=46.4)=0.972 low(<=5)=0.242
Maximum Self-Energy Update: 31.020253835153618
Contact Current Difference: 0.0
Current Conservation abs: 1.6958674264678848
Current Conservation rel: 6.56662827508256e-05
Phonon: rel Sigma^R residual 2.4329e-02; lead balance 6.4633e-03 (best 1.3140e-03; internal spread 1.1884e-01)
Bubble energy balance: P_in=-2.072066e+04 P_out=-2.072066e+04 resid=9.361e-17
Writing output for iteration 164...
Iteration 165
eta IR floor ON: Gamma_floor=0.5378 THz^2 (eta_ir_floor_cells=2, omega_c=2*dw=0.733 THz) on the unresolved soft modes.
[it 165] energy J(local)=[0.0912 0.0852 0.0873]
SigmaR resid-by-omega: peak w=1.10THz val=3.102e+01 in-band(<=46.4)=0.972 low(<=5)=0.242
Maximum Self-Energy Update: 31.02028575124538
Contact Current Difference: 0.0
Current Conservation abs: 1.695988919955198
Current Conservation rel: 6.567096639293649e-05
Phonon: rel Sigma^R residual 2.4329e-02; lead balance 6.4633e-03 (best 1.3140e-03; internal spread 1.1884e-01)
Bubble energy balance: P_in=-2.072066e+04 P_out=-2.072066e+04 resid=6.452e-17
Writing output for iteration 165...
Iteration 166
eta IR floor ON: Gamma_floor=0.5378 THz^2 (eta_ir_floor_cells=2, omega_c=2*dw=0.733 THz) on the unresolved soft modes.
[it 166] energy J(local)=[0.0912 0.0852 0.0873]
SigmaR resid-by-omega: peak w=1.10THz val=3.102e+01 in-band(<=46.4)=0.972 low(<=5)=0.242
Maximum Self-Energy Update: 31.020366912172996
Contact Current Difference: 0.0
Current Conservation abs: 1.695798150367409
Current Conservation rel: 6.566366121431771e-05
Phonon: rel Sigma^R residual 2.4329e-02; lead balance 6.4633e-03 (best 1.3140e-03; internal spread 1.1884e-01)
Bubble energy balance: P_in=-2.072065e+04 P_out=-2.072065e+04 resid=1.827e-17
Writing output for iteration 166...
Iteration 167
eta IR floor ON: Gamma_floor=0.5378 THz^2 (eta_ir_floor_cells=2, omega_c=2*dw=0.733 THz) on the unresolved soft modes.
[it 167] energy J(local)=[0.0912 0.0852 0.0873]
SigmaR resid-by-omega: peak w=1.10THz val=3.102e+01 in-band(<=46.4)=0.972 low(<=5)=0.242
Maximum Self-Energy Update: 31.02041685345981
Contact Current Difference: 0.0
Current Conservation abs: 1.6960938532993168
Current Conservation rel: 6.567499975733307e-05
Phonon: rel Sigma^R residual 2.4329e-02; lead balance 6.4633e-03 (best 1.3140e-03; internal spread 1.1884e-01)
Bubble energy balance: P_in=-2.072067e+04 P_out=-2.072067e+04 resid=1.168e-16
Writing output for iteration 167...
Iteration 168
eta IR floor ON: Gamma_floor=0.5378 THz^2 (eta_ir_floor_cells=2, omega_c=2*dw=0.733 THz) on the unresolved soft modes.
[it 168] energy J(local)=[0.0912 0.0852 0.0873]
SigmaR resid-by-omega: peak w=1.10THz val=3.102e+01 in-band(<=46.4)=0.972 low(<=5)=0.242
Maximum Self-Energy Update: 31.020260375247137
Contact Current Difference: 0.0
Current Conservation abs: 1.6958272538831807
Current Conservation rel: 6.566471136419976e-05
Phonon: rel Sigma^R residual 2.4329e-02; lead balance 6.4634e-03 (best 1.3140e-03; internal spread 1.1884e-01)
Bubble energy balance: P_in=-2.072066e+04 P_out=-2.072066e+04 resid=3.577e-16
Writing output for iteration 168...
Iteration 169
eta IR floor ON: Gamma_floor=0.5378 THz^2 (eta_ir_floor_cells=2, omega_c=2*dw=0.733 THz) on the unresolved soft modes.
[it 169] energy J(local)=[0.0912 0.0852 0.0873]
SigmaR resid-by-omega: peak w=1.10THz val=3.102e+01 in-band(<=46.4)=0.972 low(<=5)=0.242
Maximum Self-Energy Update: 31.020179502062966
Contact Current Difference: 0.0
Current Conservation abs: 1.6959932683275838
Current Conservation rel: 6.567110332003048e-05
Phonon: rel Sigma^R residual 2.4329e-02; lead balance 6.4632e-03 (best 1.3140e-03; internal spread 1.1884e-01)
Bubble energy balance: P_in=-2.072067e+04 P_out=-2.072067e+04 resid=1.852e-17
Writing output for iteration 169...
Iteration 170
eta IR floor ON: Gamma_floor=0.5378 THz^2 (eta_ir_floor_cells=2, omega_c=2*dw=0.733 THz) on the unresolved soft modes.
[it 170] energy J(local)=[0.0912 0.0852 0.0873]
SigmaR resid-by-omega: peak w=1.10THz val=3.102e+01 in-band(<=46.4)=0.972 low(<=5)=0.242
Maximum Self-Energy Update: 31.020290995536026
Contact Current Difference: 0.0
Current Conservation abs: 1.6958308660141483
Current Conservation rel: 6.566488107217831e-05
Phonon: rel Sigma^R residual 2.4329e-02; lead balance 6.4634e-03 (best 1.3140e-03; internal spread 1.1884e-01)
Bubble energy balance: P_in=-2.072066e+04 P_out=-2.072066e+04 resid=9.595e-17
Writing output for iteration 170...
Iteration 171
eta IR floor ON: Gamma_floor=0.5378 THz^2 (eta_ir_floor_cells=2, omega_c=2*dw=0.733 THz) on the unresolved soft modes.
[it 171] energy J(local)=[0.0912 0.0852 0.0873]
SigmaR resid-by-omega: peak w=1.10THz val=3.102e+01 in-band(<=46.4)=0.972 low(<=5)=0.242
Maximum Self-Energy Update: 31.02022564445999
Contact Current Difference: 0.0
Current Conservation abs: 1.695908929046709
Current Conservation rel: 6.566789046818983e-05
Phonon: rel Sigma^R residual 2.4329e-02; lead balance 6.4633e-03 (best 1.3140e-03; internal spread 1.1884e-01)
Bubble energy balance: P_in=-2.072066e+04 P_out=-2.072066e+04 resid=1.757e-16
Writing output for iteration 171...
Iteration 172
eta IR floor ON: Gamma_floor=0.5378 THz^2 (eta_ir_floor_cells=2, omega_c=2*dw=0.733 THz) on the unresolved soft modes.
[it 172] energy J(local)=[0.0912 0.0852 0.0873]
SigmaR resid-by-omega: peak w=1.10THz val=3.102e+01 in-band(<=46.4)=0.972 low(<=5)=0.242
Maximum Self-Energy Update: 31.020279806208748
Contact Current Difference: 0.0
Current Conservation abs: 1.6958561170140456
Current Conservation rel: 6.566585830642428e-05
Phonon: rel Sigma^R residual 2.4329e-02; lead balance 6.4634e-03 (best 1.3140e-03; internal spread 1.1884e-01)
Bubble energy balance: P_in=-2.072066e+04 P_out=-2.072066e+04 resid=2.301e-16
Writing output for iteration 172...
Iteration 173
eta IR floor ON: Gamma_floor=0.5378 THz^2 (eta_ir_floor_cells=2, omega_c=2*dw=0.733 THz) on the unresolved soft modes.
[it 173] energy J(local)=[0.0912 0.0852 0.0873]
SigmaR resid-by-omega: peak w=1.10THz val=3.102e+01 in-band(<=46.4)=0.972 low(<=5)=0.242
Maximum Self-Energy Update: 31.020359989278646
Contact Current Difference: 0.0
Current Conservation abs: 1.6959636891151604
Current Conservation rel: 6.567001719294276e-05
Phonon: rel Sigma^R residual 2.4329e-02; lead balance 6.4633e-03 (best 1.3140e-03; internal spread 1.1884e-01)
Bubble energy balance: P_in=-2.072066e+04 P_out=-2.072066e+04 resid=2.239e-16
Writing output for iteration 173...
Iteration 174
eta IR floor ON: Gamma_floor=0.5378 THz^2 (eta_ir_floor_cells=2, omega_c=2*dw=0.733 THz) on the unresolved soft modes.
[it 174] energy J(local)=[0.0912 0.0852 0.0873]
SigmaR resid-by-omega: peak w=1.10THz val=3.102e+01 in-band(<=46.4)=0.972 low(<=5)=0.242
Maximum Self-Energy Update: 31.020318608055433
Contact Current Difference: 0.0
Current Conservation abs: 1.6959506775565387
Current Conservation rel: 6.566947533160334e-05
Phonon: rel Sigma^R residual 2.4329e-02; lead balance 6.4632e-03 (best 1.3140e-03; internal spread 1.1884e-01)
Bubble energy balance: P_in=-2.072066e+04 P_out=-2.072066e+04 resid=3.893e-16
Writing output for iteration 174...
Iteration 175
eta IR floor ON: Gamma_floor=0.5378 THz^2 (eta_ir_floor_cells=2, omega_c=2*dw=0.733 THz) on the unresolved soft modes.
[it 175] energy J(local)=[0.0912 0.0852 0.0873]
SigmaR resid-by-omega: peak w=1.10THz val=3.102e+01 in-band(<=46.4)=0.972 low(<=5)=0.242
Maximum Self-Energy Update: 31.020271537291926
Contact Current Difference: 0.0
Current Conservation abs: 1.6959640291843243
Current Conservation rel: 6.566999772797581e-05
Phonon: rel Sigma^R residual 2.4329e-02; lead balance 6.4633e-03 (best 1.3140e-03; internal spread 1.1884e-01)
Bubble energy balance: P_in=-2.072066e+04 P_out=-2.072066e+04 resid=1.758e-16
Writing output for iteration 175...
Iteration 176
eta IR floor ON: Gamma_floor=0.5378 THz^2 (eta_ir_floor_cells=2, omega_c=2*dw=0.733 THz) on the unresolved soft modes.
[it 176] energy J(local)=[0.0912 0.0852 0.0873]
SigmaR resid-by-omega: peak w=1.10THz val=3.102e+01 in-band(<=46.4)=0.972 low(<=5)=0.242
Maximum Self-Energy Update: 31.020326861186867
Contact Current Difference: 0.0
Current Conservation abs: 1.6959245893103798
Current Conservation rel: 6.566848338377239e-05
Phonon: rel Sigma^R residual 2.4329e-02; lead balance 6.4632e-03 (best 1.3140e-03; internal spread 1.1884e-01)
Bubble energy balance: P_in=-2.072066e+04 P_out=-2.072066e+04 resid=3.580e-17
Writing output for iteration 176...
Iteration 177
eta IR floor ON: Gamma_floor=0.5378 THz^2 (eta_ir_floor_cells=2, omega_c=2*dw=0.733 THz) on the unresolved soft modes.
[it 177] energy J(local)=[0.0912 0.0852 0.0873]
SigmaR resid-by-omega: peak w=1.10THz val=3.102e+01 in-band(<=46.4)=0.972 low(<=5)=0.242
Maximum Self-Energy Update: 31.02017214383216
Contact Current Difference: 0.0
Current Conservation abs: 1.6958779826964019
Current Conservation rel: 6.566669436689953e-05
Phonon: rel Sigma^R residual 2.4329e-02; lead balance 6.4635e-03 (best 1.3140e-03; internal spread 1.1884e-01)
Bubble energy balance: P_in=-2.072066e+04 P_out=-2.072066e+04 resid=1.171e-16
Writing output for iteration 177...
Iteration 178
eta IR floor ON: Gamma_floor=0.5378 THz^2 (eta_ir_floor_cells=2, omega_c=2*dw=0.733 THz) on the unresolved soft modes.
[it 178] energy J(local)=[0.0912 0.0852 0.0873]
SigmaR resid-by-omega: peak w=1.10THz val=3.102e+01 in-band(<=46.4)=0.972 low(<=5)=0.242
Maximum Self-Energy Update: 31.020324593841593
Contact Current Difference: 0.0
Current Conservation abs: 1.695913280656896
Current Conservation rel: 6.566805420423952e-05
Phonon: rel Sigma^R residual 2.4329e-02; lead balance 6.4633e-03 (best 1.3140e-03; internal spread 1.1884e-01)
Bubble energy balance: P_in=-2.072066e+04 P_out=-2.072066e+04 resid=1.756e-16
Writing output for iteration 178...
Iteration 179
eta IR floor ON: Gamma_floor=0.5378 THz^2 (eta_ir_floor_cells=2, omega_c=2*dw=0.733 THz) on the unresolved soft modes.
[it 179] energy J(local)=[0.0912 0.0852 0.0873]
SigmaR resid-by-omega: peak w=1.10THz val=3.102e+01 in-band(<=46.4)=0.972 low(<=5)=0.242
Maximum Self-Energy Update: 31.020259877009583
Contact Current Difference: 0.0
Current Conservation abs: 1.6959555930570787
Current Conservation rel: 6.566966286119735e-05
Phonon: rel Sigma^R residual 2.4329e-02; lead balance 6.4635e-03 (best 1.3140e-03; internal spread 1.1884e-01)
Bubble energy balance: P_in=-2.072066e+04 P_out=-2.072066e+04 resid=7.057e-17
Writing output for iteration 179...
SCBA did not converge after 179 iterations.
SAVED /usr/scratch/mont-fort11/pfischill/quatrex/phonon/studies/out/conv1e10/sinw_d5a_L2_eta0_jfnk_warm.npz  final_heat=[0.091 0.085 0.087]  best=[5.222 4.957 5.229]  best_cons=0.001314023882077381
