launch: NRANKS=128 QX_CONFIG=/usr/scratch/mont-fort11/pfischill/quatrex/phonon/studies/out/conv1e10/work/sinw_d5a_L2_eta0_jfnk_tgrow/quatrex_config.toml BCS=cfg QCS=cfg ballistic=0
/usr/scratch/mont-fort11/pfischill/quatrex/src/qttools/__init__.py:56: UserWarning: 'cupy' is unavailable or not working, defaulting to 'numpy'. (No module named 'cupy')
  warnings.warn(
/usr/scratch/mont-fort11/pfischill/quatrex/src/quatrex/core/config.py:1817: UserWarning: The CPU code will run sequentially which may impact performance.
  warnings.warn(
Max Interaction Cutoff: 10.0
Energy window: 0.0 to 66.0 eV with 181 grid points.
Resolution is 0.366667 eV.
comm.stack size: 128, comm.block size: 1
Each comm.block has 1 grid points.
/usr/scratch/mont-fort11/pfischill/quatrex/src/quatrex/core/statistics.py:42: RuntimeWarning: divide by zero encountered in divide
  return 1 / (xp.exp(energy / (k_B * temperature)) - 1)
IR occupation subtraction ON: full physical Bose occupation (no omega^2 taper); Gamma~omega keeps the injection finite as omega->0.
WARNING: phonon_energies.npy (181 pts, dw=0.3667) does not match the solver energy grid (2 pts); using the solver grid for the scattering self-energy.
SSE band-limit: harmonic band top 64.081 THz (fixed above-band mask)
Max Interaction Cutoff: 10.0
RUN config=/usr/scratch/mont-fort11/pfischill/quatrex/phonon/studies/out/conv1e10/work/sinw_d5a_L2_eta0_jfnk_tgrow/quatrex_config.toml phonon=True eta=1e-12 retarded=fft nblk=2 ne=181 bcs=1 qcs=1 nranks=128
Entering SCBA loop...
Iteration 0
eta IR floor ON: Gamma_floor=0.5378 THz^2 (eta_ir_floor_cells=2, omega_c=2*dw=0.733 THz) on the unresolved soft modes.
SSE band-limit: masking 5 bin(s) above 64.081 THz
SSE band-limit: harmonic-support mask -> 96/181 empty bins masked (margin 1.5 THz)
SSE band-limit: occupation-freeze mask -> 61/181 frozen bins (n<0.001, T_hot=305K)
SSE band-limit: SMOOTH window (support ramp 4*dw, freeze n<0.001) -> mean w=0.429, 102/181 bins below 0.5
[it  0] energy J(local)=[0.0385 0.036  0.0385]
SigmaR resid-by-omega: peak w=25.67THz val=9.493e+02 in-band(<=46.4)=0.957 low(<=5)=0.121
Maximum Self-Energy Update: 949.2690484514422
Contact Current Difference: 0.0
Current Conservation abs: 0.9611294860842463
Current Conservation rel: 6.329345680338001e-05
Phonon: rel Sigma^R residual 1.0000e+00; lead balance 2.8532e-13 (best inf; internal spread 2.7467e-03)
Bubble energy balance: P_in=-5.206725e+03 P_out=-5.206725e+03 resid=1.009e-15
Writing output for iteration 0...
Iteration 1
eta IR floor ON: Gamma_floor=0.5378 THz^2 (eta_ir_floor_cells=2, omega_c=2*dw=0.733 THz) on the unresolved soft modes.
[it  1] energy J(local)=[0.0724 0.0519 0.0615]
SigmaR resid-by-omega: peak w=26.03THz val=1.071e+03 in-band(<=46.4)=0.956 low(<=5)=0.127
Maximum Self-Energy Update: 1071.2560975405588
Contact Current Difference: 0.0
Current Conservation abs: 0.15936256748500455
Current Conservation rel: 1.94042983711804e-05
Phonon: rel Sigma^R residual 9.3518e-01; lead balance 1.0101e-03 (best inf; internal spread 7.1454e-03)
Bubble energy balance: P_in=-4.243255e+03 P_out=-4.243255e+03 resid=3.607e-15
Writing output for iteration 1...
Iteration 2
eta IR floor ON: Gamma_floor=0.5378 THz^2 (eta_ir_floor_cells=2, omega_c=2*dw=0.733 THz) on the unresolved soft modes.
[it  2] energy J(local)=[0.0706 0.051  0.0581]
SigmaR resid-by-omega: peak w=23.10THz val=1.450e+03 in-band(<=46.4)=0.960 low(<=5)=0.162
Maximum Self-Energy Update: 1450.341310799203
Contact Current Difference: 0.0
Current Conservation abs: 0.010553593850090692
Current Conservation rel: 1.8407000327327228e-06
Phonon: rel Sigma^R residual 9.4835e-01; lead balance 2.5240e-03 (best inf; internal spread 1.4218e-02)
Bubble energy balance: P_in=-4.125964e+03 P_out=-4.125964e+03 resid=2.255e-15
Writing output for iteration 2...
Iteration 3
eta IR floor ON: Gamma_floor=0.5378 THz^2 (eta_ir_floor_cells=2, omega_c=2*dw=0.733 THz) on the unresolved soft modes.
[it  3] energy J(local)=[0.0661 0.0456 0.0541]
SigmaR resid-by-omega: peak w=6.60THz val=2.286e+03 in-band(<=46.4)=0.966 low(<=5)=0.199
Maximum Self-Energy Update: 2285.6368037473235
Contact Current Difference: 0.0
Current Conservation abs: 0.024147604357494856
Current Conservation rel: 3.977468048596855e-06
Phonon: rel Sigma^R residual 9.5762e-01; lead balance 1.4674e-03 (best 1.4674e-03; internal spread 4.5374e-03)
Bubble energy balance: P_in=-6.329511e+03 P_out=-6.329511e+03 resid=3.215e-15
Writing output for iteration 3...
Iteration 4
eta IR floor ON: Gamma_floor=0.5378 THz^2 (eta_ir_floor_cells=2, omega_c=2*dw=0.733 THz) on the unresolved soft modes.
[it  4] energy J(local)=[0.059  0.0381 0.0489]
SigmaR resid-by-omega: peak w=14.67THz val=1.226e+03 in-band(<=46.4)=0.963 low(<=5)=0.196
Maximum Self-Energy Update: 1226.2207882275795
Contact Current Difference: 0.0
Current Conservation abs: 0.005034951732341142
Current Conservation rel: 7.496196025388991e-07
Phonon: rel Sigma^R residual 8.0404e-01; lead balance 1.3140e-03 (best 1.3140e-03; internal spread 5.2941e-02)
Bubble energy balance: P_in=-7.442353e+03 P_out=-7.442353e+03 resid=9.757e-16
Writing output for iteration 4...
Iteration 5
eta IR floor ON: Gamma_floor=0.5378 THz^2 (eta_ir_floor_cells=2, omega_c=2*dw=0.733 THz) on the unresolved soft modes.
[it  5] energy J(local)=[0.0538 0.0317 0.0452]
SigmaR resid-by-omega: peak w=13.93THz val=1.402e+03 in-band(<=46.4)=0.965 low(<=5)=0.237
Maximum Self-Energy Update: 1401.6142256871271
Contact Current Difference: 0.0
Current Conservation abs: 0.015737397415250598
Current Conservation rel: 1.422236638928511e-06
Phonon: rel Sigma^R residual 8.1418e-01; lead balance 1.7417e-03 (best 1.3140e-03; internal spread 8.7531e-02)
Bubble energy balance: P_in=-1.280905e+04 P_out=-1.280905e+04 resid=2.027e-16
Writing output for iteration 5...
Iteration 6
eta IR floor ON: Gamma_floor=0.5378 THz^2 (eta_ir_floor_cells=2, omega_c=2*dw=0.733 THz) on the unresolved soft modes.
[it  6] energy J(local)=[0.0633 0.0271 0.0469]
SigmaR resid-by-omega: peak w=0.37THz val=3.037e+03 in-band(<=46.4)=0.968 low(<=5)=0.293
Maximum Self-Energy Update: 3037.0720892357967
Contact Current Difference: 0.0
Current Conservation abs: 0.24662940777125186
Current Conservation rel: 5.519246554831234e-06
Phonon: rel Sigma^R residual 8.6506e-01; lead balance 2.0303e-03 (best 1.3140e-03; internal spread 1.3461e-01)
Bubble energy balance: P_in=-4.223026e+04 P_out=-4.223026e+04 resid=8.056e-16
Writing output for iteration 6...
Iteration 7
eta IR floor ON: Gamma_floor=0.5378 THz^2 (eta_ir_floor_cells=2, omega_c=2*dw=0.733 THz) on the unresolved soft modes.
[it  7] energy J(local)=[0.1362 0.0612 0.0835]
SigmaR resid-by-omega: peak w=0.73THz val=9.828e+03 in-band(<=46.4)=0.970 low(<=5)=0.302
Maximum Self-Energy Update: 9827.607157832863
Contact Current Difference: 0.0
Current Conservation abs: 4.521262811962515
Current Conservation rel: 2.911604377727689e-06
Phonon: rel Sigma^R residual 9.3601e-01; lead balance 2.1662e-02 (best 1.3140e-03; internal spread 1.7405e-01)
Bubble energy balance: P_in=-6.369920e+05 P_out=-6.369920e+05 resid=4.673e-16
Writing output for iteration 7...
Iteration 8
eta IR floor ON: Gamma_floor=0.5378 THz^2 (eta_ir_floor_cells=2, omega_c=2*dw=0.733 THz) on the unresolved soft modes.
[it  8] energy J(local)=[0.0537 0.0177 0.0435]
SigmaR resid-by-omega: peak w=0.37THz val=1.317e+03 in-band(<=46.4)=0.979 low(<=5)=0.274
Maximum Self-Energy Update: 1316.7060049143927
Contact Current Difference: 0.0
Current Conservation abs: 0.054295610804274475
Current Conservation rel: 1.1386981814550173e-05
Phonon: rel Sigma^R residual 2.4252e+00; lead balance 2.5768e-02 (best 1.3140e-03; internal spread 1.8904e-01)
Bubble energy balance: P_in=-6.855879e+03 P_out=-6.855879e+03 resid=9.018e-16
Writing output for iteration 8...
Iteration 9
eta IR floor ON: Gamma_floor=0.5378 THz^2 (eta_ir_floor_cells=2, omega_c=2*dw=0.733 THz) on the unresolved soft modes.
[it  9] energy J(local)=[0.053  0.0165 0.0436]
SigmaR resid-by-omega: peak w=0.37THz val=1.169e+03 in-band(<=46.4)=0.979 low(<=5)=0.275
Maximum Self-Energy Update: 1168.5981499587717
Contact Current Difference: 0.0
Current Conservation abs: 0.05027349781266821
Current Conservation rel: 9.807276820088856e-06
Phonon: rel Sigma^R residual 2.1676e+00; lead balance 2.5149e-02 (best 1.3140e-03; internal spread 1.9522e-01)
Bubble energy balance: P_in=-7.434311e+03 P_out=-7.434311e+03 resid=5.567e-16
Writing output for iteration 9...
Iteration 10
eta IR floor ON: Gamma_floor=0.5378 THz^2 (eta_ir_floor_cells=2, omega_c=2*dw=0.733 THz) on the unresolved soft modes.
[it 10] energy J(local)=[0.053  0.0158 0.044 ]
SigmaR resid-by-omega: peak w=0.37THz val=1.036e+03 in-band(<=46.4)=0.980 low(<=5)=0.276
Maximum Self-Energy Update: 1036.3092770433432
Contact Current Difference: 0.0
Current Conservation abs: 0.045621270412084414
Current Conservation rel: 8.149196908885138e-06
Phonon: rel Sigma^R residual 1.9182e+00; lead balance 2.4454e-02 (best 1.3140e-03; internal spread 2.0102e-01)
Bubble energy balance: P_in=-8.091367e+03 P_out=-8.091367e+03 resid=4.223e-16
Writing output for iteration 10...
Iteration 11
eta IR floor ON: Gamma_floor=0.5378 THz^2 (eta_ir_floor_cells=2, omega_c=2*dw=0.733 THz) on the unresolved soft modes.
[it 11] energy J(local)=[0.0536 0.0155 0.0447]
SigmaR resid-by-omega: peak w=0.37THz val=9.186e+02 in-band(<=46.4)=0.981 low(<=5)=0.276
Maximum Self-Energy Update: 918.5606416881764
Contact Current Difference: 0.0
Current Conservation abs: 0.0402432515406872
Current Conservation rel: 6.480181485057618e-06
Phonon: rel Sigma^R residual 1.6680e+00; lead balance 2.3773e-02 (best 1.3140e-03; internal spread 2.0654e-01)
Bubble energy balance: P_in=-8.847974e+03 P_out=-8.847974e+03 resid=4.441e-16
Writing output for iteration 11...
Iteration 12
eta IR floor ON: Gamma_floor=0.5378 THz^2 (eta_ir_floor_cells=2, omega_c=2*dw=0.733 THz) on the unresolved soft modes.
[it 12] energy J(local)=[0.0549 0.0156 0.0455]
SigmaR resid-by-omega: peak w=0.37THz val=8.140e+02 in-band(<=46.4)=0.981 low(<=5)=0.275
Maximum Self-Energy Update: 813.9810768465388
Contact Current Difference: 0.0
Current Conservation abs: 0.033867853231640765
Current Conservation rel: 4.823913701869711e-06
Phonon: rel Sigma^R residual 1.4478e+00; lead balance 2.3189e-02 (best 1.3140e-03; internal spread 2.1189e-01)
Bubble energy balance: P_in=-9.745457e+03 P_out=-9.745457e+03 resid=4.905e-16
Writing output for iteration 12...
Iteration 13
eta IR floor ON: Gamma_floor=0.5378 THz^2 (eta_ir_floor_cells=2, omega_c=2*dw=0.733 THz) on the unresolved soft modes.
[it 13] energy J(local)=[0.0573 0.0161 0.0466]
SigmaR resid-by-omega: peak w=0.37THz val=7.209e+02 in-band(<=46.4)=0.982 low(<=5)=0.272
Maximum Self-Energy Update: 720.9007428691136
Contact Current Difference: 0.0
Current Conservation abs: 0.025712750408274587
Current Conservation rel: 3.1497042358032446e-06
Phonon: rel Sigma^R residual 1.2522e+00; lead balance 2.2774e-02 (best 1.3140e-03; internal spread 2.1719e-01)
Bubble energy balance: P_in=-1.086443e+04 P_out=-1.086443e+04 resid=2.542e-16
Writing output for iteration 13...
Iteration 14
eta IR floor ON: Gamma_floor=0.5378 THz^2 (eta_ir_floor_cells=2, omega_c=2*dw=0.733 THz) on the unresolved soft modes.
[it 14] energy J(local)=[0.061  0.0168 0.0479]
SigmaR resid-by-omega: peak w=0.37THz val=6.370e+02 in-band(<=46.4)=0.983 low(<=5)=0.265
Maximum Self-Energy Update: 636.9894306073866
Contact Current Difference: 0.0
Current Conservation abs: 0.013691731768631143
Current Conservation rel: 1.3770751731577876e-06
Phonon: rel Sigma^R residual 1.0335e+00; lead balance 2.2553e-02 (best 1.3140e-03; internal spread 2.2264e-01)
Bubble energy balance: P_in=-1.235593e+04 P_out=-1.235593e+04 resid=7.505e-17
Writing output for iteration 14...
Iteration 15
eta IR floor ON: Gamma_floor=0.5378 THz^2 (eta_ir_floor_cells=2, omega_c=2*dw=0.733 THz) on the unresolved soft modes.
[it 15] energy J(local)=[0.0661 0.0168 0.0493]
SigmaR resid-by-omega: peak w=0.37THz val=5.587e+02 in-band(<=46.4)=0.983 low(<=5)=0.254
Maximum Self-Energy Update: 558.722672651315
Contact Current Difference: 0.0
Current Conservation abs: 0.005998167352117889
Current Conservation rel: 4.637271043326712e-07
Phonon: rel Sigma^R residual 7.9952e-01; lead balance 2.2414e-02 (best 1.3140e-03; internal spread 2.2869e-01)
Bubble energy balance: P_in=-1.442428e+04 P_out=-1.442428e+04 resid=3.166e-16
Writing output for iteration 15...
Iteration 16
eta IR floor ON: Gamma_floor=0.5378 THz^2 (eta_ir_floor_cells=2, omega_c=2*dw=0.733 THz) on the unresolved soft modes.
[it 16] energy J(local)=[0.0715 0.0146 0.0507]
SigmaR resid-by-omega: peak w=0.37THz val=4.876e+02 in-band(<=46.4)=0.984 low(<=5)=0.238
Maximum Self-Energy Update: 487.6089954528679
Contact Current Difference: 0.0
Current Conservation abs: 0.031469365780139924
Current Conservation rel: 1.8043690423038705e-06
Phonon: rel Sigma^R residual 6.0755e-01; lead balance 2.1983e-02 (best 1.3140e-03; internal spread 2.3574e-01)
Bubble energy balance: P_in=-1.697630e+04 P_out=-1.697630e+04 resid=4.334e-16
Writing output for iteration 16...
Iteration 17
eta IR floor ON: Gamma_floor=0.5378 THz^2 (eta_ir_floor_cells=2, omega_c=2*dw=0.733 THz) on the unresolved soft modes.
[it 17] energy J(local)=[0.0745 0.0119 0.0515]
SigmaR resid-by-omega: peak w=0.00THz val=4.193e+02 in-band(<=46.4)=0.985 low(<=5)=0.223
Maximum Self-Energy Update: 419.3489020477165
Contact Current Difference: 0.0
Current Conservation abs: 0.04675269461222342
Current Conservation rel: 2.0925133237174683e-06
Phonon: rel Sigma^R residual 4.6939e-01; lead balance 2.1032e-02 (best 1.3140e-03; internal spread 2.4266e-01)
Bubble energy balance: P_in=-1.930734e+04 P_out=-1.930734e+04 resid=3.869e-16
Writing output for iteration 17...
Iteration 18
eta IR floor ON: Gamma_floor=0.5378 THz^2 (eta_ir_floor_cells=2, omega_c=2*dw=0.733 THz) on the unresolved soft modes.
[it 18] energy J(local)=[0.0739 0.013  0.0521]
SigmaR resid-by-omega: peak w=0.00THz val=3.627e+02 in-band(<=46.4)=0.979 low(<=5)=0.204
Maximum Self-Energy Update: 362.7153890135948
Contact Current Difference: 0.0
Current Conservation abs: 0.04272059134382289
Current Conservation rel: 1.592623038238287e-06
Phonon: rel Sigma^R residual 3.7237e-01; lead balance 2.0210e-02 (best 1.3140e-03; internal spread 2.4761e-01)
Bubble energy balance: P_in=-2.109489e+04 P_out=-2.109489e+04 resid=2.231e-16
Writing output for iteration 18...
Iteration 19
eta IR floor ON: Gamma_floor=0.5378 THz^2 (eta_ir_floor_cells=2, omega_c=2*dw=0.733 THz) on the unresolved soft modes.
[it 19] energy J(local)=[0.0725 0.0176 0.0532]
SigmaR resid-by-omega: peak w=1.10THz val=3.306e+02 in-band(<=46.4)=0.971 low(<=5)=0.180
Maximum Self-Energy Update: 330.6343851439694
Contact Current Difference: 0.0
Current Conservation abs: 0.015640997457012418
Current Conservation rel: 4.881706352580696e-07
Phonon: rel Sigma^R residual 3.0513e-01; lead balance 2.0448e-02 (best 1.3140e-03; internal spread 2.5117e-01)
Bubble energy balance: P_in=-2.295780e+04 P_out=-2.295780e+04 resid=8.640e-17
Writing output for iteration 19...
Iteration 20
eta IR floor ON: Gamma_floor=0.5378 THz^2 (eta_ir_floor_cells=2, omega_c=2*dw=0.733 THz) on the unresolved soft modes.
[it 20] energy J(local)=[0.0762 0.0265 0.0572]
SigmaR resid-by-omega: peak w=22.73THz val=4.084e+02 in-band(<=46.4)=0.963 low(<=5)=0.146
Maximum Self-Energy Update: 408.3811153738208
Contact Current Difference: 0.0
Current Conservation abs: 0.03841096326505067
Current Conservation rel: 9.3380655179036e-07
Phonon: rel Sigma^R residual 3.2074e-01; lead balance 2.4638e-02 (best 1.3140e-03; internal spread 2.5513e-01)
Bubble energy balance: P_in=-2.602003e+04 P_out=-2.602003e+04 resid=1.515e-16
Writing output for iteration 20...
Iteration 21
eta IR floor ON: Gamma_floor=0.5378 THz^2 (eta_ir_floor_cells=2, omega_c=2*dw=0.733 THz) on the unresolved soft modes.
[it 21] energy J(local)=[0.0887 0.0442 0.0658]
SigmaR resid-by-omega: peak w=0.73THz val=5.174e+02 in-band(<=46.4)=0.962 low(<=5)=0.145
Maximum Self-Energy Update: 517.3610574400846
Contact Current Difference: 0.0
Current Conservation abs: 0.051104436242894735
Current Conservation rel: 9.806240962961932e-07
Phonon: rel Sigma^R residual 3.4515e-01; lead balance 3.5559e-02 (best 1.3140e-03; internal spread 2.5999e-01)
Bubble energy balance: P_in=-2.930708e+04 P_out=-2.930708e+04 resid=4.557e-17
Writing output for iteration 21...
Iteration 22
eta IR floor ON: Gamma_floor=0.5378 THz^2 (eta_ir_floor_cells=2, omega_c=2*dw=0.733 THz) on the unresolved soft modes.
[it 22] energy J(local)=[0.0962 0.0591 0.0699]
SigmaR resid-by-omega: peak w=22.73THz val=3.944e+02 in-band(<=46.4)=0.962 low(<=5)=0.141
Maximum Self-Energy Update: 394.4122076067296
Contact Current Difference: 0.0
Current Conservation abs: 0.0235262851601874
Current Conservation rel: 5.13040824471359e-07
Phonon: rel Sigma^R residual 2.8679e-01; lead balance 4.7560e-02 (best 1.3140e-03; internal spread 2.6151e-01)
Bubble energy balance: P_in=-2.691507e+04 P_out=-2.691507e+04 resid=1.546e-16
Writing output for iteration 22...
Iteration 23
eta IR floor ON: Gamma_floor=0.5378 THz^2 (eta_ir_floor_cells=2, omega_c=2*dw=0.733 THz) on the unresolved soft modes.
[it 23] energy J(local)=[0.0995 0.0688 0.0731]
SigmaR resid-by-omega: peak w=22.73THz val=2.937e+02 in-band(<=46.4)=0.965 low(<=5)=0.142
Maximum Self-Energy Update: 293.69693810435035
Contact Current Difference: 0.0
Current Conservation abs: 0.02849397328827763
Current Conservation rel: 7.202277945860983e-07
Phonon: rel Sigma^R residual 2.4230e-01; lead balance 5.3238e-02 (best 1.3140e-03; internal spread 2.5706e-01)
Bubble energy balance: P_in=-2.474023e+04 P_out=-2.474023e+04 resid=2.946e-16
Writing output for iteration 23...
Iteration 24
eta IR floor ON: Gamma_floor=0.5378 THz^2 (eta_ir_floor_cells=2, omega_c=2*dw=0.733 THz) on the unresolved soft modes.
[it 24] energy J(local)=[0.1016 0.0766 0.0781]
SigmaR resid-by-omega: peak w=22.73THz val=3.207e+02 in-band(<=46.4)=0.961 low(<=5)=0.132
Maximum Self-Energy Update: 320.7357811925546
Contact Current Difference: 0.0
Current Conservation abs: 0.005112318274768768
Current Conservation rel: 1.3179118018613267e-07
Phonon: rel Sigma^R residual 2.8130e-01; lead balance 5.3386e-02 (best 1.3140e-03; internal spread 2.4837e-01)
Bubble energy balance: P_in=-2.446190e+04 P_out=-2.446190e+04 resid=1.060e-16
Writing output for iteration 24...
Iteration 25
eta IR floor ON: Gamma_floor=0.5378 THz^2 (eta_ir_floor_cells=2, omega_c=2*dw=0.733 THz) on the unresolved soft modes.
[it 25] energy J(local)=[0.1044 0.0844 0.0847]
SigmaR resid-by-omega: peak w=22.73THz val=3.722e+02 in-band(<=46.4)=0.961 low(<=5)=0.145
Maximum Self-Energy Update: 372.19193494858445
Contact Current Difference: 0.0
Current Conservation abs: 0.017996452646912076
Current Conservation rel: 4.311375105107967e-07
Phonon: rel Sigma^R residual 2.9231e-01; lead balance 5.0222e-02 (best 1.3140e-03; internal spread 2.3708e-01)
Bubble energy balance: P_in=-2.544014e+04 P_out=-2.544014e+04 resid=1.329e-16
Writing output for iteration 25...
Iteration 26
eta IR floor ON: Gamma_floor=0.5378 THz^2 (eta_ir_floor_cells=2, omega_c=2*dw=0.733 THz) on the unresolved soft modes.
[it 26] energy J(local)=[0.1084 0.0921 0.0906]
SigmaR resid-by-omega: peak w=22.73THz val=2.730e+02 in-band(<=46.4)=0.961 low(<=5)=0.153
Maximum Self-Energy Update: 273.0030370939101
Contact Current Difference: 0.0
Current Conservation abs: 0.0017466383505961858
Current Conservation rel: 4.500053223076309e-08
Phonon: rel Sigma^R residual 2.2376e-01; lead balance 4.5623e-02 (best 1.3140e-03; internal spread 2.2432e-01)
Bubble energy balance: P_in=-2.456505e+04 P_out=-2.456505e+04 resid=1.344e-16
Writing output for iteration 26...
Iteration 27
eta IR floor ON: Gamma_floor=0.5378 THz^2 (eta_ir_floor_cells=2, omega_c=2*dw=0.733 THz) on the unresolved soft modes.
[it 27] energy J(local)=[0.1117 0.0973 0.0946]
SigmaR resid-by-omega: peak w=1.10THz val=1.995e+02 in-band(<=46.4)=0.965 low(<=5)=0.168
Maximum Self-Energy Update: 199.45429215080455
Contact Current Difference: 0.0
Current Conservation abs: 0.011691259307553992
Current Conservation rel: 3.36812491845955e-07
Phonon: rel Sigma^R residual 1.7675e-01; lead balance 4.1167e-02 (best 1.3140e-03; internal spread 2.1408e-01)
Bubble energy balance: P_in=-2.326193e+04 P_out=-2.326193e+04 resid=1.675e-16
Writing output for iteration 27...
Iteration 28
eta IR floor ON: Gamma_floor=0.5378 THz^2 (eta_ir_floor_cells=2, omega_c=2*dw=0.733 THz) on the unresolved soft modes.
[it 28] energy J(local)=[0.114  0.1008 0.0979]
SigmaR resid-by-omega: peak w=1.10THz val=1.979e+02 in-band(<=46.4)=0.970 low(<=5)=0.194
Maximum Self-Energy Update: 197.87464217611628
Contact Current Difference: 0.0
Current Conservation abs: 0.016851870554091875
Current Conservation rel: 5.153699796977393e-07
Phonon: rel Sigma^R residual 1.7334e-01; lead balance 3.7091e-02 (best 1.3140e-03; internal spread 2.0638e-01)
Bubble energy balance: P_in=-2.258172e+04 P_out=-2.258172e+04 resid=3.335e-16
Writing output for iteration 28...
Iteration 29
eta IR floor ON: Gamma_floor=0.5378 THz^2 (eta_ir_floor_cells=2, omega_c=2*dw=0.733 THz) on the unresolved soft modes.
[it 29] energy J(local)=[0.1157 0.1034 0.1007]
SigmaR resid-by-omega: peak w=1.10THz val=1.967e+02 in-band(<=46.4)=0.974 low(<=5)=0.214
Maximum Self-Energy Update: 196.7335111982488
Contact Current Difference: 0.0
Current Conservation abs: 0.019490937202135683
Current Conservation rel: 6.230833109822311e-07
Phonon: rel Sigma^R residual 1.6961e-01; lead balance 3.3200e-02 (best 1.3140e-03; internal spread 2.0015e-01)
Bubble energy balance: P_in=-2.207293e+04 P_out=-2.207293e+04 resid=2.352e-16
Writing output for iteration 29...
Iteration 30
eta IR floor ON: Gamma_floor=0.5378 THz^2 (eta_ir_floor_cells=2, omega_c=2*dw=0.733 THz) on the unresolved soft modes.
[it 30] energy J(local)=[0.1168 0.1051 0.103 ]
SigmaR resid-by-omega: peak w=1.10THz val=1.948e+02 in-band(<=46.4)=0.976 low(<=5)=0.228
Maximum Self-Energy Update: 194.8087352829848
Contact Current Difference: 0.0
Current Conservation abs: 0.021246522410365287
Current Conservation rel: 7.041334970629531e-07
Phonon: rel Sigma^R residual 1.6474e-01; lead balance 2.9426e-02 (best 1.3140e-03; internal spread 1.9510e-01)
Bubble energy balance: P_in=-2.166354e+04 P_out=-2.166354e+04 resid=2.655e-16
Writing output for iteration 30...
Iteration 31
eta IR floor ON: Gamma_floor=0.5378 THz^2 (eta_ir_floor_cells=2, omega_c=2*dw=0.733 THz) on the unresolved soft modes.
[it 31] energy J(local)=[0.1171 0.1059 0.1046]
SigmaR resid-by-omega: peak w=1.10THz val=1.922e+02 in-band(<=46.4)=0.972 low(<=5)=0.230
Maximum Self-Energy Update: 192.16515688125085
Contact Current Difference: 0.0
Current Conservation abs: 0.02312762281871983
Current Conservation rel: 7.878333954278048e-07
Phonon: rel Sigma^R residual 1.5865e-01; lead balance 2.5742e-02 (best 1.3140e-03; internal spread 1.9103e-01)
Bubble energy balance: P_in=-2.136214e+04 P_out=-2.136214e+04 resid=3.783e-16
Writing output for iteration 31...
Iteration 32
eta IR floor ON: Gamma_floor=0.5378 THz^2 (eta_ir_floor_cells=2, omega_c=2*dw=0.733 THz) on the unresolved soft modes.
[it 32] energy J(local)=[0.1164 0.1057 0.1055]
SigmaR resid-by-omega: peak w=0.37THz val=1.922e+02 in-band(<=46.4)=0.968 low(<=5)=0.228
Maximum Self-Energy Update: 192.15749603744143
Contact Current Difference: 0.0
Current Conservation abs: 0.025943310218281113
Current Conservation rel: 8.978141009372089e-07
Phonon: rel Sigma^R residual 1.5380e-01; lead balance 2.2133e-02 (best 1.3140e-03; internal spread 1.8776e-01)
Bubble energy balance: P_in=-2.120209e+04 P_out=-2.120209e+04 resid=1.797e-16
Writing output for iteration 32...
Iteration 33
eta IR floor ON: Gamma_floor=0.5378 THz^2 (eta_ir_floor_cells=2, omega_c=2*dw=0.733 THz) on the unresolved soft modes.
[it 33] energy J(local)=[0.1146 0.1045 0.1056]
SigmaR resid-by-omega: peak w=0.73THz val=1.983e+02 in-band(<=46.4)=0.963 low(<=5)=0.220
Maximum Self-Energy Update: 198.32675307832628
Contact Current Difference: 0.0
Current Conservation abs: 0.03047471252102696
Current Conservation rel: 1.0508912799253852e-06
Phonon: rel Sigma^R residual 1.5227e-01; lead balance 1.8584e-02 (best 1.3140e-03; internal spread 1.8506e-01)
Bubble energy balance: P_in=-2.126539e+04 P_out=-2.126539e+04 resid=6.111e-17
Writing output for iteration 33...
Iteration 34
eta IR floor ON: Gamma_floor=0.5378 THz^2 (eta_ir_floor_cells=2, omega_c=2*dw=0.733 THz) on the unresolved soft modes.
[it 34] energy J(local)=[0.1117 0.1025 0.1049]
SigmaR resid-by-omega: peak w=0.73THz val=2.530e+02 in-band(<=46.4)=0.961 low(<=5)=0.223
Maximum Self-Energy Update: 253.0392546978092
Contact Current Difference: 0.0
Current Conservation abs: 0.03801412908251223
Current Conservation rel: 1.259427327328724e-06
Phonon: rel Sigma^R residual 1.8323e-01; lead balance 1.5103e-02 (best 1.3140e-03; internal spread 1.8269e-01)
Bubble energy balance: P_in=-2.174797e+04 P_out=-2.174797e+04 resid=9.825e-17
Writing output for iteration 34...
Iteration 35
eta IR floor ON: Gamma_floor=0.5378 THz^2 (eta_ir_floor_cells=2, omega_c=2*dw=0.733 THz) on the unresolved soft modes.
[it 35] energy J(local)=[0.1081 0.1002 0.1036]
SigmaR resid-by-omega: peak w=0.37THz val=3.732e+02 in-band(<=46.4)=0.961 low(<=5)=0.228
Maximum Self-Energy Update: 373.16652449544273
Contact Current Difference: 0.0
Current Conservation abs: 0.05214774687192403
Current Conservation rel: 1.547422765505464e-06
Phonon: rel Sigma^R residual 2.4882e-01; lead balance 1.1783e-02 (best 1.3140e-03; internal spread 1.8032e-01)
Bubble energy balance: P_in=-2.306386e+04 P_out=-2.306386e+04 resid=1.789e-16
Writing output for iteration 35...
Iteration 36
eta IR floor ON: Gamma_floor=0.5378 THz^2 (eta_ir_floor_cells=2, omega_c=2*dw=0.733 THz) on the unresolved soft modes.
[it 36] energy J(local)=[0.1047 0.0994 0.1023]
SigmaR resid-by-omega: peak w=0.37THz val=6.955e+02 in-band(<=46.4)=0.962 low(<=5)=0.235
Maximum Self-Energy Update: 695.4889783894068
Contact Current Difference: 0.0
Current Conservation abs: 0.0892224182280188
Current Conservation rel: 2.07186034468232e-06
Phonon: rel Sigma^R residual 4.1203e-01; lead balance 9.0602e-03 (best 1.3140e-03; internal spread 1.7749e-01)
Bubble energy balance: P_in=-2.617891e+04 P_out=-2.617891e+04 resid=7.161e-17
Writing output for iteration 36...
Iteration 37
eta IR floor ON: Gamma_floor=0.5378 THz^2 (eta_ir_floor_cells=2, omega_c=2*dw=0.733 THz) on the unresolved soft modes.
[it 37] energy J(local)=[0.1051 0.1062 0.1021]
SigmaR resid-by-omega: peak w=0.73THz val=1.630e+03 in-band(<=46.4)=0.962 low(<=5)=0.243
Maximum Self-Energy Update: 1630.3136986440145
Contact Current Difference: 0.0
Current Conservation abs: 0.22811406861728756
Current Conservation rel: 3.7526335837637156e-06
Phonon: rel Sigma^R residual 6.1167e-01; lead balance 8.4082e-03 (best 1.3140e-03; internal spread 1.7388e-01)
Bubble energy balance: P_in=-3.159349e+04 P_out=-3.159349e+04 resid=4.611e-16
Writing output for iteration 37...
Iteration 38
eta IR floor ON: Gamma_floor=0.5378 THz^2 (eta_ir_floor_cells=2, omega_c=2*dw=0.733 THz) on the unresolved soft modes.
[it 38] energy J(local)=[0.0994 0.0983 0.0974]
SigmaR resid-by-omega: peak w=1.10THz val=5.791e+02 in-band(<=46.4)=0.961 low(<=5)=0.241
Maximum Self-Energy Update: 579.0715949609706
Contact Current Difference: 0.0
Current Conservation abs: 0.1096848819652223
Current Conservation rel: 4.044361350305731e-06
Phonon: rel Sigma^R residual 3.2405e-01; lead balance 7.7519e-03 (best 1.3140e-03; internal spread 1.7729e-01)
Bubble energy balance: P_in=-2.016639e+04 P_out=-2.016639e+04 resid=2.922e-16
Writing output for iteration 38...
Iteration 39
eta IR floor ON: Gamma_floor=0.5378 THz^2 (eta_ir_floor_cells=2, omega_c=2*dw=0.733 THz) on the unresolved soft modes.
[it 39] energy J(local)=[0.0975 0.0945 0.0961]
SigmaR resid-by-omega: peak w=1.10THz val=4.323e+02 in-band(<=46.4)=0.961 low(<=5)=0.243
Maximum Self-Energy Update: 432.30778602249126
Contact Current Difference: 0.0
Current Conservation abs: 0.09793527250621992
Current Conservation rel: 3.912502624172653e-06
Phonon: rel Sigma^R residual 2.6531e-01; lead balance 6.6452e-03 (best 1.3140e-03; internal spread 1.8300e-01)
Bubble energy balance: P_in=-1.963964e+04 P_out=-1.963964e+04 resid=1.373e-16
Writing output for iteration 39...
Iteration 40
eta IR floor ON: Gamma_floor=0.5378 THz^2 (eta_ir_floor_cells=2, omega_c=2*dw=0.733 THz) on the unresolved soft modes.
[it 40] energy J(local)=[0.0962 0.0915 0.0953]
SigmaR resid-by-omega: peak w=1.10THz val=3.500e+02 in-band(<=46.4)=0.961 low(<=5)=0.249
Maximum Self-Energy Update: 350.04608461768925
Contact Current Difference: 0.0
Current Conservation abs: 0.09389683553490613
Current Conservation rel: 3.7764158861617627e-06
Phonon: rel Sigma^R residual 2.2445e-01; lead balance 5.4915e-03 (best 1.3140e-03; internal spread 1.8801e-01)
Bubble energy balance: P_in=-1.987536e+04 P_out=-1.987536e+04 resid=2.994e-16
Writing output for iteration 40...
Iteration 41
eta IR floor ON: Gamma_floor=0.5378 THz^2 (eta_ir_floor_cells=2, omega_c=2*dw=0.733 THz) on the unresolved soft modes.
[it 41] energy J(local)=[0.0951 0.0891 0.0947]
SigmaR resid-by-omega: peak w=1.10THz val=2.884e+02 in-band(<=46.4)=0.961 low(<=5)=0.259
Maximum Self-Energy Update: 288.41619988784856
Contact Current Difference: 0.0
Current Conservation abs: 0.09097967696288833
Current Conservation rel: 3.601003164447991e-06
Phonon: rel Sigma^R residual 1.8856e-01; lead balance 4.3574e-03 (best 1.3140e-03; internal spread 1.9208e-01)
Bubble energy balance: P_in=-2.034829e+04 P_out=-2.034829e+04 resid=2.023e-16
Writing output for iteration 41...
Iteration 42
eta IR floor ON: Gamma_floor=0.5378 THz^2 (eta_ir_floor_cells=2, omega_c=2*dw=0.733 THz) on the unresolved soft modes.
[it 42] energy J(local)=[0.0942 0.0872 0.0945]
SigmaR resid-by-omega: peak w=1.10THz val=2.381e+02 in-band(<=46.4)=0.966 low(<=5)=0.247
Maximum Self-Energy Update: 238.06974836725797
Contact Current Difference: 0.0
Current Conservation abs: 0.08781300272858061
Current Conservation rel: 3.3843473428781317e-06
Phonon: rel Sigma^R residual 1.5742e-01; lead balance 3.3407e-03 (best 1.3140e-03; internal spread 1.9508e-01)
Bubble energy balance: P_in=-2.093585e+04 P_out=-2.093585e+04 resid=4.933e-16
Writing output for iteration 42...
Iteration 43
eta IR floor ON: Gamma_floor=0.5378 THz^2 (eta_ir_floor_cells=2, omega_c=2*dw=0.733 THz) on the unresolved soft modes.
[it 43] energy J(local)=[0.0936 0.0857 0.0944]
SigmaR resid-by-omega: peak w=0.73THz val=2.015e+02 in-band(<=46.4)=0.965 low(<=5)=0.223
Maximum Self-Energy Update: 201.4959176245542
Contact Current Difference: 0.0
Current Conservation abs: 0.0839991069133248
Current Conservation rel: 3.1386473794806856e-06
Phonon: rel Sigma^R residual 1.3433e-01; lead balance 2.5314e-03 (best 1.3140e-03; internal spread 1.9695e-01)
Bubble energy balance: P_in=-2.157032e+04 P_out=-2.157032e+04 resid=8.768e-17
Writing output for iteration 43...
Iteration 44
eta IR floor ON: Gamma_floor=0.5378 THz^2 (eta_ir_floor_cells=2, omega_c=2*dw=0.733 THz) on the unresolved soft modes.
[it 44] energy J(local)=[0.0932 0.0849 0.0945]
SigmaR resid-by-omega: peak w=0.73THz val=1.821e+02 in-band(<=46.4)=0.963 low(<=5)=0.196
Maximum Self-Energy Update: 182.10800911140623
Contact Current Difference: 0.0
Current Conservation abs: 0.07960717775131343
Current Conservation rel: 2.8839604836128154e-06
Phonon: rel Sigma^R residual 1.2216e-01; lead balance 1.9946e-03 (best 1.3140e-03; internal spread 1.9767e-01)
Bubble energy balance: P_in=-2.219914e+04 P_out=-2.219914e+04 resid=1.462e-16
Writing output for iteration 44...
Iteration 45
eta IR floor ON: Gamma_floor=0.5378 THz^2 (eta_ir_floor_cells=2, omega_c=2*dw=0.733 THz) on the unresolved soft modes.
[it 45] energy J(local)=[0.0931 0.0845 0.0948]
SigmaR resid-by-omega: peak w=0.73THz val=1.644e+02 in-band(<=46.4)=0.960 low(<=5)=0.183
Maximum Self-Energy Update: 164.41529601783196
Contact Current Difference: 0.0
Current Conservation abs: 0.07496022930536128
Current Conservation rel: 2.640763902510901e-06
Phonon: rel Sigma^R residual 1.1084e-01; lead balance 1.7615e-03 (best 1.3140e-03; internal spread 1.9732e-01)
Bubble energy balance: P_in=-2.278114e+04 P_out=-2.278114e+04 resid=8.123e-17
Writing output for iteration 45...
Iteration 46
eta IR floor ON: Gamma_floor=0.5378 THz^2 (eta_ir_floor_cells=2, omega_c=2*dw=0.733 THz) on the unresolved soft modes.
[it 46] energy J(local)=[0.0932 0.0846 0.0951]
SigmaR resid-by-omega: peak w=0.73THz val=1.475e+02 in-band(<=46.4)=0.960 low(<=5)=0.184
Maximum Self-Energy Update: 147.51065338169255
Contact Current Difference: 0.0
Current Conservation abs: 0.07041617320101068
Current Conservation rel: 2.4232960445606945e-06
Phonon: rel Sigma^R residual 9.9848e-02; lead balance 1.8285e-03 (best 1.3140e-03; internal spread 1.9603e-01)
Bubble energy balance: P_in=-2.328778e+04 P_out=-2.328778e+04 resid=8.019e-17
Writing output for iteration 46...
Iteration 47
eta IR floor ON: Gamma_floor=0.5378 THz^2 (eta_ir_floor_cells=2, omega_c=2*dw=0.733 THz) on the unresolved soft modes.
[it 47] energy J(local)=[0.0934 0.085  0.0955]
SigmaR resid-by-omega: peak w=1.10THz val=1.407e+02 in-band(<=46.4)=0.960 low(<=5)=0.188
Maximum Self-Energy Update: 140.73284973730767
Contact Current Difference: 0.0
Current Conservation abs: 0.06619524070811167
Current Conservation rel: 2.236447434567535e-06
Phonon: rel Sigma^R residual 9.5574e-02; lead balance 2.1613e-03 (best 1.3140e-03; internal spread 1.9393e-01)
Bubble energy balance: P_in=-2.370310e+04 P_out=-2.370310e+04 resid=6.199e-16
Writing output for iteration 47...
Iteration 48
eta IR floor ON: Gamma_floor=0.5378 THz^2 (eta_ir_floor_cells=2, omega_c=2*dw=0.733 THz) on the unresolved soft modes.
[it 48] energy J(local)=[0.0937 0.0856 0.0959]
SigmaR resid-by-omega: peak w=1.10THz val=1.321e+02 in-band(<=46.4)=0.960 low(<=5)=0.194
Maximum Self-Energy Update: 132.11521870669196
Contact Current Difference: 0.0
Current Conservation abs: 0.062327656474735704
Current Conservation rel: 2.0769186418685088e-06
Phonon: rel Sigma^R residual 8.9962e-02; lead balance 2.6999e-03 (best 1.3140e-03; internal spread 1.9121e-01)
Bubble energy balance: P_in=-2.402235e+04 P_out=-2.402235e+04 resid=2.449e-16
Writing output for iteration 48...
Iteration 49
eta IR floor ON: Gamma_floor=0.5378 THz^2 (eta_ir_floor_cells=2, omega_c=2*dw=0.733 THz) on the unresolved soft modes.
[it 49] energy J(local)=[0.0939 0.0863 0.0963]
SigmaR resid-by-omega: peak w=1.10THz val=1.217e+02 in-band(<=46.4)=0.961 low(<=5)=0.196
Maximum Self-Energy Update: 121.69747336183694
Contact Current Difference: 0.0
Current Conservation abs: 0.05871267028123839
Current Conservation rel: 1.9371203128841906e-06
Phonon: rel Sigma^R residual 8.3054e-02; lead balance 3.3674e-03 (best 1.3140e-03; internal spread 1.8801e-01)
Bubble energy balance: P_in=-2.424936e+04 P_out=-2.424936e+04 resid=2.464e-17
  JFNK: warmup done at it=50, ||R||=2.433e+04 -> engaging Newton-Krylov
Writing output for iteration 49...
Iteration 50
eta IR floor ON: Gamma_floor=0.5378 THz^2 (eta_ir_floor_cells=2, omega_c=2*dw=0.733 THz) on the unresolved soft modes.
[it 50] energy J(local)=[0.0941 0.087  0.0967]
SigmaR resid-by-omega: peak w=1.10THz val=1.111e+02 in-band(<=46.4)=0.963 low(<=5)=0.190
Maximum Self-Energy Update: 111.05839943144875
Contact Current Difference: 0.0
Current Conservation abs: 0.05521526839584112
Current Conservation rel: 1.8092081366695235e-06
Phonon: rel Sigma^R residual 7.5946e-02; lead balance 4.0832e-03 (best 1.3140e-03; internal spread 1.8449e-01)
Bubble energy balance: P_in=-2.439320e+04 P_out=-2.439320e+04 resid=2.424e-16
Writing output for iteration 50...
Iteration 51
eta IR floor ON: Gamma_floor=0.5378 THz^2 (eta_ir_floor_cells=2, omega_c=2*dw=0.733 THz) on the unresolved soft modes.
[it 51] energy J(local)=[0.0941 0.087  0.0967]
SigmaR resid-by-omega: peak w=1.10THz val=1.111e+02 in-band(<=46.4)=0.963 low(<=5)=0.190
Maximum Self-Energy Update: 111.05849854900642
Contact Current Difference: 0.0
Current Conservation abs: 0.05521530425721721
Current Conservation rel: 1.809209359731196e-06
Phonon: rel Sigma^R residual 7.5946e-02; lead balance 4.0832e-03 (best 1.3140e-03; internal spread 1.8449e-01)
Bubble energy balance: P_in=-2.439320e+04 P_out=-2.439320e+04 resid=5.243e-16
Writing output for iteration 51...
Iteration 52
eta IR floor ON: Gamma_floor=0.5378 THz^2 (eta_ir_floor_cells=2, omega_c=2*dw=0.733 THz) on the unresolved soft modes.
[it 52] energy J(local)=[0.0941 0.087  0.0967]
SigmaR resid-by-omega: peak w=1.10THz val=1.111e+02 in-band(<=46.4)=0.963 low(<=5)=0.190
Maximum Self-Energy Update: 111.0584137019824
Contact Current Difference: 0.0
Current Conservation abs: 0.055215312451764476
Current Conservation rel: 1.8092092109536053e-06
Phonon: rel Sigma^R residual 7.5946e-02; lead balance 4.0832e-03 (best 1.3140e-03; internal spread 1.8449e-01)
Bubble energy balance: P_in=-2.439320e+04 P_out=-2.439320e+04 resid=4.482e-16
Writing output for iteration 52...
Iteration 53
eta IR floor ON: Gamma_floor=0.5378 THz^2 (eta_ir_floor_cells=2, omega_c=2*dw=0.733 THz) on the unresolved soft modes.
[it 53] energy J(local)=[0.0941 0.087  0.0967]
SigmaR resid-by-omega: peak w=1.10THz val=1.111e+02 in-band(<=46.4)=0.963 low(<=5)=0.190
Maximum Self-Energy Update: 111.05802028417726
Contact Current Difference: 0.0
Current Conservation abs: 0.05521530569785682
Current Conservation rel: 1.8092105475795552e-06
Phonon: rel Sigma^R residual 7.5946e-02; lead balance 4.0832e-03 (best 1.3140e-03; internal spread 1.8449e-01)
Bubble energy balance: P_in=-2.439319e+04 P_out=-2.439319e+04 resid=1.556e-16
Writing output for iteration 53...
Iteration 54
eta IR floor ON: Gamma_floor=0.5378 THz^2 (eta_ir_floor_cells=2, omega_c=2*dw=0.733 THz) on the unresolved soft modes.
[it 54] energy J(local)=[0.0941 0.087  0.0967]
SigmaR resid-by-omega: peak w=1.10THz val=1.111e+02 in-band(<=46.4)=0.963 low(<=5)=0.190
Maximum Self-Energy Update: 111.05821226080398
Contact Current Difference: 0.0
Current Conservation abs: 0.05521528714780288
Current Conservation rel: 1.809208644531345e-06
Phonon: rel Sigma^R residual 7.5946e-02; lead balance 4.0832e-03 (best 1.3140e-03; internal spread 1.8449e-01)
Bubble energy balance: P_in=-2.439320e+04 P_out=-2.439320e+04 resid=8.854e-17
Writing output for iteration 54...
Iteration 55
eta IR floor ON: Gamma_floor=0.5378 THz^2 (eta_ir_floor_cells=2, omega_c=2*dw=0.733 THz) on the unresolved soft modes.
[it 55] energy J(local)=[0.0941 0.087  0.0967]
SigmaR resid-by-omega: peak w=1.10THz val=1.111e+02 in-band(<=46.4)=0.963 low(<=5)=0.190
Maximum Self-Energy Update: 111.05887458423582
Contact Current Difference: 0.0
Current Conservation abs: 0.055215208918525605
Current Conservation rel: 1.809206726603056e-06
Phonon: rel Sigma^R residual 7.5946e-02; lead balance 4.0831e-03 (best 1.3140e-03; internal spread 1.8449e-01)
Bubble energy balance: P_in=-2.439319e+04 P_out=-2.439319e+04 resid=8.994e-17
Writing output for iteration 55...
Iteration 56
eta IR floor ON: Gamma_floor=0.5378 THz^2 (eta_ir_floor_cells=2, omega_c=2*dw=0.733 THz) on the unresolved soft modes.
[it 56] energy J(local)=[0.0941 0.087  0.0967]
SigmaR resid-by-omega: peak w=1.10THz val=1.111e+02 in-band(<=46.4)=0.963 low(<=5)=0.190
Maximum Self-Energy Update: 111.05873422289066
Contact Current Difference: 0.0
Current Conservation abs: 0.05521525197036681
Current Conservation rel: 1.8092065673615515e-06
Phonon: rel Sigma^R residual 7.5946e-02; lead balance 4.0832e-03 (best 1.3140e-03; internal spread 1.8449e-01)
Bubble energy balance: P_in=-2.439320e+04 P_out=-2.439320e+04 resid=1.552e-16
Writing output for iteration 56...
Iteration 57
eta IR floor ON: Gamma_floor=0.5378 THz^2 (eta_ir_floor_cells=2, omega_c=2*dw=0.733 THz) on the unresolved soft modes.
[it 57] energy J(local)=[0.0941 0.087  0.0967]
SigmaR resid-by-omega: peak w=1.10THz val=1.111e+02 in-band(<=46.4)=0.963 low(<=5)=0.190
Maximum Self-Energy Update: 111.05735537431713
Contact Current Difference: 0.0
Current Conservation abs: 0.05521539736946579
Current Conservation rel: 1.8092139872127503e-06
Phonon: rel Sigma^R residual 7.5945e-02; lead balance 4.0832e-03 (best 1.3140e-03; internal spread 1.8449e-01)
Bubble energy balance: P_in=-2.439318e+04 P_out=-2.439318e+04 resid=2.238e-16
Writing output for iteration 57...
Iteration 58
eta IR floor ON: Gamma_floor=0.5378 THz^2 (eta_ir_floor_cells=2, omega_c=2*dw=0.733 THz) on the unresolved soft modes.
[it 58] energy J(local)=[0.0941 0.087  0.0967]
SigmaR resid-by-omega: peak w=1.10THz val=1.111e+02 in-band(<=46.4)=0.963 low(<=5)=0.190
Maximum Self-Energy Update: 111.05852358727205
Contact Current Difference: 0.0
Current Conservation abs: 0.055215265827428084
Current Conservation rel: 1.809207289550994e-06
Phonon: rel Sigma^R residual 7.5946e-02; lead balance 4.0832e-03 (best 1.3140e-03; internal spread 1.8449e-01)
Bubble energy balance: P_in=-2.439320e+04 P_out=-2.439320e+04 resid=4.229e-16
Writing output for iteration 58...
Iteration 59
eta IR floor ON: Gamma_floor=0.5378 THz^2 (eta_ir_floor_cells=2, omega_c=2*dw=0.733 THz) on the unresolved soft modes.
[it 59] energy J(local)=[0.0941 0.087  0.0967]
SigmaR resid-by-omega: peak w=1.10THz val=1.111e+02 in-band(<=46.4)=0.963 low(<=5)=0.190
Maximum Self-Energy Update: 111.05815506824544
Contact Current Difference: 0.0
Current Conservation abs: 0.055215315444002044
Current Conservation rel: 1.8092102398699864e-06
Phonon: rel Sigma^R residual 7.5946e-02; lead balance 4.0832e-03 (best 1.3140e-03; internal spread 1.8449e-01)
Bubble energy balance: P_in=-2.439319e+04 P_out=-2.439319e+04 resid=3.045e-16
Writing output for iteration 59...
Iteration 60
eta IR floor ON: Gamma_floor=0.5378 THz^2 (eta_ir_floor_cells=2, omega_c=2*dw=0.733 THz) on the unresolved soft modes.
[it 60] energy J(local)=[0.0941 0.087  0.0967]
SigmaR resid-by-omega: peak w=1.10THz val=1.111e+02 in-band(<=46.4)=0.963 low(<=5)=0.190
Maximum Self-Energy Update: 111.05819056611026
Contact Current Difference: 0.0
Current Conservation abs: 0.05521522859817196
Current Conservation rel: 1.8092070653445979e-06
Phonon: rel Sigma^R residual 7.5946e-02; lead balance 4.0832e-03 (best 1.3140e-03; internal spread 1.8449e-01)
Bubble energy balance: P_in=-2.439319e+04 P_out=-2.439319e+04 resid=1.067e-16
Writing output for iteration 60...
Iteration 61
eta IR floor ON: Gamma_floor=0.5378 THz^2 (eta_ir_floor_cells=2, omega_c=2*dw=0.733 THz) on the unresolved soft modes.
[it 61] energy J(local)=[0.0941 0.087  0.0967]
SigmaR resid-by-omega: peak w=1.10THz val=1.111e+02 in-band(<=46.4)=0.963 low(<=5)=0.190
Maximum Self-Energy Update: 111.05810461481052
Contact Current Difference: 0.0
Current Conservation abs: 0.05521536152809858
Current Conservation rel: 1.8092116829309699e-06
Phonon: rel Sigma^R residual 7.5946e-02; lead balance 4.0832e-03 (best 1.3140e-03; internal spread 1.8449e-01)
Bubble energy balance: P_in=-2.439319e+04 P_out=-2.439319e+04 resid=6.818e-17
Writing output for iteration 61...
Iteration 62
eta IR floor ON: Gamma_floor=0.5378 THz^2 (eta_ir_floor_cells=2, omega_c=2*dw=0.733 THz) on the unresolved soft modes.
[it 62] energy J(local)=[0.0941 0.087  0.0967]
SigmaR resid-by-omega: peak w=1.10THz val=1.111e+02 in-band(<=46.4)=0.963 low(<=5)=0.190
Maximum Self-Energy Update: 111.05853472210012
Contact Current Difference: 0.0
Current Conservation abs: 0.05521499306814803
Current Conservation rel: 1.8091990826750262e-06
Phonon: rel Sigma^R residual 7.5946e-02; lead balance 4.0831e-03 (best 1.3140e-03; internal spread 1.8449e-01)
Bubble energy balance: P_in=-2.439320e+04 P_out=-2.439320e+04 resid=8.006e-17
  JFNK newton#1: gmres_m=12 inner_res/||R||=9.41e-02 ||R||=2.170e+04 ||delta||=1.043e+04 trust=0.05 mu=0.00e+00
Writing output for iteration 62...
Iteration 63
eta IR floor ON: Gamma_floor=0.5378 THz^2 (eta_ir_floor_cells=2, omega_c=2*dw=0.733 THz) on the unresolved soft modes.
[it 63] energy J(local)=[0.0931 0.0868 0.0945]
SigmaR resid-by-omega: peak w=1.10THz val=9.413e+01 in-band(<=46.4)=0.964 low(<=5)=0.190
Maximum Self-Energy Update: 94.12534996382131
Contact Current Difference: 0.0
Current Conservation abs: 0.04784434805333149
Current Conservation rel: 1.58028734690729e-06
Phonon: rel Sigma^R residual 6.5350e-02; lead balance 5.1305e-03 (best 1.3140e-03; internal spread 1.7790e-01)
Bubble energy balance: P_in=-2.398505e+04 P_out=-2.398505e+04 resid=1.314e-16
Writing output for iteration 63...
Iteration 64
eta IR floor ON: Gamma_floor=0.5378 THz^2 (eta_ir_floor_cells=2, omega_c=2*dw=0.733 THz) on the unresolved soft modes.
[it 64] energy J(local)=[0.0931 0.0868 0.0945]
SigmaR resid-by-omega: peak w=1.10THz val=9.413e+01 in-band(<=46.4)=0.964 low(<=5)=0.190
Maximum Self-Energy Update: 94.12545475683635
Contact Current Difference: 0.0
Current Conservation abs: 0.047844384529525996
Current Conservation rel: 1.5802885131865947e-06
Phonon: rel Sigma^R residual 6.5350e-02; lead balance 5.1305e-03 (best 1.3140e-03; internal spread 1.7790e-01)
Bubble energy balance: P_in=-2.398505e+04 P_out=-2.398505e+04 resid=1.464e-16
Writing output for iteration 64...
Iteration 65
eta IR floor ON: Gamma_floor=0.5378 THz^2 (eta_ir_floor_cells=2, omega_c=2*dw=0.733 THz) on the unresolved soft modes.
[it 65] energy J(local)=[0.0931 0.0868 0.0945]
SigmaR resid-by-omega: peak w=1.10THz val=9.413e+01 in-band(<=46.4)=0.964 low(<=5)=0.190
Maximum Self-Energy Update: 94.12534171988034
Contact Current Difference: 0.0
Current Conservation abs: 0.04784438808565028
Current Conservation rel: 1.5802884996878605e-06
Phonon: rel Sigma^R residual 6.5350e-02; lead balance 5.1305e-03 (best 1.3140e-03; internal spread 1.7790e-01)
Bubble energy balance: P_in=-2.398505e+04 P_out=-2.398505e+04 resid=9.841e-17
Writing output for iteration 65...
Iteration 66
eta IR floor ON: Gamma_floor=0.5378 THz^2 (eta_ir_floor_cells=2, omega_c=2*dw=0.733 THz) on the unresolved soft modes.
[it 66] energy J(local)=[0.0931 0.0868 0.0945]
SigmaR resid-by-omega: peak w=1.10THz val=9.412e+01 in-band(<=46.4)=0.964 low(<=5)=0.190
Maximum Self-Energy Update: 94.12484302422513
Contact Current Difference: 0.0
Current Conservation abs: 0.047844385540884105
Current Conservation rel: 1.5802891431697234e-06
Phonon: rel Sigma^R residual 6.5349e-02; lead balance 5.1305e-03 (best 1.3140e-03; internal spread 1.7790e-01)
Bubble energy balance: P_in=-2.398504e+04 P_out=-2.398504e+04 resid=2.447e-16
Writing output for iteration 66...
Iteration 67
eta IR floor ON: Gamma_floor=0.5378 THz^2 (eta_ir_floor_cells=2, omega_c=2*dw=0.733 THz) on the unresolved soft modes.
[it 67] energy J(local)=[0.0931 0.0868 0.0945]
SigmaR resid-by-omega: peak w=1.10THz val=9.413e+01 in-band(<=46.4)=0.964 low(<=5)=0.190
Maximum Self-Energy Update: 94.12561308055717
Contact Current Difference: 0.0
Current Conservation abs: 0.04784431788721122
Current Conservation rel: 1.5802863686665658e-06
Phonon: rel Sigma^R residual 6.5350e-02; lead balance 5.1305e-03 (best 1.3140e-03; internal spread 1.7790e-01)
Bubble energy balance: P_in=-2.398505e+04 P_out=-2.398505e+04 resid=2.335e-16
Writing output for iteration 67...
Iteration 68
eta IR floor ON: Gamma_floor=0.5378 THz^2 (eta_ir_floor_cells=2, omega_c=2*dw=0.733 THz) on the unresolved soft modes.
[it 68] energy J(local)=[0.0931 0.0868 0.0945]
SigmaR resid-by-omega: peak w=1.10THz val=9.413e+01 in-band(<=46.4)=0.964 low(<=5)=0.190
Maximum Self-Energy Update: 94.12599336398063
Contact Current Difference: 0.0
Current Conservation abs: 0.04784429477513186
Current Conservation rel: 1.5802848480313847e-06
Phonon: rel Sigma^R residual 6.5350e-02; lead balance 5.1305e-03 (best 1.3140e-03; internal spread 1.7790e-01)
Bubble energy balance: P_in=-2.398505e+04 P_out=-2.398505e+04 resid=1.522e-16
Writing output for iteration 68...
Iteration 69
eta IR floor ON: Gamma_floor=0.5378 THz^2 (eta_ir_floor_cells=2, omega_c=2*dw=0.733 THz) on the unresolved soft modes.
[it 69] energy J(local)=[0.0931 0.0868 0.0945]
SigmaR resid-by-omega: peak w=1.10THz val=9.412e+01 in-band(<=46.4)=0.964 low(<=5)=0.190
Maximum Self-Energy Update: 94.12469587918619
Contact Current Difference: 0.0
Current Conservation abs: 0.04784444091274054
Current Conservation rel: 1.5802907850760535e-06
Phonon: rel Sigma^R residual 6.5349e-02; lead balance 5.1305e-03 (best 1.3140e-03; internal spread 1.7790e-01)
Bubble energy balance: P_in=-2.398504e+04 P_out=-2.398504e+04 resid=1.015e-16
Writing output for iteration 69...
Iteration 70
eta IR floor ON: Gamma_floor=0.5378 THz^2 (eta_ir_floor_cells=2, omega_c=2*dw=0.733 THz) on the unresolved soft modes.
[it 70] energy J(local)=[0.0931 0.0868 0.0945]
SigmaR resid-by-omega: peak w=1.10THz val=9.412e+01 in-band(<=46.4)=0.964 low(<=5)=0.190
Maximum Self-Energy Update: 94.12485839215095
Contact Current Difference: 0.0
Current Conservation abs: 0.04784440832554537
Current Conservation rel: 1.5802902495106775e-06
Phonon: rel Sigma^R residual 6.5349e-02; lead balance 5.1305e-03 (best 1.3140e-03; internal spread 1.7790e-01)
Bubble energy balance: P_in=-2.398504e+04 P_out=-2.398504e+04 resid=2.517e-16
Writing output for iteration 70...
Iteration 71
eta IR floor ON: Gamma_floor=0.5378 THz^2 (eta_ir_floor_cells=2, omega_c=2*dw=0.733 THz) on the unresolved soft modes.
[it 71] energy J(local)=[0.0931 0.0868 0.0945]
SigmaR resid-by-omega: peak w=1.10THz val=9.413e+01 in-band(<=46.4)=0.964 low(<=5)=0.190
Maximum Self-Energy Update: 94.12559128625401
Contact Current Difference: 0.0
Current Conservation abs: 0.0478443206884549
Current Conservation rel: 1.58028573939086e-06
Phonon: rel Sigma^R residual 6.5350e-02; lead balance 5.1305e-03 (best 1.3140e-03; internal spread 1.7790e-01)
Bubble energy balance: P_in=-2.398505e+04 P_out=-2.398505e+04 resid=9.584e-17
Writing output for iteration 71...
Iteration 72
eta IR floor ON: Gamma_floor=0.5378 THz^2 (eta_ir_floor_cells=2, omega_c=2*dw=0.733 THz) on the unresolved soft modes.
[it 72] energy J(local)=[0.0931 0.0868 0.0945]
SigmaR resid-by-omega: peak w=1.10THz val=9.413e+01 in-band(<=46.4)=0.964 low(<=5)=0.190
Maximum Self-Energy Update: 94.12515378107848
Contact Current Difference: 0.0
Current Conservation abs: 0.04784442294840119
Current Conservation rel: 1.5802902792875666e-06
Phonon: rel Sigma^R residual 6.5350e-02; lead balance 5.1305e-03 (best 1.3140e-03; internal spread 1.7790e-01)
Bubble energy balance: P_in=-2.398504e+04 P_out=-2.398504e+04 resid=1.545e-16
Writing output for iteration 72...
Iteration 73
eta IR floor ON: Gamma_floor=0.5378 THz^2 (eta_ir_floor_cells=2, omega_c=2*dw=0.733 THz) on the unresolved soft modes.
[it 73] energy J(local)=[0.0931 0.0868 0.0945]
SigmaR resid-by-omega: peak w=1.10THz val=9.413e+01 in-band(<=46.4)=0.964 low(<=5)=0.190
Maximum Self-Energy Update: 94.12533873491276
Contact Current Difference: 0.0
Current Conservation abs: 0.04784428698440024
Current Conservation rel: 1.5802843468028806e-06
Phonon: rel Sigma^R residual 6.5350e-02; lead balance 5.1305e-03 (best 1.3140e-03; internal spread 1.7790e-01)
Bubble energy balance: P_in=-2.398506e+04 P_out=-2.398506e+04 resid=2.282e-16
Writing output for iteration 73...
Iteration 74
eta IR floor ON: Gamma_floor=0.5378 THz^2 (eta_ir_floor_cells=2, omega_c=2*dw=0.733 THz) on the unresolved soft modes.
[it 74] energy J(local)=[0.0931 0.0868 0.0945]
SigmaR resid-by-omega: peak w=1.10THz val=9.413e+01 in-band(<=46.4)=0.964 low(<=5)=0.190
Maximum Self-Energy Update: 94.12513142229555
Contact Current Difference: 0.0
Current Conservation abs: 0.04784430517429428
Current Conservation rel: 1.5802869056127944e-06
Phonon: rel Sigma^R residual 6.5350e-02; lead balance 5.1305e-03 (best 1.3140e-03; internal spread 1.7790e-01)
Bubble energy balance: P_in=-2.398504e+04 P_out=-2.398504e+04 resid=2.622e-16
  JFNK newton#2: gmres_m=11 inner_res/||R||=2.89e-01 ||R||=1.782e+04 ||delta||=1.350e+04 trust=0.065 mu=0.00e+00
Writing output for iteration 74...
Iteration 75
eta IR floor ON: Gamma_floor=0.5378 THz^2 (eta_ir_floor_cells=2, omega_c=2*dw=0.733 THz) on the unresolved soft modes.
[it 75] energy J(local)=[0.0917 0.0863 0.0916]
SigmaR resid-by-omega: peak w=1.10THz val=7.605e+01 in-band(<=46.4)=0.964 low(<=5)=0.186
Maximum Self-Energy Update: 76.04862395070991
Contact Current Difference: 0.0
Current Conservation abs: 0.04036193415777234
Current Conservation rel: 1.3441679524931324e-06
Phonon: rel Sigma^R residual 5.3309e-02; lead balance 5.0448e-03 (best 1.3140e-03; internal spread 1.7329e-01)
Bubble energy balance: P_in=-2.357979e+04 P_out=-2.357979e+04 resid=3.221e-16
Writing output for iteration 75...
Iteration 76
eta IR floor ON: Gamma_floor=0.5378 THz^2 (eta_ir_floor_cells=2, omega_c=2*dw=0.733 THz) on the unresolved soft modes.
[it 76] energy J(local)=[0.0917 0.0863 0.0916]
SigmaR resid-by-omega: peak w=1.10THz val=7.605e+01 in-band(<=46.4)=0.964 low(<=5)=0.186
Maximum Self-Energy Update: 76.04876645853126
Contact Current Difference: 0.0
Current Conservation abs: 0.04036196200286213
Current Conservation rel: 1.3441686584594758e-06
Phonon: rel Sigma^R residual 5.3309e-02; lead balance 5.0447e-03 (best 1.3140e-03; internal spread 1.7329e-01)
Bubble energy balance: P_in=-2.357980e+04 P_out=-2.357980e+04 resid=8.437e-17
Writing output for iteration 76...
Iteration 77
eta IR floor ON: Gamma_floor=0.5378 THz^2 (eta_ir_floor_cells=2, omega_c=2*dw=0.733 THz) on the unresolved soft modes.
[it 77] energy J(local)=[0.0917 0.0863 0.0916]
SigmaR resid-by-omega: peak w=1.10THz val=7.605e+01 in-band(<=46.4)=0.964 low(<=5)=0.186
Maximum Self-Energy Update: 76.04855394658783
Contact Current Difference: 0.0
Current Conservation abs: 0.04036197624554916
Current Conservation rel: 1.3441695995380984e-06
Phonon: rel Sigma^R residual 5.3309e-02; lead balance 5.0448e-03 (best 1.3140e-03; internal spread 1.7329e-01)
Bubble energy balance: P_in=-2.357979e+04 P_out=-2.357979e+04 resid=8.864e-17
Writing output for iteration 77...
Iteration 78
eta IR floor ON: Gamma_floor=0.5378 THz^2 (eta_ir_floor_cells=2, omega_c=2*dw=0.733 THz) on the unresolved soft modes.
[it 78] energy J(local)=[0.0917 0.0863 0.0916]
SigmaR resid-by-omega: peak w=1.10THz val=7.605e+01 in-band(<=46.4)=0.964 low(<=5)=0.186
Maximum Self-Energy Update: 76.0485170127664
Contact Current Difference: 0.0
Current Conservation abs: 0.040361926427067374
Current Conservation rel: 1.3441668456086358e-06
Phonon: rel Sigma^R residual 5.3309e-02; lead balance 5.0448e-03 (best 1.3140e-03; internal spread 1.7329e-01)
Bubble energy balance: P_in=-2.357980e+04 P_out=-2.357980e+04 resid=1.026e-16
Writing output for iteration 78...
Iteration 79
eta IR floor ON: Gamma_floor=0.5378 THz^2 (eta_ir_floor_cells=2, omega_c=2*dw=0.733 THz) on the unresolved soft modes.
[it 79] energy J(local)=[0.0917 0.0863 0.0916]
SigmaR resid-by-omega: peak w=1.10THz val=7.605e+01 in-band(<=46.4)=0.964 low(<=5)=0.186
Maximum Self-Energy Update: 76.04840441655988
Contact Current Difference: 0.0
Current Conservation abs: 0.04036193623505824
Current Conservation rel: 1.344168949329091e-06
Phonon: rel Sigma^R residual 5.3309e-02; lead balance 5.0448e-03 (best 1.3140e-03; internal spread 1.7329e-01)
Bubble energy balance: P_in=-2.357978e+04 P_out=-2.357978e+04 resid=3.118e-16
Writing output for iteration 79...
Iteration 80
eta IR floor ON: Gamma_floor=0.5378 THz^2 (eta_ir_floor_cells=2, omega_c=2*dw=0.733 THz) on the unresolved soft modes.
[it 80] energy J(local)=[0.0917 0.0863 0.0916]
SigmaR resid-by-omega: peak w=1.10THz val=7.605e+01 in-band(<=46.4)=0.964 low(<=5)=0.186
Maximum Self-Energy Update: 76.04939298957763
Contact Current Difference: 0.0
Current Conservation abs: 0.04036190814986185
Current Conservation rel: 1.3441666682393152e-06
Phonon: rel Sigma^R residual 5.3310e-02; lead balance 5.0447e-03 (best 1.3140e-03; internal spread 1.7329e-01)
Bubble energy balance: P_in=-2.357980e+04 P_out=-2.357980e+04 resid=2.316e-16
Writing output for iteration 80...
Iteration 81
eta IR floor ON: Gamma_floor=0.5378 THz^2 (eta_ir_floor_cells=2, omega_c=2*dw=0.733 THz) on the unresolved soft modes.
[it 81] energy J(local)=[0.0917 0.0863 0.0916]
SigmaR resid-by-omega: peak w=1.10THz val=7.605e+01 in-band(<=46.4)=0.964 low(<=5)=0.186
Maximum Self-Energy Update: 76.04893012507401
Contact Current Difference: 0.0
Current Conservation abs: 0.04036190403348883
Current Conservation rel: 1.3441663269884555e-06
Phonon: rel Sigma^R residual 5.3309e-02; lead balance 5.0447e-03 (best 1.3140e-03; internal spread 1.7329e-01)
Bubble energy balance: P_in=-2.357980e+04 P_out=-2.357980e+04 resid=8.699e-17
Writing output for iteration 81...
Iteration 82
eta IR floor ON: Gamma_floor=0.5378 THz^2 (eta_ir_floor_cells=2, omega_c=2*dw=0.733 THz) on the unresolved soft modes.
[it 82] energy J(local)=[0.0917 0.0863 0.0916]
SigmaR resid-by-omega: peak w=1.10THz val=7.605e+01 in-band(<=46.4)=0.964 low(<=5)=0.186
Maximum Self-Energy Update: 76.04812114769688
Contact Current Difference: 0.0
Current Conservation abs: 0.040362021694818395
Current Conservation rel: 1.3441711009481642e-06
Phonon: rel Sigma^R residual 5.3309e-02; lead balance 5.0448e-03 (best 1.3140e-03; internal spread 1.7329e-01)
Bubble energy balance: P_in=-2.357979e+04 P_out=-2.357979e+04 resid=1.768e-16
Writing output for iteration 82...
Iteration 83
eta IR floor ON: Gamma_floor=0.5378 THz^2 (eta_ir_floor_cells=2, omega_c=2*dw=0.733 THz) on the unresolved soft modes.
[it 83] energy J(local)=[0.0917 0.0863 0.0916]
SigmaR resid-by-omega: peak w=1.10THz val=7.605e+01 in-band(<=46.4)=0.964 low(<=5)=0.186
Maximum Self-Energy Update: 76.04824012071894
Contact Current Difference: 0.0
Current Conservation abs: 0.04036200677546731
Current Conservation rel: 1.3441709443952883e-06
Phonon: rel Sigma^R residual 5.3309e-02; lead balance 5.0448e-03 (best 1.3140e-03; internal spread 1.7329e-01)
Bubble energy balance: P_in=-2.357979e+04 P_out=-2.357979e+04 resid=1.121e-16
Writing output for iteration 83...
Iteration 84
eta IR floor ON: Gamma_floor=0.5378 THz^2 (eta_ir_floor_cells=2, omega_c=2*dw=0.733 THz) on the unresolved soft modes.
[it 84] energy J(local)=[0.0917 0.0863 0.0916]
SigmaR resid-by-omega: peak w=1.10THz val=7.605e+01 in-band(<=46.4)=0.964 low(<=5)=0.186
Maximum Self-Energy Update: 76.04918110941206
Contact Current Difference: 0.0
Current Conservation abs: 0.04036183396419801
Current Conservation rel: 1.344163610592789e-06
Phonon: rel Sigma^R residual 5.3309e-02; lead balance 5.0447e-03 (best 1.3140e-03; internal spread 1.7329e-01)
Bubble energy balance: P_in=-2.357980e+04 P_out=-2.357980e+04 resid=2.391e-16
Writing output for iteration 84...
Iteration 85
eta IR floor ON: Gamma_floor=0.5378 THz^2 (eta_ir_floor_cells=2, omega_c=2*dw=0.733 THz) on the unresolved soft modes.
[it 85] energy J(local)=[0.0917 0.0863 0.0916]
SigmaR resid-by-omega: peak w=1.10THz val=7.605e+01 in-band(<=46.4)=0.964 low(<=5)=0.186
Maximum Self-Energy Update: 76.0483621872937
Contact Current Difference: 0.0
Current Conservation abs: 0.04036209816149494
Current Conservation rel: 1.3441736583282269e-06
Phonon: rel Sigma^R residual 5.3309e-02; lead balance 5.0448e-03 (best 1.3140e-03; internal spread 1.7329e-01)
Bubble energy balance: P_in=-2.357979e+04 P_out=-2.357979e+04 resid=8.115e-17
Writing output for iteration 85...
Iteration 86
eta IR floor ON: Gamma_floor=0.5378 THz^2 (eta_ir_floor_cells=2, omega_c=2*dw=0.733 THz) on the unresolved soft modes.
[it 86] energy J(local)=[0.0917 0.0863 0.0916]
SigmaR resid-by-omega: peak w=1.10THz val=7.605e+01 in-band(<=46.4)=0.964 low(<=5)=0.186
Maximum Self-Energy Update: 76.04862547984746
Contact Current Difference: 0.0
Current Conservation abs: 0.040361784369451925
Current Conservation rel: 1.3441627458099111e-06
Phonon: rel Sigma^R residual 5.3309e-02; lead balance 5.0447e-03 (best 1.3140e-03; internal spread 1.7329e-01)
Bubble energy balance: P_in=-2.357980e+04 P_out=-2.357980e+04 resid=9.097e-17
Writing output for iteration 86...
Iteration 87
eta IR floor ON: Gamma_floor=0.5378 THz^2 (eta_ir_floor_cells=2, omega_c=2*dw=0.733 THz) on the unresolved soft modes.
[it 87] energy J(local)=[0.0917 0.0863 0.0916]
SigmaR resid-by-omega: peak w=1.10THz val=7.605e+01 in-band(<=46.4)=0.964 low(<=5)=0.186
Maximum Self-Energy Update: 76.04866438572111
Contact Current Difference: 0.0
Current Conservation abs: 0.04036175049805024
Current Conservation rel: 1.344161783527495e-06
Phonon: rel Sigma^R residual 5.3309e-02; lead balance 5.0447e-03 (best 1.3140e-03; internal spread 1.7329e-01)
Bubble energy balance: P_in=-2.357979e+04 P_out=-2.357979e+04 resid=5.881e-17
  JFNK newton#3: gmres_m=12 inner_res/||R||=3.80e-01 ||R||=1.367e+04 ||delta||=1.759e+04 trust=0.085 mu=0.00e+00
Writing output for iteration 87...
Iteration 88
eta IR floor ON: Gamma_floor=0.5378 THz^2 (eta_ir_floor_cells=2, omega_c=2*dw=0.733 THz) on the unresolved soft modes.
[it 88] energy J(local)=[0.0895 0.0857 0.0886]
SigmaR resid-by-omega: peak w=1.10THz val=5.906e+01 in-band(<=46.4)=0.965 low(<=5)=0.180
Maximum Self-Energy Update: 59.05865176860606
Contact Current Difference: 0.0
Current Conservation abs: 0.025289032852015225
Current Conservation rel: 8.556158677148717e-07
Phonon: rel Sigma^R residual 4.1928e-02; lead balance 3.9722e-03 (best 1.3140e-03; internal spread 1.6586e-01)
Bubble energy balance: P_in=-2.311410e+04 P_out=-2.311410e+04 resid=1.814e-16
Writing output for iteration 88...
Iteration 89
eta IR floor ON: Gamma_floor=0.5378 THz^2 (eta_ir_floor_cells=2, omega_c=2*dw=0.733 THz) on the unresolved soft modes.
[it 89] energy J(local)=[0.0895 0.0857 0.0886]
SigmaR resid-by-omega: peak w=1.10THz val=5.906e+01 in-band(<=46.4)=0.965 low(<=5)=0.180
Maximum Self-Energy Update: 59.05884955484162
Contact Current Difference: 0.0
Current Conservation abs: 0.025289011038694298
Current Conservation rel: 8.556147610774642e-07
Phonon: rel Sigma^R residual 4.1928e-02; lead balance 3.9722e-03 (best 1.3140e-03; internal spread 1.6586e-01)
Bubble energy balance: P_in=-2.311410e+04 P_out=-2.311410e+04 resid=1.221e-16
Writing output for iteration 89...
Iteration 90
eta IR floor ON: Gamma_floor=0.5378 THz^2 (eta_ir_floor_cells=2, omega_c=2*dw=0.733 THz) on the unresolved soft modes.
[it 90] energy J(local)=[0.0895 0.0857 0.0886]
SigmaR resid-by-omega: peak w=1.10THz val=5.906e+01 in-band(<=46.4)=0.965 low(<=5)=0.180
Maximum Self-Energy Update: 59.05856194569341
Contact Current Difference: 0.0
Current Conservation abs: 0.02528909874490637
Current Conservation rel: 8.556187202542206e-07
Phonon: rel Sigma^R residual 4.1928e-02; lead balance 3.9722e-03 (best 1.3140e-03; internal spread 1.6586e-01)
Bubble energy balance: P_in=-2.311409e+04 P_out=-2.311409e+04 resid=1.627e-17
Writing output for iteration 90...
Iteration 91
eta IR floor ON: Gamma_floor=0.5378 THz^2 (eta_ir_floor_cells=2, omega_c=2*dw=0.733 THz) on the unresolved soft modes.
[it 91] energy J(local)=[0.0895 0.0857 0.0886]
SigmaR resid-by-omega: peak w=1.10THz val=5.906e+01 in-band(<=46.4)=0.965 low(<=5)=0.180
Maximum Self-Energy Update: 59.05845786098193
Contact Current Difference: 0.0
Current Conservation abs: 0.025289066297773388
Current Conservation rel: 8.556168129872083e-07
Phonon: rel Sigma^R residual 4.1928e-02; lead balance 3.9723e-03 (best 1.3140e-03; internal spread 1.6586e-01)
Bubble energy balance: P_in=-2.311410e+04 P_out=-2.311410e+04 resid=2.547e-16
Writing output for iteration 91...
Iteration 92
eta IR floor ON: Gamma_floor=0.5378 THz^2 (eta_ir_floor_cells=2, omega_c=2*dw=0.733 THz) on the unresolved soft modes.
[it 92] energy J(local)=[0.0895 0.0857 0.0886]
SigmaR resid-by-omega: peak w=1.10THz val=5.906e+01 in-band(<=46.4)=0.965 low(<=5)=0.180
Maximum Self-Energy Update: 59.05843717248744
Contact Current Difference: 0.0
Current Conservation abs: 0.025289025852544
Current Conservation rel: 8.556162933551075e-07
Phonon: rel Sigma^R residual 4.1928e-02; lead balance 3.9723e-03 (best 1.3140e-03; internal spread 1.6586e-01)
Bubble energy balance: P_in=-2.311409e+04 P_out=-2.311409e+04 resid=5.495e-17
Writing output for iteration 92...
Iteration 93
eta IR floor ON: Gamma_floor=0.5378 THz^2 (eta_ir_floor_cells=2, omega_c=2*dw=0.733 THz) on the unresolved soft modes.
[it 93] energy J(local)=[0.0895 0.0857 0.0886]
SigmaR resid-by-omega: peak w=1.10THz val=5.906e+01 in-band(<=46.4)=0.965 low(<=5)=0.180
Maximum Self-Energy Update: 59.059507587480894
Contact Current Difference: 0.0
Current Conservation abs: 0.025289080602306058
Current Conservation rel: 8.556171966684165e-07
Phonon: rel Sigma^R residual 4.1929e-02; lead balance 3.9722e-03 (best 1.3140e-03; internal spread 1.6586e-01)
Bubble energy balance: P_in=-2.311410e+04 P_out=-2.311410e+04 resid=1.882e-16
Writing output for iteration 93...
Iteration 94
eta IR floor ON: Gamma_floor=0.5378 THz^2 (eta_ir_floor_cells=2, omega_c=2*dw=0.733 THz) on the unresolved soft modes.
[it 94] energy J(local)=[0.0895 0.0857 0.0886]
SigmaR resid-by-omega: peak w=1.10THz val=5.906e+01 in-band(<=46.4)=0.965 low(<=5)=0.180
Maximum Self-Energy Update: 59.05883326807032
Contact Current Difference: 0.0
Current Conservation abs: 0.02528891097244923
Current Conservation rel: 8.556113295224739e-07
Phonon: rel Sigma^R residual 4.1928e-02; lead balance 3.9722e-03 (best 1.3140e-03; internal spread 1.6586e-01)
Bubble energy balance: P_in=-2.311410e+04 P_out=-2.311410e+04 resid=2.029e-16
Writing output for iteration 94...
Iteration 95
eta IR floor ON: Gamma_floor=0.5378 THz^2 (eta_ir_floor_cells=2, omega_c=2*dw=0.733 THz) on the unresolved soft modes.
[it 95] energy J(local)=[0.0895 0.0857 0.0886]
SigmaR resid-by-omega: peak w=1.10THz val=5.906e+01 in-band(<=46.4)=0.965 low(<=5)=0.180
Maximum Self-Energy Update: 59.058339371282635
Contact Current Difference: 0.0
Current Conservation abs: 0.025289135050115874
Current Conservation rel: 8.556195571502001e-07
Phonon: rel Sigma^R residual 4.1928e-02; lead balance 3.9723e-03 (best 1.3140e-03; internal spread 1.6586e-01)
Bubble energy balance: P_in=-2.311409e+04 P_out=-2.311409e+04 resid=8.577e-17
Writing output for iteration 95...
Iteration 96
eta IR floor ON: Gamma_floor=0.5378 THz^2 (eta_ir_floor_cells=2, omega_c=2*dw=0.733 THz) on the unresolved soft modes.
[it 96] energy J(local)=[0.0895 0.0857 0.0886]
SigmaR resid-by-omega: peak w=1.10THz val=5.906e+01 in-band(<=46.4)=0.965 low(<=5)=0.180
Maximum Self-Energy Update: 59.05792634828109
Contact Current Difference: 0.0
Current Conservation abs: 0.02528931707092852
Current Conservation rel: 8.556259624718205e-07
Phonon: rel Sigma^R residual 4.1928e-02; lead balance 3.9723e-03 (best 1.3140e-03; internal spread 1.6586e-01)
Bubble energy balance: P_in=-2.311409e+04 P_out=-2.311409e+04 resid=1.744e-16
Writing output for iteration 96...
Iteration 97
eta IR floor ON: Gamma_floor=0.5378 THz^2 (eta_ir_floor_cells=2, omega_c=2*dw=0.733 THz) on the unresolved soft modes.
[it 97] energy J(local)=[0.0895 0.0857 0.0886]
SigmaR resid-by-omega: peak w=1.10THz val=5.906e+01 in-band(<=46.4)=0.965 low(<=5)=0.180
Maximum Self-Energy Update: 59.05898096036838
Contact Current Difference: 0.0
Current Conservation abs: 0.02528882612932648
Current Conservation rel: 8.556084219047413e-07
Phonon: rel Sigma^R residual 4.1928e-02; lead balance 3.9722e-03 (best 1.3140e-03; internal spread 1.6586e-01)
Bubble energy balance: P_in=-2.311410e+04 P_out=-2.311410e+04 resid=2.093e-16
Writing output for iteration 97...
Iteration 98
eta IR floor ON: Gamma_floor=0.5378 THz^2 (eta_ir_floor_cells=2, omega_c=2*dw=0.733 THz) on the unresolved soft modes.
[it 98] energy J(local)=[0.0895 0.0857 0.0886]
SigmaR resid-by-omega: peak w=1.10THz val=5.906e+01 in-band(<=46.4)=0.965 low(<=5)=0.180
Maximum Self-Energy Update: 59.058287867434416
Contact Current Difference: 0.0
Current Conservation abs: 0.025289660356065724
Current Conservation rel: 8.556372351509491e-07
Phonon: rel Sigma^R residual 4.1928e-02; lead balance 3.9723e-03 (best 1.3140e-03; internal spread 1.6586e-01)
Bubble energy balance: P_in=-2.311410e+04 P_out=-2.311410e+04 resid=1.894e-16
Writing output for iteration 98...
Iteration 99
eta IR floor ON: Gamma_floor=0.5378 THz^2 (eta_ir_floor_cells=2, omega_c=2*dw=0.733 THz) on the unresolved soft modes.
[it 99] energy J(local)=[0.0895 0.0857 0.0886]
SigmaR resid-by-omega: peak w=1.10THz val=5.906e+01 in-band(<=46.4)=0.965 low(<=5)=0.180
Maximum Self-Energy Update: 59.05871372694933
Contact Current Difference: 0.0
Current Conservation abs: 0.02528877696568088
Current Conservation rel: 8.556070974251201e-07
Phonon: rel Sigma^R residual 4.1928e-02; lead balance 3.9722e-03 (best 1.3140e-03; internal spread 1.6586e-01)
Bubble energy balance: P_in=-2.311410e+04 P_out=-2.311410e+04 resid=1.584e-16
Writing output for iteration 99...
Iteration 100
eta IR floor ON: Gamma_floor=0.5378 THz^2 (eta_ir_floor_cells=2, omega_c=2*dw=0.733 THz) on the unresolved soft modes.
[it 100] energy J(local)=[0.0895 0.0857 0.0886]
SigmaR resid-by-omega: peak w=1.10THz val=5.906e+01 in-band(<=46.4)=0.965 low(<=5)=0.180
Maximum Self-Energy Update: 59.0588222387507
Contact Current Difference: 0.0
Current Conservation abs: 0.02528861143218819
Current Conservation rel: 8.556014508481683e-07
Phonon: rel Sigma^R residual 4.1928e-02; lead balance 3.9722e-03 (best 1.3140e-03; internal spread 1.6586e-01)
Bubble energy balance: P_in=-2.311410e+04 P_out=-2.311410e+04 resid=1.026e-17
Writing output for iteration 100...
Iteration 101
eta IR floor ON: Gamma_floor=0.5378 THz^2 (eta_ir_floor_cells=2, omega_c=2*dw=0.733 THz) on the unresolved soft modes.
[it 101] energy J(local)=[0.0895 0.0857 0.0886]
SigmaR resid-by-omega: peak w=1.10THz val=5.906e+01 in-band(<=46.4)=0.965 low(<=5)=0.180
Maximum Self-Energy Update: 59.05838933728235
Contact Current Difference: 0.0
Current Conservation abs: 0.025289697003245237
Current Conservation rel: 8.556385551118968e-07
Phonon: rel Sigma^R residual 4.1928e-02; lead balance 3.9723e-03 (best 1.3140e-03; internal spread 1.6586e-01)
Bubble energy balance: P_in=-2.311409e+04 P_out=-2.311409e+04 resid=3.153e-16
  JFNK newton#4: gmres_m=13 inner_res/||R||=4.00e-01 ||R||=1.094e+04 ||delta||=2.318e+04 trust=0.11 mu=0.00e+00
Writing output for iteration 101...
Iteration 102
eta IR floor ON: Gamma_floor=0.5378 THz^2 (eta_ir_floor_cells=2, omega_c=2*dw=0.733 THz) on the unresolved soft modes.
[it 102] energy J(local)=[0.0895 0.0861 0.088 ]
SigmaR resid-by-omega: peak w=0.73THz val=5.682e+01 in-band(<=46.4)=0.965 low(<=5)=0.182
Maximum Self-Energy Update: 56.81861280720553
Contact Current Difference: 0.0
Current Conservation abs: 0.023875694150774507
Current Conservation rel: 8.309008699036904e-07
Phonon: rel Sigma^R residual 4.0902e-02; lead balance 5.5280e-03 (best 1.3140e-03; internal spread 1.5688e-01)
Bubble energy balance: P_in=-2.254984e+04 P_out=-2.254984e+04 resid=4.113e-16
Writing output for iteration 102...
Iteration 103
eta IR floor ON: Gamma_floor=0.5378 THz^2 (eta_ir_floor_cells=2, omega_c=2*dw=0.733 THz) on the unresolved soft modes.
[it 103] energy J(local)=[0.0895 0.0861 0.088 ]
SigmaR resid-by-omega: peak w=0.73THz val=5.682e+01 in-band(<=46.4)=0.965 low(<=5)=0.182
Maximum Self-Energy Update: 56.819583444317765
Contact Current Difference: 0.0
Current Conservation abs: 0.023875693303125445
Current Conservation rel: 8.309002543015646e-07
Phonon: rel Sigma^R residual 4.0902e-02; lead balance 5.5280e-03 (best 1.3140e-03; internal spread 1.5688e-01)
Bubble energy balance: P_in=-2.254985e+04 P_out=-2.254985e+04 resid=4.078e-16
Writing output for iteration 103...
Iteration 104
eta IR floor ON: Gamma_floor=0.5378 THz^2 (eta_ir_floor_cells=2, omega_c=2*dw=0.733 THz) on the unresolved soft modes.
[it 104] energy J(local)=[0.0895 0.0861 0.088 ]
SigmaR resid-by-omega: peak w=0.73THz val=5.682e+01 in-band(<=46.4)=0.965 low(<=5)=0.182
Maximum Self-Energy Update: 56.817084003742124
Contact Current Difference: 0.0
Current Conservation abs: 0.023875708455307176
Current Conservation rel: 8.309018590469668e-07
Phonon: rel Sigma^R residual 4.0901e-02; lead balance 5.5280e-03 (best 1.3140e-03; internal spread 1.5688e-01)
Bubble energy balance: P_in=-2.254983e+04 P_out=-2.254983e+04 resid=1.358e-16
Writing output for iteration 104...
Iteration 105
eta IR floor ON: Gamma_floor=0.5378 THz^2 (eta_ir_floor_cells=2, omega_c=2*dw=0.733 THz) on the unresolved soft modes.
[it 105] energy J(local)=[0.0895 0.0861 0.088 ]
SigmaR resid-by-omega: peak w=0.73THz val=5.682e+01 in-band(<=46.4)=0.965 low(<=5)=0.182
Maximum Self-Energy Update: 56.81800227323227
Contact Current Difference: 0.0
Current Conservation abs: 0.023875732800661353
Current Conservation rel: 8.309025914648377e-07
Phonon: rel Sigma^R residual 4.0901e-02; lead balance 5.5280e-03 (best 1.3140e-03; internal spread 1.5688e-01)
Bubble energy balance: P_in=-2.254983e+04 P_out=-2.254983e+04 resid=1.003e-16
Writing output for iteration 105...
Iteration 106
eta IR floor ON: Gamma_floor=0.5378 THz^2 (eta_ir_floor_cells=2, omega_c=2*dw=0.733 THz) on the unresolved soft modes.
[it 106] energy J(local)=[0.0895 0.0861 0.088 ]
SigmaR resid-by-omega: peak w=0.73THz val=5.682e+01 in-band(<=46.4)=0.965 low(<=5)=0.182
Maximum Self-Energy Update: 56.81752259294784
Contact Current Difference: 0.0
Current Conservation abs: 0.023875687140389346
Current Conservation rel: 8.30901327362933e-07
Phonon: rel Sigma^R residual 4.0901e-02; lead balance 5.5280e-03 (best 1.3140e-03; internal spread 1.5688e-01)
Bubble energy balance: P_in=-2.254982e+04 P_out=-2.254982e+04 resid=1.073e-16
Writing output for iteration 106...
Iteration 107
eta IR floor ON: Gamma_floor=0.5378 THz^2 (eta_ir_floor_cells=2, omega_c=2*dw=0.733 THz) on the unresolved soft modes.
[it 107] energy J(local)=[0.0895 0.0861 0.088 ]
SigmaR resid-by-omega: peak w=0.73THz val=5.682e+01 in-band(<=46.4)=0.965 low(<=5)=0.182
Maximum Self-Energy Update: 56.81833205250032
Contact Current Difference: 0.0
Current Conservation abs: 0.02387570765131386
Current Conservation rel: 8.309011961145117e-07
Phonon: rel Sigma^R residual 4.0901e-02; lead balance 5.5280e-03 (best 1.3140e-03; internal spread 1.5688e-01)
Bubble energy balance: P_in=-2.254984e+04 P_out=-2.254984e+04 resid=1.280e-16
Writing output for iteration 107...
Iteration 108
eta IR floor ON: Gamma_floor=0.5378 THz^2 (eta_ir_floor_cells=2, omega_c=2*dw=0.733 THz) on the unresolved soft modes.
[it 108] energy J(local)=[0.0895 0.0861 0.088 ]
SigmaR resid-by-omega: peak w=0.73THz val=5.682e+01 in-band(<=46.4)=0.965 low(<=5)=0.182
Maximum Self-Energy Update: 56.81770969878139
Contact Current Difference: 0.0
Current Conservation abs: 0.02387566410106956
Current Conservation rel: 8.308994066721812e-07
Phonon: rel Sigma^R residual 4.0901e-02; lead balance 5.5280e-03 (best 1.3140e-03; internal spread 1.5688e-01)
Bubble energy balance: P_in=-2.254984e+04 P_out=-2.254984e+04 resid=2.417e-16
Writing output for iteration 108...
Iteration 109
eta IR floor ON: Gamma_floor=0.5378 THz^2 (eta_ir_floor_cells=2, omega_c=2*dw=0.733 THz) on the unresolved soft modes.
[it 109] energy J(local)=[0.0895 0.0861 0.088 ]
SigmaR resid-by-omega: peak w=0.73THz val=5.682e+01 in-band(<=46.4)=0.965 low(<=5)=0.182
Maximum Self-Energy Update: 56.81958260121496
Contact Current Difference: 0.0
Current Conservation abs: 0.02387563061711262
Current Conservation rel: 8.308982331678031e-07
Phonon: rel Sigma^R residual 4.0902e-02; lead balance 5.5280e-03 (best 1.3140e-03; internal spread 1.5688e-01)
Bubble energy balance: P_in=-2.254984e+04 P_out=-2.254984e+04 resid=1.046e-16
Writing output for iteration 109...
Iteration 110
eta IR floor ON: Gamma_floor=0.5378 THz^2 (eta_ir_floor_cells=2, omega_c=2*dw=0.733 THz) on the unresolved soft modes.
[it 110] energy J(local)=[0.0895 0.0861 0.088 ]
SigmaR resid-by-omega: peak w=0.73THz val=5.682e+01 in-band(<=46.4)=0.965 low(<=5)=0.182
Maximum Self-Energy Update: 56.81830490484351
Contact Current Difference: 0.0
Current Conservation abs: 0.023875822646004963
Current Conservation rel: 8.30905939024577e-07
Phonon: rel Sigma^R residual 4.0901e-02; lead balance 5.5281e-03 (best 1.3140e-03; internal spread 1.5688e-01)
Bubble energy balance: P_in=-2.254983e+04 P_out=-2.254983e+04 resid=1.662e-16
Writing output for iteration 110...
Iteration 111
eta IR floor ON: Gamma_floor=0.5378 THz^2 (eta_ir_floor_cells=2, omega_c=2*dw=0.733 THz) on the unresolved soft modes.
[it 111] energy J(local)=[0.0895 0.0861 0.088 ]
SigmaR resid-by-omega: peak w=0.73THz val=5.682e+01 in-band(<=46.4)=0.965 low(<=5)=0.182
Maximum Self-Energy Update: 56.819019778313425
Contact Current Difference: 0.0
Current Conservation abs: 0.023875474362284876
Current Conservation rel: 8.308930200635406e-07
Phonon: rel Sigma^R residual 4.0902e-02; lead balance 5.5279e-03 (best 1.3140e-03; internal spread 1.5688e-01)
Bubble energy balance: P_in=-2.254984e+04 P_out=-2.254984e+04 resid=1.617e-16
Writing output for iteration 111...
Iteration 112
eta IR floor ON: Gamma_floor=0.5378 THz^2 (eta_ir_floor_cells=2, omega_c=2*dw=0.733 THz) on the unresolved soft modes.
[it 112] energy J(local)=[0.0895 0.0861 0.088 ]
SigmaR resid-by-omega: peak w=0.73THz val=5.682e+01 in-band(<=46.4)=0.965 low(<=5)=0.182
Maximum Self-Energy Update: 56.81860344085675
Contact Current Difference: 0.0
Current Conservation abs: 0.023875581537140533
Current Conservation rel: 8.308968046078616e-07
Phonon: rel Sigma^R residual 4.0902e-02; lead balance 5.5280e-03 (best 1.3140e-03; internal spread 1.5688e-01)
Bubble energy balance: P_in=-2.254984e+04 P_out=-2.254984e+04 resid=3.227e-16
Writing output for iteration 112...
Iteration 113
eta IR floor ON: Gamma_floor=0.5378 THz^2 (eta_ir_floor_cells=2, omega_c=2*dw=0.733 THz) on the unresolved soft modes.
[it 113] energy J(local)=[0.0895 0.0861 0.088 ]
SigmaR resid-by-omega: peak w=0.73THz val=5.682e+01 in-band(<=46.4)=0.965 low(<=5)=0.182
Maximum Self-Energy Update: 56.81938001622414
Contact Current Difference: 0.0
Current Conservation abs: 0.02387601228474523
Current Conservation rel: 8.309119472392624e-07
Phonon: rel Sigma^R residual 4.0902e-02; lead balance 5.5281e-03 (best 1.3140e-03; internal spread 1.5688e-01)
Bubble energy balance: P_in=-2.254984e+04 P_out=-2.254984e+04 resid=8.370e-18
Writing output for iteration 113...
Iteration 114
eta IR floor ON: Gamma_floor=0.5378 THz^2 (eta_ir_floor_cells=2, omega_c=2*dw=0.733 THz) on the unresolved soft modes.
[it 114] energy J(local)=[0.0895 0.0861 0.088 ]
SigmaR resid-by-omega: peak w=0.73THz val=5.682e+01 in-band(<=46.4)=0.965 low(<=5)=0.182
Maximum Self-Energy Update: 56.81849940258365
Contact Current Difference: 0.0
Current Conservation abs: 0.023875354479969246
Current Conservation rel: 8.308887162244143e-07
Phonon: rel Sigma^R residual 4.0902e-02; lead balance 5.5279e-03 (best 1.3140e-03; internal spread 1.5688e-01)
Bubble energy balance: P_in=-2.254984e+04 P_out=-2.254984e+04 resid=1.405e-16
Writing output for iteration 114...
Iteration 115
eta IR floor ON: Gamma_floor=0.5378 THz^2 (eta_ir_floor_cells=2, omega_c=2*dw=0.733 THz) on the unresolved soft modes.
[it 115] energy J(local)=[0.0895 0.0861 0.088 ]
SigmaR resid-by-omega: peak w=0.73THz val=5.682e+01 in-band(<=46.4)=0.965 low(<=5)=0.182
Maximum Self-Energy Update: 56.8193697180498
Contact Current Difference: 0.0
Current Conservation abs: 0.023875988354120636
Current Conservation rel: 8.309112963433333e-07
Phonon: rel Sigma^R residual 4.0902e-02; lead balance 5.5280e-03 (best 1.3140e-03; internal spread 1.5688e-01)
Bubble energy balance: P_in=-2.254983e+04 P_out=-2.254983e+04 resid=8.161e-17
Writing output for iteration 115...
Iteration 116
eta IR floor ON: Gamma_floor=0.5378 THz^2 (eta_ir_floor_cells=2, omega_c=2*dw=0.733 THz) on the unresolved soft modes.
[it 116] energy J(local)=[0.0895 0.0861 0.088 ]
SigmaR resid-by-omega: peak w=0.73THz val=5.682e+01 in-band(<=46.4)=0.965 low(<=5)=0.182
Maximum Self-Energy Update: 56.817165523908905
Contact Current Difference: 0.0
Current Conservation abs: 0.02387589362297149
Current Conservation rel: 8.309079274461328e-07
Phonon: rel Sigma^R residual 4.0901e-02; lead balance 5.5280e-03 (best 1.3140e-03; internal spread 1.5688e-01)
Bubble energy balance: P_in=-2.254983e+04 P_out=-2.254983e+04 resid=2.602e-16
Writing output for iteration 116...
Iteration 117
eta IR floor ON: Gamma_floor=0.5378 THz^2 (eta_ir_floor_cells=2, omega_c=2*dw=0.733 THz) on the unresolved soft modes.
[it 117] energy J(local)=[0.0895 0.0861 0.088 ]
SigmaR resid-by-omega: peak w=0.73THz val=5.682e+01 in-band(<=46.4)=0.965 low(<=5)=0.182
Maximum Self-Energy Update: 56.81865390022564
Contact Current Difference: 0.0
Current Conservation abs: 0.023875125327322166
Current Conservation rel: 8.308811689505842e-07
Phonon: rel Sigma^R residual 4.0902e-02; lead balance 5.5279e-03 (best 1.3140e-03; internal spread 1.5688e-01)
Bubble energy balance: P_in=-2.254983e+04 P_out=-2.254983e+04 resid=1.737e-16
  JFNK newton#5: gmres_m=15 inner_res/||R||=4.67e-01 ||R||=1.061e+04 ||delta||=2.386e+04 trust=0.11 mu=0.00e+00
Writing output for iteration 117...
Iteration 118
eta IR floor ON: Gamma_floor=0.5378 THz^2 (eta_ir_floor_cells=2, omega_c=2*dw=0.733 THz) on the unresolved soft modes.
[it 118] energy J(local)=[0.089  0.0865 0.0876]
SigmaR resid-by-omega: peak w=17.97THz val=3.529e+01 in-band(<=46.4)=0.967 low(<=5)=0.154
Maximum Self-Energy Update: 35.291060294669066
Contact Current Difference: 0.0
Current Conservation abs: 0.024851085849149968
Current Conservation rel: 9.090360961681604e-07
Phonon: rel Sigma^R residual 2.6007e-02; lead balance 5.7096e-03 (best 1.3140e-03; internal spread 1.4515e-01)
Bubble energy balance: P_in=-2.178155e+04 P_out=-2.178155e+04 resid=1.674e-16
Writing output for iteration 118...
Iteration 119
eta IR floor ON: Gamma_floor=0.5378 THz^2 (eta_ir_floor_cells=2, omega_c=2*dw=0.733 THz) on the unresolved soft modes.
[it 119] energy J(local)=[0.089  0.0865 0.0876]
SigmaR resid-by-omega: peak w=17.97THz val=3.529e+01 in-band(<=46.4)=0.967 low(<=5)=0.154
Maximum Self-Energy Update: 35.29104147274282
Contact Current Difference: 0.0
Current Conservation abs: 0.02485115216950362
Current Conservation rel: 9.090379177401218e-07
Phonon: rel Sigma^R residual 2.6007e-02; lead balance 5.7095e-03 (best 1.3140e-03; internal spread 1.4515e-01)
Bubble energy balance: P_in=-2.178156e+04 P_out=-2.178156e+04 resid=9.983e-17
Writing output for iteration 119...
Iteration 120
eta IR floor ON: Gamma_floor=0.5378 THz^2 (eta_ir_floor_cells=2, omega_c=2*dw=0.733 THz) on the unresolved soft modes.
[it 120] energy J(local)=[0.089  0.0865 0.0876]
SigmaR resid-by-omega: peak w=17.97THz val=3.529e+01 in-band(<=46.4)=0.967 low(<=5)=0.154
Maximum Self-Energy Update: 35.29117885649144
Contact Current Difference: 0.0
Current Conservation abs: 0.024851070034856093
Current Conservation rel: 9.090361552634551e-07
Phonon: rel Sigma^R residual 2.6007e-02; lead balance 5.7096e-03 (best 1.3140e-03; internal spread 1.4515e-01)
Bubble energy balance: P_in=-2.178154e+04 P_out=-2.178154e+04 resid=1.249e-17
Writing output for iteration 120...
Iteration 121
eta IR floor ON: Gamma_floor=0.5378 THz^2 (eta_ir_floor_cells=2, omega_c=2*dw=0.733 THz) on the unresolved soft modes.
[it 121] energy J(local)=[0.089  0.0865 0.0876]
SigmaR resid-by-omega: peak w=17.97THz val=3.529e+01 in-band(<=46.4)=0.967 low(<=5)=0.154
Maximum Self-Energy Update: 35.291052218849096
Contact Current Difference: 0.0
Current Conservation abs: 0.024851057189152925
Current Conservation rel: 9.090350521926109e-07
Phonon: rel Sigma^R residual 2.6007e-02; lead balance 5.7096e-03 (best 1.3140e-03; internal spread 1.4515e-01)
Bubble energy balance: P_in=-2.178155e+04 P_out=-2.178155e+04 resid=1.764e-16
Writing output for iteration 121...
Iteration 122
eta IR floor ON: Gamma_floor=0.5378 THz^2 (eta_ir_floor_cells=2, omega_c=2*dw=0.733 THz) on the unresolved soft modes.
[it 122] energy J(local)=[0.089  0.0865 0.0876]
SigmaR resid-by-omega: peak w=17.97THz val=3.529e+01 in-band(<=46.4)=0.967 low(<=5)=0.154
Maximum Self-Energy Update: 35.291148860965116
Contact Current Difference: 0.0
Current Conservation abs: 0.02485107510983653
Current Conservation rel: 9.090366770125576e-07
Phonon: rel Sigma^R residual 2.6007e-02; lead balance 5.7096e-03 (best 1.3140e-03; internal spread 1.4515e-01)
Bubble energy balance: P_in=-2.178154e+04 P_out=-2.178154e+04 resid=1.122e-16
Writing output for iteration 122...
Iteration 123
eta IR floor ON: Gamma_floor=0.5378 THz^2 (eta_ir_floor_cells=2, omega_c=2*dw=0.733 THz) on the unresolved soft modes.
[it 123] energy J(local)=[0.089  0.0865 0.0876]
SigmaR resid-by-omega: peak w=17.97THz val=3.529e+01 in-band(<=46.4)=0.967 low(<=5)=0.154
Maximum Self-Energy Update: 35.29110142460891
Contact Current Difference: 0.0
Current Conservation abs: 0.024850954194334918
Current Conservation rel: 9.090310704392435e-07
Phonon: rel Sigma^R residual 2.6007e-02; lead balance 5.7096e-03 (best 1.3140e-03; internal spread 1.4515e-01)
Bubble energy balance: P_in=-2.178155e+04 P_out=-2.178155e+04 resid=1.243e-16
Writing output for iteration 123...
Iteration 124
eta IR floor ON: Gamma_floor=0.5378 THz^2 (eta_ir_floor_cells=2, omega_c=2*dw=0.733 THz) on the unresolved soft modes.
[it 124] energy J(local)=[0.089  0.0865 0.0876]
SigmaR resid-by-omega: peak w=17.97THz val=3.529e+01 in-band(<=46.4)=0.967 low(<=5)=0.154
Maximum Self-Energy Update: 35.291052042398015
Contact Current Difference: 0.0
Current Conservation abs: 0.02485113981674658
Current Conservation rel: 9.090375659864062e-07
Phonon: rel Sigma^R residual 2.6007e-02; lead balance 5.7096e-03 (best 1.3140e-03; internal spread 1.4515e-01)
Bubble energy balance: P_in=-2.178156e+04 P_out=-2.178156e+04 resid=8.422e-17
Writing output for iteration 124...
Iteration 125
eta IR floor ON: Gamma_floor=0.5378 THz^2 (eta_ir_floor_cells=2, omega_c=2*dw=0.733 THz) on the unresolved soft modes.
[it 125] energy J(local)=[0.089  0.0865 0.0876]
SigmaR resid-by-omega: peak w=17.97THz val=3.529e+01 in-band(<=46.4)=0.967 low(<=5)=0.154
Maximum Self-Energy Update: 35.29088559964048
Contact Current Difference: 0.0
Current Conservation abs: 0.024851194983057212
Current Conservation rel: 9.090394492711642e-07
Phonon: rel Sigma^R residual 2.6006e-02; lead balance 5.7096e-03 (best 1.3140e-03; internal spread 1.4515e-01)
Bubble energy balance: P_in=-2.178156e+04 P_out=-2.178156e+04 resid=4.222e-16
Writing output for iteration 125...
Iteration 126
eta IR floor ON: Gamma_floor=0.5378 THz^2 (eta_ir_floor_cells=2, omega_c=2*dw=0.733 THz) on the unresolved soft modes.
[it 126] energy J(local)=[0.089  0.0865 0.0876]
SigmaR resid-by-omega: peak w=17.97THz val=3.529e+01 in-band(<=46.4)=0.967 low(<=5)=0.154
Maximum Self-Energy Update: 35.291047126884955
Contact Current Difference: 0.0
Current Conservation abs: 0.024850910749592003
Current Conservation rel: 9.090299585911982e-07
Phonon: rel Sigma^R residual 2.6007e-02; lead balance 5.7097e-03 (best 1.3140e-03; internal spread 1.4515e-01)
Bubble energy balance: P_in=-2.178155e+04 P_out=-2.178155e+04 resid=8.413e-17
Writing output for iteration 126...
Iteration 127
eta IR floor ON: Gamma_floor=0.5378 THz^2 (eta_ir_floor_cells=2, omega_c=2*dw=0.733 THz) on the unresolved soft modes.
[it 127] energy J(local)=[0.089  0.0865 0.0876]
SigmaR resid-by-omega: peak w=17.97THz val=3.529e+01 in-band(<=46.4)=0.967 low(<=5)=0.154
Maximum Self-Energy Update: 35.29107405099893
Contact Current Difference: 0.0
Current Conservation abs: 0.024851474941897322
Current Conservation rel: 9.090501877409213e-07
Phonon: rel Sigma^R residual 2.6007e-02; lead balance 5.7095e-03 (best 1.3140e-03; internal spread 1.4515e-01)
Bubble energy balance: P_in=-2.178155e+04 P_out=-2.178155e+04 resid=3.383e-16
Writing output for iteration 127...
Iteration 128
eta IR floor ON: Gamma_floor=0.5378 THz^2 (eta_ir_floor_cells=2, omega_c=2*dw=0.733 THz) on the unresolved soft modes.
[it 128] energy J(local)=[0.089  0.0865 0.0876]
SigmaR resid-by-omega: peak w=17.97THz val=3.529e+01 in-band(<=46.4)=0.967 low(<=5)=0.154
Maximum Self-Energy Update: 35.291143279741235
Contact Current Difference: 0.0
Current Conservation abs: 0.024851086183844018
Current Conservation rel: 9.090362171737665e-07
Phonon: rel Sigma^R residual 2.6007e-02; lead balance 5.7096e-03 (best 1.3140e-03; internal spread 1.4515e-01)
Bubble energy balance: P_in=-2.178155e+04 P_out=-2.178155e+04 resid=1.822e-16
Writing output for iteration 128...
Iteration 129
eta IR floor ON: Gamma_floor=0.5378 THz^2 (eta_ir_floor_cells=2, omega_c=2*dw=0.733 THz) on the unresolved soft modes.
[it 129] energy J(local)=[0.089  0.0865 0.0876]
SigmaR resid-by-omega: peak w=17.97THz val=3.529e+01 in-band(<=46.4)=0.967 low(<=5)=0.154
Maximum Self-Energy Update: 35.291078091194976
Contact Current Difference: 0.0
Current Conservation abs: 0.02485094186340575
Current Conservation rel: 9.090310963662909e-07
Phonon: rel Sigma^R residual 2.6007e-02; lead balance 5.7096e-03 (best 1.3140e-03; internal spread 1.4515e-01)
Bubble energy balance: P_in=-2.178155e+04 P_out=-2.178155e+04 resid=1.786e-16
Writing output for iteration 129...
Iteration 130
eta IR floor ON: Gamma_floor=0.5378 THz^2 (eta_ir_floor_cells=2, omega_c=2*dw=0.733 THz) on the unresolved soft modes.
[it 130] energy J(local)=[0.089  0.0865 0.0876]
SigmaR resid-by-omega: peak w=17.97THz val=3.529e+01 in-band(<=46.4)=0.967 low(<=5)=0.154
Maximum Self-Energy Update: 35.29110550206253
Contact Current Difference: 0.0
Current Conservation abs: 0.024851407988535357
Current Conservation rel: 9.090477874984048e-07
Phonon: rel Sigma^R residual 2.6007e-02; lead balance 5.7096e-03 (best 1.3140e-03; internal spread 1.4515e-01)
Bubble energy balance: P_in=-2.178155e+04 P_out=-2.178155e+04 resid=3.357e-16
Writing output for iteration 130...
Iteration 131
eta IR floor ON: Gamma_floor=0.5378 THz^2 (eta_ir_floor_cells=2, omega_c=2*dw=0.733 THz) on the unresolved soft modes.
[it 131] energy J(local)=[0.089  0.0865 0.0876]
SigmaR resid-by-omega: peak w=17.97THz val=3.529e+01 in-band(<=46.4)=0.967 low(<=5)=0.154
Maximum Self-Energy Update: 35.29104168895202
Contact Current Difference: 0.0
Current Conservation abs: 0.02485070176408044
Current Conservation rel: 9.090219095959244e-07
Phonon: rel Sigma^R residual 2.6007e-02; lead balance 5.7096e-03 (best 1.3140e-03; internal spread 1.4515e-01)
Bubble energy balance: P_in=-2.178155e+04 P_out=-2.178155e+04 resid=3.165e-16
Writing output for iteration 131...
Iteration 132
eta IR floor ON: Gamma_floor=0.5378 THz^2 (eta_ir_floor_cells=2, omega_c=2*dw=0.733 THz) on the unresolved soft modes.
[it 132] energy J(local)=[0.089  0.0865 0.0876]
SigmaR resid-by-omega: peak w=17.97THz val=3.529e+01 in-band(<=46.4)=0.967 low(<=5)=0.154
Maximum Self-Energy Update: 35.29100351334642
Contact Current Difference: 0.0
Current Conservation abs: 0.02485159720708907
Current Conservation rel: 9.090543370606574e-07
Phonon: rel Sigma^R residual 2.6007e-02; lead balance 5.7096e-03 (best 1.3140e-03; internal spread 1.4515e-01)
Bubble energy balance: P_in=-2.178156e+04 P_out=-2.178156e+04 resid=1.709e-16
Writing output for iteration 132...
Iteration 133
eta IR floor ON: Gamma_floor=0.5378 THz^2 (eta_ir_floor_cells=2, omega_c=2*dw=0.733 THz) on the unresolved soft modes.
[it 133] energy J(local)=[0.089  0.0865 0.0876]
SigmaR resid-by-omega: peak w=17.97THz val=3.529e+01 in-band(<=46.4)=0.967 low(<=5)=0.154
Maximum Self-Energy Update: 35.29115406441778
Contact Current Difference: 0.0
Current Conservation abs: 0.0248508336062514
Current Conservation rel: 9.090269957562757e-07
Phonon: rel Sigma^R residual 2.6007e-02; lead balance 5.7096e-03 (best 1.3140e-03; internal spread 1.4515e-01)
Bubble energy balance: P_in=-2.178155e+04 P_out=-2.178155e+04 resid=2.612e-16
Writing output for iteration 133...
Iteration 134
eta IR floor ON: Gamma_floor=0.5378 THz^2 (eta_ir_floor_cells=2, omega_c=2*dw=0.733 THz) on the unresolved soft modes.
[it 134] energy J(local)=[0.089  0.0865 0.0876]
SigmaR resid-by-omega: peak w=17.97THz val=3.529e+01 in-band(<=46.4)=0.967 low(<=5)=0.154
Maximum Self-Energy Update: 35.291026495113954
Contact Current Difference: 0.0
Current Conservation abs: 0.024850487436197
Current Conservation rel: 9.090145193178156e-07
Phonon: rel Sigma^R residual 2.6007e-02; lead balance 5.7096e-03 (best 1.3140e-03; internal spread 1.4515e-01)
Bubble energy balance: P_in=-2.178155e+04 P_out=-2.178155e+04 resid=1.005e-16
Writing output for iteration 134...
Iteration 135
eta IR floor ON: Gamma_floor=0.5378 THz^2 (eta_ir_floor_cells=2, omega_c=2*dw=0.733 THz) on the unresolved soft modes.
[it 135] energy J(local)=[0.089  0.0865 0.0876]
SigmaR resid-by-omega: peak w=17.97THz val=3.529e+01 in-band(<=46.4)=0.967 low(<=5)=0.154
Maximum Self-Energy Update: 35.29110347190719
Contact Current Difference: 0.0
Current Conservation abs: 0.024852091521097464
Current Conservation rel: 9.090732557092086e-07
Phonon: rel Sigma^R residual 2.6007e-02; lead balance 5.7096e-03 (best 1.3140e-03; internal spread 1.4515e-01)
Bubble energy balance: P_in=-2.178154e+04 P_out=-2.178154e+04 resid=2.517e-16
Writing output for iteration 135...
Iteration 136
eta IR floor ON: Gamma_floor=0.5378 THz^2 (eta_ir_floor_cells=2, omega_c=2*dw=0.733 THz) on the unresolved soft modes.
[it 136] energy J(local)=[0.089  0.0865 0.0876]
SigmaR resid-by-omega: peak w=17.97THz val=3.529e+01 in-band(<=46.4)=0.967 low(<=5)=0.154
Maximum Self-Energy Update: 35.29105120069757
Contact Current Difference: 0.0
Current Conservation abs: 0.024849647945302422
Current Conservation rel: 9.089836210234622e-07
Phonon: rel Sigma^R residual 2.6007e-02; lead balance 5.7096e-03 (best 1.3140e-03; internal spread 1.4515e-01)
Bubble energy balance: P_in=-2.178155e+04 P_out=-2.178155e+04 resid=3.759e-16
Writing output for iteration 136...
Iteration 137
eta IR floor ON: Gamma_floor=0.5378 THz^2 (eta_ir_floor_cells=2, omega_c=2*dw=0.733 THz) on the unresolved soft modes.
[it 137] energy J(local)=[0.089  0.0865 0.0876]
SigmaR resid-by-omega: peak w=17.97THz val=3.529e+01 in-band(<=46.4)=0.967 low(<=5)=0.154
Maximum Self-Energy Update: 35.291049019406096
Contact Current Difference: 0.0
Current Conservation abs: 0.024852439242749824
Current Conservation rel: 9.090855462156398e-07
Phonon: rel Sigma^R residual 2.6007e-02; lead balance 5.7096e-03 (best 1.3140e-03; internal spread 1.4515e-01)
Bubble energy balance: P_in=-2.178155e+04 P_out=-2.178155e+04 resid=8.436e-17
Writing output for iteration 137...
Iteration 138
eta IR floor ON: Gamma_floor=0.5378 THz^2 (eta_ir_floor_cells=2, omega_c=2*dw=0.733 THz) on the unresolved soft modes.
[it 138] energy J(local)=[0.089  0.0865 0.0876]
SigmaR resid-by-omega: peak w=17.97THz val=3.529e+01 in-band(<=46.4)=0.967 low(<=5)=0.154
Maximum Self-Energy Update: 35.291051464649975
Contact Current Difference: 0.0
Current Conservation abs: 0.024849187368090497
Current Conservation rel: 9.089664568969007e-07
Phonon: rel Sigma^R residual 2.6007e-02; lead balance 5.7096e-03 (best 1.3140e-03; internal spread 1.4515e-01)
Bubble energy balance: P_in=-2.178155e+04 P_out=-2.178155e+04 resid=1.004e-16
Writing output for iteration 138...
Iteration 139
eta IR floor ON: Gamma_floor=0.5378 THz^2 (eta_ir_floor_cells=2, omega_c=2*dw=0.733 THz) on the unresolved soft modes.
[it 139] energy J(local)=[0.089  0.0865 0.0876]
SigmaR resid-by-omega: peak w=17.97THz val=3.529e+01 in-band(<=46.4)=0.967 low(<=5)=0.154
Maximum Self-Energy Update: 35.29104913705268
Contact Current Difference: 0.0
Current Conservation abs: 0.02485594613790454
Current Conservation rel: 9.092137510350243e-07
Phonon: rel Sigma^R residual 2.6007e-02; lead balance 5.7096e-03 (best 1.3140e-03; internal spread 1.4515e-01)
Bubble energy balance: P_in=-2.178155e+04 P_out=-2.178155e+04 resid=1.652e-16
Writing output for iteration 139...
Iteration 140
eta IR floor ON: Gamma_floor=0.5378 THz^2 (eta_ir_floor_cells=2, omega_c=2*dw=0.733 THz) on the unresolved soft modes.
[it 140] energy J(local)=[0.089  0.0865 0.0876]
SigmaR resid-by-omega: peak w=17.97THz val=3.529e+01 in-band(<=46.4)=0.967 low(<=5)=0.154
Maximum Self-Energy Update: 35.291153291841084
Contact Current Difference: 0.0
Current Conservation abs: 0.024838398345309542
Current Conservation rel: 9.085722992922162e-07
Phonon: rel Sigma^R residual 2.6007e-02; lead balance 5.7095e-03 (best 1.3140e-03; internal spread 1.4515e-01)
Bubble energy balance: P_in=-2.178155e+04 P_out=-2.178155e+04 resid=4.292e-17
Writing output for iteration 140...
Iteration 141
eta IR floor ON: Gamma_floor=0.5378 THz^2 (eta_ir_floor_cells=2, omega_c=2*dw=0.733 THz) on the unresolved soft modes.
[it 141] energy J(local)=[0.089  0.0865 0.0876]
SigmaR resid-by-omega: peak w=17.97THz val=3.529e+01 in-band(<=46.4)=0.967 low(<=5)=0.154
Maximum Self-Energy Update: 35.29102790695835
Contact Current Difference: 0.0
Current Conservation abs: 0.0248588269460015
Current Conservation rel: 9.093193860390844e-07
Phonon: rel Sigma^R residual 2.6007e-02; lead balance 5.7096e-03 (best 1.3140e-03; internal spread 1.4515e-01)
Bubble energy balance: P_in=-2.178155e+04 P_out=-2.178155e+04 resid=1.004e-16
Writing output for iteration 141...
Iteration 142
eta IR floor ON: Gamma_floor=0.5378 THz^2 (eta_ir_floor_cells=2, omega_c=2*dw=0.733 THz) on the unresolved soft modes.
[it 142] energy J(local)=[0.089  0.0865 0.0876]
SigmaR resid-by-omega: peak w=17.97THz val=3.529e+01 in-band(<=46.4)=0.967 low(<=5)=0.154
Maximum Self-Energy Update: 35.291074833224336
Contact Current Difference: 0.0
Current Conservation abs: 0.024832093964505475
Current Conservation rel: 9.083413348114931e-07
Phonon: rel Sigma^R residual 2.6007e-02; lead balance 5.7095e-03 (best 1.3140e-03; internal spread 1.4515e-01)
Bubble energy balance: P_in=-2.178155e+04 P_out=-2.178155e+04 resid=1.919e-16
Writing output for iteration 142...
Iteration 143
eta IR floor ON: Gamma_floor=0.5378 THz^2 (eta_ir_floor_cells=2, omega_c=2*dw=0.733 THz) on the unresolved soft modes.
[it 143] energy J(local)=[0.089  0.0865 0.0876]
SigmaR resid-by-omega: peak w=17.97THz val=3.529e+01 in-band(<=46.4)=0.967 low(<=5)=0.154
Maximum Self-Energy Update: 35.29104827764896
Contact Current Difference: 0.0
Current Conservation abs: 0.024861759458872257
Current Conservation rel: 9.094266284378259e-07
Phonon: rel Sigma^R residual 2.6007e-02; lead balance 5.7096e-03 (best 1.3140e-03; internal spread 1.4515e-01)
Bubble energy balance: P_in=-2.178155e+04 P_out=-2.178155e+04 resid=3.893e-17
Writing output for iteration 143...
Iteration 144
eta IR floor ON: Gamma_floor=0.5378 THz^2 (eta_ir_floor_cells=2, omega_c=2*dw=0.733 THz) on the unresolved soft modes.
[it 144] energy J(local)=[0.089  0.0865 0.0876]
SigmaR resid-by-omega: peak w=17.97THz val=3.529e+01 in-band(<=46.4)=0.967 low(<=5)=0.154
Maximum Self-Energy Update: 35.291014691834285
Contact Current Difference: 0.0
Current Conservation abs: 0.024808481513900915
Current Conservation rel: 9.074773026036171e-07
Phonon: rel Sigma^R residual 2.6007e-02; lead balance 5.7095e-03 (best 1.3140e-03; internal spread 1.4515e-01)
Bubble energy balance: P_in=-2.178156e+04 P_out=-2.178156e+04 resid=1.756e-16
Writing output for iteration 144...
Iteration 145
eta IR floor ON: Gamma_floor=0.5378 THz^2 (eta_ir_floor_cells=2, omega_c=2*dw=0.733 THz) on the unresolved soft modes.
[it 145] energy J(local)=[0.089  0.0865 0.0876]
SigmaR resid-by-omega: peak w=17.97THz val=3.529e+01 in-band(<=46.4)=0.967 low(<=5)=0.154
Maximum Self-Energy Update: 35.29115560968267
Contact Current Difference: 0.0
Current Conservation abs: 0.024888072399335215
Current Conservation rel: 9.103891238974678e-07
Phonon: rel Sigma^R residual 2.6007e-02; lead balance 5.7097e-03 (best 1.3140e-03; internal spread 1.4515e-01)
Bubble energy balance: P_in=-2.178155e+04 P_out=-2.178155e+04 resid=1.394e-16
Writing output for iteration 145...
Iteration 146
eta IR floor ON: Gamma_floor=0.5378 THz^2 (eta_ir_floor_cells=2, omega_c=2*dw=0.733 THz) on the unresolved soft modes.
[it 146] energy J(local)=[0.089  0.0865 0.0876]
SigmaR resid-by-omega: peak w=17.97THz val=3.529e+01 in-band(<=46.4)=0.967 low(<=5)=0.154
Maximum Self-Energy Update: 35.291004961660406
Contact Current Difference: 0.0
Current Conservation abs: 0.024820033453579526
Current Conservation rel: 9.079001723894595e-07
Phonon: rel Sigma^R residual 2.6007e-02; lead balance 5.7096e-03 (best 1.3140e-03; internal spread 1.4515e-01)
Bubble energy balance: P_in=-2.178155e+04 P_out=-2.178155e+04 resid=2.786e-16
Writing output for iteration 146...
Iteration 147
eta IR floor ON: Gamma_floor=0.5378 THz^2 (eta_ir_floor_cells=2, omega_c=2*dw=0.733 THz) on the unresolved soft modes.
[it 147] energy J(local)=[0.089  0.0865 0.0876]
SigmaR resid-by-omega: peak w=17.97THz val=3.529e+01 in-band(<=46.4)=0.967 low(<=5)=0.154
Maximum Self-Energy Update: 35.29106774580956
Contact Current Difference: 0.0
Current Conservation abs: 0.02492089005318121
Current Conservation rel: 9.115897380858731e-07
Phonon: rel Sigma^R residual 2.6007e-02; lead balance 5.7096e-03 (best 1.3140e-03; internal spread 1.4515e-01)
Bubble energy balance: P_in=-2.178155e+04 P_out=-2.178155e+04 resid=1.056e-16
Writing output for iteration 147...
Iteration 148
eta IR floor ON: Gamma_floor=0.5378 THz^2 (eta_ir_floor_cells=2, omega_c=2*dw=0.733 THz) on the unresolved soft modes.
[it 148] energy J(local)=[0.089  0.0865 0.0876]
SigmaR resid-by-omega: peak w=17.97THz val=3.529e+01 in-band(<=46.4)=0.967 low(<=5)=0.154
Maximum Self-Energy Update: 35.29112785589756
Contact Current Difference: 0.0
Current Conservation abs: 0.0247758481236815
Current Conservation rel: 9.06283589500876e-07
Phonon: rel Sigma^R residual 2.6007e-02; lead balance 5.7097e-03 (best 1.3140e-03; internal spread 1.4515e-01)
Bubble energy balance: P_in=-2.178156e+04 P_out=-2.178156e+04 resid=5.777e-17
  JFNK newton#6: gmres_m=30 inner_res/||R||=5.10e-01 ||R||=6.010e+03 ||delta||=3.242e+04 trust=0.14 mu=0.00e+00
Writing output for iteration 148...
Iteration 149
eta IR floor ON: Gamma_floor=0.5378 THz^2 (eta_ir_floor_cells=2, omega_c=2*dw=0.733 THz) on the unresolved soft modes.
[it 149] energy J(local)=[0.0927 0.0859 0.0872]
SigmaR resid-by-omega: peak w=0.73THz val=8.527e+01 in-band(<=46.4)=0.966 low(<=5)=0.242
Maximum Self-Energy Update: 85.26792828551473
Contact Current Difference: 0.0
Current Conservation abs: 0.2384781280579773
Current Conservation rel: 8.99427575465868e-06
Phonon: rel Sigma^R residual 5.9316e-02; lead balance 1.3661e-02 (best 1.3140e-03; internal spread 1.2280e-01)
Bubble energy balance: P_in=-2.148924e+04 P_out=-2.148924e+04 resid=8.494e-17
Writing output for iteration 149...
Iteration 150
eta IR floor ON: Gamma_floor=0.5378 THz^2 (eta_ir_floor_cells=2, omega_c=2*dw=0.733 THz) on the unresolved soft modes.
[it 150] energy J(local)=[0.0927 0.0859 0.0872]
SigmaR resid-by-omega: peak w=0.73THz val=8.527e+01 in-band(<=46.4)=0.966 low(<=5)=0.242
Maximum Self-Energy Update: 85.26961788393044
Contact Current Difference: 0.0
Current Conservation abs: 0.23847955494056805
Current Conservation rel: 8.994322186540516e-06
Phonon: rel Sigma^R residual 5.9317e-02; lead balance 1.3661e-02 (best 1.3140e-03; internal spread 1.2280e-01)
Bubble energy balance: P_in=-2.148925e+04 P_out=-2.148925e+04 resid=9.973e-17
  JFNK newton#7: gmres_m=1 inner_res/||R||=3.08e-01 ||R||=1.368e+04 ||delta||=1.032e+03 trust=0.071 mu=0.00e+00
Writing output for iteration 150...
Iteration 151
eta IR floor ON: Gamma_floor=0.5378 THz^2 (eta_ir_floor_cells=2, omega_c=2*dw=0.733 THz) on the unresolved soft modes.
[it 151] energy J(local)=[0.0927 0.0862 0.0874]
SigmaR resid-by-omega: peak w=0.73THz val=2.518e+01 in-band(<=46.4)=0.961 low(<=5)=0.147
Maximum Self-Energy Update: 25.177247208683227
Contact Current Difference: 0.0
Current Conservation abs: 0.18065318031949573
Current Conservation rel: 7.05740882229402e-06
Phonon: rel Sigma^R residual 1.8289e-02; lead balance 1.4064e-02 (best 1.3140e-03; internal spread 1.2200e-01)
Bubble energy balance: P_in=-2.102961e+04 P_out=-2.102961e+04 resid=8.820e-17
Writing output for iteration 151...
Iteration 152
eta IR floor ON: Gamma_floor=0.5378 THz^2 (eta_ir_floor_cells=2, omega_c=2*dw=0.733 THz) on the unresolved soft modes.
[it 152] energy J(local)=[0.0927 0.0862 0.0874]
SigmaR resid-by-omega: peak w=0.73THz val=2.518e+01 in-band(<=46.4)=0.961 low(<=5)=0.147
Maximum Self-Energy Update: 25.17743501261727
Contact Current Difference: 0.0
Current Conservation abs: 0.18065555032990233
Current Conservation rel: 7.057502554117295e-06
Phonon: rel Sigma^R residual 1.8289e-02; lead balance 1.4064e-02 (best 1.3140e-03; internal spread 1.2200e-01)
Bubble energy balance: P_in=-2.102961e+04 P_out=-2.102961e+04 resid=6.769e-17
Writing output for iteration 152...
Iteration 153
eta IR floor ON: Gamma_floor=0.5378 THz^2 (eta_ir_floor_cells=2, omega_c=2*dw=0.733 THz) on the unresolved soft modes.
[it 153] energy J(local)=[0.0927 0.0862 0.0874]
SigmaR resid-by-omega: peak w=0.73THz val=2.518e+01 in-band(<=46.4)=0.961 low(<=5)=0.147
Maximum Self-Energy Update: 25.176765255256296
Contact Current Difference: 0.0
Current Conservation abs: 0.18065253566237516
Current Conservation rel: 7.0573783169157604e-06
Phonon: rel Sigma^R residual 1.8288e-02; lead balance 1.4064e-02 (best 1.3140e-03; internal spread 1.2200e-01)
Bubble energy balance: P_in=-2.102962e+04 P_out=-2.102962e+04 resid=8.726e-17
Writing output for iteration 153...
Iteration 154
eta IR floor ON: Gamma_floor=0.5378 THz^2 (eta_ir_floor_cells=2, omega_c=2*dw=0.733 THz) on the unresolved soft modes.
[it 154] energy J(local)=[0.0927 0.0862 0.0874]
SigmaR resid-by-omega: peak w=0.73THz val=2.518e+01 in-band(<=46.4)=0.961 low(<=5)=0.147
Maximum Self-Energy Update: 25.177701197950682
Contact Current Difference: 0.0
Current Conservation abs: 0.18064945489459205
Current Conservation rel: 7.057269517549551e-06
Phonon: rel Sigma^R residual 1.8289e-02; lead balance 1.4064e-02 (best 1.3140e-03; internal spread 1.2200e-01)
Bubble energy balance: P_in=-2.102960e+04 P_out=-2.102960e+04 resid=4.282e-17
Writing output for iteration 154...
Iteration 155
eta IR floor ON: Gamma_floor=0.5378 THz^2 (eta_ir_floor_cells=2, omega_c=2*dw=0.733 THz) on the unresolved soft modes.
[it 155] energy J(local)=[0.0927 0.0862 0.0874]
SigmaR resid-by-omega: peak w=0.73THz val=2.518e+01 in-band(<=46.4)=0.961 low(<=5)=0.147
Maximum Self-Energy Update: 25.177403030308216
Contact Current Difference: 0.0
Current Conservation abs: 0.18065254586326773
Current Conservation rel: 7.057388429066378e-06
Phonon: rel Sigma^R residual 1.8289e-02; lead balance 1.4064e-02 (best 1.3140e-03; internal spread 1.2200e-01)
Bubble energy balance: P_in=-2.102960e+04 P_out=-2.102960e+04 resid=6.826e-17
Writing output for iteration 155...
Iteration 156
eta IR floor ON: Gamma_floor=0.5378 THz^2 (eta_ir_floor_cells=2, omega_c=2*dw=0.733 THz) on the unresolved soft modes.
[it 156] energy J(local)=[0.0927 0.0862 0.0874]
SigmaR resid-by-omega: peak w=0.73THz val=2.518e+01 in-band(<=46.4)=0.961 low(<=5)=0.147
Maximum Self-Energy Update: 25.17696926258474
Contact Current Difference: 0.0
Current Conservation abs: 0.1806484317075956
Current Conservation rel: 7.057221502333898e-06
Phonon: rel Sigma^R residual 1.8288e-02; lead balance 1.4064e-02 (best 1.3140e-03; internal spread 1.2200e-01)
Bubble energy balance: P_in=-2.102962e+04 P_out=-2.102962e+04 resid=3.461e-16
Writing output for iteration 156...
Iteration 157
eta IR floor ON: Gamma_floor=0.5378 THz^2 (eta_ir_floor_cells=2, omega_c=2*dw=0.733 THz) on the unresolved soft modes.
[it 157] energy J(local)=[0.0927 0.0862 0.0874]
SigmaR resid-by-omega: peak w=0.73THz val=2.518e+01 in-band(<=46.4)=0.961 low(<=5)=0.147
Maximum Self-Energy Update: 25.17784931672359
Contact Current Difference: 0.0
Current Conservation abs: 0.1806520809295762
Current Conservation rel: 7.057362184485128e-06
Phonon: rel Sigma^R residual 1.8289e-02; lead balance 1.4064e-02 (best 1.3140e-03; internal spread 1.2200e-01)
Bubble energy balance: P_in=-2.102962e+04 P_out=-2.102962e+04 resid=1.876e-16
Writing output for iteration 157...
Iteration 158
eta IR floor ON: Gamma_floor=0.5378 THz^2 (eta_ir_floor_cells=2, omega_c=2*dw=0.733 THz) on the unresolved soft modes.
[it 158] energy J(local)=[0.0927 0.0862 0.0874]
SigmaR resid-by-omega: peak w=0.73THz val=2.518e+01 in-band(<=46.4)=0.961 low(<=5)=0.147
Maximum Self-Energy Update: 25.176473841810395
Contact Current Difference: 0.0
Current Conservation abs: 0.1806618876526045
Current Conservation rel: 7.05773893585048e-06
Phonon: rel Sigma^R residual 1.8288e-02; lead balance 1.4064e-02 (best 1.3140e-03; internal spread 1.2200e-01)
Bubble energy balance: P_in=-2.102963e+04 P_out=-2.102963e+04 resid=3.265e-16
Writing output for iteration 158...
Iteration 159
eta IR floor ON: Gamma_floor=0.5378 THz^2 (eta_ir_floor_cells=2, omega_c=2*dw=0.733 THz) on the unresolved soft modes.
[it 159] energy J(local)=[0.0927 0.0862 0.0874]
SigmaR resid-by-omega: peak w=0.73THz val=2.518e+01 in-band(<=46.4)=0.961 low(<=5)=0.147
Maximum Self-Energy Update: 25.177345244535793
Contact Current Difference: 0.0
Current Conservation abs: 0.18063428433561057
Current Conservation rel: 7.0566752239569475e-06
Phonon: rel Sigma^R residual 1.8289e-02; lead balance 1.4064e-02 (best 1.3140e-03; internal spread 1.2200e-01)
Bubble energy balance: P_in=-2.102961e+04 P_out=-2.102961e+04 resid=1.743e-16
Writing output for iteration 159...
Iteration 160
eta IR floor ON: Gamma_floor=0.5378 THz^2 (eta_ir_floor_cells=2, omega_c=2*dw=0.733 THz) on the unresolved soft modes.
[it 160] energy J(local)=[0.0927 0.0862 0.0874]
SigmaR resid-by-omega: peak w=0.73THz val=2.518e+01 in-band(<=46.4)=0.961 low(<=5)=0.147
Maximum Self-Energy Update: 25.177794838818766
Contact Current Difference: 0.0
Current Conservation abs: 0.1806598116272653
Current Conservation rel: 7.057669344702312e-06
Phonon: rel Sigma^R residual 1.8289e-02; lead balance 1.4064e-02 (best 1.3140e-03; internal spread 1.2200e-01)
Bubble energy balance: P_in=-2.102961e+04 P_out=-2.102961e+04 resid=2.025e-16
Writing output for iteration 160...
Iteration 161
eta IR floor ON: Gamma_floor=0.5378 THz^2 (eta_ir_floor_cells=2, omega_c=2*dw=0.733 THz) on the unresolved soft modes.
[it 161] energy J(local)=[0.0927 0.0862 0.0874]
SigmaR resid-by-omega: peak w=0.73THz val=2.518e+01 in-band(<=46.4)=0.961 low(<=5)=0.147
Maximum Self-Energy Update: 25.17710471665786
Contact Current Difference: 0.0
Current Conservation abs: 0.18067308951685845
Current Conservation rel: 7.058187362470505e-06
Phonon: rel Sigma^R residual 1.8289e-02; lead balance 1.4064e-02 (best 1.3140e-03; internal spread 1.2200e-01)
Bubble energy balance: P_in=-2.102961e+04 P_out=-2.102961e+04 resid=1.204e-16
Writing output for iteration 161...
Iteration 162
eta IR floor ON: Gamma_floor=0.5378 THz^2 (eta_ir_floor_cells=2, omega_c=2*dw=0.733 THz) on the unresolved soft modes.
[it 162] energy J(local)=[0.0927 0.0862 0.0874]
SigmaR resid-by-omega: peak w=0.73THz val=2.518e+01 in-band(<=46.4)=0.961 low(<=5)=0.147
Maximum Self-Energy Update: 25.177420002944487
Contact Current Difference: 0.0
Current Conservation abs: 0.18062757470761426
Current Conservation rel: 7.056410866574797e-06
Phonon: rel Sigma^R residual 1.8289e-02; lead balance 1.4064e-02 (best 1.3140e-03; internal spread 1.2200e-01)
Bubble energy balance: P_in=-2.102961e+04 P_out=-2.102961e+04 resid=2.743e-16
Writing output for iteration 162...
Iteration 163
eta IR floor ON: Gamma_floor=0.5378 THz^2 (eta_ir_floor_cells=2, omega_c=2*dw=0.733 THz) on the unresolved soft modes.
[it 163] energy J(local)=[0.0927 0.0862 0.0874]
SigmaR resid-by-omega: peak w=0.73THz val=2.518e+01 in-band(<=46.4)=0.961 low(<=5)=0.147
Maximum Self-Energy Update: 25.176907452896153
Contact Current Difference: 0.0
Current Conservation abs: 0.1806880800977524
Current Conservation rel: 7.058768522591199e-06
Phonon: rel Sigma^R residual 1.8288e-02; lead balance 1.4064e-02 (best 1.3140e-03; internal spread 1.2200e-01)
Bubble energy balance: P_in=-2.102962e+04 P_out=-2.102962e+04 resid=1.528e-16
Writing output for iteration 163...
Iteration 164
eta IR floor ON: Gamma_floor=0.5378 THz^2 (eta_ir_floor_cells=2, omega_c=2*dw=0.733 THz) on the unresolved soft modes.
[it 164] energy J(local)=[0.0927 0.0862 0.0874]
SigmaR resid-by-omega: peak w=0.73THz val=2.518e+01 in-band(<=46.4)=0.961 low(<=5)=0.147
Maximum Self-Energy Update: 25.17726096968466
Contact Current Difference: 0.0
Current Conservation abs: 0.18064700445938797
Current Conservation rel: 7.057166620154072e-06
Phonon: rel Sigma^R residual 1.8289e-02; lead balance 1.4064e-02 (best 1.3140e-03; internal spread 1.2200e-01)
Bubble energy balance: P_in=-2.102961e+04 P_out=-2.102961e+04 resid=8.858e-17
Writing output for iteration 164...
Iteration 165
eta IR floor ON: Gamma_floor=0.5378 THz^2 (eta_ir_floor_cells=2, omega_c=2*dw=0.733 THz) on the unresolved soft modes.
[it 165] energy J(local)=[0.0927 0.0862 0.0874]
SigmaR resid-by-omega: peak w=0.73THz val=2.518e+01 in-band(<=46.4)=0.961 low(<=5)=0.147
Maximum Self-Energy Update: 25.177169288175335
Contact Current Difference: 0.0
Current Conservation abs: 0.18061634149307793
Current Conservation rel: 7.055968945962852e-06
Phonon: rel Sigma^R residual 1.8289e-02; lead balance 1.4064e-02 (best 1.3140e-03; internal spread 1.2200e-01)
Bubble energy balance: P_in=-2.102961e+04 P_out=-2.102961e+04 resid=1.453e-16
Writing output for iteration 165...
Iteration 166
eta IR floor ON: Gamma_floor=0.5378 THz^2 (eta_ir_floor_cells=2, omega_c=2*dw=0.733 THz) on the unresolved soft modes.
[it 166] energy J(local)=[0.0927 0.0862 0.0874]
SigmaR resid-by-omega: peak w=0.73THz val=2.518e+01 in-band(<=46.4)=0.961 low(<=5)=0.147
Maximum Self-Energy Update: 25.177359596077892
Contact Current Difference: 0.0
Current Conservation abs: 0.1807000213466381
Current Conservation rel: 7.059238507976305e-06
Phonon: rel Sigma^R residual 1.8289e-02; lead balance 1.4064e-02 (best 1.3140e-03; internal spread 1.2200e-01)
Bubble energy balance: P_in=-2.102961e+04 P_out=-2.102961e+04 resid=1.619e-17
Writing output for iteration 166...
Iteration 167
eta IR floor ON: Gamma_floor=0.5378 THz^2 (eta_ir_floor_cells=2, omega_c=2*dw=0.733 THz) on the unresolved soft modes.
[it 167] energy J(local)=[0.0927 0.0862 0.0874]
SigmaR resid-by-omega: peak w=0.73THz val=2.518e+01 in-band(<=46.4)=0.961 low(<=5)=0.147
Maximum Self-Energy Update: 25.177523836356283
Contact Current Difference: 0.0
Current Conservation abs: 0.1805910852363013
Current Conservation rel: 7.054985767760671e-06
Phonon: rel Sigma^R residual 1.8289e-02; lead balance 1.4064e-02 (best 1.3140e-03; internal spread 1.2200e-01)
Bubble energy balance: P_in=-2.102961e+04 P_out=-2.102961e+04 resid=1.731e-16
Writing output for iteration 167...
Iteration 168
eta IR floor ON: Gamma_floor=0.5378 THz^2 (eta_ir_floor_cells=2, omega_c=2*dw=0.733 THz) on the unresolved soft modes.
[it 168] energy J(local)=[0.0927 0.0862 0.0874]
SigmaR resid-by-omega: peak w=0.73THz val=2.518e+01 in-band(<=46.4)=0.961 low(<=5)=0.147
Maximum Self-Energy Update: 25.177421822163343
Contact Current Difference: 0.0
Current Conservation abs: 0.18073193921554775
Current Conservation rel: 7.060486906352674e-06
Phonon: rel Sigma^R residual 1.8289e-02; lead balance 1.4064e-02 (best 1.3140e-03; internal spread 1.2200e-01)
Bubble energy balance: P_in=-2.102961e+04 P_out=-2.102961e+04 resid=2.028e-16
Writing output for iteration 168...
Iteration 169
eta IR floor ON: Gamma_floor=0.5378 THz^2 (eta_ir_floor_cells=2, omega_c=2*dw=0.733 THz) on the unresolved soft modes.
[it 169] energy J(local)=[0.0927 0.0862 0.0874]
SigmaR resid-by-omega: peak w=0.73THz val=2.518e+01 in-band(<=46.4)=0.961 low(<=5)=0.147
Maximum Self-Energy Update: 25.17782940290842
Contact Current Difference: 0.0
Current Conservation abs: 0.18050623271301447
Current Conservation rel: 7.05167531464843e-06
Phonon: rel Sigma^R residual 1.8289e-02; lead balance 1.4064e-02 (best 1.3140e-03; internal spread 1.2200e-01)
Bubble energy balance: P_in=-2.102960e+04 P_out=-2.102960e+04 resid=3.477e-16
Writing output for iteration 169...
Iteration 170
eta IR floor ON: Gamma_floor=0.5378 THz^2 (eta_ir_floor_cells=2, omega_c=2*dw=0.733 THz) on the unresolved soft modes.
[it 170] energy J(local)=[0.0927 0.0862 0.0874]
SigmaR resid-by-omega: peak w=0.73THz val=2.518e+01 in-band(<=46.4)=0.961 low(<=5)=0.147
Maximum Self-Energy Update: 25.176015242468537
Contact Current Difference: 0.0
Current Conservation abs: 0.18084971465395938
Current Conservation rel: 7.065074830120522e-06
Phonon: rel Sigma^R residual 1.8288e-02; lead balance 1.4064e-02 (best 1.3140e-03; internal spread 1.2200e-01)
Bubble energy balance: P_in=-2.102963e+04 P_out=-2.102963e+04 resid=2.596e-16
Writing output for iteration 170...
Iteration 171
eta IR floor ON: Gamma_floor=0.5378 THz^2 (eta_ir_floor_cells=2, omega_c=2*dw=0.733 THz) on the unresolved soft modes.
[it 171] energy J(local)=[0.0927 0.0862 0.0874]
SigmaR resid-by-omega: peak w=0.73THz val=2.518e+01 in-band(<=46.4)=0.961 low(<=5)=0.147
Maximum Self-Energy Update: 25.17824179338851
Contact Current Difference: 0.0
Current Conservation abs: 0.1804292157103191
Current Conservation rel: 7.04866963604022e-06
Phonon: rel Sigma^R residual 1.8289e-02; lead balance 1.4064e-02 (best 1.3140e-03; internal spread 1.2200e-01)
Bubble energy balance: P_in=-2.102960e+04 P_out=-2.102960e+04 resid=3.472e-16
Writing output for iteration 171...
Iteration 172
eta IR floor ON: Gamma_floor=0.5378 THz^2 (eta_ir_floor_cells=2, omega_c=2*dw=0.733 THz) on the unresolved soft modes.
[it 172] energy J(local)=[0.0927 0.0862 0.0874]
SigmaR resid-by-omega: peak w=0.73THz val=2.518e+01 in-band(<=46.4)=0.961 low(<=5)=0.147
Maximum Self-Energy Update: 25.176829148504588
Contact Current Difference: 0.0
Current Conservation abs: 0.18072197562469228
Current Conservation rel: 7.060092380704033e-06
Phonon: rel Sigma^R residual 1.8288e-02; lead balance 1.4064e-02 (best 1.3140e-03; internal spread 1.2200e-01)
Bubble energy balance: P_in=-2.102962e+04 P_out=-2.102962e+04 resid=1.987e-16
Writing output for iteration 172...
Iteration 173
eta IR floor ON: Gamma_floor=0.5378 THz^2 (eta_ir_floor_cells=2, omega_c=2*dw=0.733 THz) on the unresolved soft modes.
[it 173] energy J(local)=[0.0927 0.0862 0.0874]
SigmaR resid-by-omega: peak w=0.73THz val=2.518e+01 in-band(<=46.4)=0.961 low(<=5)=0.147
Maximum Self-Energy Update: 25.178076503315733
Contact Current Difference: 0.0
Current Conservation abs: 0.1804678669959685
Current Conservation rel: 7.050177671405162e-06
Phonon: rel Sigma^R residual 1.8289e-02; lead balance 1.4064e-02 (best 1.3140e-03; internal spread 1.2200e-01)
Bubble energy balance: P_in=-2.102960e+04 P_out=-2.102960e+04 resid=1.582e-16
Writing output for iteration 173...
Iteration 174
eta IR floor ON: Gamma_floor=0.5378 THz^2 (eta_ir_floor_cells=2, omega_c=2*dw=0.733 THz) on the unresolved soft modes.
[it 174] energy J(local)=[0.0927 0.0862 0.0874]
SigmaR resid-by-omega: peak w=0.73THz val=2.518e+01 in-band(<=46.4)=0.961 low(<=5)=0.147
Maximum Self-Energy Update: 25.177058525343217
Contact Current Difference: 0.0
Current Conservation abs: 0.18074355398493935
Current Conservation rel: 7.0609372957610565e-06
Phonon: rel Sigma^R residual 1.8288e-02; lead balance 1.4064e-02 (best 1.3140e-03; internal spread 1.2200e-01)
Bubble energy balance: P_in=-2.102962e+04 P_out=-2.102962e+04 resid=3.547e-16
Writing output for iteration 174...
Iteration 175
eta IR floor ON: Gamma_floor=0.5378 THz^2 (eta_ir_floor_cells=2, omega_c=2*dw=0.733 THz) on the unresolved soft modes.
[it 175] energy J(local)=[0.0927 0.0862 0.0874]
SigmaR resid-by-omega: peak w=0.73THz val=2.518e+01 in-band(<=46.4)=0.961 low(<=5)=0.147
Maximum Self-Energy Update: 25.177341599952722
Contact Current Difference: 0.0
Current Conservation abs: 0.18063812228683673
Current Conservation rel: 7.0568217619672206e-06
Phonon: rel Sigma^R residual 1.8289e-02; lead balance 1.4064e-02 (best 1.3140e-03; internal spread 1.2200e-01)
Bubble energy balance: P_in=-2.102961e+04 P_out=-2.102961e+04 resid=1.019e-16
Writing output for iteration 175...
Iteration 176
eta IR floor ON: Gamma_floor=0.5378 THz^2 (eta_ir_floor_cells=2, omega_c=2*dw=0.733 THz) on the unresolved soft modes.
[it 176] energy J(local)=[0.0927 0.0862 0.0874]
SigmaR resid-by-omega: peak w=0.73THz val=2.518e+01 in-band(<=46.4)=0.961 low(<=5)=0.147
Maximum Self-Energy Update: 25.17727408008391
Contact Current Difference: 0.0
Current Conservation abs: 0.18061729806504445
Current Conservation rel: 7.056007262852661e-06
Phonon: rel Sigma^R residual 1.8289e-02; lead balance 1.4064e-02 (best 1.3140e-03; internal spread 1.2200e-01)
Bubble energy balance: P_in=-2.102961e+04 P_out=-2.102961e+04 resid=3.163e-16
Writing output for iteration 176...
Iteration 177
eta IR floor ON: Gamma_floor=0.5378 THz^2 (eta_ir_floor_cells=2, omega_c=2*dw=0.733 THz) on the unresolved soft modes.
[it 177] energy J(local)=[0.0927 0.0862 0.0874]
SigmaR resid-by-omega: peak w=0.73THz val=2.518e+01 in-band(<=46.4)=0.961 low(<=5)=0.147
Maximum Self-Energy Update: 25.177233149388144
Contact Current Difference: 0.0
Current Conservation abs: 0.18065168837892998
Current Conservation rel: 7.057349848642917e-06
Phonon: rel Sigma^R residual 1.8289e-02; lead balance 1.4064e-02 (best 1.3140e-03; internal spread 1.2200e-01)
Bubble energy balance: P_in=-2.102961e+04 P_out=-2.102961e+04 resid=1.437e-16
Writing output for iteration 177...
Iteration 178
eta IR floor ON: Gamma_floor=0.5378 THz^2 (eta_ir_floor_cells=2, omega_c=2*dw=0.733 THz) on the unresolved soft modes.
[it 178] energy J(local)=[0.0927 0.0862 0.0874]
SigmaR resid-by-omega: peak w=0.73THz val=2.518e+01 in-band(<=46.4)=0.961 low(<=5)=0.147
Maximum Self-Energy Update: 25.17697782579609
Contact Current Difference: 0.0
Current Conservation abs: 0.1807156642953487
Current Conservation rel: 7.059846887501874e-06
Phonon: rel Sigma^R residual 1.8288e-02; lead balance 1.4064e-02 (best 1.3140e-03; internal spread 1.2200e-01)
Bubble energy balance: P_in=-2.102962e+04 P_out=-2.102962e+04 resid=2.624e-16
Writing output for iteration 178...
Iteration 179
eta IR floor ON: Gamma_floor=0.5378 THz^2 (eta_ir_floor_cells=2, omega_c=2*dw=0.733 THz) on the unresolved soft modes.
[it 179] energy J(local)=[0.0927 0.0862 0.0874]
SigmaR resid-by-omega: peak w=0.73THz val=2.518e+01 in-band(<=46.4)=0.961 low(<=5)=0.147
Maximum Self-Energy Update: 25.177416372072578
Contact Current Difference: 0.0
Current Conservation abs: 0.18064787407820404
Current Conservation rel: 7.057202818676034e-06
Phonon: rel Sigma^R residual 1.8289e-02; lead balance 1.4064e-02 (best 1.3140e-03; internal spread 1.2200e-01)
Bubble energy balance: P_in=-2.102961e+04 P_out=-2.102961e+04 resid=2.077e-16
Writing output for iteration 179...
Iteration 180
eta IR floor ON: Gamma_floor=0.5378 THz^2 (eta_ir_floor_cells=2, omega_c=2*dw=0.733 THz) on the unresolved soft modes.
[it 180] energy J(local)=[0.0927 0.0862 0.0874]
SigmaR resid-by-omega: peak w=0.73THz val=2.518e+01 in-band(<=46.4)=0.961 low(<=5)=0.147
Maximum Self-Energy Update: 25.176948342860747
Contact Current Difference: 0.0
Current Conservation abs: 0.1807245917061664
Current Conservation rel: 7.060195544535566e-06
Phonon: rel Sigma^R residual 1.8288e-02; lead balance 1.4064e-02 (best 1.3140e-03; internal spread 1.2200e-01)
Bubble energy balance: P_in=-2.102962e+04 P_out=-2.102962e+04 resid=2.272e-16
Writing output for iteration 180...
Iteration 181
eta IR floor ON: Gamma_floor=0.5378 THz^2 (eta_ir_floor_cells=2, omega_c=2*dw=0.733 THz) on the unresolved soft modes.
[it 181] energy J(local)=[0.0927 0.0862 0.0874]
SigmaR resid-by-omega: peak w=0.73THz val=2.518e+01 in-band(<=46.4)=0.961 low(<=5)=0.147
Maximum Self-Energy Update: 25.177455153099118
Contact Current Difference: 0.0
Current Conservation abs: 0.18061369610404654
Current Conservation rel: 7.055868900437648e-06
Phonon: rel Sigma^R residual 1.8289e-02; lead balance 1.4064e-02 (best 1.3140e-03; internal spread 1.2200e-01)
Bubble energy balance: P_in=-2.102961e+04 P_out=-2.102961e+04 resid=2.740e-16
  JFNK newton#8: gmres_m=30 inner_res/||R||=5.83e-01 ||R||=4.200e+03 ||delta||=2.242e+04 trust=0.093 mu=0.00e+00
Writing output for iteration 181...
Iteration 182
eta IR floor ON: Gamma_floor=0.5378 THz^2 (eta_ir_floor_cells=2, omega_c=2*dw=0.733 THz) on the unresolved soft modes.
[it 182] energy J(local)=[0.0933 0.0808 0.0855]
SigmaR resid-by-omega: peak w=0.73THz val=9.690e+01 in-band(<=46.4)=0.963 low(<=5)=0.279
Maximum Self-Energy Update: 96.89745425162769
Contact Current Difference: 0.0
Current Conservation abs: 2.2825976621879818
Current Conservation rel: 8.447306400776933e-05
Phonon: rel Sigma^R residual 6.8379e-02; lead balance 4.1840e-03 (best 1.3140e-03; internal spread 1.2793e-01)
Bubble energy balance: P_in=-2.149716e+04 P_out=-2.149716e+04 resid=4.882e-16
Writing output for iteration 182...
Iteration 183
eta IR floor ON: Gamma_floor=0.5378 THz^2 (eta_ir_floor_cells=2, omega_c=2*dw=0.733 THz) on the unresolved soft modes.
[it 183] energy J(local)=[0.0933 0.0808 0.0855]
SigmaR resid-by-omega: peak w=0.73THz val=9.690e+01 in-band(<=46.4)=0.963 low(<=5)=0.279
Maximum Self-Energy Update: 96.899116418996
Contact Current Difference: 0.0
Current Conservation abs: 2.2826102559120045
Current Conservation rel: 8.447345444277759e-05
Phonon: rel Sigma^R residual 6.8380e-02; lead balance 4.1840e-03 (best 1.3140e-03; internal spread 1.2793e-01)
Bubble energy balance: P_in=-2.149717e+04 P_out=-2.149717e+04 resid=1.862e-16
  JFNK newton#9: gmres_m=1 inner_res/||R||=1.91e-01 ||R||=1.551e+04 ||delta||=1.106e+03 trust=0.046 mu=0.00e+00
Writing output for iteration 183...
Iteration 184
eta IR floor ON: Gamma_floor=0.5378 THz^2 (eta_ir_floor_cells=2, omega_c=2*dw=0.733 THz) on the unresolved soft modes.
[it 184] energy J(local)=[0.0926 0.0821 0.0861]
SigmaR resid-by-omega: peak w=0.73THz val=2.536e+01 in-band(<=46.4)=0.966 low(<=5)=0.197
Maximum Self-Energy Update: 25.363944060938433
Contact Current Difference: 0.0
Current Conservation abs: 1.722049582591353
Current Conservation rel: 6.650518967842717e-05
Phonon: rel Sigma^R residual 1.8776e-02; lead balance 5.1227e-03 (best 1.3140e-03; internal spread 1.2754e-01)
Bubble energy balance: P_in=-2.093707e+04 P_out=-2.093707e+04 resid=1.291e-16
Writing output for iteration 184...
Iteration 185
eta IR floor ON: Gamma_floor=0.5378 THz^2 (eta_ir_floor_cells=2, omega_c=2*dw=0.733 THz) on the unresolved soft modes.
[it 185] energy J(local)=[0.0926 0.0821 0.0861]
SigmaR resid-by-omega: peak w=0.73THz val=2.536e+01 in-band(<=46.4)=0.966 low(<=5)=0.197
Maximum Self-Energy Update: 25.363409853957236
Contact Current Difference: 0.0
Current Conservation abs: 1.722081287400215
Current Conservation rel: 6.650641549899258e-05
Phonon: rel Sigma^R residual 1.8775e-02; lead balance 5.1226e-03 (best 1.3140e-03; internal spread 1.2754e-01)
Bubble energy balance: P_in=-2.093707e+04 P_out=-2.093707e+04 resid=2.127e-16
Writing output for iteration 185...
Iteration 186
eta IR floor ON: Gamma_floor=0.5378 THz^2 (eta_ir_floor_cells=2, omega_c=2*dw=0.733 THz) on the unresolved soft modes.
[it 186] energy J(local)=[0.0926 0.0821 0.0861]
SigmaR resid-by-omega: peak w=0.73THz val=2.536e+01 in-band(<=46.4)=0.966 low(<=5)=0.197
Maximum Self-Energy Update: 25.364790100911016
Contact Current Difference: 0.0
Current Conservation abs: 1.722038424515631
Current Conservation rel: 6.65047201776408e-05
Phonon: rel Sigma^R residual 1.8776e-02; lead balance 5.1227e-03 (best 1.3140e-03; internal spread 1.2754e-01)
Bubble energy balance: P_in=-2.093708e+04 P_out=-2.093708e+04 resid=1.022e-16
Writing output for iteration 186...
Iteration 187
eta IR floor ON: Gamma_floor=0.5378 THz^2 (eta_ir_floor_cells=2, omega_c=2*dw=0.733 THz) on the unresolved soft modes.
[it 187] energy J(local)=[0.0926 0.0821 0.0861]
SigmaR resid-by-omega: peak w=0.73THz val=2.536e+01 in-band(<=46.4)=0.966 low(<=5)=0.197
Maximum Self-Energy Update: 25.362534343527273
Contact Current Difference: 0.0
Current Conservation abs: 1.722021197547292
Current Conservation rel: 6.650416755252998e-05
Phonon: rel Sigma^R residual 1.8775e-02; lead balance 5.1228e-03 (best 1.3140e-03; internal spread 1.2754e-01)
Bubble energy balance: P_in=-2.093706e+04 P_out=-2.093706e+04 resid=4.379e-16
Writing output for iteration 187...
Iteration 188
eta IR floor ON: Gamma_floor=0.5378 THz^2 (eta_ir_floor_cells=2, omega_c=2*dw=0.733 THz) on the unresolved soft modes.
[it 188] energy J(local)=[0.0926 0.0821 0.0861]
SigmaR resid-by-omega: peak w=0.73THz val=2.536e+01 in-band(<=46.4)=0.966 low(<=5)=0.197
Maximum Self-Energy Update: 25.363869814078125
Contact Current Difference: 0.0
Current Conservation abs: 1.7220560186269722
Current Conservation rel: 6.65054605467338e-05
Phonon: rel Sigma^R residual 1.8776e-02; lead balance 5.1227e-03 (best 1.3140e-03; internal spread 1.2754e-01)
Bubble energy balance: P_in=-2.093707e+04 P_out=-2.093707e+04 resid=1.841e-16
Writing output for iteration 188...
Iteration 189
eta IR floor ON: Gamma_floor=0.5378 THz^2 (eta_ir_floor_cells=2, omega_c=2*dw=0.733 THz) on the unresolved soft modes.
[it 189] energy J(local)=[0.0926 0.0821 0.0861]
SigmaR resid-by-omega: peak w=0.73THz val=2.536e+01 in-band(<=46.4)=0.966 low(<=5)=0.197
Maximum Self-Energy Update: 25.363886685488822
Contact Current Difference: 0.0
Current Conservation abs: 1.72200893641093
Current Conservation rel: 6.650359535681629e-05
Phonon: rel Sigma^R residual 1.8776e-02; lead balance 5.1227e-03 (best 1.3140e-03; internal spread 1.2754e-01)
Bubble energy balance: P_in=-2.093708e+04 P_out=-2.093708e+04 resid=9.586e-17
Writing output for iteration 189...
Iteration 190
eta IR floor ON: Gamma_floor=0.5378 THz^2 (eta_ir_floor_cells=2, omega_c=2*dw=0.733 THz) on the unresolved soft modes.
[it 190] energy J(local)=[0.0926 0.0821 0.0861]
SigmaR resid-by-omega: peak w=0.73THz val=2.536e+01 in-band(<=46.4)=0.966 low(<=5)=0.197
Maximum Self-Energy Update: 25.36381398028437
Contact Current Difference: 0.0
Current Conservation abs: 1.722057809585749
Current Conservation rel: 6.65054601505038e-05
Phonon: rel Sigma^R residual 1.8776e-02; lead balance 5.1227e-03 (best 1.3140e-03; internal spread 1.2754e-01)
Bubble energy balance: P_in=-2.093708e+04 P_out=-2.093708e+04 resid=2.261e-16
Writing output for iteration 190...
Iteration 191
eta IR floor ON: Gamma_floor=0.5378 THz^2 (eta_ir_floor_cells=2, omega_c=2*dw=0.733 THz) on the unresolved soft modes.
[it 191] energy J(local)=[0.0926 0.0821 0.0861]
SigmaR resid-by-omega: peak w=0.73THz val=2.537e+01 in-band(<=46.4)=0.966 low(<=5)=0.197
Maximum Self-Energy Update: 25.365948075060402
Contact Current Difference: 0.0
Current Conservation abs: 1.7221175107388262
Current Conservation rel: 6.650772658022904e-05
Phonon: rel Sigma^R residual 1.8777e-02; lead balance 5.1226e-03 (best 1.3140e-03; internal spread 1.2754e-01)
Bubble energy balance: P_in=-2.093709e+04 P_out=-2.093709e+04 resid=1.778e-16
Writing output for iteration 191...
Iteration 192
eta IR floor ON: Gamma_floor=0.5378 THz^2 (eta_ir_floor_cells=2, omega_c=2*dw=0.733 THz) on the unresolved soft modes.
[it 192] energy J(local)=[0.0926 0.0821 0.0861]
SigmaR resid-by-omega: peak w=0.73THz val=2.536e+01 in-band(<=46.4)=0.966 low(<=5)=0.197
Maximum Self-Energy Update: 25.36288011878136
Contact Current Difference: 0.0
Current Conservation abs: 1.7219545792322606
Current Conservation rel: 6.650160123777714e-05
Phonon: rel Sigma^R residual 1.8775e-02; lead balance 5.1228e-03 (best 1.3140e-03; internal spread 1.2754e-01)
Bubble energy balance: P_in=-2.093706e+04 P_out=-2.093706e+04 resid=5.716e-16
Writing output for iteration 192...
Iteration 193
eta IR floor ON: Gamma_floor=0.5378 THz^2 (eta_ir_floor_cells=2, omega_c=2*dw=0.733 THz) on the unresolved soft modes.
[it 193] energy J(local)=[0.0926 0.0821 0.0861]
SigmaR resid-by-omega: peak w=0.73THz val=2.537e+01 in-band(<=46.4)=0.966 low(<=5)=0.197
Maximum Self-Energy Update: 25.365629713190287
Contact Current Difference: 0.0
Current Conservation abs: 1.7222017537678767
Current Conservation rel: 6.65110029675308e-05
Phonon: rel Sigma^R residual 1.8777e-02; lead balance 5.1226e-03 (best 1.3140e-03; internal spread 1.2754e-01)
Bubble energy balance: P_in=-2.093708e+04 P_out=-2.093708e+04 resid=3.040e-16
Writing output for iteration 193...
Iteration 194
eta IR floor ON: Gamma_floor=0.5378 THz^2 (eta_ir_floor_cells=2, omega_c=2*dw=0.733 THz) on the unresolved soft modes.
[it 194] energy J(local)=[0.0926 0.0821 0.0861]
SigmaR resid-by-omega: peak w=0.73THz val=2.536e+01 in-band(<=46.4)=0.966 low(<=5)=0.197
Maximum Self-Energy Update: 25.36375358931797
Contact Current Difference: 0.0
Current Conservation abs: 1.7221392579795065
Current Conservation rel: 6.650860620603111e-05
Phonon: rel Sigma^R residual 1.8776e-02; lead balance 5.1226e-03 (best 1.3140e-03; internal spread 1.2754e-01)
Bubble energy balance: P_in=-2.093708e+04 P_out=-2.093708e+04 resid=3.608e-16
Writing output for iteration 194...
Iteration 195
eta IR floor ON: Gamma_floor=0.5378 THz^2 (eta_ir_floor_cells=2, omega_c=2*dw=0.733 THz) on the unresolved soft modes.
[it 195] energy J(local)=[0.0926 0.0821 0.0861]
SigmaR resid-by-omega: peak w=0.73THz val=2.536e+01 in-band(<=46.4)=0.966 low(<=5)=0.197
Maximum Self-Energy Update: 25.36358781006161
Contact Current Difference: 0.0
Current Conservation abs: 1.7219475413949112
Current Conservation rel: 6.650126207077293e-05
Phonon: rel Sigma^R residual 1.8776e-02; lead balance 5.1227e-03 (best 1.3140e-03; internal spread 1.2754e-01)
Bubble energy balance: P_in=-2.093707e+04 P_out=-2.093707e+04 resid=1.744e-16
Writing output for iteration 195...
Iteration 196
eta IR floor ON: Gamma_floor=0.5378 THz^2 (eta_ir_floor_cells=2, omega_c=2*dw=0.733 THz) on the unresolved soft modes.
[it 196] energy J(local)=[0.0926 0.0821 0.0861]
SigmaR resid-by-omega: peak w=0.73THz val=2.536e+01 in-band(<=46.4)=0.966 low(<=5)=0.197
Maximum Self-Energy Update: 25.364814822249514
Contact Current Difference: 0.0
Current Conservation abs: 1.722109911044754
Current Conservation rel: 6.650749596534405e-05
Phonon: rel Sigma^R residual 1.8776e-02; lead balance 5.1228e-03 (best 1.3140e-03; internal spread 1.2754e-01)
Bubble energy balance: P_in=-2.093708e+04 P_out=-2.093708e+04 resid=2.922e-16
Writing output for iteration 196...
Iteration 197
eta IR floor ON: Gamma_floor=0.5378 THz^2 (eta_ir_floor_cells=2, omega_c=2*dw=0.733 THz) on the unresolved soft modes.
[it 197] energy J(local)=[0.0926 0.0821 0.0861]
SigmaR resid-by-omega: peak w=0.73THz val=2.536e+01 in-band(<=46.4)=0.966 low(<=5)=0.197
Maximum Self-Energy Update: 25.36218972404508
Contact Current Difference: 0.0
Current Conservation abs: 1.7219742904653685
Current Conservation rel: 6.650230158341752e-05
Phonon: rel Sigma^R residual 1.8775e-02; lead balance 5.1227e-03 (best 1.3140e-03; internal spread 1.2754e-01)
Bubble energy balance: P_in=-2.093707e+04 P_out=-2.093707e+04 resid=1.957e-16
Writing output for iteration 197...
Iteration 198
eta IR floor ON: Gamma_floor=0.5378 THz^2 (eta_ir_floor_cells=2, omega_c=2*dw=0.733 THz) on the unresolved soft modes.
[it 198] energy J(local)=[0.0926 0.0821 0.0861]
SigmaR resid-by-omega: peak w=0.73THz val=2.536e+01 in-band(<=46.4)=0.966 low(<=5)=0.197
Maximum Self-Energy Update: 25.36419791900158
Contact Current Difference: 0.0
Current Conservation abs: 1.7219621669137268
Current Conservation rel: 6.650184750868749e-05
Phonon: rel Sigma^R residual 1.8776e-02; lead balance 5.1227e-03 (best 1.3140e-03; internal spread 1.2754e-01)
Bubble energy balance: P_in=-2.093706e+04 P_out=-2.093706e+04 resid=1.095e-16
Writing output for iteration 198...
Iteration 199
eta IR floor ON: Gamma_floor=0.5378 THz^2 (eta_ir_floor_cells=2, omega_c=2*dw=0.733 THz) on the unresolved soft modes.
[it 199] energy J(local)=[0.0926 0.0821 0.0861]
SigmaR resid-by-omega: peak w=0.73THz val=2.536e+01 in-band(<=46.4)=0.966 low(<=5)=0.197
Maximum Self-Energy Update: 25.36354874513414
Contact Current Difference: 0.0
Current Conservation abs: 1.7220822656126984
Current Conservation rel: 6.65064685588913e-05
Phonon: rel Sigma^R residual 1.8776e-02; lead balance 5.1228e-03 (best 1.3140e-03; internal spread 1.2754e-01)
Bubble energy balance: P_in=-2.093707e+04 P_out=-2.093707e+04 resid=1.858e-16
Writing output for iteration 199...
Iteration 200
eta IR floor ON: Gamma_floor=0.5378 THz^2 (eta_ir_floor_cells=2, omega_c=2*dw=0.733 THz) on the unresolved soft modes.
[it 200] energy J(local)=[0.0925 0.0821 0.0861]
SigmaR resid-by-omega: peak w=0.73THz val=2.536e+01 in-band(<=46.4)=0.966 low(<=5)=0.197
Maximum Self-Energy Update: 25.360853044856746
Contact Current Difference: 0.0
Current Conservation abs: 1.7218016578426614
Current Conservation rel: 6.649573543650174e-05
Phonon: rel Sigma^R residual 1.8774e-02; lead balance 5.1225e-03 (best 1.3140e-03; internal spread 1.2754e-01)
Bubble energy balance: P_in=-2.093705e+04 P_out=-2.093705e+04 resid=3.880e-16
Writing output for iteration 200...
Iteration 201
eta IR floor ON: Gamma_floor=0.5378 THz^2 (eta_ir_floor_cells=2, omega_c=2*dw=0.733 THz) on the unresolved soft modes.
[it 201] energy J(local)=[0.0926 0.0821 0.0861]
SigmaR resid-by-omega: peak w=0.73THz val=2.536e+01 in-band(<=46.4)=0.966 low(<=5)=0.197
Maximum Self-Energy Update: 25.36464681931181
Contact Current Difference: 0.0
Current Conservation abs: 1.7222143649778445
Current Conservation rel: 6.651152944398576e-05
Phonon: rel Sigma^R residual 1.8776e-02; lead balance 5.1228e-03 (best 1.3140e-03; internal spread 1.2754e-01)
Bubble energy balance: P_in=-2.093707e+04 P_out=-2.093707e+04 resid=1.733e-17
Writing output for iteration 201...
Iteration 202
eta IR floor ON: Gamma_floor=0.5378 THz^2 (eta_ir_floor_cells=2, omega_c=2*dw=0.733 THz) on the unresolved soft modes.
[it 202] energy J(local)=[0.0926 0.0821 0.0861]
SigmaR resid-by-omega: peak w=0.73THz val=2.536e+01 in-band(<=46.4)=0.966 low(<=5)=0.197
Maximum Self-Energy Update: 25.364301667180253
Contact Current Difference: 0.0
Current Conservation abs: 1.7220666956200148
Current Conservation rel: 6.650583340855297e-05
Phonon: rel Sigma^R residual 1.8776e-02; lead balance 5.1227e-03 (best 1.3140e-03; internal spread 1.2754e-01)
Bubble energy balance: P_in=-2.093707e+04 P_out=-2.093707e+04 resid=8.915e-17
Writing output for iteration 202...
Iteration 203
eta IR floor ON: Gamma_floor=0.5378 THz^2 (eta_ir_floor_cells=2, omega_c=2*dw=0.733 THz) on the unresolved soft modes.
[it 203] energy J(local)=[0.0926 0.0821 0.0861]
SigmaR resid-by-omega: peak w=0.73THz val=2.537e+01 in-band(<=46.4)=0.966 low(<=5)=0.197
Maximum Self-Energy Update: 25.36576397052772
Contact Current Difference: 0.0
Current Conservation abs: 1.7222052127563074
Current Conservation rel: 6.651113142881081e-05
Phonon: rel Sigma^R residual 1.8777e-02; lead balance 5.1228e-03 (best 1.3140e-03; internal spread 1.2754e-01)
Bubble energy balance: P_in=-2.093708e+04 P_out=-2.093708e+04 resid=1.765e-16
Writing output for iteration 203...
Iteration 204
eta IR floor ON: Gamma_floor=0.5378 THz^2 (eta_ir_floor_cells=2, omega_c=2*dw=0.733 THz) on the unresolved soft modes.
[it 204] energy J(local)=[0.0926 0.0821 0.0861]
SigmaR resid-by-omega: peak w=0.73THz val=2.536e+01 in-band(<=46.4)=0.966 low(<=5)=0.197
Maximum Self-Energy Update: 25.36310573635571
Contact Current Difference: 0.0
Current Conservation abs: 1.7219504238328227
Current Conservation rel: 6.650138717482575e-05
Phonon: rel Sigma^R residual 1.8775e-02; lead balance 5.1227e-03 (best 1.3140e-03; internal spread 1.2754e-01)
Bubble energy balance: P_in=-2.093707e+04 P_out=-2.093707e+04 resid=8.863e-17
Writing output for iteration 204...
Iteration 205
eta IR floor ON: Gamma_floor=0.5378 THz^2 (eta_ir_floor_cells=2, omega_c=2*dw=0.733 THz) on the unresolved soft modes.
[it 205] energy J(local)=[0.0926 0.0821 0.0861]
SigmaR resid-by-omega: peak w=0.73THz val=2.536e+01 in-band(<=46.4)=0.966 low(<=5)=0.197
Maximum Self-Energy Update: 25.363674053314888
Contact Current Difference: 0.0
Current Conservation abs: 1.7220370944651222
Current Conservation rel: 6.650471906830894e-05
Phonon: rel Sigma^R residual 1.8776e-02; lead balance 5.1227e-03 (best 1.3140e-03; internal spread 1.2754e-01)
Bubble energy balance: P_in=-2.093707e+04 P_out=-2.093707e+04 resid=1.429e-16
Writing output for iteration 205...
Iteration 206
eta IR floor ON: Gamma_floor=0.5378 THz^2 (eta_ir_floor_cells=2, omega_c=2*dw=0.733 THz) on the unresolved soft modes.
[it 206] energy J(local)=[0.0926 0.0821 0.0861]
SigmaR resid-by-omega: peak w=0.73THz val=2.536e+01 in-band(<=46.4)=0.966 low(<=5)=0.197
Maximum Self-Energy Update: 25.362771701502997
Contact Current Difference: 0.0
Current Conservation abs: 1.7219396065447654
Current Conservation rel: 6.65009845189337e-05
Phonon: rel Sigma^R residual 1.8775e-02; lead balance 5.1227e-03 (best 1.3140e-03; internal spread 1.2754e-01)
Bubble energy balance: P_in=-2.093706e+04 P_out=-2.093706e+04 resid=1.738e-16
Writing output for iteration 206...
Iteration 207
eta IR floor ON: Gamma_floor=0.5378 THz^2 (eta_ir_floor_cells=2, omega_c=2*dw=0.733 THz) on the unresolved soft modes.
[it 207] energy J(local)=[0.0926 0.0821 0.0861]
SigmaR resid-by-omega: peak w=0.73THz val=2.536e+01 in-band(<=46.4)=0.966 low(<=5)=0.197
Maximum Self-Energy Update: 25.364593797844716
Contact Current Difference: 0.0
Current Conservation abs: 1.7221138529439486
Current Conservation rel: 6.650764920913281e-05
Phonon: rel Sigma^R residual 1.8776e-02; lead balance 5.1226e-03 (best 1.3140e-03; internal spread 1.2754e-01)
Bubble energy balance: P_in=-2.093707e+04 P_out=-2.093707e+04 resid=4.442e-16
Writing output for iteration 207...
Iteration 208
eta IR floor ON: Gamma_floor=0.5378 THz^2 (eta_ir_floor_cells=2, omega_c=2*dw=0.733 THz) on the unresolved soft modes.
[it 208] energy J(local)=[0.0926 0.0821 0.0861]
SigmaR resid-by-omega: peak w=0.73THz val=2.536e+01 in-band(<=46.4)=0.966 low(<=5)=0.197
Maximum Self-Energy Update: 25.363929607099056
Contact Current Difference: 0.0
Current Conservation abs: 1.7220192063869035
Current Conservation rel: 6.650401352449474e-05
Phonon: rel Sigma^R residual 1.8776e-02; lead balance 5.1229e-03 (best 1.3140e-03; internal spread 1.2754e-01)
Bubble energy balance: P_in=-2.093707e+04 P_out=-2.093707e+04 resid=1.738e-16
Writing output for iteration 208...
Iteration 209
eta IR floor ON: Gamma_floor=0.5378 THz^2 (eta_ir_floor_cells=2, omega_c=2*dw=0.733 THz) on the unresolved soft modes.
[it 209] energy J(local)=[0.0926 0.0821 0.0861]
SigmaR resid-by-omega: peak w=0.73THz val=2.536e+01 in-band(<=46.4)=0.966 low(<=5)=0.197
Maximum Self-Energy Update: 25.363534036495444
Contact Current Difference: 0.0
Current Conservation abs: 1.7219770611263812
Current Conservation rel: 6.650240725240502e-05
Phonon: rel Sigma^R residual 1.8776e-02; lead balance 5.1225e-03 (best 1.3140e-03; internal spread 1.2754e-01)
Bubble energy balance: P_in=-2.093707e+04 P_out=-2.093707e+04 resid=1.843e-16
Writing output for iteration 209...
Iteration 210
eta IR floor ON: Gamma_floor=0.5378 THz^2 (eta_ir_floor_cells=2, omega_c=2*dw=0.733 THz) on the unresolved soft modes.
[it 210] energy J(local)=[0.0926 0.0821 0.0861]
SigmaR resid-by-omega: peak w=0.73THz val=2.536e+01 in-band(<=46.4)=0.966 low(<=5)=0.197
Maximum Self-Energy Update: 25.364249169582962
Contact Current Difference: 0.0
Current Conservation abs: 1.7221340993874037
Current Conservation rel: 6.650845102814954e-05
Phonon: rel Sigma^R residual 1.8776e-02; lead balance 5.1229e-03 (best 1.3140e-03; internal spread 1.2754e-01)
Bubble energy balance: P_in=-2.093707e+04 P_out=-2.093707e+04 resid=9.966e-19
Writing output for iteration 210...
Iteration 211
eta IR floor ON: Gamma_floor=0.5378 THz^2 (eta_ir_floor_cells=2, omega_c=2*dw=0.733 THz) on the unresolved soft modes.
[it 211] energy J(local)=[0.0926 0.0821 0.0861]
SigmaR resid-by-omega: peak w=0.73THz val=2.536e+01 in-band(<=46.4)=0.966 low(<=5)=0.197
Maximum Self-Energy Update: 25.363701482645222
Contact Current Difference: 0.0
Current Conservation abs: 1.722035105318355
Current Conservation rel: 6.650463239289357e-05
Phonon: rel Sigma^R residual 1.8776e-02; lead balance 5.1225e-03 (best 1.3140e-03; internal spread 1.2754e-01)
Bubble energy balance: P_in=-2.093707e+04 P_out=-2.093707e+04 resid=3.058e-16
Writing output for iteration 211...
Iteration 212
eta IR floor ON: Gamma_floor=0.5378 THz^2 (eta_ir_floor_cells=2, omega_c=2*dw=0.733 THz) on the unresolved soft modes.
[it 212] energy J(local)=[0.0926 0.0821 0.0861]
SigmaR resid-by-omega: peak w=0.73THz val=2.536e+01 in-band(<=46.4)=0.966 low(<=5)=0.197
Maximum Self-Energy Update: 25.364258377716098
Contact Current Difference: 0.0
Current Conservation abs: 1.7220946583183832
Current Conservation rel: 6.650691461750878e-05
Phonon: rel Sigma^R residual 1.8776e-02; lead balance 5.1228e-03 (best 1.3140e-03; internal spread 1.2754e-01)
Bubble energy balance: P_in=-2.093707e+04 P_out=-2.093707e+04 resid=1.067e-16
Writing output for iteration 212...
Iteration 213
eta IR floor ON: Gamma_floor=0.5378 THz^2 (eta_ir_floor_cells=2, omega_c=2*dw=0.733 THz) on the unresolved soft modes.
[it 213] energy J(local)=[0.0926 0.0821 0.0861]
SigmaR resid-by-omega: peak w=0.73THz val=2.536e+01 in-band(<=46.4)=0.966 low(<=5)=0.197
Maximum Self-Energy Update: 25.36413319598753
Contact Current Difference: 0.0
Current Conservation abs: 1.7220892452969565
Current Conservation rel: 6.650670363848426e-05
Phonon: rel Sigma^R residual 1.8776e-02; lead balance 5.1223e-03 (best 1.3140e-03; internal spread 1.2754e-01)
Bubble energy balance: P_in=-2.093707e+04 P_out=-2.093707e+04 resid=3.475e-16
Writing output for iteration 213...
Iteration 214
eta IR floor ON: Gamma_floor=0.5378 THz^2 (eta_ir_floor_cells=2, omega_c=2*dw=0.733 THz) on the unresolved soft modes.
[it 214] energy J(local)=[0.0926 0.0821 0.0861]
SigmaR resid-by-omega: peak w=0.73THz val=2.536e+01 in-band(<=46.4)=0.966 low(<=5)=0.197
Maximum Self-Energy Update: 25.363784666423246
Contact Current Difference: 0.0
Current Conservation abs: 1.72197574452548
Current Conservation rel: 6.650234864972168e-05
Phonon: rel Sigma^R residual 1.8776e-02; lead balance 5.1229e-03 (best 1.3140e-03; internal spread 1.2754e-01)
Bubble energy balance: P_in=-2.093707e+04 P_out=-2.093707e+04 resid=2.911e-16
  JFNK newton#10: gmres_m=30 inner_res/||R||=9.07e-01 ||R||=2.964e+03 ||delta||=6.475e+03 trust=0.06 mu=0.00e+00
Writing output for iteration 214...
Iteration 215
eta IR floor ON: Gamma_floor=0.5378 THz^2 (eta_ir_floor_cells=2, omega_c=2*dw=0.733 THz) on the unresolved soft modes.
[it 215] energy J(local)=[0.0918 0.084  0.0863]
SigmaR resid-by-omega: peak w=0.73THz val=2.135e+01 in-band(<=46.4)=0.968 low(<=5)=0.184
Maximum Self-Energy Update: 21.354487686591387
Contact Current Difference: 0.0
Current Conservation abs: 1.1151270813461451
Current Conservation rel: 4.339871603393226e-05
Phonon: rel Sigma^R residual 1.6016e-02; lead balance 7.0184e-03 (best 1.3140e-03; internal spread 1.2354e-01)
Bubble energy balance: P_in=-2.084181e+04 P_out=-2.084181e+04 resid=1.968e-16
Writing output for iteration 215...
Iteration 216
eta IR floor ON: Gamma_floor=0.5378 THz^2 (eta_ir_floor_cells=2, omega_c=2*dw=0.733 THz) on the unresolved soft modes.
[it 216] energy J(local)=[0.0918 0.084  0.0863]
SigmaR resid-by-omega: peak w=0.73THz val=2.135e+01 in-band(<=46.4)=0.968 low(<=5)=0.184
Maximum Self-Energy Update: 21.35409226899964
Contact Current Difference: 0.0
Current Conservation abs: 1.1151499607185542
Current Conservation rel: 4.3399609391775305e-05
Phonon: rel Sigma^R residual 1.6016e-02; lead balance 7.0184e-03 (best 1.3140e-03; internal spread 1.2354e-01)
Bubble energy balance: P_in=-2.084181e+04 P_out=-2.084181e+04 resid=2.225e-16
Writing output for iteration 216...
Iteration 217
eta IR floor ON: Gamma_floor=0.5378 THz^2 (eta_ir_floor_cells=2, omega_c=2*dw=0.733 THz) on the unresolved soft modes.
[it 217] energy J(local)=[0.0918 0.084  0.0863]
SigmaR resid-by-omega: peak w=0.73THz val=2.136e+01 in-band(<=46.4)=0.968 low(<=5)=0.184
Maximum Self-Energy Update: 21.355097647290858
Contact Current Difference: 0.0
Current Conservation abs: 1.1151206476133666
Current Conservation rel: 4.339844123784746e-05
Phonon: rel Sigma^R residual 1.6016e-02; lead balance 7.0184e-03 (best 1.3140e-03; internal spread 1.2354e-01)
Bubble energy balance: P_in=-2.084182e+04 P_out=-2.084182e+04 resid=1.833e-16
Writing output for iteration 217...
Iteration 218
eta IR floor ON: Gamma_floor=0.5378 THz^2 (eta_ir_floor_cells=2, omega_c=2*dw=0.733 THz) on the unresolved soft modes.
[it 218] energy J(local)=[0.0918 0.084  0.0863]
SigmaR resid-by-omega: peak w=0.73THz val=2.135e+01 in-band(<=46.4)=0.968 low(<=5)=0.184
Maximum Self-Energy Update: 21.353286116125638
Contact Current Difference: 0.0
Current Conservation abs: 1.1151025516646769
Current Conservation rel: 4.339780867445307e-05
Phonon: rel Sigma^R residual 1.6015e-02; lead balance 7.0185e-03 (best 1.3140e-03; internal spread 1.2354e-01)
Bubble energy balance: P_in=-2.084180e+04 P_out=-2.084180e+04 resid=1.259e-16
Writing output for iteration 218...
Iteration 219
eta IR floor ON: Gamma_floor=0.5378 THz^2 (eta_ir_floor_cells=2, omega_c=2*dw=0.733 THz) on the unresolved soft modes.
[it 219] energy J(local)=[0.0918 0.084  0.0863]
SigmaR resid-by-omega: peak w=0.73THz val=2.135e+01 in-band(<=46.4)=0.968 low(<=5)=0.184
Maximum Self-Energy Update: 21.354451904568723
Contact Current Difference: 0.0
Current Conservation abs: 1.1151314620256016
Current Conservation rel: 4.3398904154914174e-05
Phonon: rel Sigma^R residual 1.6016e-02; lead balance 7.0185e-03 (best 1.3140e-03; internal spread 1.2354e-01)
Bubble energy balance: P_in=-2.084181e+04 P_out=-2.084181e+04 resid=1.231e-16
Writing output for iteration 219...
Iteration 220
eta IR floor ON: Gamma_floor=0.5378 THz^2 (eta_ir_floor_cells=2, omega_c=2*dw=0.733 THz) on the unresolved soft modes.
[it 220] energy J(local)=[0.0918 0.084  0.0863]
SigmaR resid-by-omega: peak w=0.73THz val=2.135e+01 in-band(<=46.4)=0.968 low(<=5)=0.184
Maximum Self-Energy Update: 21.35314836964662
Contact Current Difference: 0.0
Current Conservation abs: 1.1150898358482664
Current Conservation rel: 4.339727619767787e-05
Phonon: rel Sigma^R residual 1.6015e-02; lead balance 7.0184e-03 (best 1.3140e-03; internal spread 1.2354e-01)
Bubble energy balance: P_in=-2.084181e+04 P_out=-2.084181e+04 resid=1.798e-16
Writing output for iteration 220...
Iteration 221
eta IR floor ON: Gamma_floor=0.5378 THz^2 (eta_ir_floor_cells=2, omega_c=2*dw=0.733 THz) on the unresolved soft modes.
[it 221] energy J(local)=[0.0918 0.084  0.0863]
SigmaR resid-by-omega: peak w=0.73THz val=2.136e+01 in-band(<=46.4)=0.968 low(<=5)=0.184
Maximum Self-Energy Update: 21.355674372399154
Contact Current Difference: 0.0
Current Conservation abs: 1.1151164663060626
Current Conservation rel: 4.339825254077387e-05
Phonon: rel Sigma^R residual 1.6017e-02; lead balance 7.0184e-03 (best 1.3140e-03; internal spread 1.2354e-01)
Bubble energy balance: P_in=-2.084183e+04 P_out=-2.084183e+04 resid=1.758e-16
Writing output for iteration 221...
Iteration 222
eta IR floor ON: Gamma_floor=0.5378 THz^2 (eta_ir_floor_cells=2, omega_c=2*dw=0.733 THz) on the unresolved soft modes.
[it 222] energy J(local)=[0.0918 0.084  0.0863]
SigmaR resid-by-omega: peak w=0.73THz val=2.136e+01 in-band(<=46.4)=0.968 low(<=5)=0.184
Maximum Self-Energy Update: 21.3558766037509
Contact Current Difference: 0.0
Current Conservation abs: 1.115173660493383
Current Conservation rel: 4.3400483671977135e-05
Phonon: rel Sigma^R residual 1.6017e-02; lead balance 7.0184e-03 (best 1.3140e-03; internal spread 1.2354e-01)
Bubble energy balance: P_in=-2.084183e+04 P_out=-2.084183e+04 resid=1.440e-16
Writing output for iteration 222...
Iteration 223
eta IR floor ON: Gamma_floor=0.5378 THz^2 (eta_ir_floor_cells=2, omega_c=2*dw=0.733 THz) on the unresolved soft modes.
[it 223] energy J(local)=[0.0918 0.084  0.0863]
SigmaR resid-by-omega: peak w=0.73THz val=2.135e+01 in-band(<=46.4)=0.968 low(<=5)=0.184
Maximum Self-Energy Update: 21.35337583813691
Contact Current Difference: 0.0
Current Conservation abs: 1.115037676094289
Current Conservation rel: 4.339528034056023e-05
Phonon: rel Sigma^R residual 1.6015e-02; lead balance 7.0185e-03 (best 1.3140e-03; internal spread 1.2354e-01)
Bubble energy balance: P_in=-2.084180e+04 P_out=-2.084180e+04 resid=4.157e-17
Writing output for iteration 223...
Iteration 224
eta IR floor ON: Gamma_floor=0.5378 THz^2 (eta_ir_floor_cells=2, omega_c=2*dw=0.733 THz) on the unresolved soft modes.
[it 224] energy J(local)=[0.0918 0.084  0.0863]
SigmaR resid-by-omega: peak w=0.73THz val=2.136e+01 in-band(<=46.4)=0.968 low(<=5)=0.184
Maximum Self-Energy Update: 21.355971698120392
Contact Current Difference: 0.0
Current Conservation abs: 1.1151401601273392
Current Conservation rel: 4.339922920699716e-05
Phonon: rel Sigma^R residual 1.6017e-02; lead balance 7.0184e-03 (best 1.3140e-03; internal spread 1.2354e-01)
Bubble energy balance: P_in=-2.084181e+04 P_out=-2.084181e+04 resid=1.188e-16
Writing output for iteration 224...
Iteration 225
eta IR floor ON: Gamma_floor=0.5378 THz^2 (eta_ir_floor_cells=2, omega_c=2*dw=0.733 THz) on the unresolved soft modes.
[it 225] energy J(local)=[0.0918 0.084  0.0863]
SigmaR resid-by-omega: peak w=0.73THz val=2.136e+01 in-band(<=46.4)=0.968 low(<=5)=0.184
Maximum Self-Energy Update: 21.35533283151364
Contact Current Difference: 0.0
Current Conservation abs: 1.115267508157558
Current Conservation rel: 4.3404133759590074e-05
Phonon: rel Sigma^R residual 1.6017e-02; lead balance 7.0184e-03 (best 1.3140e-03; internal spread 1.2354e-01)
Bubble energy balance: P_in=-2.084183e+04 P_out=-2.084183e+04 resid=8.792e-17
Writing output for iteration 225...
Iteration 226
eta IR floor ON: Gamma_floor=0.5378 THz^2 (eta_ir_floor_cells=2, omega_c=2*dw=0.733 THz) on the unresolved soft modes.
[it 226] energy J(local)=[0.0918 0.084  0.0863]
SigmaR resid-by-omega: peak w=0.73THz val=2.135e+01 in-band(<=46.4)=0.968 low(<=5)=0.184
Maximum Self-Energy Update: 21.354278114933223
Contact Current Difference: 0.0
Current Conservation abs: 1.1150656550944404
Current Conservation rel: 4.339632181863342e-05
Phonon: rel Sigma^R residual 1.6016e-02; lead balance 7.0184e-03 (best 1.3140e-03; internal spread 1.2354e-01)
Bubble energy balance: P_in=-2.084181e+04 P_out=-2.084181e+04 resid=2.625e-16
Writing output for iteration 226...
Iteration 227
eta IR floor ON: Gamma_floor=0.5378 THz^2 (eta_ir_floor_cells=2, omega_c=2*dw=0.733 THz) on the unresolved soft modes.
[it 227] energy J(local)=[0.0918 0.084  0.0863]
SigmaR resid-by-omega: peak w=0.73THz val=2.135e+01 in-band(<=46.4)=0.968 low(<=5)=0.184
Maximum Self-Energy Update: 21.3547477732626
Contact Current Difference: 0.0
Current Conservation abs: 1.1152120266451675
Current Conservation rel: 4.340199879141617e-05
Phonon: rel Sigma^R residual 1.6016e-02; lead balance 7.0184e-03 (best 1.3140e-03; internal spread 1.2354e-01)
Bubble energy balance: P_in=-2.084182e+04 P_out=-2.084182e+04 resid=2.074e-16
Writing output for iteration 227...
Iteration 228
eta IR floor ON: Gamma_floor=0.5378 THz^2 (eta_ir_floor_cells=2, omega_c=2*dw=0.733 THz) on the unresolved soft modes.
[it 228] energy J(local)=[0.0918 0.084  0.0863]
SigmaR resid-by-omega: peak w=0.73THz val=2.136e+01 in-band(<=46.4)=0.968 low(<=5)=0.184
Maximum Self-Energy Update: 21.356197979305936
Contact Current Difference: 0.0
Current Conservation abs: 1.1151550149788818
Current Conservation rel: 4.3399789055728047e-05
Phonon: rel Sigma^R residual 1.6017e-02; lead balance 7.0184e-03 (best 1.3140e-03; internal spread 1.2354e-01)
Bubble energy balance: P_in=-2.084182e+04 P_out=-2.084182e+04 resid=6.578e-17
Writing output for iteration 228...
Iteration 229
eta IR floor ON: Gamma_floor=0.5378 THz^2 (eta_ir_floor_cells=2, omega_c=2*dw=0.733 THz) on the unresolved soft modes.
[it 229] energy J(local)=[0.0918 0.084  0.0863]
SigmaR resid-by-omega: peak w=0.73THz val=2.135e+01 in-band(<=46.4)=0.968 low(<=5)=0.184
Maximum Self-Energy Update: 21.352722162631082
Contact Current Difference: 0.0
Current Conservation abs: 1.115010318120767
Current Conservation rel: 4.3394201312868026e-05
Phonon: rel Sigma^R residual 1.6015e-02; lead balance 7.0184e-03 (best 1.3140e-03; internal spread 1.2354e-01)
Bubble energy balance: P_in=-2.084181e+04 P_out=-2.084181e+04 resid=3.017e-16
Writing output for iteration 229...
Iteration 230
eta IR floor ON: Gamma_floor=0.5378 THz^2 (eta_ir_floor_cells=2, omega_c=2*dw=0.733 THz) on the unresolved soft modes.
[it 230] energy J(local)=[0.0918 0.084  0.0863]
SigmaR resid-by-omega: peak w=0.73THz val=2.135e+01 in-band(<=46.4)=0.968 low(<=5)=0.184
Maximum Self-Energy Update: 21.354705584464266
Contact Current Difference: 0.0
Current Conservation abs: 1.1152179781092855
Current Conservation rel: 4.3402247771596855e-05
Phonon: rel Sigma^R residual 1.6016e-02; lead balance 7.0184e-03 (best 1.3140e-03; internal spread 1.2354e-01)
Bubble energy balance: P_in=-2.084181e+04 P_out=-2.084181e+04 resid=1.920e-16
Writing output for iteration 230...
Iteration 231
eta IR floor ON: Gamma_floor=0.5378 THz^2 (eta_ir_floor_cells=2, omega_c=2*dw=0.733 THz) on the unresolved soft modes.
[it 231] energy J(local)=[0.0918 0.084  0.0863]
SigmaR resid-by-omega: peak w=0.73THz val=2.135e+01 in-band(<=46.4)=0.968 low(<=5)=0.184
Maximum Self-Energy Update: 21.350861822177112
Contact Current Difference: 0.0
Current Conservation abs: 1.1148641141662665
Current Conservation rel: 4.3388569455225005e-05
Phonon: rel Sigma^R residual 1.6013e-02; lead balance 7.0184e-03 (best 1.3140e-03; internal spread 1.2354e-01)
Bubble energy balance: P_in=-2.084179e+04 P_out=-2.084179e+04 resid=2.625e-16
Writing output for iteration 231...
Iteration 232
eta IR floor ON: Gamma_floor=0.5378 THz^2 (eta_ir_floor_cells=2, omega_c=2*dw=0.733 THz) on the unresolved soft modes.
[it 232] energy J(local)=[0.0918 0.084  0.0863]
SigmaR resid-by-omega: peak w=0.73THz val=2.135e+01 in-band(<=46.4)=0.968 low(<=5)=0.184
Maximum Self-Energy Update: 21.35485576247962
Contact Current Difference: 0.0
Current Conservation abs: 1.1152430935508164
Current Conservation rel: 4.3403222645646193e-05
Phonon: rel Sigma^R residual 1.6016e-02; lead balance 7.0185e-03 (best 1.3140e-03; internal spread 1.2354e-01)
Bubble energy balance: P_in=-2.084182e+04 P_out=-2.084182e+04 resid=1.898e-16
Writing output for iteration 232...
Iteration 233
eta IR floor ON: Gamma_floor=0.5378 THz^2 (eta_ir_floor_cells=2, omega_c=2*dw=0.733 THz) on the unresolved soft modes.
[it 233] energy J(local)=[0.0918 0.084  0.0863]
SigmaR resid-by-omega: peak w=0.73THz val=2.135e+01 in-band(<=46.4)=0.968 low(<=5)=0.184
Maximum Self-Energy Update: 21.3541264822705
Contact Current Difference: 0.0
Current Conservation abs: 1.1150984847317886
Current Conservation rel: 4.339760767875957e-05
Phonon: rel Sigma^R residual 1.6016e-02; lead balance 7.0183e-03 (best 1.3140e-03; internal spread 1.2354e-01)
Bubble energy balance: P_in=-2.084181e+04 P_out=-2.084181e+04 resid=2.987e-16
Writing output for iteration 233...
Iteration 234
eta IR floor ON: Gamma_floor=0.5378 THz^2 (eta_ir_floor_cells=2, omega_c=2*dw=0.733 THz) on the unresolved soft modes.
[it 234] energy J(local)=[0.0918 0.084  0.0863]
SigmaR resid-by-omega: peak w=0.73THz val=2.136e+01 in-band(<=46.4)=0.968 low(<=5)=0.184
Maximum Self-Energy Update: 21.357027650916663
Contact Current Difference: 0.0
Current Conservation abs: 1.115305620149229
Current Conservation rel: 4.3405610186865874e-05
Phonon: rel Sigma^R residual 1.6018e-02; lead balance 7.0186e-03 (best 1.3140e-03; internal spread 1.2354e-01)
Bubble energy balance: P_in=-2.084183e+04 P_out=-2.084183e+04 resid=2.873e-16
Writing output for iteration 234...
Iteration 235
eta IR floor ON: Gamma_floor=0.5378 THz^2 (eta_ir_floor_cells=2, omega_c=2*dw=0.733 THz) on the unresolved soft modes.
[it 235] energy J(local)=[0.0918 0.084  0.0863]
SigmaR resid-by-omega: peak w=0.73THz val=2.135e+01 in-band(<=46.4)=0.968 low(<=5)=0.184
Maximum Self-Energy Update: 21.35304058746952
Contact Current Difference: 0.0
Current Conservation abs: 1.1149677698449523
Current Conservation rel: 4.339254284307139e-05
Phonon: rel Sigma^R residual 1.6015e-02; lead balance 7.0183e-03 (best 1.3140e-03; internal spread 1.2354e-01)
Bubble energy balance: P_in=-2.084181e+04 P_out=-2.084181e+04 resid=1.894e-16
Writing output for iteration 235...
Iteration 236
eta IR floor ON: Gamma_floor=0.5378 THz^2 (eta_ir_floor_cells=2, omega_c=2*dw=0.733 THz) on the unresolved soft modes.
[it 236] energy J(local)=[0.0918 0.084  0.0863]
SigmaR resid-by-omega: peak w=0.73THz val=2.135e+01 in-band(<=46.4)=0.968 low(<=5)=0.184
Maximum Self-Energy Update: 21.354397701307814
Contact Current Difference: 0.0
Current Conservation abs: 1.1151081237076141
Current Conservation rel: 4.339798230783382e-05
Phonon: rel Sigma^R residual 1.6016e-02; lead balance 7.0185e-03 (best 1.3140e-03; internal spread 1.2354e-01)
Bubble energy balance: P_in=-2.084181e+04 P_out=-2.084181e+04 resid=7.065e-17
Writing output for iteration 236...
Iteration 237
eta IR floor ON: Gamma_floor=0.5378 THz^2 (eta_ir_floor_cells=2, omega_c=2*dw=0.733 THz) on the unresolved soft modes.
[it 237] energy J(local)=[0.0918 0.084  0.0863]
SigmaR resid-by-omega: peak w=0.73THz val=2.135e+01 in-band(<=46.4)=0.968 low(<=5)=0.184
Maximum Self-Energy Update: 21.353826455140982
Contact Current Difference: 0.0
Current Conservation abs: 1.1150782911045098
Current Conservation rel: 4.3396829653151155e-05
Phonon: rel Sigma^R residual 1.6015e-02; lead balance 7.0182e-03 (best 1.3140e-03; internal spread 1.2354e-01)
Bubble energy balance: P_in=-2.084181e+04 P_out=-2.084181e+04 resid=2.758e-16
Writing output for iteration 237...
Iteration 238
eta IR floor ON: Gamma_floor=0.5378 THz^2 (eta_ir_floor_cells=2, omega_c=2*dw=0.733 THz) on the unresolved soft modes.
[it 238] energy J(local)=[0.0918 0.084  0.0863]
SigmaR resid-by-omega: peak w=0.73THz val=2.135e+01 in-band(<=46.4)=0.968 low(<=5)=0.184
Maximum Self-Energy Update: 21.354912363760597
Contact Current Difference: 0.0
Current Conservation abs: 1.1152030781358917
Current Conservation rel: 4.34016656241802e-05
Phonon: rel Sigma^R residual 1.6016e-02; lead balance 7.0186e-03 (best 1.3140e-03; internal spread 1.2354e-01)
Bubble energy balance: P_in=-2.084182e+04 P_out=-2.084182e+04 resid=1.823e-16
Writing output for iteration 238...
Iteration 239
eta IR floor ON: Gamma_floor=0.5378 THz^2 (eta_ir_floor_cells=2, omega_c=2*dw=0.733 THz) on the unresolved soft modes.
[it 239] energy J(local)=[0.0918 0.084  0.0863]
SigmaR resid-by-omega: peak w=0.73THz val=2.135e+01 in-band(<=46.4)=0.968 low(<=5)=0.184
Maximum Self-Energy Update: 21.354294524903473
Contact Current Difference: 0.0
Current Conservation abs: 1.11513803467642
Current Conservation rel: 4.3399143353497776e-05
Phonon: rel Sigma^R residual 1.6016e-02; lead balance 7.0182e-03 (best 1.3140e-03; internal spread 1.2354e-01)
Bubble energy balance: P_in=-2.084181e+04 P_out=-2.084181e+04 resid=1.847e-16
Writing output for iteration 239...
Iteration 240
eta IR floor ON: Gamma_floor=0.5378 THz^2 (eta_ir_floor_cells=2, omega_c=2*dw=0.733 THz) on the unresolved soft modes.
[it 240] energy J(local)=[0.0918 0.084  0.0863]
SigmaR resid-by-omega: peak w=0.73THz val=2.135e+01 in-band(<=46.4)=0.968 low(<=5)=0.184
Maximum Self-Energy Update: 21.354418974239426
Contact Current Difference: 0.0
Current Conservation abs: 1.1150917746672349
Current Conservation rel: 4.339733749505654e-05
Phonon: rel Sigma^R residual 1.6016e-02; lead balance 7.0188e-03 (best 1.3140e-03; internal spread 1.2354e-01)
Bubble energy balance: P_in=-2.084181e+04 P_out=-2.084181e+04 resid=9.382e-17
Writing output for iteration 240...
Iteration 241
eta IR floor ON: Gamma_floor=0.5378 THz^2 (eta_ir_floor_cells=2, omega_c=2*dw=0.733 THz) on the unresolved soft modes.
[it 241] energy J(local)=[0.0918 0.084  0.0863]
SigmaR resid-by-omega: peak w=0.73THz val=2.135e+01 in-band(<=46.4)=0.968 low(<=5)=0.184
Maximum Self-Energy Update: 21.354463817684948
Contact Current Difference: 0.0
Current Conservation abs: 1.115121889506554
Current Conservation rel: 4.339851676029319e-05
Phonon: rel Sigma^R residual 1.6016e-02; lead balance 7.0183e-03 (best 1.3140e-03; internal spread 1.2354e-01)
Bubble energy balance: P_in=-2.084181e+04 P_out=-2.084181e+04 resid=2.977e-16
Writing output for iteration 241...
Iteration 242
eta IR floor ON: Gamma_floor=0.5378 THz^2 (eta_ir_floor_cells=2, omega_c=2*dw=0.733 THz) on the unresolved soft modes.
[it 242] energy J(local)=[0.0918 0.084  0.0863]
SigmaR resid-by-omega: peak w=0.73THz val=2.136e+01 in-band(<=46.4)=0.968 low(<=5)=0.184
Maximum Self-Energy Update: 21.35508107948078
Contact Current Difference: 0.0
Current Conservation abs: 1.1151933875480609
Current Conservation rel: 4.3401285845164196e-05
Phonon: rel Sigma^R residual 1.6016e-02; lead balance 7.0185e-03 (best 1.3140e-03; internal spread 1.2354e-01)
Bubble energy balance: P_in=-2.084182e+04 P_out=-2.084182e+04 resid=8.729e-17
Writing output for iteration 242...
Iteration 243
eta IR floor ON: Gamma_floor=0.5378 THz^2 (eta_ir_floor_cells=2, omega_c=2*dw=0.733 THz) on the unresolved soft modes.
[it 243] energy J(local)=[0.0918 0.084  0.0863]
SigmaR resid-by-omega: peak w=0.73THz val=2.135e+01 in-band(<=46.4)=0.968 low(<=5)=0.184
Maximum Self-Energy Update: 21.354733067387762
Contact Current Difference: 0.0
Current Conservation abs: 1.1151626182072505
Current Conservation rel: 4.34000880134235e-05
Phonon: rel Sigma^R residual 1.6016e-02; lead balance 7.0185e-03 (best 1.3140e-03; internal spread 1.2354e-01)
Bubble energy balance: P_in=-2.084182e+04 P_out=-2.084182e+04 resid=1.799e-16
Writing output for iteration 243...
Iteration 244
eta IR floor ON: Gamma_floor=0.5378 THz^2 (eta_ir_floor_cells=2, omega_c=2*dw=0.733 THz) on the unresolved soft modes.
[it 244] energy J(local)=[0.0918 0.084  0.0863]
SigmaR resid-by-omega: peak w=0.73THz val=2.135e+01 in-band(<=46.4)=0.968 low(<=5)=0.184
Maximum Self-Energy Update: 21.3546149664324
Contact Current Difference: 0.0
Current Conservation abs: 1.1150701139449666
Current Conservation rel: 4.339650178701415e-05
Phonon: rel Sigma^R residual 1.6016e-02; lead balance 7.0183e-03 (best 1.3140e-03; internal spread 1.2354e-01)
Bubble energy balance: P_in=-2.084181e+04 P_out=-2.084181e+04 resid=1.790e-16
Writing output for iteration 244...
Iteration 245
eta IR floor ON: Gamma_floor=0.5378 THz^2 (eta_ir_floor_cells=2, omega_c=2*dw=0.733 THz) on the unresolved soft modes.
[it 245] energy J(local)=[0.0918 0.084  0.0863]
SigmaR resid-by-omega: peak w=0.73THz val=2.135e+01 in-band(<=46.4)=0.968 low(<=5)=0.184
Maximum Self-Energy Update: 21.353956437182877
Contact Current Difference: 0.0
Current Conservation abs: 1.1151124625848752
Current Conservation rel: 4.339815532701454e-05
Phonon: rel Sigma^R residual 1.6016e-02; lead balance 7.0187e-03 (best 1.3140e-03; internal spread 1.2354e-01)
Bubble energy balance: P_in=-2.084181e+04 P_out=-2.084181e+04 resid=2.620e-16
  JFNK newton#11: gmres_m=30 inner_res/||R||=9.48e-01 ||R||=2.715e+03 ||delta||=1.242e+04 trust=0.078 mu=0.00e+00
Writing output for iteration 245...
Iteration 246
eta IR floor ON: Gamma_floor=0.5378 THz^2 (eta_ir_floor_cells=2, omega_c=2*dw=0.733 THz) on the unresolved soft modes.
[it 246] energy J(local)=[0.0921 0.0825 0.085 ]
SigmaR resid-by-omega: peak w=0.73THz val=3.509e+01 in-band(<=46.4)=0.967 low(<=5)=0.199
Maximum Self-Energy Update: 35.09224952062436
Contact Current Difference: 0.0
Current Conservation abs: 1.4981191354672774
Current Conservation rel: 5.715813003406076e-05
Phonon: rel Sigma^R residual 2.6681e-02; lead balance 2.4973e-03 (best 1.3140e-03; internal spread 1.2392e-01)
Bubble energy balance: P_in=-2.099134e+04 P_out=-2.099134e+04 resid=1.882e-16
Writing output for iteration 246...
Iteration 247
eta IR floor ON: Gamma_floor=0.5378 THz^2 (eta_ir_floor_cells=2, omega_c=2*dw=0.733 THz) on the unresolved soft modes.
[it 247] energy J(local)=[0.0921 0.0825 0.085 ]
SigmaR resid-by-omega: peak w=0.73THz val=3.509e+01 in-band(<=46.4)=0.967 low(<=5)=0.199
Maximum Self-Energy Update: 35.092927250499365
Contact Current Difference: 0.0
Current Conservation abs: 1.4981400483393372
Current Conservation rel: 5.715888795581522e-05
Phonon: rel Sigma^R residual 2.6682e-02; lead balance 2.4973e-03 (best 1.3140e-03; internal spread 1.2392e-01)
Bubble energy balance: P_in=-2.099135e+04 P_out=-2.099135e+04 resid=3.231e-16
Writing output for iteration 247...
Iteration 248
eta IR floor ON: Gamma_floor=0.5378 THz^2 (eta_ir_floor_cells=2, omega_c=2*dw=0.733 THz) on the unresolved soft modes.
[it 248] energy J(local)=[0.0921 0.0825 0.085 ]
SigmaR resid-by-omega: peak w=0.73THz val=3.509e+01 in-band(<=46.4)=0.967 low(<=5)=0.199
Maximum Self-Energy Update: 35.090816704502586
Contact Current Difference: 0.0
Current Conservation abs: 1.4981288493218017
Current Conservation rel: 5.71585490136899e-05
Phonon: rel Sigma^R residual 2.6680e-02; lead balance 2.4973e-03 (best 1.3140e-03; internal spread 1.2392e-01)
Bubble energy balance: P_in=-2.099133e+04 P_out=-2.099133e+04 resid=2.040e-16
Writing output for iteration 248...
Iteration 249
eta IR floor ON: Gamma_floor=0.5378 THz^2 (eta_ir_floor_cells=2, omega_c=2*dw=0.733 THz) on the unresolved soft modes.
[it 249] energy J(local)=[0.0921 0.0825 0.085 ]
SigmaR resid-by-omega: peak w=0.73THz val=3.509e+01 in-band(<=46.4)=0.967 low(<=5)=0.199
Maximum Self-Energy Update: 35.09133824876692
Contact Current Difference: 0.0
Current Conservation abs: 1.4980805028626492
Current Conservation rel: 5.715670041997803e-05
Phonon: rel Sigma^R residual 2.6681e-02; lead balance 2.4973e-03 (best 1.3140e-03; internal spread 1.2392e-01)
Bubble energy balance: P_in=-2.099134e+04 P_out=-2.099134e+04 resid=9.290e-17
Writing output for iteration 249...
SCBA did not converge after 249 iterations.
SAVED /usr/scratch/mont-fort11/pfischill/quatrex/phonon/studies/out/conv1e10/sinw_d5a_L2_eta0_jfnk_tgrow.npz  final_heat=[0.092 0.082 0.085]  best=[5.222 4.957 5.229]  best_cons=0.001314023882077381
