launch: NRANKS=128 QX_CONFIG=/usr/scratch/mont-fort11/pfischill/quatrex/phonon/studies/out/conv1e10/work/sinw_d5a_L2_nf181_jfnk_k50_eta0/quatrex_config.toml BCS=cfg QCS=cfg ballistic=0
/usr/scratch/mont-fort11/pfischill/quatrex/src/qttools/__init__.py:56: UserWarning: 'cupy' is unavailable or not working, defaulting to 'numpy'. (No module named 'cupy')
  warnings.warn(
/usr/scratch/mont-fort11/pfischill/quatrex/src/quatrex/core/config.py:1767: UserWarning: The CPU code will run sequentially which may impact performance.
  warnings.warn(
Max Interaction Cutoff: 10.0
Energy window: 0.0 to 66.0 eV with 181 grid points.
Resolution is 0.366667 eV.
comm.stack size: 128, comm.block size: 1
Each comm.block has 1 grid points.
/usr/scratch/mont-fort11/pfischill/quatrex/src/quatrex/core/statistics.py:42: RuntimeWarning: divide by zero encountered in divide
  return 1 / (xp.exp(energy / (k_B * temperature)) - 1)
WARNING: phonon_energies.npy (181 pts, dw=0.3667) does not match the solver energy grid (2 pts); using the solver grid for the scattering self-energy.
SSE band-limit: harmonic band top 64.081 THz (fixed above-band mask)
Max Interaction Cutoff: 10.0
RUN config=/usr/scratch/mont-fort11/pfischill/quatrex/phonon/studies/out/conv1e10/work/sinw_d5a_L2_nf181_jfnk_k50_eta0/quatrex_config.toml phonon=True eta=1e-12 retarded=fft nblk=2 ne=181 bcs=1 qcs=1 nranks=128
Entering SCBA loop...
Iteration 0
SSE band-limit: masking 5 bin(s) above 64.081 THz
SSE band-limit: harmonic-support mask -> 96/181 empty bins masked (margin 1.5 THz)
SSE band-limit: occupation-freeze mask -> 61/181 frozen bins (n<0.001, T_hot=305K)
SSE band-limit: SMOOTH window (support ramp 4*dw, freeze n<0.001) -> mean w=0.429, 102/181 bins below 0.5
[it  0] energy J(local)=[0.0233 0.0233 0.0233]
SigmaR resid-by-omega: peak w=14.30THz val=6.235e+02 in-band(<=46.4)=0.956 low(<=5)=0.110
Maximum Self-Energy Update: 623.4756389625212
Contact Current Difference: 0.0
Current Conservation abs: 22.56204386428128
Current Conservation rel: 0.14679796518154914
Phonon: rel Sigma^R residual 1.0000e+00; lead balance 8.4389e-15 (best inf; internal spread 3.8681e-13)
Bubble energy balance: P_in=-1.607808e+02 P_out=-1.607808e+02 resid=2.110e-14
Writing output for iteration 0...
Iteration 1
[it  1] energy J(local)=[-0.2026 -0.9928  0.3869]
SigmaR resid-by-omega: peak w=27.13THz val=8.865e+02 in-band(<=46.4)=0.957 low(<=5)=0.118
Maximum Self-Energy Update: 886.506136225154
Contact Current Difference: 0.0
Current Conservation abs: 21.25447622315295
Current Conservation rel: 0.036817531970678705
Phonon: rel Sigma^R residual 9.5316e-01; lead balance 1.2358e+00 (best inf; internal spread 1.4830e+00)
Bubble energy balance: P_in=-5.189521e+02 P_out=-5.189521e+02 resid=5.375e-15
Writing output for iteration 1...
Iteration 2
[it  2] energy J(local)=[-1.8762 -0.9016  1.3455]
SigmaR resid-by-omega: peak w=27.13THz val=4.272e+03 in-band(<=46.4)=0.965 low(<=5)=0.143
Maximum Self-Energy Update: 4271.6569798740975
Contact Current Difference: 0.0
Current Conservation abs: 528.2283501808779
Current Conservation rel: 0.035453826824078286
Phonon: rel Sigma^R residual 9.7291e-01; lead balance 1.4746e+01 (best inf; internal spread 4.1165e+01)
Bubble energy balance: P_in=-8.000308e+03 P_out=-8.000308e+03 resid=2.264e-14
Writing output for iteration 2...
Iteration 3
[it  3] energy J(local)=[ -4.3053 -56.9414  36.3232]
SigmaR resid-by-omega: peak w=14.30THz val=1.309e+03 in-band(<=46.4)=0.967 low(<=5)=0.169
Maximum Self-Energy Update: 1309.2029449686322
Contact Current Difference: 0.0
Current Conservation abs: 531.5624721316908
Current Conservation rel: 0.05781931886039521
Phonon: rel Sigma^R residual 8.6218e-01; lead balance 5.5877e+00 (best 5.5877e+00; internal spread 9.0120e+00)
Bubble energy balance: P_in=-5.491753e+03 P_out=-5.491753e+03 resid=1.604e-15
Writing output for iteration 3...
Iteration 4
[it  4] energy J(local)=[-5.9903  1.7334  2.4451]
SigmaR resid-by-omega: peak w=10.63THz val=1.802e+03 in-band(<=46.4)=0.964 low(<=5)=0.189
Maximum Self-Energy Update: 1802.1774480826539
Contact Current Difference: 0.0
Current Conservation abs: 54.399084278762984
Current Conservation rel: 0.023052710952675276
Phonon: rel Sigma^R residual 9.1711e-01; lead balance 1.4656e+00 (best 1.4656e+00; internal spread 1.8195e+00)
Bubble energy balance: P_in=-3.177202e+03 P_out=-3.177202e+03 resid=4.939e-15
Writing output for iteration 4...
Iteration 5
[it  5] energy J(local)=[-3.5358  1.4098  2.1738]
SigmaR resid-by-omega: peak w=13.93THz val=9.951e+02 in-band(<=46.4)=0.964 low(<=5)=0.216
Maximum Self-Energy Update: 995.0878280298462
Contact Current Difference: 0.0
Current Conservation abs: 48.98542206613524
Current Conservation rel: 0.013143569506990227
Phonon: rel Sigma^R residual 7.9969e-01; lead balance 1.5818e+00 (best 1.4656e+00; internal spread 1.5818e+00)
Bubble energy balance: P_in=-4.887320e+03 P_out=-4.887320e+03 resid=2.157e-15
Writing output for iteration 5...
Iteration 6
[it  6] energy J(local)=[-3.158   0.67    1.6702]
SigmaR resid-by-omega: peak w=2.93THz val=1.421e+03 in-band(<=46.4)=0.964 low(<=5)=0.252
Maximum Self-Energy Update: 1420.5463354729177
Contact Current Difference: 0.0
Current Conservation abs: 93.12773151016336
Current Conservation rel: 0.009729860143823389
Phonon: rel Sigma^R residual 7.8994e-01; lead balance 1.4062e+00 (best 1.4062e+00; internal spread 1.4062e+00)
Bubble energy balance: P_in=-1.061874e+04 P_out=-1.061874e+04 resid=1.122e-15
Writing output for iteration 6...
Iteration 7
[it  7] energy J(local)=[-38.4087 -17.2853   7.3563]
SigmaR resid-by-omega: peak w=0.00THz val=1.090e+04 in-band(<=46.4)=0.968 low(<=5)=0.282
Maximum Self-Energy Update: 10896.085103689678
Contact Current Difference: 0.0
Current Conservation abs: 21134.08065283927
Current Conservation rel: 0.014504257016504946
Phonon: rel Sigma^R residual 9.5509e-01; lead balance 9.3969e-01 (best 9.3969e-01; internal spread 7.5616e+00)
Bubble energy balance: P_in=-7.683096e+05 P_out=-7.683096e+05 resid=8.126e-17
  JFNK: warmup done at it=8, ||R||=3.105e+06 -> engaging Newton-Krylov
Writing output for iteration 7...
Iteration 8
[it  8] energy J(local)=[-9.8114 85.2735 24.1855]
SigmaR resid-by-omega: peak w=1.47THz val=1.018e+03 in-band(<=46.4)=0.976 low(<=5)=0.205
Maximum Self-Energy Update: 1018.2815594873512
Contact Current Difference: 0.0
Current Conservation abs: 265.3574461360331
Current Conservation rel: 0.006396049830433734
Phonon: rel Sigma^R residual 9.0503e-01; lead balance 1.3177e+01 (best 9.3969e-01; internal spread 3.5242e+01)
Bubble energy balance: P_in=-2.572783e+04 P_out=-2.572783e+04 resid=1.442e-16
Writing output for iteration 8...
Iteration 9
[it  9] energy J(local)=[-9.8114 85.2735 24.1855]
SigmaR resid-by-omega: peak w=1.47THz val=1.018e+03 in-band(<=46.4)=0.976 low(<=5)=0.205
Maximum Self-Energy Update: 1018.2817645750607
Contact Current Difference: 0.0
Current Conservation abs: 265.3579306267093
Current Conservation rel: 0.0063960663991507885
Phonon: rel Sigma^R residual 9.0503e-01; lead balance 1.3177e+01 (best 9.3969e-01; internal spread 3.5243e+01)
Bubble energy balance: P_in=-2.572782e+04 P_out=-2.572782e+04 resid=2.082e-16
Writing output for iteration 9...
Iteration 10
[it 10] energy J(local)=[-9.8114 85.2737 24.1855]
SigmaR resid-by-omega: peak w=1.47THz val=1.018e+03 in-band(<=46.4)=0.976 low(<=5)=0.205
Maximum Self-Energy Update: 1018.2815458647941
Contact Current Difference: 0.0
Current Conservation abs: 265.35878339339615
Current Conservation rel: 0.006396079971526483
Phonon: rel Sigma^R residual 9.0503e-01; lead balance 1.3176e+01 (best 9.3969e-01; internal spread 3.5241e+01)
Bubble energy balance: P_in=-2.572784e+04 P_out=-2.572784e+04 resid=4.479e-16
Writing output for iteration 10...
Iteration 11
[it 11] energy J(local)=[-9.8114 85.2736 24.1855]
SigmaR resid-by-omega: peak w=1.47THz val=1.018e+03 in-band(<=46.4)=0.976 low(<=5)=0.205
Maximum Self-Energy Update: 1018.2818522203085
Contact Current Difference: 0.0
Current Conservation abs: 265.35882664201563
Current Conservation rel: 0.006396089469689949
Phonon: rel Sigma^R residual 9.0503e-01; lead balance 1.3177e+01 (best 9.3969e-01; internal spread 3.5242e+01)
Bubble energy balance: P_in=-2.572782e+04 P_out=-2.572782e+04 resid=2.766e-16
Writing output for iteration 11...
Iteration 12
[it 12] energy J(local)=[-9.8115 85.2736 24.1855]
SigmaR resid-by-omega: peak w=1.47THz val=1.018e+03 in-band(<=46.4)=0.976 low(<=5)=0.205
Maximum Self-Energy Update: 1018.2812826349386
Contact Current Difference: 0.0
Current Conservation abs: 265.357943407791
Current Conservation rel: 0.0063960554285076915
Phonon: rel Sigma^R residual 9.0503e-01; lead balance 1.3176e+01 (best 9.3969e-01; internal spread 3.5241e+01)
Bubble energy balance: P_in=-2.572786e+04 P_out=-2.572786e+04 resid=2.839e-16
Writing output for iteration 12...
Iteration 13
[it 13] energy J(local)=[-9.8114 85.2734 24.1854]
SigmaR resid-by-omega: peak w=1.47THz val=1.018e+03 in-band(<=46.4)=0.976 low(<=5)=0.205
Maximum Self-Energy Update: 1018.2816162504323
Contact Current Difference: 0.0
Current Conservation abs: 265.36037177758044
Current Conservation rel: 0.006396105427159421
Phonon: rel Sigma^R residual 9.0503e-01; lead balance 1.3176e+01 (best 9.3969e-01; internal spread 3.5241e+01)
Bubble energy balance: P_in=-2.572786e+04 P_out=-2.572786e+04 resid=7.110e-16
Writing output for iteration 13...
Iteration 14
[it 14] energy J(local)=[-9.8114 85.2736 24.1855]
SigmaR resid-by-omega: peak w=1.47THz val=1.018e+03 in-band(<=46.4)=0.976 low(<=5)=0.205
Maximum Self-Energy Update: 1018.2811040928794
Contact Current Difference: 0.0
Current Conservation abs: 265.35223471267454
Current Conservation rel: 0.006395904776806106
Phonon: rel Sigma^R residual 9.0503e-01; lead balance 1.3176e+01 (best 9.3969e-01; internal spread 3.5241e+01)
Bubble energy balance: P_in=-2.572798e+04 P_out=-2.572798e+04 resid=1.634e-16
Writing output for iteration 14...
Iteration 15
[it 15] energy J(local)=[-9.8114 85.2732 24.1854]
SigmaR resid-by-omega: peak w=1.47THz val=1.018e+03 in-band(<=46.4)=0.976 low(<=5)=0.205
Maximum Self-Energy Update: 1018.2815778050827
Contact Current Difference: 0.0
Current Conservation abs: 265.36599765390565
Current Conservation rel: 0.006396259820069542
Phonon: rel Sigma^R residual 9.0503e-01; lead balance 1.3175e+01 (best 9.3969e-01; internal spread 3.5238e+01)
Bubble energy balance: P_in=-2.572794e+04 P_out=-2.572794e+04 resid=1.441e-16
Writing output for iteration 15...
Iteration 16
[it 16] energy J(local)=[-9.8114 85.2736 24.1855]
SigmaR resid-by-omega: peak w=1.47THz val=1.018e+03 in-band(<=46.4)=0.976 low(<=5)=0.205
Maximum Self-Energy Update: 1018.280544422156
Contact Current Difference: 0.0
Current Conservation abs: 265.34179443969697
Current Conservation rel: 0.00639564386934887
Phonon: rel Sigma^R residual 9.0503e-01; lead balance 1.3175e+01 (best 9.3969e-01; internal spread 3.5237e+01)
Bubble energy balance: P_in=-2.572825e+04 P_out=-2.572825e+04 resid=6.065e-16
Writing output for iteration 16...
Iteration 17
[it 17] energy J(local)=[-9.8115 85.2734 24.1855]
SigmaR resid-by-omega: peak w=1.47THz val=1.018e+03 in-band(<=46.4)=0.976 low(<=5)=0.205
Maximum Self-Energy Update: 1018.2812716226221
Contact Current Difference: 0.0
Current Conservation abs: 265.35733909035116
Current Conservation rel: 0.006396075440993504
Phonon: rel Sigma^R residual 9.0503e-01; lead balance 1.3174e+01 (best 9.3969e-01; internal spread 3.5236e+01)
Bubble energy balance: P_in=-2.572811e+04 P_out=-2.572811e+04 resid=4.792e-16
Writing output for iteration 17...
Iteration 18
[it 18] energy J(local)=[-9.8115 85.2738 24.1856]
SigmaR resid-by-omega: peak w=1.47THz val=1.018e+03 in-band(<=46.4)=0.976 low(<=5)=0.205
Maximum Self-Energy Update: 1018.2808453104509
Contact Current Difference: 0.0
Current Conservation abs: 265.3462055104246
Current Conservation rel: 0.006395756707637246
Phonon: rel Sigma^R residual 9.0503e-01; lead balance 1.3175e+01 (best 9.3969e-01; internal spread 3.5238e+01)
Bubble energy balance: P_in=-2.572811e+04 P_out=-2.572811e+04 resid=1.519e-16
Writing output for iteration 18...
Iteration 19
[it 19] energy J(local)=[-9.8115 85.2737 24.1855]
SigmaR resid-by-omega: peak w=1.47THz val=1.018e+03 in-band(<=46.4)=0.976 low(<=5)=0.205
Maximum Self-Energy Update: 1018.2808829731565
Contact Current Difference: 0.0
Current Conservation abs: 265.34868361488043
Current Conservation rel: 0.00639582287567956
Phonon: rel Sigma^R residual 9.0503e-01; lead balance 1.3174e+01 (best 9.3969e-01; internal spread 3.5236e+01)
Bubble energy balance: P_in=-2.572824e+04 P_out=-2.572824e+04 resid=2.927e-16
Writing output for iteration 19...
Iteration 20
[it 20] energy J(local)=[-9.8115 85.2738 24.1855]
SigmaR resid-by-omega: peak w=1.47THz val=1.018e+03 in-band(<=46.4)=0.976 low(<=5)=0.205
Maximum Self-Energy Update: 1018.281353986598
Contact Current Difference: 0.0
Current Conservation abs: 265.35076951306837
Current Conservation rel: 0.00639587111317934
Phonon: rel Sigma^R residual 9.0503e-01; lead balance 1.3177e+01 (best 9.3969e-01; internal spread 3.5242e+01)
Bubble energy balance: P_in=-2.572791e+04 P_out=-2.572791e+04 resid=3.585e-17
Writing output for iteration 20...
Iteration 21
[it 21] energy J(local)=[-9.8113 85.2737 24.1854]
SigmaR resid-by-omega: peak w=1.47THz val=1.018e+03 in-band(<=46.4)=0.976 low(<=5)=0.205
Maximum Self-Energy Update: 1018.281180002046
Contact Current Difference: 0.0
Current Conservation abs: 265.35090443131776
Current Conservation rel: 0.006395836588784244
Phonon: rel Sigma^R residual 9.0503e-01; lead balance 1.3175e+01 (best 9.3969e-01; internal spread 3.5238e+01)
Bubble energy balance: P_in=-2.572829e+04 P_out=-2.572829e+04 resid=1.551e-16
Writing output for iteration 21...
Iteration 22
[it 22] energy J(local)=[-9.8115 85.2734 24.1855]
SigmaR resid-by-omega: peak w=1.47THz val=1.018e+03 in-band(<=46.4)=0.976 low(<=5)=0.205
Maximum Self-Energy Update: 1018.2820686537292
Contact Current Difference: 0.0
Current Conservation abs: 265.35232535607065
Current Conservation rel: 0.006395953368322662
Phonon: rel Sigma^R residual 9.0504e-01; lead balance 1.3177e+01 (best 9.3969e-01; internal spread 3.5244e+01)
Bubble energy balance: P_in=-2.572784e+04 P_out=-2.572784e+04 resid=7.224e-16
Writing output for iteration 22...
Iteration 23
[it 23] energy J(local)=[-9.8113 85.2738 24.1855]
SigmaR resid-by-omega: peak w=1.47THz val=1.018e+03 in-band(<=46.4)=0.976 low(<=5)=0.205
Maximum Self-Energy Update: 1018.2814857365341
Contact Current Difference: 0.0
Current Conservation abs: 265.3609490549097
Current Conservation rel: 0.0063960816414702455
Phonon: rel Sigma^R residual 9.0503e-01; lead balance 1.3174e+01 (best 9.3969e-01; internal spread 3.5235e+01)
Bubble energy balance: P_in=-2.572839e+04 P_out=-2.572839e+04 resid=3.347e-16
Writing output for iteration 23...
Iteration 24
[it 24] energy J(local)=[-9.8116 85.2738 24.1857]
SigmaR resid-by-omega: peak w=1.47THz val=1.018e+03 in-band(<=46.4)=0.976 low(<=5)=0.205
Maximum Self-Energy Update: 1018.2818076311054
Contact Current Difference: 0.0
Current Conservation abs: 265.35718438717595
Current Conservation rel: 0.006396061455707876
Phonon: rel Sigma^R residual 9.0503e-01; lead balance 1.3175e+01 (best 9.3969e-01; internal spread 3.5238e+01)
Bubble energy balance: P_in=-2.572813e+04 P_out=-2.572813e+04 resid=3.285e-16
Writing output for iteration 24...
Iteration 25
[it 25] energy J(local)=[-9.8115 85.2736 24.1855]
SigmaR resid-by-omega: peak w=1.47THz val=1.018e+03 in-band(<=46.4)=0.976 low(<=5)=0.205
Maximum Self-Energy Update: 1018.2816679893051
Contact Current Difference: 0.0
Current Conservation abs: 265.36269748822815
Current Conservation rel: 0.006396188302852982
Phonon: rel Sigma^R residual 9.0503e-01; lead balance 1.3176e+01 (best 9.3969e-01; internal spread 3.5241e+01)
Bubble energy balance: P_in=-2.572792e+04 P_out=-2.572792e+04 resid=8.937e-17
Writing output for iteration 25...
Iteration 26
[it 26] energy J(local)=[-9.8115 85.2735 24.1855]
SigmaR resid-by-omega: peak w=1.47THz val=1.018e+03 in-band(<=46.4)=0.976 low(<=5)=0.205
Maximum Self-Energy Update: 1018.2818540073611
Contact Current Difference: 0.0
Current Conservation abs: 265.3617263476117
Current Conservation rel: 0.006396170728050569
Phonon: rel Sigma^R residual 9.0503e-01; lead balance 1.3178e+01 (best 9.3969e-01; internal spread 3.5245e+01)
Bubble energy balance: P_in=-2.572774e+04 P_out=-2.572774e+04 resid=3.710e-16
Writing output for iteration 26...
Iteration 27
[it 27] energy J(local)=[-9.8116 85.2734 24.1856]
SigmaR resid-by-omega: peak w=1.47THz val=1.018e+03 in-band(<=46.4)=0.976 low(<=5)=0.205
Maximum Self-Energy Update: 1018.2815291915906
Contact Current Difference: 0.0
Current Conservation abs: 265.3557110507354
Current Conservation rel: 0.006396069381688278
Phonon: rel Sigma^R residual 9.0503e-01; lead balance 1.3178e+01 (best 9.3969e-01; internal spread 3.5247e+01)
Bubble energy balance: P_in=-2.572761e+04 P_out=-2.572761e+04 resid=3.289e-16
Writing output for iteration 27...
Iteration 28
[it 28] energy J(local)=[-9.8113 85.2734 24.1854]
SigmaR resid-by-omega: peak w=1.47THz val=1.018e+03 in-band(<=46.4)=0.976 low(<=5)=0.205
Maximum Self-Energy Update: 1018.2808499718086
Contact Current Difference: 0.0
Current Conservation abs: 265.3620584810451
Current Conservation rel: 0.006396153566276579
Phonon: rel Sigma^R residual 9.0503e-01; lead balance 1.3180e+01 (best 9.3969e-01; internal spread 3.5252e+01)
Bubble energy balance: P_in=-2.572766e+04 P_out=-2.572766e+04 resid=6.099e-16
Writing output for iteration 28...
Iteration 29
[it 29] energy J(local)=[-9.8114 85.2733 24.1854]
SigmaR resid-by-omega: peak w=1.47THz val=1.018e+03 in-band(<=46.4)=0.976 low(<=5)=0.205
Maximum Self-Energy Update: 1018.2804239308449
Contact Current Difference: 0.0
Current Conservation abs: 265.3560371799358
Current Conservation rel: 0.006396014358068202
Phonon: rel Sigma^R residual 9.0503e-01; lead balance 1.3183e+01 (best 9.3969e-01; internal spread 3.5260e+01)
Bubble energy balance: P_in=-2.572753e+04 P_out=-2.572753e+04 resid=2.498e-16
Writing output for iteration 29...
Iteration 30
[it 30] energy J(local)=[-9.8115 85.2733 24.1855]
SigmaR resid-by-omega: peak w=1.47THz val=1.018e+03 in-band(<=46.4)=0.976 low(<=5)=0.205
Maximum Self-Energy Update: 1018.2809062150706
Contact Current Difference: 0.0
Current Conservation abs: 265.35912276723684
Current Conservation rel: 0.0063961193966081695
Phonon: rel Sigma^R residual 9.0503e-01; lead balance 1.3180e+01 (best 9.3969e-01; internal spread 3.5251e+01)
Bubble energy balance: P_in=-2.572766e+04 P_out=-2.572766e+04 resid=2.183e-16
Writing output for iteration 30...
Iteration 31
[it 31] energy J(local)=[-9.8113 85.2734 24.1854]
SigmaR resid-by-omega: peak w=1.47THz val=1.018e+03 in-band(<=46.4)=0.976 low(<=5)=0.205
Maximum Self-Energy Update: 1018.2808409057175
Contact Current Difference: 0.0
Current Conservation abs: 265.35713708200274
Current Conservation rel: 0.0063960242334413055
Phonon: rel Sigma^R residual 9.0503e-01; lead balance 1.3180e+01 (best 9.3969e-01; internal spread 3.5252e+01)
Bubble energy balance: P_in=-2.572761e+04 P_out=-2.572761e+04 resid=1.766e-16
Writing output for iteration 31...
Iteration 32
[it 32] energy J(local)=[-9.8115 85.2732 24.1855]
SigmaR resid-by-omega: peak w=1.47THz val=1.018e+03 in-band(<=46.4)=0.976 low(<=5)=0.205
Maximum Self-Energy Update: 1018.2812742904912
Contact Current Difference: 0.0
Current Conservation abs: 265.35544262926123
Current Conservation rel: 0.006396047077234788
Phonon: rel Sigma^R residual 9.0504e-01; lead balance 1.3180e+01 (best 9.3969e-01; internal spread 3.5252e+01)
Bubble energy balance: P_in=-2.572757e+04 P_out=-2.572757e+04 resid=3.042e-16
Writing output for iteration 32...
Iteration 33
[it 33] energy J(local)=[-9.8114 85.2734 24.1854]
SigmaR resid-by-omega: peak w=1.47THz val=1.018e+03 in-band(<=46.4)=0.976 low(<=5)=0.205
Maximum Self-Energy Update: 1018.2816403686861
Contact Current Difference: 0.0
Current Conservation abs: 265.3606858382882
Current Conservation rel: 0.006396122758700015
Phonon: rel Sigma^R residual 9.0503e-01; lead balance 1.3176e+01 (best 9.3969e-01; internal spread 3.5241e+01)
Bubble energy balance: P_in=-2.572779e+04 P_out=-2.572779e+04 resid=3.794e-16
Writing output for iteration 33...
Iteration 34
[it 34] energy J(local)=[-9.8115 85.2734 24.1855]
SigmaR resid-by-omega: peak w=1.47THz val=1.018e+03 in-band(<=46.4)=0.976 low(<=5)=0.205
Maximum Self-Energy Update: 1018.2817409484193
Contact Current Difference: 0.0
Current Conservation abs: 265.3597870749072
Current Conservation rel: 0.00639613471653639
Phonon: rel Sigma^R residual 9.0503e-01; lead balance 1.3178e+01 (best 9.3969e-01; internal spread 3.5246e+01)
Bubble energy balance: P_in=-2.572766e+04 P_out=-2.572766e+04 resid=6.814e-16
Writing output for iteration 34...
Iteration 35
[it 35] energy J(local)=[-9.8114 85.2735 24.1855]
SigmaR resid-by-omega: peak w=1.47THz val=1.018e+03 in-band(<=46.4)=0.976 low(<=5)=0.205
Maximum Self-Energy Update: 1018.2813076646732
Contact Current Difference: 0.0
Current Conservation abs: 265.3563395018755
Current Conservation rel: 0.006396027126142703
Phonon: rel Sigma^R residual 9.0503e-01; lead balance 1.3177e+01 (best 9.3969e-01; internal spread 3.5244e+01)
Bubble energy balance: P_in=-2.572773e+04 P_out=-2.572773e+04 resid=2.073e-16
Writing output for iteration 35...
Iteration 36
[it 36] energy J(local)=[-9.8114 85.2735 24.1855]
SigmaR resid-by-omega: peak w=1.47THz val=1.018e+03 in-band(<=46.4)=0.976 low(<=5)=0.205
Maximum Self-Energy Update: 1018.281485228138
Contact Current Difference: 0.0
Current Conservation abs: 265.35904847464553
Current Conservation rel: 0.006396084386855396
Phonon: rel Sigma^R residual 9.0503e-01; lead balance 1.3177e+01 (best 9.3969e-01; internal spread 3.5243e+01)
Bubble energy balance: P_in=-2.572786e+04 P_out=-2.572786e+04 resid=2.403e-16
Writing output for iteration 36...
Iteration 37
[it 37] energy J(local)=[-9.8114 85.2736 24.1855]
SigmaR resid-by-omega: peak w=1.47THz val=1.018e+03 in-band(<=46.4)=0.976 low(<=5)=0.205
Maximum Self-Energy Update: 1018.2809695465463
Contact Current Difference: 0.0
Current Conservation abs: 265.35433802266925
Current Conservation rel: 0.006395975993777086
Phonon: rel Sigma^R residual 9.0503e-01; lead balance 1.3177e+01 (best 9.3969e-01; internal spread 3.5242e+01)
Bubble energy balance: P_in=-2.572783e+04 P_out=-2.572783e+04 resid=3.411e-16
Writing output for iteration 37...
Iteration 38
[it 38] energy J(local)=[-9.8114 85.2737 24.1855]
SigmaR resid-by-omega: peak w=1.47THz val=1.018e+03 in-band(<=46.4)=0.976 low(<=5)=0.205
Maximum Self-Energy Update: 1018.2814892731802
Contact Current Difference: 0.0
Current Conservation abs: 265.36054991171113
Current Conservation rel: 0.006396101570431876
Phonon: rel Sigma^R residual 9.0503e-01; lead balance 1.3176e+01 (best 9.3969e-01; internal spread 3.5241e+01)
Bubble energy balance: P_in=-2.572798e+04 P_out=-2.572798e+04 resid=4.126e-16
Writing output for iteration 38...
Iteration 39
[it 39] energy J(local)=[-9.8114 85.273  24.1853]
SigmaR resid-by-omega: peak w=1.47THz val=1.018e+03 in-band(<=46.4)=0.976 low(<=5)=0.205
Maximum Self-Energy Update: 1018.2820597520107
Contact Current Difference: 0.0
Current Conservation abs: 265.35521867157877
Current Conservation rel: 0.006396036038434303
Phonon: rel Sigma^R residual 9.0504e-01; lead balance 1.3176e+01 (best 9.3969e-01; internal spread 3.5242e+01)
Bubble energy balance: P_in=-2.572740e+04 P_out=-2.572740e+04 resid=2.144e-16
Writing output for iteration 39...
Iteration 40
[it 40] energy J(local)=[-9.8114 85.2735 24.1855]
SigmaR resid-by-omega: peak w=1.47THz val=1.018e+03 in-band(<=46.4)=0.976 low(<=5)=0.205
Maximum Self-Energy Update: 1018.2819375089227
Contact Current Difference: 0.0
Current Conservation abs: 265.3647848943983
Current Conservation rel: 0.006396222973857486
Phonon: rel Sigma^R residual 9.0503e-01; lead balance 1.3177e+01 (best 9.3969e-01; internal spread 3.5244e+01)
Bubble energy balance: P_in=-2.572784e+04 P_out=-2.572784e+04 resid=7.108e-17
Writing output for iteration 40...
Iteration 41
[it 41] energy J(local)=[-9.8114 85.2735 24.1855]
SigmaR resid-by-omega: peak w=1.47THz val=1.018e+03 in-band(<=46.4)=0.976 low(<=5)=0.205
Maximum Self-Energy Update: 1018.2814590261978
Contact Current Difference: 0.0
Current Conservation abs: 265.36049883851956
Current Conservation rel: 0.0063961306478930524
Phonon: rel Sigma^R residual 9.0503e-01; lead balance 1.3177e+01 (best 9.3969e-01; internal spread 3.5243e+01)
Bubble energy balance: P_in=-2.572772e+04 P_out=-2.572772e+04 resid=7.150e-16
Writing output for iteration 41...
Iteration 42
[it 42] energy J(local)=[-9.8114 85.2734 24.1854]
SigmaR resid-by-omega: peak w=1.47THz val=1.018e+03 in-band(<=46.4)=0.976 low(<=5)=0.205
Maximum Self-Energy Update: 1018.2817755400583
Contact Current Difference: 0.0
Current Conservation abs: 265.35927899923263
Current Conservation rel: 0.006396092597920029
Phonon: rel Sigma^R residual 9.0503e-01; lead balance 1.3177e+01 (best 9.3969e-01; internal spread 3.5244e+01)
Bubble energy balance: P_in=-2.572773e+04 P_out=-2.572773e+04 resid=5.976e-16
Writing output for iteration 42...
Iteration 43
[it 43] energy J(local)=[-9.8114 85.2736 24.1855]
SigmaR resid-by-omega: peak w=1.47THz val=1.018e+03 in-band(<=46.4)=0.976 low(<=5)=0.205
Maximum Self-Energy Update: 1018.2805425249056
Contact Current Difference: 0.0
Current Conservation abs: 265.3502602992412
Current Conservation rel: 0.006395858252025146
Phonon: rel Sigma^R residual 9.0503e-01; lead balance 1.3174e+01 (best 9.3969e-01; internal spread 3.5236e+01)
Bubble energy balance: P_in=-2.572801e+04 P_out=-2.572801e+04 resid=1.642e-16
Writing output for iteration 43...
Iteration 44
[it 44] energy J(local)=[-9.8115 85.2736 24.1855]
SigmaR resid-by-omega: peak w=1.47THz val=1.018e+03 in-band(<=46.4)=0.976 low(<=5)=0.205
Maximum Self-Energy Update: 1018.2811646823113
Contact Current Difference: 0.0
Current Conservation abs: 265.35915601436864
Current Conservation rel: 0.006396092067900846
Phonon: rel Sigma^R residual 9.0503e-01; lead balance 1.3178e+01 (best 9.3969e-01; internal spread 3.5245e+01)
Bubble energy balance: P_in=-2.572787e+04 P_out=-2.572787e+04 resid=6.291e-16
Writing output for iteration 44...
Iteration 45
[it 45] energy J(local)=[-9.8114 85.2734 24.1854]
SigmaR resid-by-omega: peak w=1.47THz val=1.018e+03 in-band(<=46.4)=0.976 low(<=5)=0.205
Maximum Self-Energy Update: 1018.2816503314275
Contact Current Difference: 0.0
Current Conservation abs: 265.3556525414533
Current Conservation rel: 0.006396006598055597
Phonon: rel Sigma^R residual 9.0503e-01; lead balance 1.3174e+01 (best 9.3969e-01; internal spread 3.5235e+01)
Bubble energy balance: P_in=-2.572780e+04 P_out=-2.572780e+04 resid=2.072e-16
Writing output for iteration 45...
Iteration 46
[it 46] energy J(local)=[-9.8114 85.2735 24.1855]
SigmaR resid-by-omega: peak w=1.47THz val=1.018e+03 in-band(<=46.4)=0.976 low(<=5)=0.205
Maximum Self-Energy Update: 1018.2814775199461
Contact Current Difference: 0.0
Current Conservation abs: 265.36000871457145
Current Conservation rel: 0.006396110962278548
Phonon: rel Sigma^R residual 9.0503e-01; lead balance 1.3178e+01 (best 9.3969e-01; internal spread 3.5246e+01)
Bubble energy balance: P_in=-2.572784e+04 P_out=-2.572784e+04 resid=3.605e-16
Writing output for iteration 46...
Iteration 47
[it 47] energy J(local)=[-9.8115 85.2734 24.1855]
SigmaR resid-by-omega: peak w=1.47THz val=1.018e+03 in-band(<=46.4)=0.976 low(<=5)=0.205
Maximum Self-Energy Update: 1018.2817644220727
Contact Current Difference: 0.0
Current Conservation abs: 265.3602252293931
Current Conservation rel: 0.006396143158170344
Phonon: rel Sigma^R residual 9.0503e-01; lead balance 1.3181e+01 (best 9.3969e-01; internal spread 3.5255e+01)
Bubble energy balance: P_in=-2.572773e+04 P_out=-2.572773e+04 resid=4.949e-16
Writing output for iteration 47...
Iteration 48
[it 48] energy J(local)=[-9.8115 85.2735 24.1855]
SigmaR resid-by-omega: peak w=1.47THz val=1.018e+03 in-band(<=46.4)=0.976 low(<=5)=0.205
Maximum Self-Energy Update: 1018.2807156192729
Contact Current Difference: 0.0
Current Conservation abs: 265.35746539119646
Current Conservation rel: 0.006396053240584557
Phonon: rel Sigma^R residual 9.0503e-01; lead balance 1.3172e+01 (best 9.3969e-01; internal spread 3.5230e+01)
Bubble energy balance: P_in=-2.572790e+04 P_out=-2.572790e+04 resid=5.444e-16
Writing output for iteration 48...
Iteration 49
[it 49] energy J(local)=[-9.8115 85.2735 24.1855]
SigmaR resid-by-omega: peak w=1.47THz val=1.018e+03 in-band(<=46.4)=0.976 low(<=5)=0.205
Maximum Self-Energy Update: 1018.2815149594596
Contact Current Difference: 0.0
Current Conservation abs: 265.35499738927683
Current Conservation rel: 0.006395986428194331
Phonon: rel Sigma^R residual 9.0503e-01; lead balance 1.3167e+01 (best 9.3969e-01; internal spread 3.5216e+01)
Bubble energy balance: P_in=-2.572799e+04 P_out=-2.572799e+04 resid=4.213e-16
Writing output for iteration 49...
Iteration 50
[it 50] energy J(local)=[-9.8114 85.2735 24.1855]
SigmaR resid-by-omega: peak w=1.47THz val=1.018e+03 in-band(<=46.4)=0.976 low(<=5)=0.205
Maximum Self-Energy Update: 1018.2807129306079
Contact Current Difference: 0.0
Current Conservation abs: 265.3604406221857
Current Conservation rel: 0.0063961238477005964
Phonon: rel Sigma^R residual 9.0503e-01; lead balance 1.3178e+01 (best 9.3969e-01; internal spread 3.5246e+01)
Bubble energy balance: P_in=-2.572782e+04 P_out=-2.572782e+04 resid=3.873e-16
Writing output for iteration 50...
Iteration 51
[it 51] energy J(local)=[-9.8114 85.2733 24.1854]
SigmaR resid-by-omega: peak w=1.47THz val=1.018e+03 in-band(<=46.4)=0.976 low(<=5)=0.205
Maximum Self-Energy Update: 1018.2825196358459
Contact Current Difference: 0.0
Current Conservation abs: 265.35619435271656
Current Conservation rel: 0.006396029086682134
Phonon: rel Sigma^R residual 9.0504e-01; lead balance 1.3175e+01 (best 9.3969e-01; internal spread 3.5239e+01)
Bubble energy balance: P_in=-2.572780e+04 P_out=-2.572780e+04 resid=1.238e-17
Writing output for iteration 51...
Iteration 52
[it 52] energy J(local)=[-9.8114 85.2734 24.1854]
SigmaR resid-by-omega: peak w=1.47THz val=1.018e+03 in-band(<=46.4)=0.976 low(<=5)=0.205
Maximum Self-Energy Update: 1018.2815949131509
Contact Current Difference: 0.0
Current Conservation abs: 265.3580985235276
Current Conservation rel: 0.006396072510478955
Phonon: rel Sigma^R residual 9.0503e-01; lead balance 1.3188e+01 (best 9.3969e-01; internal spread 3.5274e+01)
Bubble energy balance: P_in=-2.572767e+04 P_out=-2.572767e+04 resid=4.965e-16
Writing output for iteration 52...
Iteration 53
[it 53] energy J(local)=[-9.8114 85.2736 24.1855]
SigmaR resid-by-omega: peak w=1.47THz val=1.018e+03 in-band(<=46.4)=0.976 low(<=5)=0.205
Maximum Self-Energy Update: 1018.2811490217578
Contact Current Difference: 0.0
Current Conservation abs: 265.3575359375318
Current Conservation rel: 0.006396038481781572
Phonon: rel Sigma^R residual 9.0503e-01; lead balance 1.3182e+01 (best 9.3969e-01; internal spread 3.5258e+01)
Bubble energy balance: P_in=-2.572801e+04 P_out=-2.572801e+04 resid=3.698e-16
Writing output for iteration 53...
Iteration 54
[it 54] energy J(local)=[-9.8114 85.2736 24.1855]
SigmaR resid-by-omega: peak w=1.47THz val=1.018e+03 in-band(<=46.4)=0.976 low(<=5)=0.205
Maximum Self-Energy Update: 1018.2808841669446
Contact Current Difference: 0.0
Current Conservation abs: 265.35719433990016
Current Conservation rel: 0.006396040272514829
Phonon: rel Sigma^R residual 9.0503e-01; lead balance 1.3169e+01 (best 9.3969e-01; internal spread 3.5221e+01)
Bubble energy balance: P_in=-2.572791e+04 P_out=-2.572791e+04 resid=6.643e-16
Writing output for iteration 54...
Iteration 55
[it 55] energy J(local)=[-9.8115 85.2735 24.1855]
SigmaR resid-by-omega: peak w=1.47THz val=1.018e+03 in-band(<=46.4)=0.976 low(<=5)=0.205
Maximum Self-Energy Update: 1018.2814086743297
Contact Current Difference: 0.0
Current Conservation abs: 265.3548663957081
Current Conservation rel: 0.006395986392888178
Phonon: rel Sigma^R residual 9.0503e-01; lead balance 1.3169e+01 (best 9.3969e-01; internal spread 3.5221e+01)
Bubble energy balance: P_in=-2.572798e+04 P_out=-2.572798e+04 resid=4.413e-16
Writing output for iteration 55...
Iteration 56
[it 56] energy J(local)=[-9.8115 85.2735 24.1855]
SigmaR resid-by-omega: peak w=1.47THz val=1.018e+03 in-band(<=46.4)=0.976 low(<=5)=0.205
Maximum Self-Energy Update: 1018.2809515310337
Contact Current Difference: 0.0
Current Conservation abs: 265.3597824097742
Current Conservation rel: 0.0063961204147226156
Phonon: rel Sigma^R residual 9.0503e-01; lead balance 1.3178e+01 (best 9.3969e-01; internal spread 3.5246e+01)
Bubble energy balance: P_in=-2.572778e+04 P_out=-2.572778e+04 resid=1.788e-16
Writing output for iteration 56...
Iteration 57
[it 57] energy J(local)=[-9.8115 85.2735 24.1855]
SigmaR resid-by-omega: peak w=1.47THz val=1.018e+03 in-band(<=46.4)=0.976 low(<=5)=0.205
Maximum Self-Energy Update: 1018.2823293103083
Contact Current Difference: 0.0
Current Conservation abs: 265.35723231215525
Current Conservation rel: 0.006396056487650157
Phonon: rel Sigma^R residual 9.0503e-01; lead balance 1.3171e+01 (best 9.3969e-01; internal spread 3.5228e+01)
Bubble energy balance: P_in=-2.572779e+04 P_out=-2.572779e+04 resid=4.350e-16
Writing output for iteration 57...
Iteration 58
[it 58] energy J(local)=[-9.8114 85.2733 24.1854]
SigmaR resid-by-omega: peak w=1.47THz val=1.018e+03 in-band(<=46.4)=0.976 low(<=5)=0.205
Maximum Self-Energy Update: 1018.2818685188324
Contact Current Difference: 0.0
Current Conservation abs: 265.35408016566
Current Conservation rel: 0.006395981519190885
Phonon: rel Sigma^R residual 9.0503e-01; lead balance 1.3182e+01 (best 9.3969e-01; internal spread 3.5256e+01)
Bubble energy balance: P_in=-2.572758e+04 P_out=-2.572758e+04 resid=4.401e-16
  JFNK newton#1: gmres_m=50 inner_res/||R||=7.99e-01 ||R||=3.301e+05 ||delta||=1.055e+05 trust=0.3 mu=0.00e+00
Writing output for iteration 58...
Iteration 59
[it 59] energy J(local)=[-3.2738 68.1125 13.9514]
SigmaR resid-by-omega: peak w=26.40THz val=6.681e+03 in-band(<=46.4)=0.967 low(<=5)=0.147
Maximum Self-Energy Update: 6680.8182764041485
Contact Current Difference: 0.0
Current Conservation abs: 1639.496834848891
Current Conservation rel: 0.015264156420240841
Phonon: rel Sigma^R residual 9.6286e-01; lead balance 3.4084e+00 (best 9.3969e-01; internal spread 1.5303e+01)
Bubble energy balance: P_in=-1.120730e+05 P_out=-1.120730e+05 resid=2.916e-15
Writing output for iteration 59...
Iteration 60
[it 60] energy J(local)=[-3.2738 68.1125 13.9514]
SigmaR resid-by-omega: peak w=26.40THz val=6.681e+03 in-band(<=46.4)=0.967 low(<=5)=0.147
Maximum Self-Energy Update: 6680.781431672421
Contact Current Difference: 0.0
Current Conservation abs: 1639.4964118620846
Current Conservation rel: 0.015264163538863005
Phonon: rel Sigma^R residual 9.6286e-01; lead balance 3.4076e+00 (best 9.3969e-01; internal spread 1.5300e+01)
Bubble energy balance: P_in=-1.120725e+05 P_out=-1.120725e+05 resid=2.638e-16
  JFNK newton#2: gmres_m=1 inner_res/||R||=2.92e-01 ||R||=2.251e+06 ||delta||=6.149e+03 trust=0.15 mu=0.00e+00
Writing output for iteration 60...
Iteration 61
[it 61] energy J(local)=[-3.2924 73.0219 14.8454]
SigmaR resid-by-omega: peak w=10.27THz val=4.216e+03 in-band(<=46.4)=0.971 low(<=5)=0.148
Maximum Self-Energy Update: 4216.1504579766215
Contact Current Difference: 0.0
Current Conservation abs: 1849.7025190204586
Current Conservation rel: 0.018888865432957164
Phonon: rel Sigma^R residual 9.2303e-01; lead balance 8.8632e-02 (best 8.8632e-02; internal spread 3.2731e+00)
Bubble energy balance: P_in=-3.884383e+04 P_out=-3.884383e+04 resid=1.018e-15
Writing output for iteration 61...
Iteration 62
[it 62] energy J(local)=[-3.2924 73.0219 14.8455]
SigmaR resid-by-omega: peak w=10.27THz val=4.216e+03 in-band(<=46.4)=0.971 low(<=5)=0.148
Maximum Self-Energy Update: 4216.154738272249
Contact Current Difference: 0.0
Current Conservation abs: 1849.7132926825943
Current Conservation rel: 0.018888988413856833
Phonon: rel Sigma^R residual 9.2303e-01; lead balance 8.8632e-02 (best 8.8632e-02; internal spread 3.2731e+00)
Bubble energy balance: P_in=-3.884316e+04 P_out=-3.884316e+04 resid=2.019e-15
Writing output for iteration 62...
Iteration 63
[it 63] energy J(local)=[-3.2924 73.0219 14.8454]
SigmaR resid-by-omega: peak w=10.27THz val=4.216e+03 in-band(<=46.4)=0.971 low(<=5)=0.148
Maximum Self-Energy Update: 4216.130905023377
Contact Current Difference: 0.0
Current Conservation abs: 1849.6754231421364
Current Conservation rel: 0.018888546420041917
Phonon: rel Sigma^R residual 9.2303e-01; lead balance 8.8634e-02 (best 8.8632e-02; internal spread 3.2731e+00)
Bubble energy balance: P_in=-3.884512e+04 P_out=-3.884512e+04 resid=3.125e-15
Writing output for iteration 63...
Iteration 64
[it 64] energy J(local)=[-3.2924 73.0218 14.8454]
SigmaR resid-by-omega: peak w=10.27THz val=4.216e+03 in-band(<=46.4)=0.971 low(<=5)=0.148
Maximum Self-Energy Update: 4216.124092179428
Contact Current Difference: 0.0
Current Conservation abs: 1849.702685842909
Current Conservation rel: 0.01888890459210893
Phonon: rel Sigma^R residual 9.2303e-01; lead balance 8.8632e-02 (best 8.8632e-02; internal spread 3.2731e+00)
Bubble energy balance: P_in=-3.884383e+04 P_out=-3.884383e+04 resid=5.510e-16
Writing output for iteration 64...
Iteration 65
[it 65] energy J(local)=[-3.2924 73.0219 14.8455]
SigmaR resid-by-omega: peak w=10.27THz val=4.216e+03 in-band(<=46.4)=0.971 low(<=5)=0.148
Maximum Self-Energy Update: 4216.2000749321
Contact Current Difference: 0.0
Current Conservation abs: 1849.7296040642104
Current Conservation rel: 0.018889171587236735
Phonon: rel Sigma^R residual 9.2303e-01; lead balance 8.8630e-02 (best 8.8630e-02; internal spread 3.2731e+00)
Bubble energy balance: P_in=-3.884344e+04 P_out=-3.884344e+04 resid=3.017e-15
Writing output for iteration 65...
Iteration 66
[it 66] energy J(local)=[-3.2924 73.0219 14.8455]
SigmaR resid-by-omega: peak w=10.27THz val=4.216e+03 in-band(<=46.4)=0.971 low(<=5)=0.148
Maximum Self-Energy Update: 4216.10651942734
Contact Current Difference: 0.0
Current Conservation abs: 1849.7217444538692
Current Conservation rel: 0.018889098583080924
Phonon: rel Sigma^R residual 9.2303e-01; lead balance 8.8629e-02 (best 8.8629e-02; internal spread 3.2731e+00)
Bubble energy balance: P_in=-3.884388e+04 P_out=-3.884388e+04 resid=1.792e-15
Writing output for iteration 66...
Iteration 67
[it 67] energy J(local)=[-3.2924 73.0219 14.8455]
SigmaR resid-by-omega: peak w=10.27THz val=4.216e+03 in-band(<=46.4)=0.971 low(<=5)=0.148
Maximum Self-Energy Update: 4216.108885388113
Contact Current Difference: 0.0
Current Conservation abs: 1849.7743437939134
Current Conservation rel: 0.018889687339021938
Phonon: rel Sigma^R residual 9.2303e-01; lead balance 8.8623e-02 (best 8.8623e-02; internal spread 3.2731e+00)
Bubble energy balance: P_in=-3.884423e+04 P_out=-3.884423e+04 resid=2.315e-15
Writing output for iteration 67...
Iteration 68
[it 68] energy J(local)=[-3.2924 73.0219 14.8454]
SigmaR resid-by-omega: peak w=10.27THz val=4.216e+03 in-band(<=46.4)=0.971 low(<=5)=0.148
Maximum Self-Energy Update: 4216.10429327533
Contact Current Difference: 0.0
Current Conservation abs: 1849.711902908377
Current Conservation rel: 0.018888979862690725
Phonon: rel Sigma^R residual 9.2303e-01; lead balance 8.8629e-02 (best 8.8623e-02; internal spread 3.2731e+00)
Bubble energy balance: P_in=-3.884452e+04 P_out=-3.884452e+04 resid=1.919e-15
Writing output for iteration 68...
Iteration 69
[it 69] energy J(local)=[-3.2924 73.0219 14.8455]
SigmaR resid-by-omega: peak w=10.27THz val=4.216e+03 in-band(<=46.4)=0.971 low(<=5)=0.148
Maximum Self-Energy Update: 4216.183006292477
Contact Current Difference: 0.0
Current Conservation abs: 1849.7272345430101
Current Conservation rel: 0.01888914950094548
Phonon: rel Sigma^R residual 9.2303e-01; lead balance 8.8630e-02 (best 8.8623e-02; internal spread 3.2731e+00)
Bubble energy balance: P_in=-3.884374e+04 P_out=-3.884374e+04 resid=8.364e-16
Writing output for iteration 69...
Iteration 70
[it 70] energy J(local)=[-3.2924 73.0219 14.8454]
SigmaR resid-by-omega: peak w=10.27THz val=4.216e+03 in-band(<=46.4)=0.971 low(<=5)=0.148
Maximum Self-Energy Update: 4216.220769101333
Contact Current Difference: 0.0
Current Conservation abs: 1849.726352869351
Current Conservation rel: 0.018889126057624363
Phonon: rel Sigma^R residual 9.2303e-01; lead balance 8.8630e-02 (best 8.8623e-02; internal spread 3.2731e+00)
Bubble energy balance: P_in=-3.884357e+04 P_out=-3.884357e+04 resid=4.174e-15
Writing output for iteration 70...
Iteration 71
[it 71] energy J(local)=[-3.2924 73.0219 14.8455]
SigmaR resid-by-omega: peak w=10.27THz val=4.216e+03 in-band(<=46.4)=0.971 low(<=5)=0.148
Maximum Self-Energy Update: 4216.258055130404
Contact Current Difference: 0.0
Current Conservation abs: 1849.786464157507
Current Conservation rel: 0.01888979840701226
Phonon: rel Sigma^R residual 9.2303e-01; lead balance 8.8622e-02 (best 8.8622e-02; internal spread 3.2731e+00)
Bubble energy balance: P_in=-3.884355e+04 P_out=-3.884355e+04 resid=1.614e-15
Writing output for iteration 71...
Iteration 72
[it 72] energy J(local)=[-3.2924 73.0218 14.8454]
SigmaR resid-by-omega: peak w=10.27THz val=4.216e+03 in-band(<=46.4)=0.971 low(<=5)=0.148
Maximum Self-Energy Update: 4216.257456440841
Contact Current Difference: 0.0
Current Conservation abs: 1849.749477724501
Current Conservation rel: 0.018889409121839507
Phonon: rel Sigma^R residual 9.2303e-01; lead balance 8.8624e-02 (best 8.8622e-02; internal spread 3.2731e+00)
Bubble energy balance: P_in=-3.884413e+04 P_out=-3.884413e+04 resid=2.694e-15
Writing output for iteration 72...
Iteration 73
[it 73] energy J(local)=[-3.2924 73.0219 14.8455]
SigmaR resid-by-omega: peak w=10.27THz val=4.216e+03 in-band(<=46.4)=0.971 low(<=5)=0.148
Maximum Self-Energy Update: 4216.361320156678
Contact Current Difference: 0.0
Current Conservation abs: 1849.7989253898122
Current Conservation rel: 0.01888995041976407
Phonon: rel Sigma^R residual 9.2303e-01; lead balance 8.8621e-02 (best 8.8621e-02; internal spread 3.2731e+00)
Bubble energy balance: P_in=-3.884428e+04 P_out=-3.884428e+04 resid=7.908e-16
Writing output for iteration 73...
Iteration 74
[it 74] energy J(local)=[-3.2924 73.0219 14.8455]
SigmaR resid-by-omega: peak w=10.27THz val=4.216e+03 in-band(<=46.4)=0.971 low(<=5)=0.148
Maximum Self-Energy Update: 4216.221731870607
Contact Current Difference: 0.0
Current Conservation abs: 1849.754980103593
Current Conservation rel: 0.0188894180165644
Phonon: rel Sigma^R residual 9.2303e-01; lead balance 8.8627e-02 (best 8.8621e-02; internal spread 3.2731e+00)
Bubble energy balance: P_in=-3.884385e+04 P_out=-3.884385e+04 resid=3.663e-15
Writing output for iteration 74...
Iteration 75
[it 75] energy J(local)=[-3.2924 73.0217 14.8454]
SigmaR resid-by-omega: peak w=10.27THz val=4.216e+03 in-band(<=46.4)=0.971 low(<=5)=0.148
Maximum Self-Energy Update: 4216.225446003091
Contact Current Difference: 0.0
Current Conservation abs: 1849.7282089276996
Current Conservation rel: 0.018889122209605126
Phonon: rel Sigma^R residual 9.2303e-01; lead balance 8.8631e-02 (best 8.8621e-02; internal spread 3.2731e+00)
Bubble energy balance: P_in=-3.884353e+04 P_out=-3.884353e+04 resid=6.119e-16
Writing output for iteration 75...
Iteration 76
[it 76] energy J(local)=[-3.2924 73.0219 14.8454]
SigmaR resid-by-omega: peak w=10.27THz val=4.216e+03 in-band(<=46.4)=0.971 low(<=5)=0.148
Maximum Self-Energy Update: 4216.017461025759
Contact Current Difference: 0.0
Current Conservation abs: 1849.6570819496992
Current Conservation rel: 0.018888386912936542
Phonon: rel Sigma^R residual 9.2302e-01; lead balance 8.8640e-02 (best 8.8621e-02; internal spread 3.2731e+00)
Bubble energy balance: P_in=-3.884327e+04 P_out=-3.884327e+04 resid=1.901e-15
Writing output for iteration 76...
Iteration 77
[it 77] energy J(local)=[-3.2924 73.0219 14.8454]
SigmaR resid-by-omega: peak w=10.27THz val=4.216e+03 in-band(<=46.4)=0.971 low(<=5)=0.148
Maximum Self-Energy Update: 4216.060132456242
Contact Current Difference: 0.0
Current Conservation abs: 1849.654928009615
Current Conservation rel: 0.018888270012297672
Phonon: rel Sigma^R residual 9.2303e-01; lead balance 8.8641e-02 (best 8.8621e-02; internal spread 3.2731e+00)
Bubble energy balance: P_in=-3.884368e+04 P_out=-3.884368e+04 resid=1.795e-15
Writing output for iteration 77...
Iteration 78
[it 78] energy J(local)=[-3.2924 73.0219 14.8455]
SigmaR resid-by-omega: peak w=10.27THz val=4.216e+03 in-band(<=46.4)=0.971 low(<=5)=0.148
Maximum Self-Energy Update: 4216.040469055713
Contact Current Difference: 0.0
Current Conservation abs: 1849.6702236805795
Current Conservation rel: 0.01888852644927307
Phonon: rel Sigma^R residual 9.2302e-01; lead balance 8.8636e-02 (best 8.8621e-02; internal spread 3.2731e+00)
Bubble energy balance: P_in=-3.884386e+04 P_out=-3.884386e+04 resid=1.199e-15
Writing output for iteration 78...
Iteration 79
[it 79] energy J(local)=[-3.2924 73.0217 14.8454]
SigmaR resid-by-omega: peak w=10.27THz val=4.216e+03 in-band(<=46.4)=0.971 low(<=5)=0.148
Maximum Self-Energy Update: 4216.266775637186
Contact Current Difference: 0.0
Current Conservation abs: 1849.7166011733643
Current Conservation rel: 0.018889026562695435
Phonon: rel Sigma^R residual 9.2303e-01; lead balance 8.8631e-02 (best 8.8621e-02; internal spread 3.2731e+00)
Bubble energy balance: P_in=-3.884412e+04 P_out=-3.884412e+04 resid=2.648e-15
Writing output for iteration 79...
Iteration 80
[it 80] energy J(local)=[-3.2924 73.022  14.8455]
SigmaR resid-by-omega: peak w=10.27THz val=4.216e+03 in-band(<=46.4)=0.971 low(<=5)=0.148
Maximum Self-Energy Update: 4216.187730776904
Contact Current Difference: 0.0
Current Conservation abs: 1849.7590458870473
Current Conservation rel: 0.01888948419413425
Phonon: rel Sigma^R residual 9.2303e-01; lead balance 8.8624e-02 (best 8.8621e-02; internal spread 3.2731e+00)
Bubble energy balance: P_in=-3.884396e+04 P_out=-3.884396e+04 resid=2.003e-15
Writing output for iteration 80...
Iteration 81
[it 81] energy J(local)=[-3.2924 73.0218 14.8454]
SigmaR resid-by-omega: peak w=10.27THz val=4.216e+03 in-band(<=46.4)=0.971 low(<=5)=0.148
Maximum Self-Energy Update: 4215.9758294423145
Contact Current Difference: 0.0
Current Conservation abs: 1849.622785319727
Current Conservation rel: 0.01888798781753138
Phonon: rel Sigma^R residual 9.2302e-01; lead balance 8.8643e-02 (best 8.8621e-02; internal spread 3.2731e+00)
Bubble energy balance: P_in=-3.884351e+04 P_out=-3.884351e+04 resid=3.429e-15
Writing output for iteration 81...
Iteration 82
[it 82] energy J(local)=[-3.2924 73.022  14.8455]
SigmaR resid-by-omega: peak w=10.27THz val=4.216e+03 in-band(<=46.4)=0.971 low(<=5)=0.148
Maximum Self-Energy Update: 4216.173596415722
Contact Current Difference: 0.0
Current Conservation abs: 1849.724064672133
Current Conservation rel: 0.01888910352257478
Phonon: rel Sigma^R residual 9.2303e-01; lead balance 8.8629e-02 (best 8.8621e-02; internal spread 3.2731e+00)
Bubble energy balance: P_in=-3.884382e+04 P_out=-3.884382e+04 resid=3.988e-15
Writing output for iteration 82...
Iteration 83
[it 83] energy J(local)=[-3.2924 73.0219 14.8455]
SigmaR resid-by-omega: peak w=10.27THz val=4.216e+03 in-band(<=46.4)=0.971 low(<=5)=0.148
Maximum Self-Energy Update: 4216.298024381419
Contact Current Difference: 0.0
Current Conservation abs: 1849.7608952900991
Current Conservation rel: 0.018889494887449374
Phonon: rel Sigma^R residual 9.2303e-01; lead balance 8.8625e-02 (best 8.8621e-02; internal spread 3.2731e+00)
Bubble energy balance: P_in=-3.884471e+04 P_out=-3.884471e+04 resid=2.260e-15
Writing output for iteration 83...
Iteration 84
[it 84] energy J(local)=[-3.2924 73.022  14.8455]
SigmaR resid-by-omega: peak w=10.27THz val=4.216e+03 in-band(<=46.4)=0.971 low(<=5)=0.148
Maximum Self-Energy Update: 4216.216789534933
Contact Current Difference: 0.0
Current Conservation abs: 1849.7238198840932
Current Conservation rel: 0.01888909473766309
Phonon: rel Sigma^R residual 9.2303e-01; lead balance 8.8632e-02 (best 8.8621e-02; internal spread 3.2731e+00)
Bubble energy balance: P_in=-3.884428e+04 P_out=-3.884428e+04 resid=7.285e-16
Writing output for iteration 84...
Iteration 85
[it 85] energy J(local)=[-3.2924 73.0217 14.8454]
SigmaR resid-by-omega: peak w=10.27THz val=4.216e+03 in-band(<=46.4)=0.971 low(<=5)=0.148
Maximum Self-Energy Update: 4216.247773929324
Contact Current Difference: 0.0
Current Conservation abs: 1849.715755715486
Current Conservation rel: 0.018889045193932516
Phonon: rel Sigma^R residual 9.2303e-01; lead balance 8.8631e-02 (best 8.8621e-02; internal spread 3.2731e+00)
Bubble energy balance: P_in=-3.884384e+04 P_out=-3.884384e+04 resid=2.959e-15
Writing output for iteration 85...
Iteration 86
[it 86] energy J(local)=[-3.2924 73.0218 14.8454]
SigmaR resid-by-omega: peak w=10.27THz val=4.216e+03 in-band(<=46.4)=0.971 low(<=5)=0.148
Maximum Self-Energy Update: 4216.163534604594
Contact Current Difference: 0.0
Current Conservation abs: 1849.740758101092
Current Conservation rel: 0.01888934610284405
Phonon: rel Sigma^R residual 9.2303e-01; lead balance 8.8627e-02 (best 8.8621e-02; internal spread 3.2731e+00)
Bubble energy balance: P_in=-3.884348e+04 P_out=-3.884348e+04 resid=4.763e-16
Writing output for iteration 86...
Iteration 87
[it 87] energy J(local)=[-3.2924 73.0218 14.8454]
SigmaR resid-by-omega: peak w=10.27THz val=4.216e+03 in-band(<=46.4)=0.971 low(<=5)=0.148
Maximum Self-Energy Update: 4216.295207533916
Contact Current Difference: 0.0
Current Conservation abs: 1849.7425677587962
Current Conservation rel: 0.018889320508486112
Phonon: rel Sigma^R residual 9.2303e-01; lead balance 8.8626e-02 (best 8.8621e-02; internal spread 3.2731e+00)
Bubble energy balance: P_in=-3.884408e+04 P_out=-3.884408e+04 resid=3.464e-15
Writing output for iteration 87...
Iteration 88
[it 88] energy J(local)=[-3.2924 73.022  14.8455]
SigmaR resid-by-omega: peak w=10.27THz val=4.216e+03 in-band(<=46.4)=0.971 low(<=5)=0.148
Maximum Self-Energy Update: 4216.173784516583
Contact Current Difference: 0.0
Current Conservation abs: 1849.7241744444182
Current Conservation rel: 0.018889075202131463
Phonon: rel Sigma^R residual 9.2303e-01; lead balance 8.8629e-02 (best 8.8621e-02; internal spread 3.2731e+00)
Bubble energy balance: P_in=-3.884401e+04 P_out=-3.884401e+04 resid=1.150e-15
Writing output for iteration 88...
Iteration 89
[it 89] energy J(local)=[-3.2924 73.022  14.8455]
SigmaR resid-by-omega: peak w=10.27THz val=4.216e+03 in-band(<=46.4)=0.971 low(<=5)=0.148
Maximum Self-Energy Update: 4216.23877955328
Contact Current Difference: 0.0
Current Conservation abs: 1849.748370983667
Current Conservation rel: 0.01888930140700411
Phonon: rel Sigma^R residual 9.2303e-01; lead balance 8.8625e-02 (best 8.8621e-02; internal spread 3.2731e+00)
Bubble energy balance: P_in=-3.884410e+04 P_out=-3.884410e+04 resid=3.387e-15
Writing output for iteration 89...
Iteration 90
[it 90] energy J(local)=[-3.2924 73.0219 14.8455]
SigmaR resid-by-omega: peak w=10.27THz val=4.216e+03 in-band(<=46.4)=0.971 low(<=5)=0.148
Maximum Self-Energy Update: 4216.089757050379
Contact Current Difference: 0.0
Current Conservation abs: 1849.6934170695022
Current Conservation rel: 0.01888880011699599
Phonon: rel Sigma^R residual 9.2303e-01; lead balance 8.8633e-02 (best 8.8621e-02; internal spread 3.2731e+00)
Bubble energy balance: P_in=-3.884342e+04 P_out=-3.884342e+04 resid=2.558e-15
Writing output for iteration 90...
Iteration 91
[it 91] energy J(local)=[-3.2924 73.0219 14.8455]
SigmaR resid-by-omega: peak w=10.27THz val=4.216e+03 in-band(<=46.4)=0.971 low(<=5)=0.148
Maximum Self-Energy Update: 4216.121196123807
Contact Current Difference: 0.0
Current Conservation abs: 1849.7028548834423
Current Conservation rel: 0.01888894185040133
Phonon: rel Sigma^R residual 9.2303e-01; lead balance 8.8630e-02 (best 8.8621e-02; internal spread 3.2731e+00)
Bubble energy balance: P_in=-3.884395e+04 P_out=-3.884395e+04 resid=1.663e-15
Writing output for iteration 91...
Iteration 92
[it 92] energy J(local)=[-3.2924 73.0219 14.8454]
SigmaR resid-by-omega: peak w=10.27THz val=4.216e+03 in-band(<=46.4)=0.971 low(<=5)=0.148
Maximum Self-Energy Update: 4216.061619569061
Contact Current Difference: 0.0
Current Conservation abs: 1849.682884321097
Current Conservation rel: 0.018888621794817446
Phonon: rel Sigma^R residual 9.2303e-01; lead balance 8.8635e-02 (best 8.8621e-02; internal spread 3.2731e+00)
Bubble energy balance: P_in=-3.884405e+04 P_out=-3.884405e+04 resid=1.542e-15
Writing output for iteration 92...
Iteration 93
[it 93] energy J(local)=[-3.2924 73.022  14.8455]
SigmaR resid-by-omega: peak w=10.27THz val=4.216e+03 in-band(<=46.4)=0.971 low(<=5)=0.148
Maximum Self-Energy Update: 4216.128101805146
Contact Current Difference: 0.0
Current Conservation abs: 1849.6966695995434
Current Conservation rel: 0.018888791838410884
Phonon: rel Sigma^R residual 9.2303e-01; lead balance 8.8632e-02 (best 8.8621e-02; internal spread 3.2731e+00)
Bubble energy balance: P_in=-3.884456e+04 P_out=-3.884456e+04 resid=4.678e-16
Writing output for iteration 93...
Iteration 94
[it 94] energy J(local)=[-3.2924 73.0219 14.8454]
SigmaR resid-by-omega: peak w=10.27THz val=4.216e+03 in-band(<=46.4)=0.971 low(<=5)=0.148
Maximum Self-Energy Update: 4216.252295233616
Contact Current Difference: 0.0
Current Conservation abs: 1849.7231824618866
Current Conservation rel: 0.018889045131061287
Phonon: rel Sigma^R residual 9.2303e-01; lead balance 8.8631e-02 (best 8.8621e-02; internal spread 3.2731e+00)
Bubble energy balance: P_in=-3.884384e+04 P_out=-3.884384e+04 resid=3.946e-15
Writing output for iteration 94...
Iteration 95
[it 95] energy J(local)=[-3.2924 73.0218 14.8454]
SigmaR resid-by-omega: peak w=10.27THz val=4.216e+03 in-band(<=46.4)=0.971 low(<=5)=0.148
Maximum Self-Energy Update: 4216.205318697374
Contact Current Difference: 0.0
Current Conservation abs: 1849.7198985370342
Current Conservation rel: 0.018889099059765574
Phonon: rel Sigma^R residual 9.2303e-01; lead balance 8.8631e-02 (best 8.8621e-02; internal spread 3.2731e+00)
Bubble energy balance: P_in=-3.884399e+04 P_out=-3.884399e+04 resid=8.092e-16
Writing output for iteration 95...
Iteration 96
[it 96] energy J(local)=[-3.2924 73.0219 14.8454]
SigmaR resid-by-omega: peak w=10.27THz val=4.216e+03 in-band(<=46.4)=0.971 low(<=5)=0.148
Maximum Self-Energy Update: 4216.086383995116
Contact Current Difference: 0.0
Current Conservation abs: 1849.677846163715
Current Conservation rel: 0.018888560173476558
Phonon: rel Sigma^R residual 9.2303e-01; lead balance 8.8639e-02 (best 8.8621e-02; internal spread 3.2731e+00)
Bubble energy balance: P_in=-3.884393e+04 P_out=-3.884393e+04 resid=1.657e-15
Writing output for iteration 96...
Iteration 97
[it 97] energy J(local)=[-3.2924 73.0219 14.8455]
SigmaR resid-by-omega: peak w=10.27THz val=4.216e+03 in-band(<=46.4)=0.971 low(<=5)=0.148
Maximum Self-Energy Update: 4216.133849925382
Contact Current Difference: 0.0
Current Conservation abs: 1849.7083491071535
Current Conservation rel: 0.018888974163109612
Phonon: rel Sigma^R residual 9.2303e-01; lead balance 8.8631e-02 (best 8.8621e-02; internal spread 3.2731e+00)
Bubble energy balance: P_in=-3.884409e+04 P_out=-3.884409e+04 resid=1.770e-15
Writing output for iteration 97...
Iteration 98
[it 98] energy J(local)=[-3.2924 73.022  14.8455]
SigmaR resid-by-omega: peak w=10.27THz val=4.216e+03 in-band(<=46.4)=0.971 low(<=5)=0.148
Maximum Self-Energy Update: 4216.176019281015
Contact Current Difference: 0.0
Current Conservation abs: 1849.7103005869285
Current Conservation rel: 0.0188889121374166
Phonon: rel Sigma^R residual 9.2303e-01; lead balance 8.8632e-02 (best 8.8621e-02; internal spread 3.2731e+00)
Bubble energy balance: P_in=-3.884399e+04 P_out=-3.884399e+04 resid=1.794e-15
Writing output for iteration 98...
Iteration 99
[it 99] energy J(local)=[-3.2924 73.0219 14.8455]
SigmaR resid-by-omega: peak w=10.27THz val=4.216e+03 in-band(<=46.4)=0.971 low(<=5)=0.148
Maximum Self-Energy Update: 4216.194459542747
Contact Current Difference: 0.0
Current Conservation abs: 1849.7178988062224
Current Conservation rel: 0.018889069571385423
Phonon: rel Sigma^R residual 9.2303e-01; lead balance 8.8629e-02 (best 8.8621e-02; internal spread 3.2731e+00)
Bubble energy balance: P_in=-3.884394e+04 P_out=-3.884394e+04 resid=8.334e-16
Writing output for iteration 99...
Iteration 100
[it 100] energy J(local)=[-3.2924 73.022  14.8455]
SigmaR resid-by-omega: peak w=10.27THz val=4.216e+03 in-band(<=46.4)=0.971 low(<=5)=0.148
Maximum Self-Energy Update: 4216.136048961967
Contact Current Difference: 0.0
Current Conservation abs: 1849.6954595261705
Current Conservation rel: 0.01888876232676248
Phonon: rel Sigma^R residual 9.2303e-01; lead balance 8.8634e-02 (best 8.8621e-02; internal spread 3.2731e+00)
Bubble energy balance: P_in=-3.884393e+04 P_out=-3.884393e+04 resid=1.366e-15
Writing output for iteration 100...
Iteration 101
[it 101] energy J(local)=[-3.2924 73.0219 14.8455]
SigmaR resid-by-omega: peak w=10.27THz val=4.216e+03 in-band(<=46.4)=0.971 low(<=5)=0.148
Maximum Self-Energy Update: 4216.095518646955
Contact Current Difference: 0.0
Current Conservation abs: 1849.691638402961
Current Conservation rel: 0.018888814552882077
Phonon: rel Sigma^R residual 9.2303e-01; lead balance 8.8631e-02 (best 8.8621e-02; internal spread 3.2731e+00)
Bubble energy balance: P_in=-3.884387e+04 P_out=-3.884387e+04 resid=2.577e-15
Writing output for iteration 101...
Iteration 102
[it 102] energy J(local)=[-3.2924 73.022  14.8455]
SigmaR resid-by-omega: peak w=10.27THz val=4.216e+03 in-band(<=46.4)=0.971 low(<=5)=0.148
Maximum Self-Energy Update: 4216.179192743371
Contact Current Difference: 0.0
Current Conservation abs: 1849.7037990712197
Current Conservation rel: 0.01888882839707183
Phonon: rel Sigma^R residual 9.2303e-01; lead balance 8.8634e-02 (best 8.8621e-02; internal spread 3.2731e+00)
Bubble energy balance: P_in=-3.884399e+04 P_out=-3.884399e+04 resid=5.119e-16
Writing output for iteration 102...
Iteration 103
[it 103] energy J(local)=[-3.2924 73.0219 14.8455]
SigmaR resid-by-omega: peak w=10.27THz val=4.216e+03 in-band(<=46.4)=0.971 low(<=5)=0.148
Maximum Self-Energy Update: 4215.998389113752
Contact Current Difference: 0.0
Current Conservation abs: 1849.6442318198388
Current Conservation rel: 0.018888294448117474
Phonon: rel Sigma^R residual 9.2302e-01; lead balance 8.8638e-02 (best 8.8621e-02; internal spread 3.2731e+00)
Bubble energy balance: P_in=-3.884365e+04 P_out=-3.884365e+04 resid=2.820e-15
Writing output for iteration 103...
Iteration 104
[it 104] energy J(local)=[-3.2924 73.0219 14.8454]
SigmaR resid-by-omega: peak w=10.27THz val=4.216e+03 in-band(<=46.4)=0.971 low(<=5)=0.148
Maximum Self-Energy Update: 4216.178689744203
Contact Current Difference: 0.0
Current Conservation abs: 1849.7084748149573
Current Conservation rel: 0.018888897981776124
Phonon: rel Sigma^R residual 9.2303e-01; lead balance 8.8633e-02 (best 8.8621e-02; internal spread 3.2731e+00)
Bubble energy balance: P_in=-3.884396e+04 P_out=-3.884396e+04 resid=1.076e-15
Writing output for iteration 104...
Iteration 105
[it 105] energy J(local)=[-3.2924 73.0219 14.8455]
SigmaR resid-by-omega: peak w=10.27THz val=4.216e+03 in-band(<=46.4)=0.971 low(<=5)=0.148
Maximum Self-Energy Update: 4216.0592090214
Contact Current Difference: 0.0
Current Conservation abs: 1849.6764535872571
Current Conservation rel: 0.01888861307260884
Phonon: rel Sigma^R residual 9.2303e-01; lead balance 8.8634e-02 (best 8.8621e-02; internal spread 3.2731e+00)
Bubble energy balance: P_in=-3.884393e+04 P_out=-3.884393e+04 resid=9.941e-16
Writing output for iteration 105...
Iteration 106
[it 106] energy J(local)=[-3.2924 73.0219 14.8455]
SigmaR resid-by-omega: peak w=10.27THz val=4.216e+03 in-band(<=46.4)=0.971 low(<=5)=0.148
Maximum Self-Energy Update: 4216.253263905835
Contact Current Difference: 0.0
Current Conservation abs: 1849.7369535122489
Current Conservation rel: 0.018889239101159916
Phonon: rel Sigma^R residual 9.2303e-01; lead balance 8.8628e-02 (best 8.8621e-02; internal spread 3.2731e+00)
Bubble energy balance: P_in=-3.884406e+04 P_out=-3.884406e+04 resid=2.379e-15
Writing output for iteration 106...
Iteration 107
[it 107] energy J(local)=[-3.2924 73.0219 14.8455]
SigmaR resid-by-omega: peak w=10.27THz val=4.216e+03 in-band(<=46.4)=0.971 low(<=5)=0.148
Maximum Self-Energy Update: 4216.05524504284
Contact Current Difference: 0.0
Current Conservation abs: 1849.6601774591545
Current Conservation rel: 0.018888401812998362
Phonon: rel Sigma^R residual 9.2303e-01; lead balance 8.8638e-02 (best 8.8621e-02; internal spread 3.2731e+00)
Bubble energy balance: P_in=-3.884378e+04 P_out=-3.884378e+04 resid=1.716e-15
Writing output for iteration 107...
Iteration 108
[it 108] energy J(local)=[-3.2924 73.0218 14.8454]
SigmaR resid-by-omega: peak w=10.27THz val=4.216e+03 in-band(<=46.4)=0.971 low(<=5)=0.148
Maximum Self-Energy Update: 4216.043033776432
Contact Current Difference: 0.0
Current Conservation abs: 1849.6521937781217
Current Conservation rel: 0.018888403284403107
Phonon: rel Sigma^R residual 9.2303e-01; lead balance 8.8638e-02 (best 8.8621e-02; internal spread 3.2731e+00)
Bubble energy balance: P_in=-3.884350e+04 P_out=-3.884350e+04 resid=1.385e-15
Writing output for iteration 108...
Iteration 109
[it 109] energy J(local)=[-3.2924 73.0217 14.8454]
SigmaR resid-by-omega: peak w=10.27THz val=4.216e+03 in-band(<=46.4)=0.971 low(<=5)=0.148
Maximum Self-Energy Update: 4215.986296290169
Contact Current Difference: 0.0
Current Conservation abs: 1849.6794266145516
Current Conservation rel: 0.018888665268842034
Phonon: rel Sigma^R residual 9.2302e-01; lead balance 8.8630e-02 (best 8.8621e-02; internal spread 3.2731e+00)
Bubble energy balance: P_in=-3.884407e+04 P_out=-3.884407e+04 resid=3.800e-15
Writing output for iteration 109...
Iteration 110
[it 110] energy J(local)=[-3.2924 73.0219 14.8455]
SigmaR resid-by-omega: peak w=10.27THz val=4.216e+03 in-band(<=46.4)=0.971 low(<=5)=0.148
Maximum Self-Energy Update: 4216.270279570521
Contact Current Difference: 0.0
Current Conservation abs: 1849.7265443909127
Current Conservation rel: 0.018889086607932815
Phonon: rel Sigma^R residual 9.2303e-01; lead balance 8.8633e-02 (best 8.8621e-02; internal spread 3.2731e+00)
Bubble energy balance: P_in=-3.884409e+04 P_out=-3.884409e+04 resid=1.529e-15
Writing output for iteration 110...
Iteration 111
[it 111] energy J(local)=[-3.2924 73.0219 14.8455]
SigmaR resid-by-omega: peak w=10.27THz val=4.216e+03 in-band(<=46.4)=0.971 low(<=5)=0.148
Maximum Self-Energy Update: 4216.134869716825
Contact Current Difference: 0.0
Current Conservation abs: 1849.6858461138836
Current Conservation rel: 0.018888689133946684
Phonon: rel Sigma^R residual 9.2303e-01; lead balance 8.8634e-02 (best 8.8621e-02; internal spread 3.2731e+00)
Bubble energy balance: P_in=-3.884370e+04 P_out=-3.884370e+04 resid=1.105e-15
  JFNK newton#3: gmres_m=50 inner_res/||R||=2.93e-01 ||R||=9.673e+05 ||delta||=3.031e+04 trust=0.22 mu=0.00e+00
Writing output for iteration 111...
Iteration 112
[it 112] energy J(local)=[-2.4527 59.0861 11.2379]
SigmaR resid-by-omega: peak w=0.00THz val=4.040e+03 in-band(<=46.4)=0.975 low(<=5)=0.263
Maximum Self-Energy Update: 4039.63171596976
Contact Current Difference: 0.0
Current Conservation abs: 7000.979182160896
Current Conservation rel: 0.03129110919703301
Phonon: rel Sigma^R residual 8.1704e-01; lead balance 7.2174e-02 (best 7.2174e-02; internal spread 3.2111e+00)
Bubble energy balance: P_in=-8.802696e+05 P_out=-8.802696e+05 resid=1.641e-16
Writing output for iteration 112...
Iteration 113
[it 113] energy J(local)=[-2.4527 59.0862 11.2379]
SigmaR resid-by-omega: peak w=0.00THz val=4.040e+03 in-band(<=46.4)=0.975 low(<=5)=0.263
Maximum Self-Energy Update: 4039.600930613189
Contact Current Difference: 0.0
Current Conservation abs: 7000.9463099282
Current Conservation rel: 0.03129143338609827
Phonon: rel Sigma^R residual 8.1704e-01; lead balance 7.2173e-02 (best 7.2173e-02; internal spread 3.2111e+00)
Bubble energy balance: P_in=-8.802524e+05 P_out=-8.802524e+05 resid=2.058e-16
Writing output for iteration 113...
Iteration 114
[it 114] energy J(local)=[-2.4526 59.086  11.2379]
SigmaR resid-by-omega: peak w=0.00THz val=4.040e+03 in-band(<=46.4)=0.975 low(<=5)=0.263
Maximum Self-Energy Update: 4039.65427267815
Contact Current Difference: 0.0
Current Conservation abs: 7001.002079441649
Current Conservation rel: 0.0312907166627521
Phonon: rel Sigma^R residual 8.1704e-01; lead balance 7.2176e-02 (best 7.2173e-02; internal spread 3.2111e+00)
Bubble energy balance: P_in=-8.802875e+05 P_out=-8.802875e+05 resid=1.984e-16
  JFNK newton#4: gmres_m=2 inner_res/||R||=3.96e-01 ||R||=1.472e+06 ||delta||=1.446e+04 trust=0.11 mu=0.00e+00
Writing output for iteration 114...
Iteration 115
[it 115] energy J(local)=[-2.8056 82.8326 14.4065]
SigmaR resid-by-omega: peak w=8.43THz val=2.457e+03 in-band(<=46.4)=0.968 low(<=5)=0.191
Maximum Self-Energy Update: 2457.324811313513
Contact Current Difference: 0.0
Current Conservation abs: 2987.6256578018074
Current Conservation rel: 0.014207593164501642
Phonon: rel Sigma^R residual 1.0042e+00; lead balance 7.7523e-02 (best 7.2173e-02; internal spread 3.1800e+00)
Bubble energy balance: P_in=-7.071633e+05 P_out=-7.071633e+05 resid=1.040e-16
Writing output for iteration 115...
Iteration 116
[it 116] energy J(local)=[-2.8056 82.8328 14.4065]
SigmaR resid-by-omega: peak w=8.43THz val=2.457e+03 in-band(<=46.4)=0.968 low(<=5)=0.191
Maximum Self-Energy Update: 2457.2922803955717
Contact Current Difference: 0.0
Current Conservation abs: 2987.607712543526
Current Conservation rel: 0.01420784482854609
Phonon: rel Sigma^R residual 1.0042e+00; lead balance 7.7522e-02 (best 7.2173e-02; internal spread 3.1800e+00)
Bubble energy balance: P_in=-7.071316e+05 P_out=-7.071316e+05 resid=8.486e-17
Writing output for iteration 116...
Iteration 117
[it 117] energy J(local)=[-2.8056 82.8325 14.4064]
SigmaR resid-by-omega: peak w=8.43THz val=2.457e+03 in-band(<=46.4)=0.968 low(<=5)=0.191
Maximum Self-Energy Update: 2457.35744521379
Contact Current Difference: 0.0
Current Conservation abs: 2987.6269020180334
Current Conservation rel: 0.014207432410419791
Phonon: rel Sigma^R residual 1.0042e+00; lead balance 7.7523e-02 (best 7.2173e-02; internal spread 3.1800e+00)
Bubble energy balance: P_in=-7.071788e+05 P_out=-7.071788e+05 resid=1.025e-16
Writing output for iteration 117...
Iteration 118
[it 118] energy J(local)=[-2.8056 82.8329 14.4065]
SigmaR resid-by-omega: peak w=8.43THz val=2.457e+03 in-band(<=46.4)=0.968 low(<=5)=0.191
Maximum Self-Energy Update: 2457.3291590993103
Contact Current Difference: 0.0
Current Conservation abs: 2987.641447989983
Current Conservation rel: 0.01420750250116739
Phonon: rel Sigma^R residual 1.0042e+00; lead balance 7.7522e-02 (best 7.2173e-02; internal spread 3.1800e+00)
Bubble energy balance: P_in=-7.071807e+05 P_out=-7.071807e+05 resid=2.072e-16
Writing output for iteration 118...
Iteration 119
[it 119] energy J(local)=[-2.8056 82.833  14.4065]
SigmaR resid-by-omega: peak w=8.43THz val=2.457e+03 in-band(<=46.4)=0.968 low(<=5)=0.191
Maximum Self-Energy Update: 2457.255470240544
Contact Current Difference: 0.0
Current Conservation abs: 2987.694430500793
Current Conservation rel: 0.014207908019558608
Phonon: rel Sigma^R residual 1.0042e+00; lead balance 7.7523e-02 (best 7.2173e-02; internal spread 3.1800e+00)
Bubble energy balance: P_in=-7.071601e+05 P_out=-7.071601e+05 resid=7.767e-17
Writing output for iteration 119...
Iteration 120
[it 120] energy J(local)=[-2.8056 82.8328 14.4065]
SigmaR resid-by-omega: peak w=8.43THz val=2.457e+03 in-band(<=46.4)=0.968 low(<=5)=0.191
Maximum Self-Energy Update: 2457.2993524229973
Contact Current Difference: 0.0
Current Conservation abs: 2987.7479921261547
Current Conservation rel: 0.014208173658205309
Phonon: rel Sigma^R residual 1.0042e+00; lead balance 7.7524e-02 (best 7.2173e-02; internal spread 3.1800e+00)
Bubble energy balance: P_in=-7.071539e+05 P_out=-7.071539e+05 resid=8.233e-17
Writing output for iteration 120...
Iteration 121
[it 121] energy J(local)=[-2.8056 82.8335 14.4065]
SigmaR resid-by-omega: peak w=8.43THz val=2.457e+03 in-band(<=46.4)=0.968 low(<=5)=0.191
Maximum Self-Energy Update: 2457.2644351848003
Contact Current Difference: 0.0
Current Conservation abs: 2987.7823395362357
Current Conservation rel: 0.014208250650710666
Phonon: rel Sigma^R residual 1.0042e+00; lead balance 7.7525e-02 (best 7.2173e-02; internal spread 3.1800e+00)
Bubble energy balance: P_in=-7.071524e+05 P_out=-7.071524e+05 resid=9.260e-17
Writing output for iteration 121...
Iteration 122
[it 122] energy J(local)=[-2.8056 82.8322 14.4064]
SigmaR resid-by-omega: peak w=8.43THz val=2.457e+03 in-band(<=46.4)=0.968 low(<=5)=0.191
Maximum Self-Energy Update: 2457.3277218834287
Contact Current Difference: 0.0
Current Conservation abs: 2987.748963365695
Current Conservation rel: 0.014207994301805277
Phonon: rel Sigma^R residual 1.0042e+00; lead balance 7.7522e-02 (best 7.2173e-02; internal spread 3.1800e+00)
Bubble energy balance: P_in=-7.071852e+05 P_out=-7.071852e+05 resid=1.677e-16
Writing output for iteration 122...
Iteration 123
[it 123] energy J(local)=[-2.8056 82.8336 14.4065]
SigmaR resid-by-omega: peak w=8.43THz val=2.457e+03 in-band(<=46.4)=0.968 low(<=5)=0.191
Maximum Self-Energy Update: 2457.069230067798
Contact Current Difference: 0.0
Current Conservation abs: 2988.1246211524704
Current Conservation rel: 0.014210217497708271
Phonon: rel Sigma^R residual 1.0042e+00; lead balance 7.7525e-02 (best 7.2173e-02; internal spread 3.1800e+00)
Bubble energy balance: P_in=-7.071121e+05 P_out=-7.071121e+05 resid=8.435e-17
Writing output for iteration 123...
Iteration 124
[it 124] energy J(local)=[-2.8056 82.8319 14.4064]
SigmaR resid-by-omega: peak w=8.43THz val=2.457e+03 in-band(<=46.4)=0.968 low(<=5)=0.191
Maximum Self-Energy Update: 2457.397711980376
Contact Current Difference: 0.0
Current Conservation abs: 2987.802038883514
Current Conservation rel: 0.014208360761431347
Phonon: rel Sigma^R residual 1.0042e+00; lead balance 7.7522e-02 (best 7.2173e-02; internal spread 3.1800e+00)
Bubble energy balance: P_in=-7.071809e+05 P_out=-7.071809e+05 resid=8.889e-17
Writing output for iteration 124...
Iteration 125
[it 125] energy J(local)=[-2.8056 82.8331 14.4065]
SigmaR resid-by-omega: peak w=8.43THz val=2.457e+03 in-band(<=46.4)=0.968 low(<=5)=0.191
Maximum Self-Energy Update: 2457.225059685119
Contact Current Difference: 0.0
Current Conservation abs: 2987.6800800076744
Current Conservation rel: 0.0142079972336243
Phonon: rel Sigma^R residual 1.0042e+00; lead balance 7.7524e-02 (best 7.2173e-02; internal spread 3.1800e+00)
Bubble energy balance: P_in=-7.071313e+05 P_out=-7.071313e+05 resid=1.663e-16
Writing output for iteration 125...
Iteration 126
[it 126] energy J(local)=[-2.8056 82.8308 14.4063]
SigmaR resid-by-omega: peak w=8.43THz val=2.458e+03 in-band(<=46.4)=0.968 low(<=5)=0.191
Maximum Self-Energy Update: 2457.777460734146
Contact Current Difference: 0.0
Current Conservation abs: 2987.358196601839
Current Conservation rel: 0.01420583908397664
Phonon: rel Sigma^R residual 1.0042e+00; lead balance 7.7520e-02 (best 7.2173e-02; internal spread 3.1800e+00)
Bubble energy balance: P_in=-7.072456e+05 P_out=-7.072456e+05 resid=7.896e-17
Writing output for iteration 126...
Iteration 127
[it 127] energy J(local)=[-2.8056 82.8322 14.4064]
SigmaR resid-by-omega: peak w=8.43THz val=2.457e+03 in-band(<=46.4)=0.968 low(<=5)=0.191
Maximum Self-Energy Update: 2457.4052522518878
Contact Current Difference: 0.0
Current Conservation abs: 2987.3766351275844
Current Conservation rel: 0.014206259691090461
Phonon: rel Sigma^R residual 1.0042e+00; lead balance 7.7521e-02 (best 7.2173e-02; internal spread 3.1800e+00)
Bubble energy balance: P_in=-7.071871e+05 P_out=-7.071871e+05 resid=4.914e-18
Writing output for iteration 127...
Iteration 128
[it 128] energy J(local)=[-2.8056 82.8314 14.4064]
SigmaR resid-by-omega: peak w=8.43THz val=2.458e+03 in-band(<=46.4)=0.968 low(<=5)=0.191
Maximum Self-Energy Update: 2457.756538928141
Contact Current Difference: 0.0
Current Conservation abs: 2987.325768482071
Current Conservation rel: 0.014205505092402702
Phonon: rel Sigma^R residual 1.0042e+00; lead balance 7.7522e-02 (best 7.2173e-02; internal spread 3.1800e+00)
Bubble energy balance: P_in=-7.072527e+05 P_out=-7.072527e+05 resid=1.946e-16
Writing output for iteration 128...
Iteration 129
[it 129] energy J(local)=[-2.8056 82.8332 14.4065]
SigmaR resid-by-omega: peak w=8.43THz val=2.457e+03 in-band(<=46.4)=0.968 low(<=5)=0.191
Maximum Self-Energy Update: 2457.3413091120588
Contact Current Difference: 0.0
Current Conservation abs: 2987.5665861773305
Current Conservation rel: 0.014207200403577102
Phonon: rel Sigma^R residual 1.0042e+00; lead balance 7.7521e-02 (best 7.2173e-02; internal spread 3.1800e+00)
Bubble energy balance: P_in=-7.071703e+05 P_out=-7.071703e+05 resid=2.477e-16
Writing output for iteration 129...
Iteration 130
[it 130] energy J(local)=[-2.8056 82.8333 14.4065]
SigmaR resid-by-omega: peak w=8.43THz val=2.457e+03 in-band(<=46.4)=0.968 low(<=5)=0.191
Maximum Self-Energy Update: 2457.296815561909
Contact Current Difference: 0.0
Current Conservation abs: 2987.395337677226
Current Conservation rel: 0.014206465272424022
Phonon: rel Sigma^R residual 1.0042e+00; lead balance 7.7525e-02 (best 7.2173e-02; internal spread 3.1800e+00)
Bubble energy balance: P_in=-7.071541e+05 P_out=-7.071541e+05 resid=9.405e-17
Writing output for iteration 130...
Iteration 131
[it 131] energy J(local)=[-2.8056 82.8323 14.4064]
SigmaR resid-by-omega: peak w=8.43THz val=2.457e+03 in-band(<=46.4)=0.968 low(<=5)=0.191
Maximum Self-Energy Update: 2457.2831135547654
Contact Current Difference: 0.0
Current Conservation abs: 2987.6711367763637
Current Conservation rel: 0.01420789429729106
Phonon: rel Sigma^R residual 1.0042e+00; lead balance 7.7522e-02 (best 7.2173e-02; internal spread 3.1800e+00)
Bubble energy balance: P_in=-7.071582e+05 P_out=-7.071582e+05 resid=1.646e-16
Writing output for iteration 131...
Iteration 132
[it 132] energy J(local)=[-2.8056 82.833  14.4065]
SigmaR resid-by-omega: peak w=8.43THz val=2.457e+03 in-band(<=46.4)=0.968 low(<=5)=0.191
Maximum Self-Energy Update: 2457.2110181011494
Contact Current Difference: 0.0
Current Conservation abs: 2987.726276460715
Current Conservation rel: 0.014208360535582889
Phonon: rel Sigma^R residual 1.0042e+00; lead balance 7.7522e-02 (best 7.2173e-02; internal spread 3.1800e+00)
Bubble energy balance: P_in=-7.071328e+05 P_out=-7.071328e+05 resid=9.049e-17
Writing output for iteration 132...
Iteration 133
[it 133] energy J(local)=[-2.8056 82.8324 14.4064]
SigmaR resid-by-omega: peak w=8.43THz val=2.457e+03 in-band(<=46.4)=0.968 low(<=5)=0.191
Maximum Self-Energy Update: 2457.2192667722675
Contact Current Difference: 0.0
Current Conservation abs: 2987.9284520781803
Current Conservation rel: 0.014209340943697477
Phonon: rel Sigma^R residual 1.0042e+00; lead balance 7.7524e-02 (best 7.2173e-02; internal spread 3.1800e+00)
Bubble energy balance: P_in=-7.071304e+05 P_out=-7.071304e+05 resid=8.238e-17
Writing output for iteration 133...
Iteration 134
[it 134] energy J(local)=[-2.8056 82.8333 14.4065]
SigmaR resid-by-omega: peak w=8.43THz val=2.457e+03 in-band(<=46.4)=0.968 low(<=5)=0.191
Maximum Self-Energy Update: 2457.0698181699136
Contact Current Difference: 0.0
Current Conservation abs: 2987.8767531983904
Current Conservation rel: 0.014208874225712735
Phonon: rel Sigma^R residual 1.0042e+00; lead balance 7.7527e-02 (best 7.2173e-02; internal spread 3.1800e+00)
Bubble energy balance: P_in=-7.071208e+05 P_out=-7.071208e+05 resid=9.018e-17
Writing output for iteration 134...
Iteration 135
[it 135] energy J(local)=[-2.8056 82.8321 14.4064]
SigmaR resid-by-omega: peak w=8.43THz val=2.457e+03 in-band(<=46.4)=0.968 low(<=5)=0.191
Maximum Self-Energy Update: 2457.3004066691137
Contact Current Difference: 0.0
Current Conservation abs: 2988.0174561705207
Current Conservation rel: 0.01420954277258057
Phonon: rel Sigma^R residual 1.0042e+00; lead balance 7.7524e-02 (best 7.2173e-02; internal spread 3.1800e+00)
Bubble energy balance: P_in=-7.071626e+05 P_out=-7.071626e+05 resid=1.655e-16
Writing output for iteration 135...
Iteration 136
[it 136] energy J(local)=[-2.8056 82.8324 14.4064]
SigmaR resid-by-omega: peak w=8.43THz val=2.457e+03 in-band(<=46.4)=0.968 low(<=5)=0.191
Maximum Self-Energy Update: 2457.2988257807424
Contact Current Difference: 0.0
Current Conservation abs: 2987.661760138959
Current Conservation rel: 0.014207761439312986
Phonon: rel Sigma^R residual 1.0042e+00; lead balance 7.7523e-02 (best 7.2173e-02; internal spread 3.1800e+00)
Bubble energy balance: P_in=-7.071622e+05 P_out=-7.071622e+05 resid=1.094e-16
Writing output for iteration 136...
Iteration 137
[it 137] energy J(local)=[-2.8056 82.8323 14.4064]
SigmaR resid-by-omega: peak w=8.43THz val=2.457e+03 in-band(<=46.4)=0.968 low(<=5)=0.191
Maximum Self-Energy Update: 2457.3439271704747
Contact Current Difference: 0.0
Current Conservation abs: 2987.634439335685
Current Conservation rel: 0.014207678982715036
Phonon: rel Sigma^R residual 1.0042e+00; lead balance 7.7526e-02 (best 7.2173e-02; internal spread 3.1800e+00)
Bubble energy balance: P_in=-7.071536e+05 P_out=-7.071536e+05 resid=2.567e-16
Writing output for iteration 137...
Iteration 138
[it 138] energy J(local)=[-2.8056 82.833  14.4065]
SigmaR resid-by-omega: peak w=8.43THz val=2.457e+03 in-band(<=46.4)=0.968 low(<=5)=0.191
Maximum Self-Energy Update: 2457.2458205350554
Contact Current Difference: 0.0
Current Conservation abs: 2987.761738407935
Current Conservation rel: 0.014208277915298533
Phonon: rel Sigma^R residual 1.0042e+00; lead balance 7.7523e-02 (best 7.2173e-02; internal spread 3.1800e+00)
Bubble energy balance: P_in=-7.071537e+05 P_out=-7.071537e+05 resid=9.858e-17
Writing output for iteration 138...
Iteration 139
[it 139] energy J(local)=[-2.8056 82.832  14.4064]
SigmaR resid-by-omega: peak w=8.43THz val=2.457e+03 in-band(<=46.4)=0.968 low(<=5)=0.191
Maximum Self-Energy Update: 2457.3852441613017
Contact Current Difference: 0.0
Current Conservation abs: 2987.5258895039296
Current Conservation rel: 0.014207095610946035
Phonon: rel Sigma^R residual 1.0042e+00; lead balance 7.7523e-02 (best 7.2173e-02; internal spread 3.1800e+00)
Bubble energy balance: P_in=-7.071743e+05 P_out=-7.071743e+05 resid=9.687e-17
Writing output for iteration 139...
Iteration 140
[it 140] energy J(local)=[-2.8056 82.8329 14.4065]
SigmaR resid-by-omega: peak w=8.43THz val=2.457e+03 in-band(<=46.4)=0.968 low(<=5)=0.191
Maximum Self-Energy Update: 2457.285256965547
Contact Current Difference: 0.0
Current Conservation abs: 2987.642161184878
Current Conservation rel: 0.014207642326136506
Phonon: rel Sigma^R residual 1.0042e+00; lead balance 7.7524e-02 (best 7.2173e-02; internal spread 3.1800e+00)
Bubble energy balance: P_in=-7.071527e+05 P_out=-7.071527e+05 resid=8.446e-17
Writing output for iteration 140...
Iteration 141
[it 141] energy J(local)=[-2.8056 82.8327 14.4065]
SigmaR resid-by-omega: peak w=8.43THz val=2.457e+03 in-band(<=46.4)=0.968 low(<=5)=0.191
Maximum Self-Energy Update: 2457.316090340437
Contact Current Difference: 0.0
Current Conservation abs: 2987.5540949140122
Current Conservation rel: 0.014207416758032521
Phonon: rel Sigma^R residual 1.0042e+00; lead balance 7.7521e-02 (best 7.2173e-02; internal spread 3.1800e+00)
Bubble energy balance: P_in=-7.071554e+05 P_out=-7.071554e+05 resid=8.401e-17
Writing output for iteration 141...
Iteration 142
[it 142] energy J(local)=[-2.8056 82.8325 14.4064]
SigmaR resid-by-omega: peak w=8.43THz val=2.457e+03 in-band(<=46.4)=0.968 low(<=5)=0.191
Maximum Self-Energy Update: 2457.315342556611
Contact Current Difference: 0.0
Current Conservation abs: 2987.6754907953728
Current Conservation rel: 0.014207837899714873
Phonon: rel Sigma^R residual 1.0042e+00; lead balance 7.7524e-02 (best 7.2173e-02; internal spread 3.1800e+00)
Bubble energy balance: P_in=-7.071651e+05 P_out=-7.071651e+05 resid=2.584e-16
Writing output for iteration 142...
Iteration 143
[it 143] energy J(local)=[-2.8056 82.8326 14.4064]
SigmaR resid-by-omega: peak w=8.43THz val=2.457e+03 in-band(<=46.4)=0.968 low(<=5)=0.191
Maximum Self-Energy Update: 2457.340485111522
Contact Current Difference: 0.0
Current Conservation abs: 2987.582069883545
Current Conservation rel: 0.014207267180871015
Phonon: rel Sigma^R residual 1.0042e+00; lead balance 7.7523e-02 (best 7.2173e-02; internal spread 3.1800e+00)
Bubble energy balance: P_in=-7.071704e+05 P_out=-7.071704e+05 resid=9.223e-17
Writing output for iteration 143...
Iteration 144
[it 144] energy J(local)=[-2.8056 82.8325 14.4065]
SigmaR resid-by-omega: peak w=8.43THz val=2.457e+03 in-band(<=46.4)=0.968 low(<=5)=0.191
Maximum Self-Energy Update: 2457.415317149223
Contact Current Difference: 0.0
Current Conservation abs: 2987.440574293796
Current Conservation rel: 0.014206562111907685
Phonon: rel Sigma^R residual 1.0042e+00; lead balance 7.7525e-02 (best 7.2173e-02; internal spread 3.1800e+00)
Bubble energy balance: P_in=-7.071815e+05 P_out=-7.071815e+05 resid=4.352e-17
Writing output for iteration 144...
Iteration 145
[it 145] energy J(local)=[-2.8056 82.8326 14.4065]
SigmaR resid-by-omega: peak w=8.43THz val=2.457e+03 in-band(<=46.4)=0.968 low(<=5)=0.191
Maximum Self-Energy Update: 2457.2831756019523
Contact Current Difference: 0.0
Current Conservation abs: 2987.8885728785244
Current Conservation rel: 0.014208715739319736
Phonon: rel Sigma^R residual 1.0042e+00; lead balance 7.7524e-02 (best 7.2173e-02; internal spread 3.1800e+00)
Bubble energy balance: P_in=-7.071738e+05 P_out=-7.071738e+05 resid=1.017e-16
Writing output for iteration 145...
Iteration 146
[it 146] energy J(local)=[-2.8056 82.8332 14.4065]
SigmaR resid-by-omega: peak w=8.43THz val=2.457e+03 in-band(<=46.4)=0.968 low(<=5)=0.191
Maximum Self-Energy Update: 2457.2271905551293
Contact Current Difference: 0.0
Current Conservation abs: 2987.5257701455994
Current Conservation rel: 0.014207128712577668
Phonon: rel Sigma^R residual 1.0042e+00; lead balance 7.7526e-02 (best 7.2173e-02; internal spread 3.1800e+00)
Bubble energy balance: P_in=-7.071453e+05 P_out=-7.071453e+05 resid=8.767e-17
Writing output for iteration 146...
Iteration 147
[it 147] energy J(local)=[-2.8056 82.8323 14.4064]
SigmaR resid-by-omega: peak w=8.43THz val=2.457e+03 in-band(<=46.4)=0.968 low(<=5)=0.191
Maximum Self-Energy Update: 2457.3762664498613
Contact Current Difference: 0.0
Current Conservation abs: 2987.636889916059
Current Conservation rel: 0.014207555827965419
Phonon: rel Sigma^R residual 1.0042e+00; lead balance 7.7523e-02 (best 7.2173e-02; internal spread 3.1800e+00)
Bubble energy balance: P_in=-7.071742e+05 P_out=-7.071742e+05 resid=8.562e-17
Writing output for iteration 147...
Iteration 148
[it 148] energy J(local)=[-2.8056 82.8327 14.4065]
SigmaR resid-by-omega: peak w=8.43THz val=2.457e+03 in-band(<=46.4)=0.968 low(<=5)=0.191
Maximum Self-Energy Update: 2457.321736161011
Contact Current Difference: 0.0
Current Conservation abs: 2987.6184888904536
Current Conservation rel: 0.014207590025669683
Phonon: rel Sigma^R residual 1.0042e+00; lead balance 7.7523e-02 (best 7.2173e-02; internal spread 3.1800e+00)
Bubble energy balance: P_in=-7.071563e+05 P_out=-7.071563e+05 resid=1.698e-16
Writing output for iteration 148...
Iteration 149
[it 149] energy J(local)=[-2.8056 82.8326 14.4065]
SigmaR resid-by-omega: peak w=8.43THz val=2.457e+03 in-band(<=46.4)=0.968 low(<=5)=0.191
Maximum Self-Energy Update: 2457.3022238065014
Contact Current Difference: 0.0
Current Conservation abs: 2987.587196053966
Current Conservation rel: 0.01420746659569823
Phonon: rel Sigma^R residual 1.0042e+00; lead balance 7.7523e-02 (best 7.2173e-02; internal spread 3.1800e+00)
Bubble energy balance: P_in=-7.071562e+05 P_out=-7.071562e+05 resid=2.470e-16
Writing output for iteration 149...
Iteration 150
[it 150] energy J(local)=[-2.8056 82.8327 14.4065]
SigmaR resid-by-omega: peak w=8.43THz val=2.457e+03 in-band(<=46.4)=0.968 low(<=5)=0.191
Maximum Self-Energy Update: 2457.2849961737315
Contact Current Difference: 0.0
Current Conservation abs: 2987.723314564151
Current Conservation rel: 0.014208135407997775
Phonon: rel Sigma^R residual 1.0042e+00; lead balance 7.7522e-02 (best 7.2173e-02; internal spread 3.1800e+00)
Bubble energy balance: P_in=-7.071546e+05 P_out=-7.071546e+05 resid=2.485e-16
Writing output for iteration 150...
Iteration 151
[it 151] energy J(local)=[-2.8056 82.8328 14.4065]
SigmaR resid-by-omega: peak w=8.43THz val=2.457e+03 in-band(<=46.4)=0.968 low(<=5)=0.191
Maximum Self-Energy Update: 2457.3078830397226
Contact Current Difference: 0.0
Current Conservation abs: 2987.5791038644093
Current Conservation rel: 0.014207443488776431
Phonon: rel Sigma^R residual 1.0042e+00; lead balance 7.7522e-02 (best 7.2173e-02; internal spread 3.1800e+00)
Bubble energy balance: P_in=-7.071520e+05 P_out=-7.071520e+05 resid=1.179e-16
Writing output for iteration 151...
Iteration 152
[it 152] energy J(local)=[-2.8056 82.8326 14.4065]
SigmaR resid-by-omega: peak w=8.43THz val=2.457e+03 in-band(<=46.4)=0.968 low(<=5)=0.191
Maximum Self-Energy Update: 2457.36897606541
Contact Current Difference: 0.0
Current Conservation abs: 2987.7711771472095
Current Conservation rel: 0.014208221955977438
Phonon: rel Sigma^R residual 1.0042e+00; lead balance 7.7523e-02 (best 7.2173e-02; internal spread 3.1800e+00)
Bubble energy balance: P_in=-7.071668e+05 P_out=-7.071668e+05 resid=8.906e-17
Writing output for iteration 152...
Iteration 153
[it 153] energy J(local)=[-2.8056 82.833  14.4065]
SigmaR resid-by-omega: peak w=8.43THz val=2.457e+03 in-band(<=46.4)=0.968 low(<=5)=0.191
Maximum Self-Energy Update: 2457.2161393625743
Contact Current Difference: 0.0
Current Conservation abs: 2987.7054360598995
Current Conservation rel: 0.014208078414136125
Phonon: rel Sigma^R residual 1.0042e+00; lead balance 7.7524e-02 (best 7.2173e-02; internal spread 3.1800e+00)
Bubble energy balance: P_in=-7.071424e+05 P_out=-7.071424e+05 resid=1.009e-16
Writing output for iteration 153...
Iteration 154
[it 154] energy J(local)=[-2.8056 82.8327 14.4065]
SigmaR resid-by-omega: peak w=8.43THz val=2.457e+03 in-band(<=46.4)=0.968 low(<=5)=0.191
Maximum Self-Energy Update: 2457.279082691474
Contact Current Difference: 0.0
Current Conservation abs: 2987.6876677158143
Current Conservation rel: 0.014207950235253756
Phonon: rel Sigma^R residual 1.0042e+00; lead balance 7.7522e-02 (best 7.2173e-02; internal spread 3.1800e+00)
Bubble energy balance: P_in=-7.071586e+05 P_out=-7.071586e+05 resid=9.063e-17
Writing output for iteration 154...
Iteration 155
[it 155] energy J(local)=[-2.8056 82.8327 14.4065]
SigmaR resid-by-omega: peak w=8.43THz val=2.457e+03 in-band(<=46.4)=0.968 low(<=5)=0.191
Maximum Self-Energy Update: 2457.291727182634
Contact Current Difference: 0.0
Current Conservation abs: 2987.730424211113
Current Conservation rel: 0.014208269780029809
Phonon: rel Sigma^R residual 1.0042e+00; lead balance 7.7521e-02 (best 7.2173e-02; internal spread 3.1800e+00)
Bubble energy balance: P_in=-7.071471e+05 P_out=-7.071471e+05 resid=1.038e-16
Writing output for iteration 155...
Iteration 156
[it 156] energy J(local)=[-2.8056 82.8327 14.4064]
SigmaR resid-by-omega: peak w=8.43THz val=2.457e+03 in-band(<=46.4)=0.968 low(<=5)=0.191
Maximum Self-Energy Update: 2457.2302727076567
Contact Current Difference: 0.0
Current Conservation abs: 2987.7847249625192
Current Conservation rel: 0.014208531352810593
Phonon: rel Sigma^R residual 1.0042e+00; lead balance 7.7521e-02 (best 7.2173e-02; internal spread 3.1800e+00)
Bubble energy balance: P_in=-7.071452e+05 P_out=-7.071452e+05 resid=1.731e-16
Writing output for iteration 156...
Iteration 157
[it 157] energy J(local)=[-2.8056 82.8328 14.4065]
SigmaR resid-by-omega: peak w=8.43THz val=2.457e+03 in-band(<=46.4)=0.968 low(<=5)=0.191
Maximum Self-Energy Update: 2457.3538187741615
Contact Current Difference: 0.0
Current Conservation abs: 2987.5824865300674
Current Conservation rel: 0.014207289906571488
Phonon: rel Sigma^R residual 1.0042e+00; lead balance 7.7522e-02 (best 7.2173e-02; internal spread 3.1800e+00)
Bubble energy balance: P_in=-7.071735e+05 P_out=-7.071735e+05 resid=4.268e-17
Writing output for iteration 157...
Iteration 158
[it 158] energy J(local)=[-2.8056 82.8327 14.4065]
SigmaR resid-by-omega: peak w=8.43THz val=2.457e+03 in-band(<=46.4)=0.968 low(<=5)=0.191
Maximum Self-Energy Update: 2457.2678808758637
Contact Current Difference: 0.0
Current Conservation abs: 2987.6555992860085
Current Conservation rel: 0.014207785100834014
Phonon: rel Sigma^R residual 1.0042e+00; lead balance 7.7523e-02 (best 7.2173e-02; internal spread 3.1800e+00)
Bubble energy balance: P_in=-7.071548e+05 P_out=-7.071548e+05 resid=3.337e-17
Writing output for iteration 158...
Iteration 159
[it 159] energy J(local)=[-2.8056 82.8328 14.4065]
SigmaR resid-by-omega: peak w=8.43THz val=2.457e+03 in-band(<=46.4)=0.968 low(<=5)=0.191
Maximum Self-Energy Update: 2457.348627365141
Contact Current Difference: 0.0
Current Conservation abs: 2987.630339571493
Current Conservation rel: 0.014207487755137435
Phonon: rel Sigma^R residual 1.0042e+00; lead balance 7.7523e-02 (best 7.2173e-02; internal spread 3.1800e+00)
Bubble energy balance: P_in=-7.071742e+05 P_out=-7.071742e+05 resid=9.568e-17
Writing output for iteration 159...
Iteration 160
[it 160] energy J(local)=[-2.8056 82.8328 14.4065]
SigmaR resid-by-omega: peak w=8.43THz val=2.457e+03 in-band(<=46.4)=0.968 low(<=5)=0.191
Maximum Self-Energy Update: 2457.302886938789
Contact Current Difference: 0.0
Current Conservation abs: 2987.644579752072
Current Conservation rel: 0.014207663412777141
Phonon: rel Sigma^R residual 1.0042e+00; lead balance 7.7523e-02 (best 7.2173e-02; internal spread 3.1800e+00)
Bubble energy balance: P_in=-7.071608e+05 P_out=-7.071608e+05 resid=1.653e-16
Writing output for iteration 160...
Iteration 161
[it 161] energy J(local)=[-2.8056 82.8326 14.4065]
SigmaR resid-by-omega: peak w=8.43THz val=2.457e+03 in-band(<=46.4)=0.968 low(<=5)=0.191
Maximum Self-Energy Update: 2457.341725628665
Contact Current Difference: 0.0
Current Conservation abs: 2987.645220926366
Current Conservation rel: 0.014207649579546974
Phonon: rel Sigma^R residual 1.0042e+00; lead balance 7.7523e-02 (best 7.2173e-02; internal spread 3.1800e+00)
Bubble energy balance: P_in=-7.071677e+05 P_out=-7.071677e+05 resid=8.241e-17
Writing output for iteration 161...
Iteration 162
[it 162] energy J(local)=[-2.8056 82.8327 14.4065]
SigmaR resid-by-omega: peak w=8.43THz val=2.457e+03 in-band(<=46.4)=0.968 low(<=5)=0.191
Maximum Self-Energy Update: 2457.3350725510604
Contact Current Difference: 0.0
Current Conservation abs: 2987.5621976445836
Current Conservation rel: 0.014207263219120967
Phonon: rel Sigma^R residual 1.0042e+00; lead balance 7.7523e-02 (best 7.2173e-02; internal spread 3.1800e+00)
Bubble energy balance: P_in=-7.071651e+05 P_out=-7.071651e+05 resid=1.194e-17
Writing output for iteration 162...
Iteration 163
[it 163] energy J(local)=[-2.8056 82.8324 14.4064]
SigmaR resid-by-omega: peak w=8.43THz val=2.457e+03 in-band(<=46.4)=0.968 low(<=5)=0.191
Maximum Self-Energy Update: 2457.325307740115
Contact Current Difference: 0.0
Current Conservation abs: 2987.537317839553
Current Conservation rel: 0.014207238437055621
Phonon: rel Sigma^R residual 1.0042e+00; lead balance 7.7523e-02 (best 7.2173e-02; internal spread 3.1800e+00)
Bubble energy balance: P_in=-7.071614e+05 P_out=-7.071614e+05 resid=3.335e-18
Writing output for iteration 163...
Iteration 164
[it 164] energy J(local)=[-2.8056 82.8327 14.4065]
SigmaR resid-by-omega: peak w=8.43THz val=2.457e+03 in-band(<=46.4)=0.968 low(<=5)=0.191
Maximum Self-Energy Update: 2457.337070139955
Contact Current Difference: 0.0
Current Conservation abs: 2987.6584806017927
Current Conservation rel: 0.014207741397888404
Phonon: rel Sigma^R residual 1.0042e+00; lead balance 7.7522e-02 (best 7.2173e-02; internal spread 3.1800e+00)
Bubble energy balance: P_in=-7.071672e+05 P_out=-7.071672e+05 resid=3.397e-18
Writing output for iteration 164...
Iteration 165
[it 165] energy J(local)=[-2.8056 82.8324 14.4064]
SigmaR resid-by-omega: peak w=8.43THz val=2.457e+03 in-band(<=46.4)=0.968 low(<=5)=0.191
Maximum Self-Energy Update: 2457.3087126720334
Contact Current Difference: 0.0
Current Conservation abs: 2987.614160838333
Current Conservation rel: 0.014207587194507664
Phonon: rel Sigma^R residual 1.0042e+00; lead balance 7.7523e-02 (best 7.2173e-02; internal spread 3.1800e+00)
Bubble energy balance: P_in=-7.071629e+05 P_out=-7.071629e+05 resid=6.997e-17
  JFNK newton#5: gmres_m=50 inner_res/||R||=4.20e-01 ||R||=6.350e+05 ||delta||=1.029e+04 trust=0.17 mu=0.00e+00
Writing output for iteration 165...
Iteration 166
[it 166] energy J(local)=[-2.4056 62.861  12.452 ]
SigmaR resid-by-omega: peak w=8.43THz val=1.022e+03 in-band(<=46.4)=0.970 low(<=5)=0.172
Maximum Self-Energy Update: 1021.712496903895
Contact Current Difference: 0.0
Current Conservation abs: 578.8516453964476
Current Conservation rel: 0.007803596643417027
Phonon: rel Sigma^R residual 6.7929e-01; lead balance 6.8044e-02 (best 6.8044e-02; internal spread 3.1573e+00)
Bubble energy balance: P_in=-1.538752e+05 P_out=-1.538752e+05 resid=5.931e-17
Writing output for iteration 166...
Iteration 167
[it 167] energy J(local)=[-2.4056 62.8611 12.452 ]
SigmaR resid-by-omega: peak w=8.43THz val=1.022e+03 in-band(<=46.4)=0.970 low(<=5)=0.172
Maximum Self-Energy Update: 1021.6968191388821
Contact Current Difference: 0.0
Current Conservation abs: 578.842584535887
Current Conservation rel: 0.007803610930358004
Phonon: rel Sigma^R residual 6.7928e-01; lead balance 6.8044e-02 (best 6.8044e-02; internal spread 3.1573e+00)
Bubble energy balance: P_in=-1.538672e+05 P_out=-1.538672e+05 resid=9.579e-17
Writing output for iteration 167...
Iteration 168
[it 168] energy J(local)=[-2.4056 62.8609 12.452 ]
SigmaR resid-by-omega: peak w=8.43THz val=1.022e+03 in-band(<=46.4)=0.970 low(<=5)=0.172
Maximum Self-Energy Update: 1021.7179579293509
Contact Current Difference: 0.0
Current Conservation abs: 578.8571957100212
Current Conservation rel: 0.0078036728547270125
Phonon: rel Sigma^R residual 6.7929e-01; lead balance 6.8044e-02 (best 6.8044e-02; internal spread 3.1573e+00)
Bubble energy balance: P_in=-1.538751e+05 P_out=-1.538751e+05 resid=9.576e-17
Writing output for iteration 168...
Iteration 169
[it 169] energy J(local)=[-2.4056 62.8613 12.452 ]
SigmaR resid-by-omega: peak w=8.43THz val=1.022e+03 in-band(<=46.4)=0.970 low(<=5)=0.172
Maximum Self-Energy Update: 1021.7088359316427
Contact Current Difference: 0.0
Current Conservation abs: 578.8431211113348
Current Conservation rel: 0.007803468416199352
Phonon: rel Sigma^R residual 6.7929e-01; lead balance 6.8044e-02 (best 6.8044e-02; internal spread 3.1573e+00)
Bubble energy balance: P_in=-1.538742e+05 P_out=-1.538742e+05 resid=1.357e-16
Writing output for iteration 169...
Iteration 170
[it 170] energy J(local)=[-2.4056 62.8611 12.452 ]
SigmaR resid-by-omega: peak w=8.43THz val=1.022e+03 in-band(<=46.4)=0.970 low(<=5)=0.172
Maximum Self-Energy Update: 1021.7125562919201
Contact Current Difference: 0.0
Current Conservation abs: 578.8863705063486
Current Conservation rel: 0.007804052813087048
Phonon: rel Sigma^R residual 6.7929e-01; lead balance 6.8044e-02 (best 6.8044e-02; internal spread 3.1573e+00)
Bubble energy balance: P_in=-1.538738e+05 P_out=-1.538738e+05 resid=9.615e-17
Writing output for iteration 170...
Iteration 171
[it 171] energy J(local)=[-2.4056 62.8609 12.452 ]
SigmaR resid-by-omega: peak w=8.43THz val=1.022e+03 in-band(<=46.4)=0.970 low(<=5)=0.172
Maximum Self-Energy Update: 1021.7024437767013
Contact Current Difference: 0.0
Current Conservation abs: 578.8320431388565
Current Conservation rel: 0.007803427098693791
Phonon: rel Sigma^R residual 6.7928e-01; lead balance 6.8045e-02 (best 6.8044e-02; internal spread 3.1573e+00)
Bubble energy balance: P_in=-1.538683e+05 P_out=-1.538683e+05 resid=9.740e-17
Writing output for iteration 171...
Iteration 172
[it 172] energy J(local)=[-2.4056 62.8611 12.452 ]
SigmaR resid-by-omega: peak w=8.43THz val=1.022e+03 in-band(<=46.4)=0.970 low(<=5)=0.172
Maximum Self-Energy Update: 1021.7259294142285
Contact Current Difference: 0.0
Current Conservation abs: 578.8524849632449
Current Conservation rel: 0.007803623326479644
Phonon: rel Sigma^R residual 6.7930e-01; lead balance 6.8044e-02 (best 6.8044e-02; internal spread 3.1573e+00)
Bubble energy balance: P_in=-1.538733e+05 P_out=-1.538733e+05 resid=8.913e-17
Writing output for iteration 172...
Iteration 173
[it 173] energy J(local)=[-2.4056 62.861  12.452 ]
SigmaR resid-by-omega: peak w=8.43THz val=1.022e+03 in-band(<=46.4)=0.970 low(<=5)=0.172
Maximum Self-Energy Update: 1021.7192055341035
Contact Current Difference: 0.0
Current Conservation abs: 578.8398380103463
Current Conservation rel: 0.0078033169595978094
Phonon: rel Sigma^R residual 6.7930e-01; lead balance 6.8045e-02 (best 6.8044e-02; internal spread 3.1573e+00)
Bubble energy balance: P_in=-1.538820e+05 P_out=-1.538820e+05 resid=2.869e-16
Writing output for iteration 173...
Iteration 174
[it 174] energy J(local)=[-2.4056 62.8616 12.4521]
SigmaR resid-by-omega: peak w=8.43THz val=1.022e+03 in-band(<=46.4)=0.970 low(<=5)=0.172
Maximum Self-Energy Update: 1021.6521817529343
Contact Current Difference: 0.0
Current Conservation abs: 578.8901330554072
Current Conservation rel: 0.00780412156884104
Phonon: rel Sigma^R residual 6.7926e-01; lead balance 6.8045e-02 (best 6.8044e-02; internal spread 3.1573e+00)
Bubble energy balance: P_in=-1.538700e+05 P_out=-1.538700e+05 resid=1.061e-16
Writing output for iteration 174...
Iteration 175
[it 175] energy J(local)=[-2.4056 62.8609 12.452 ]
SigmaR resid-by-omega: peak w=8.43THz val=1.022e+03 in-band(<=46.4)=0.970 low(<=5)=0.172
Maximum Self-Energy Update: 1021.7072667897596
Contact Current Difference: 0.0
Current Conservation abs: 578.862510922736
Current Conservation rel: 0.007803740608361298
Phonon: rel Sigma^R residual 6.7929e-01; lead balance 6.8044e-02 (best 6.8044e-02; internal spread 3.1573e+00)
Bubble energy balance: P_in=-1.538735e+05 P_out=-1.538735e+05 resid=2.911e-16
Writing output for iteration 175...
Iteration 176
[it 176] energy J(local)=[-2.4056 62.8614 12.4521]
SigmaR resid-by-omega: peak w=8.43THz val=1.022e+03 in-band(<=46.4)=0.970 low(<=5)=0.172
Maximum Self-Energy Update: 1021.7293871214744
Contact Current Difference: 0.0
Current Conservation abs: 578.7891376232583
Current Conservation rel: 0.007802755853673497
Phonon: rel Sigma^R residual 6.7931e-01; lead balance 6.8044e-02 (best 6.8044e-02; internal spread 3.1573e+00)
Bubble energy balance: P_in=-1.538737e+05 P_out=-1.538737e+05 resid=2.978e-16
Writing output for iteration 176...
Iteration 177
[it 177] energy J(local)=[-2.4056 62.8613 12.452 ]
SigmaR resid-by-omega: peak w=8.43THz val=1.022e+03 in-band(<=46.4)=0.970 low(<=5)=0.172
Maximum Self-Energy Update: 1021.736007498473
Contact Current Difference: 0.0
Current Conservation abs: 578.7743523103927
Current Conservation rel: 0.007802504233506143
Phonon: rel Sigma^R residual 6.7931e-01; lead balance 6.8043e-02 (best 6.8043e-02; internal spread 3.1573e+00)
Bubble energy balance: P_in=-1.538776e+05 P_out=-1.538776e+05 resid=1.528e-17
Writing output for iteration 177...
Iteration 178
[it 178] energy J(local)=[-2.4056 62.8611 12.452 ]
SigmaR resid-by-omega: peak w=8.43THz val=1.022e+03 in-band(<=46.4)=0.970 low(<=5)=0.172
Maximum Self-Energy Update: 1021.8429509336715
Contact Current Difference: 0.0
Current Conservation abs: 578.8052951814461
Current Conservation rel: 0.007802720160824949
Phonon: rel Sigma^R residual 6.7937e-01; lead balance 6.8043e-02 (best 6.8043e-02; internal spread 3.1573e+00)
Bubble energy balance: P_in=-1.538944e+05 P_out=-1.538944e+05 resid=7.259e-17
Writing output for iteration 178...
Iteration 179
[it 179] energy J(local)=[-2.4056 62.8614 12.452 ]
SigmaR resid-by-omega: peak w=8.43THz val=1.022e+03 in-band(<=46.4)=0.970 low(<=5)=0.172
Maximum Self-Energy Update: 1021.6304167815576
Contact Current Difference: 0.0
Current Conservation abs: 578.7635906403666
Current Conservation rel: 0.007802474890975022
Phonon: rel Sigma^R residual 6.7923e-01; lead balance 6.8044e-02 (best 6.8043e-02; internal spread 3.1573e+00)
Bubble energy balance: P_in=-1.538658e+05 P_out=-1.538658e+05 resid=7.522e-17
Writing output for iteration 179...
Iteration 180
[it 180] energy J(local)=[-2.4056 62.8607 12.452 ]
SigmaR resid-by-omega: peak w=8.43THz val=1.022e+03 in-band(<=46.4)=0.970 low(<=5)=0.172
Maximum Self-Energy Update: 1021.8912711232878
Contact Current Difference: 0.0
Current Conservation abs: 578.7938366967937
Current Conservation rel: 0.007802545014256
Phonon: rel Sigma^R residual 6.7940e-01; lead balance 6.8043e-02 (best 6.8043e-02; internal spread 3.1573e+00)
Bubble energy balance: P_in=-1.538983e+05 P_out=-1.538983e+05 resid=1.389e-16
Writing output for iteration 180...
Iteration 181
[it 181] energy J(local)=[-2.4056 62.8609 12.452 ]
SigmaR resid-by-omega: peak w=8.43THz val=1.022e+03 in-band(<=46.4)=0.970 low(<=5)=0.172
Maximum Self-Energy Update: 1021.6917212428192
Contact Current Difference: 0.0
Current Conservation abs: 578.8721784724767
Current Conservation rel: 0.007803838386833384
Phonon: rel Sigma^R residual 6.7927e-01; lead balance 6.8045e-02 (best 6.8043e-02; internal spread 3.1573e+00)
Bubble energy balance: P_in=-1.538751e+05 P_out=-1.538751e+05 resid=9.610e-17
Writing output for iteration 181...
Iteration 182
[it 182] energy J(local)=[-2.4056 62.861  12.452 ]
SigmaR resid-by-omega: peak w=8.43THz val=1.022e+03 in-band(<=46.4)=0.970 low(<=5)=0.172
Maximum Self-Energy Update: 1021.703465080853
Contact Current Difference: 0.0
Current Conservation abs: 578.8297154408938
Current Conservation rel: 0.0078032655105495724
Phonon: rel Sigma^R residual 6.7929e-01; lead balance 6.8044e-02 (best 6.8043e-02; internal spread 3.1573e+00)
Bubble energy balance: P_in=-1.538756e+05 P_out=-1.538756e+05 resid=1.084e-16
Writing output for iteration 182...
Iteration 183
[it 183] energy J(local)=[-2.4056 62.8612 12.452 ]
SigmaR resid-by-omega: peak w=8.43THz val=1.022e+03 in-band(<=46.4)=0.970 low(<=5)=0.172
Maximum Self-Energy Update: 1021.7300470138629
Contact Current Difference: 0.0
Current Conservation abs: 578.8346396663328
Current Conservation rel: 0.007803225951662985
Phonon: rel Sigma^R residual 6.7929e-01; lead balance 6.8046e-02 (best 6.8043e-02; internal spread 3.1573e+00)
Bubble energy balance: P_in=-1.538824e+05 P_out=-1.538824e+05 resid=9.759e-18
Writing output for iteration 183...
Iteration 184
[it 184] energy J(local)=[-2.4056 62.861  12.452 ]
SigmaR resid-by-omega: peak w=8.43THz val=1.022e+03 in-band(<=46.4)=0.970 low(<=5)=0.172
Maximum Self-Energy Update: 1021.7055154147035
Contact Current Difference: 0.0
Current Conservation abs: 578.8560571085472
Current Conservation rel: 0.007803621391331747
Phonon: rel Sigma^R residual 6.7929e-01; lead balance 6.8045e-02 (best 6.8043e-02; internal spread 3.1573e+00)
Bubble energy balance: P_in=-1.538758e+05 P_out=-1.538758e+05 resid=1.210e-16
Writing output for iteration 184...
Iteration 185
[it 185] energy J(local)=[-2.4056 62.8611 12.452 ]
SigmaR resid-by-omega: peak w=8.43THz val=1.022e+03 in-band(<=46.4)=0.970 low(<=5)=0.172
Maximum Self-Energy Update: 1021.726187432544
Contact Current Difference: 0.0
Current Conservation abs: 578.862085205139
Current Conservation rel: 0.007803679215207862
Phonon: rel Sigma^R residual 6.7929e-01; lead balance 6.8044e-02 (best 6.8043e-02; internal spread 3.1573e+00)
Bubble energy balance: P_in=-1.538784e+05 P_out=-1.538784e+05 resid=2.879e-16
Writing output for iteration 185...
Iteration 186
[it 186] energy J(local)=[-2.4056 62.861  12.452 ]
SigmaR resid-by-omega: peak w=8.43THz val=1.022e+03 in-band(<=46.4)=0.970 low(<=5)=0.172
Maximum Self-Energy Update: 1021.703740351333
Contact Current Difference: 0.0
Current Conservation abs: 578.7898476086339
Current Conservation rel: 0.007802825520055018
Phonon: rel Sigma^R residual 6.7929e-01; lead balance 6.8044e-02 (best 6.8043e-02; internal spread 3.1573e+00)
Bubble energy balance: P_in=-1.538722e+05 P_out=-1.538722e+05 resid=1.902e-16
Writing output for iteration 186...
Iteration 187
[it 187] energy J(local)=[-2.4056 62.8612 12.452 ]
SigmaR resid-by-omega: peak w=8.43THz val=1.022e+03 in-band(<=46.4)=0.970 low(<=5)=0.172
Maximum Self-Energy Update: 1021.7417358477774
Contact Current Difference: 0.0
Current Conservation abs: 578.8572177249007
Current Conservation rel: 0.007803614509043336
Phonon: rel Sigma^R residual 6.7930e-01; lead balance 6.8043e-02 (best 6.8043e-02; internal spread 3.1573e+00)
Bubble energy balance: P_in=-1.538787e+05 P_out=-1.538787e+05 resid=9.644e-17
Writing output for iteration 187...
Iteration 188
[it 188] energy J(local)=[-2.4056 62.8612 12.452 ]
SigmaR resid-by-omega: peak w=8.43THz val=1.022e+03 in-band(<=46.4)=0.970 low(<=5)=0.172
Maximum Self-Energy Update: 1021.6904099053336
Contact Current Difference: 0.0
Current Conservation abs: 578.87377209431
Current Conservation rel: 0.00780390568034279
Phonon: rel Sigma^R residual 6.7927e-01; lead balance 6.8045e-02 (best 6.8043e-02; internal spread 3.1573e+00)
Bubble energy balance: P_in=-1.538723e+05 P_out=-1.538723e+05 resid=1.605e-16
Writing output for iteration 188...
Iteration 189
[it 189] energy J(local)=[-2.4056 62.8609 12.452 ]
SigmaR resid-by-omega: peak w=8.43THz val=1.022e+03 in-band(<=46.4)=0.970 low(<=5)=0.172
Maximum Self-Energy Update: 1021.72004964164
Contact Current Difference: 0.0
Current Conservation abs: 578.8746739621274
Current Conservation rel: 0.007803910730447805
Phonon: rel Sigma^R residual 6.7929e-01; lead balance 6.8043e-02 (best 6.8043e-02; internal spread 3.1573e+00)
Bubble energy balance: P_in=-1.538757e+05 P_out=-1.538757e+05 resid=2.398e-17
Writing output for iteration 189...
Iteration 190
[it 190] energy J(local)=[-2.4056 62.8609 12.452 ]
SigmaR resid-by-omega: peak w=8.43THz val=1.022e+03 in-band(<=46.4)=0.970 low(<=5)=0.172
Maximum Self-Energy Update: 1021.7256464758563
Contact Current Difference: 0.0
Current Conservation abs: 578.8437681812284
Current Conservation rel: 0.007803496877564957
Phonon: rel Sigma^R residual 6.7930e-01; lead balance 6.8044e-02 (best 6.8043e-02; internal spread 3.1573e+00)
Bubble energy balance: P_in=-1.538758e+05 P_out=-1.538758e+05 resid=1.050e-16
Writing output for iteration 190...
Iteration 191
[it 191] energy J(local)=[-2.4056 62.8611 12.452 ]
SigmaR resid-by-omega: peak w=8.43THz val=1.022e+03 in-band(<=46.4)=0.970 low(<=5)=0.172
Maximum Self-Energy Update: 1021.684429702693
Contact Current Difference: 0.0
Current Conservation abs: 578.9167360288047
Current Conservation rel: 0.007804479432902223
Phonon: rel Sigma^R residual 6.7927e-01; lead balance 6.8044e-02 (best 6.8043e-02; internal spread 3.1573e+00)
Bubble energy balance: P_in=-1.538730e+05 P_out=-1.538730e+05 resid=9.487e-17
Writing output for iteration 191...
Iteration 192
[it 192] energy J(local)=[-2.4056 62.861  12.452 ]
SigmaR resid-by-omega: peak w=8.43THz val=1.022e+03 in-band(<=46.4)=0.970 low(<=5)=0.172
Maximum Self-Energy Update: 1021.6975857615141
Contact Current Difference: 0.0
Current Conservation abs: 578.8579622542456
Current Conservation rel: 0.007803672412220996
Phonon: rel Sigma^R residual 6.7928e-01; lead balance 6.8045e-02 (best 6.8043e-02; internal spread 3.1573e+00)
Bubble energy balance: P_in=-1.538739e+05 P_out=-1.538739e+05 resid=3.672e-17
Writing output for iteration 192...
Iteration 193
[it 193] energy J(local)=[-2.4056 62.861  12.452 ]
SigmaR resid-by-omega: peak w=8.43THz val=1.022e+03 in-band(<=46.4)=0.970 low(<=5)=0.172
Maximum Self-Energy Update: 1021.6941956173381
Contact Current Difference: 0.0
Current Conservation abs: 578.8847309874473
Current Conservation rel: 0.007804049943396207
Phonon: rel Sigma^R residual 6.7928e-01; lead balance 6.8044e-02 (best 6.8043e-02; internal spread 3.1573e+00)
Bubble energy balance: P_in=-1.538740e+05 P_out=-1.538740e+05 resid=1.053e-16
Writing output for iteration 193...
Iteration 194
[it 194] energy J(local)=[-2.4056 62.8609 12.452 ]
SigmaR resid-by-omega: peak w=8.43THz val=1.022e+03 in-band(<=46.4)=0.970 low(<=5)=0.172
Maximum Self-Energy Update: 1021.7260414945016
Contact Current Difference: 0.0
Current Conservation abs: 578.9065830177715
Current Conservation rel: 0.007804278415984204
Phonon: rel Sigma^R residual 6.7929e-01; lead balance 6.8044e-02 (best 6.8043e-02; internal spread 3.1573e+00)
Bubble energy balance: P_in=-1.538788e+05 P_out=-1.538788e+05 resid=5.298e-17
Writing output for iteration 194...
Iteration 195
[it 195] energy J(local)=[-2.4056 62.861  12.452 ]
SigmaR resid-by-omega: peak w=8.43THz val=1.022e+03 in-band(<=46.4)=0.970 low(<=5)=0.172
Maximum Self-Energy Update: 1021.6934250508256
Contact Current Difference: 0.0
Current Conservation abs: 578.846402733805
Current Conservation rel: 0.007803538181044747
Phonon: rel Sigma^R residual 6.7927e-01; lead balance 6.8045e-02 (best 6.8043e-02; internal spread 3.1573e+00)
Bubble energy balance: P_in=-1.538737e+05 P_out=-1.538737e+05 resid=9.862e-17
Writing output for iteration 195...
Iteration 196
[it 196] energy J(local)=[-2.4056 62.8613 12.452 ]
SigmaR resid-by-omega: peak w=8.43THz val=1.022e+03 in-band(<=46.4)=0.970 low(<=5)=0.172
Maximum Self-Energy Update: 1021.6933465337185
Contact Current Difference: 0.0
Current Conservation abs: 578.8681676589404
Current Conservation rel: 0.00780383633517218
Phonon: rel Sigma^R residual 6.7927e-01; lead balance 6.8043e-02 (best 6.8043e-02; internal spread 3.1573e+00)
Bubble energy balance: P_in=-1.538724e+05 P_out=-1.538724e+05 resid=1.900e-16
Writing output for iteration 196...
Iteration 197
[it 197] energy J(local)=[-2.4056 62.8612 12.452 ]
SigmaR resid-by-omega: peak w=8.43THz val=1.022e+03 in-band(<=46.4)=0.970 low(<=5)=0.172
Maximum Self-Energy Update: 1021.6649619756178
Contact Current Difference: 0.0
Current Conservation abs: 578.8376453629098
Current Conservation rel: 0.007803456169011436
Phonon: rel Sigma^R residual 6.7925e-01; lead balance 6.8045e-02 (best 6.8043e-02; internal spread 3.1573e+00)
Bubble energy balance: P_in=-1.538690e+05 P_out=-1.538690e+05 resid=1.959e-16
Writing output for iteration 197...
Iteration 198
[it 198] energy J(local)=[-2.4056 62.8611 12.452 ]
SigmaR resid-by-omega: peak w=8.43THz val=1.022e+03 in-band(<=46.4)=0.970 low(<=5)=0.172
Maximum Self-Energy Update: 1021.7108212385341
Contact Current Difference: 0.0
Current Conservation abs: 578.8458520162822
Current Conservation rel: 0.007803524321670865
Phonon: rel Sigma^R residual 6.7928e-01; lead balance 6.8043e-02 (best 6.8043e-02; internal spread 3.1573e+00)
Bubble energy balance: P_in=-1.538749e+05 P_out=-1.538749e+05 resid=1.914e-16
Writing output for iteration 198...
Iteration 199
[it 199] energy J(local)=[-2.4056 62.861  12.452 ]
SigmaR resid-by-omega: peak w=8.43THz val=1.022e+03 in-band(<=46.4)=0.970 low(<=5)=0.172
Maximum Self-Energy Update: 1021.6950636106353
Contact Current Difference: 0.0
Current Conservation abs: 578.8615319739183
Current Conservation rel: 0.007803748954160316
Phonon: rel Sigma^R residual 6.7927e-01; lead balance 6.8045e-02 (best 6.8043e-02; internal spread 3.1573e+00)
Bubble energy balance: P_in=-1.538724e+05 P_out=-1.538724e+05 resid=2.914e-16
Writing output for iteration 199...
Iteration 200
[it 200] energy J(local)=[-2.4056 62.861  12.452 ]
SigmaR resid-by-omega: peak w=8.43THz val=1.022e+03 in-band(<=46.4)=0.970 low(<=5)=0.172
Maximum Self-Energy Update: 1021.6883825779541
Contact Current Difference: 0.0
Current Conservation abs: 578.8613470432902
Current Conservation rel: 0.007803779723398214
Phonon: rel Sigma^R residual 6.7927e-01; lead balance 6.8045e-02 (best 6.8043e-02; internal spread 3.1573e+00)
Bubble energy balance: P_in=-1.538718e+05 P_out=-1.538718e+05 resid=1.265e-16
Writing output for iteration 200...
Iteration 201
[it 201] energy J(local)=[-2.4056 62.861  12.452 ]
SigmaR resid-by-omega: peak w=8.43THz val=1.022e+03 in-band(<=46.4)=0.970 low(<=5)=0.172
Maximum Self-Energy Update: 1021.7115419105136
Contact Current Difference: 0.0
Current Conservation abs: 578.8532684883394
Current Conservation rel: 0.007803652183104799
Phonon: rel Sigma^R residual 6.7929e-01; lead balance 6.8043e-02 (best 6.8043e-02; internal spread 3.1573e+00)
Bubble energy balance: P_in=-1.538736e+05 P_out=-1.538736e+05 resid=1.082e-16
Writing output for iteration 201...
Iteration 202
[it 202] energy J(local)=[-2.4056 62.861  12.452 ]
SigmaR resid-by-omega: peak w=8.43THz val=1.022e+03 in-band(<=46.4)=0.970 low(<=5)=0.172
Maximum Self-Energy Update: 1021.681217788334
Contact Current Difference: 0.0
Current Conservation abs: 578.844399431182
Current Conservation rel: 0.007803582051648232
Phonon: rel Sigma^R residual 6.7927e-01; lead balance 6.8045e-02 (best 6.8043e-02; internal spread 3.1573e+00)
Bubble energy balance: P_in=-1.538688e+05 P_out=-1.538688e+05 resid=5.877e-17
Writing output for iteration 202...
Iteration 203
[it 203] energy J(local)=[-2.4056 62.8608 12.452 ]
SigmaR resid-by-omega: peak w=8.43THz val=1.022e+03 in-band(<=46.4)=0.970 low(<=5)=0.172
Maximum Self-Energy Update: 1021.7242936200403
Contact Current Difference: 0.0
Current Conservation abs: 578.855676512394
Current Conservation rel: 0.007803657464927159
Phonon: rel Sigma^R residual 6.7929e-01; lead balance 6.8044e-02 (best 6.8043e-02; internal spread 3.1573e+00)
Bubble energy balance: P_in=-1.538769e+05 P_out=-1.538769e+05 resid=1.319e-17
Writing output for iteration 203...
Iteration 204
[it 204] energy J(local)=[-2.4056 62.8608 12.452 ]
SigmaR resid-by-omega: peak w=8.43THz val=1.022e+03 in-band(<=46.4)=0.970 low(<=5)=0.172
Maximum Self-Energy Update: 1021.7660061189496
Contact Current Difference: 0.0
Current Conservation abs: 578.828591302954
Current Conservation rel: 0.007803206690704284
Phonon: rel Sigma^R residual 6.7933e-01; lead balance 6.8044e-02 (best 6.8043e-02; internal spread 3.1573e+00)
Bubble energy balance: P_in=-1.538823e+05 P_out=-1.538823e+05 resid=1.452e-16
Writing output for iteration 204...
Iteration 205
[it 205] energy J(local)=[-2.4056 62.8613 12.452 ]
SigmaR resid-by-omega: peak w=8.43THz val=1.022e+03 in-band(<=46.4)=0.970 low(<=5)=0.172
Maximum Self-Energy Update: 1021.6771318284759
Contact Current Difference: 0.0
Current Conservation abs: 578.873166049445
Current Conservation rel: 0.007803865244427327
Phonon: rel Sigma^R residual 6.7926e-01; lead balance 6.8045e-02 (best 6.8043e-02; internal spread 3.1573e+00)
Bubble energy balance: P_in=-1.538726e+05 P_out=-1.538726e+05 resid=9.602e-17
Writing output for iteration 205...
Iteration 206
[it 206] energy J(local)=[-2.4056 62.861  12.452 ]
SigmaR resid-by-omega: peak w=8.43THz val=1.022e+03 in-band(<=46.4)=0.970 low(<=5)=0.172
Maximum Self-Energy Update: 1021.743218258132
Contact Current Difference: 0.0
Current Conservation abs: 578.8335201452792
Current Conservation rel: 0.007803312056663606
Phonon: rel Sigma^R residual 6.7930e-01; lead balance 6.8044e-02 (best 6.8043e-02; internal spread 3.1573e+00)
Bubble energy balance: P_in=-1.538793e+05 P_out=-1.538793e+05 resid=1.925e-16
Writing output for iteration 206...
Iteration 207
[it 207] energy J(local)=[-2.4056 62.8609 12.452 ]
SigmaR resid-by-omega: peak w=8.43THz val=1.022e+03 in-band(<=46.4)=0.970 low(<=5)=0.172
Maximum Self-Energy Update: 1021.7310958559315
Contact Current Difference: 0.0
Current Conservation abs: 578.8744852379386
Current Conservation rel: 0.007803858025452228
Phonon: rel Sigma^R residual 6.7930e-01; lead balance 6.8045e-02 (best 6.8043e-02; internal spread 3.1573e+00)
Bubble energy balance: P_in=-1.538785e+05 P_out=-1.538785e+05 resid=3.783e-17
Writing output for iteration 207...
Iteration 208
[it 208] energy J(local)=[-2.4056 62.8611 12.452 ]
SigmaR resid-by-omega: peak w=8.43THz val=1.022e+03 in-band(<=46.4)=0.970 low(<=5)=0.172
Maximum Self-Energy Update: 1021.7429471664651
Contact Current Difference: 0.0
Current Conservation abs: 578.7974495535091
Current Conservation rel: 0.0078028761527625815
Phonon: rel Sigma^R residual 6.7931e-01; lead balance 6.8044e-02 (best 6.8043e-02; internal spread 3.1573e+00)
Bubble energy balance: P_in=-1.538748e+05 P_out=-1.538748e+05 resid=9.800e-17
Writing output for iteration 208...
Iteration 209
[it 209] energy J(local)=[-2.4056 62.8611 12.452 ]
SigmaR resid-by-omega: peak w=8.43THz val=1.022e+03 in-band(<=46.4)=0.970 low(<=5)=0.172
Maximum Self-Energy Update: 1021.6928203862602
Contact Current Difference: 0.0
Current Conservation abs: 578.9330608439413
Current Conservation rel: 0.007804726395213342
Phonon: rel Sigma^R residual 6.7927e-01; lead balance 6.8044e-02 (best 6.8043e-02; internal spread 3.1573e+00)
Bubble energy balance: P_in=-1.538737e+05 P_out=-1.538737e+05 resid=1.395e-16
Writing output for iteration 209...
Iteration 210
[it 210] energy J(local)=[-2.4056 62.8608 12.452 ]
SigmaR resid-by-omega: peak w=8.43THz val=1.022e+03 in-band(<=46.4)=0.970 low(<=5)=0.172
Maximum Self-Energy Update: 1021.7316280688382
Contact Current Difference: 0.0
Current Conservation abs: 578.8397477751423
Current Conservation rel: 0.007803382886229516
Phonon: rel Sigma^R residual 6.7930e-01; lead balance 6.8045e-02 (best 6.8043e-02; internal spread 3.1573e+00)
Bubble energy balance: P_in=-1.538784e+05 P_out=-1.538784e+05 resid=2.945e-16
Writing output for iteration 210...
Iteration 211
[it 211] energy J(local)=[-2.4056 62.8612 12.452 ]
SigmaR resid-by-omega: peak w=8.43THz val=1.022e+03 in-band(<=46.4)=0.970 low(<=5)=0.172
Maximum Self-Energy Update: 1021.6738232787999
Contact Current Difference: 0.0
Current Conservation abs: 578.9243493727845
Current Conservation rel: 0.007804618479376185
Phonon: rel Sigma^R residual 6.7926e-01; lead balance 6.8044e-02 (best 6.8043e-02; internal spread 3.1573e+00)
Bubble energy balance: P_in=-1.538706e+05 P_out=-1.538706e+05 resid=1.134e-16
Writing output for iteration 211...
Iteration 212
[it 212] energy J(local)=[-2.4056 62.861  12.452 ]
SigmaR resid-by-omega: peak w=8.43THz val=1.022e+03 in-band(<=46.4)=0.970 low(<=5)=0.172
Maximum Self-Energy Update: 1021.712488465346
Contact Current Difference: 0.0
Current Conservation abs: 578.8271515978704
Current Conservation rel: 0.007803293389029726
Phonon: rel Sigma^R residual 6.7928e-01; lead balance 6.8044e-02 (best 6.8043e-02; internal spread 3.1573e+00)
Bubble energy balance: P_in=-1.538746e+05 P_out=-1.538746e+05 resid=1.012e-16
Writing output for iteration 212...
Iteration 213
[it 213] energy J(local)=[-2.4056 62.8609 12.452 ]
SigmaR resid-by-omega: peak w=8.43THz val=1.022e+03 in-band(<=46.4)=0.970 low(<=5)=0.172
Maximum Self-Energy Update: 1021.7280530712301
Contact Current Difference: 0.0
Current Conservation abs: 578.7899424239731
Current Conservation rel: 0.007802714483308401
Phonon: rel Sigma^R residual 6.7930e-01; lead balance 6.8045e-02 (best 6.8043e-02; internal spread 3.1573e+00)
Bubble energy balance: P_in=-1.538783e+05 P_out=-1.538783e+05 resid=1.971e-16
Writing output for iteration 213...
Iteration 214
[it 214] energy J(local)=[-2.4056 62.861  12.452 ]
SigmaR resid-by-omega: peak w=8.43THz val=1.022e+03 in-band(<=46.4)=0.970 low(<=5)=0.172
Maximum Self-Energy Update: 1021.7293217716683
Contact Current Difference: 0.0
Current Conservation abs: 578.8276331416564
Current Conservation rel: 0.007803252319401574
Phonon: rel Sigma^R residual 6.7930e-01; lead balance 6.8043e-02 (best 6.8043e-02; internal spread 3.1573e+00)
Bubble energy balance: P_in=-1.538765e+05 P_out=-1.538765e+05 resid=2.243e-16
Writing output for iteration 214...
Iteration 215
[it 215] energy J(local)=[-2.4056 62.861  12.452 ]
SigmaR resid-by-omega: peak w=8.43THz val=1.022e+03 in-band(<=46.4)=0.970 low(<=5)=0.172
Maximum Self-Energy Update: 1021.7133334834019
Contact Current Difference: 0.0
Current Conservation abs: 578.8868890281374
Current Conservation rel: 0.0078041287384425645
Phonon: rel Sigma^R residual 6.7929e-01; lead balance 6.8044e-02 (best 6.8043e-02; internal spread 3.1573e+00)
Bubble energy balance: P_in=-1.538737e+05 P_out=-1.538737e+05 resid=8.362e-17
Writing output for iteration 215...
Iteration 216
[it 216] energy J(local)=[-2.4056 62.8614 12.452 ]
SigmaR resid-by-omega: peak w=8.43THz val=1.022e+03 in-band(<=46.4)=0.970 low(<=5)=0.172
Maximum Self-Energy Update: 1021.6716107006275
Contact Current Difference: 0.0
Current Conservation abs: 578.8808750941535
Current Conservation rel: 0.007803961718694927
Phonon: rel Sigma^R residual 6.7925e-01; lead balance 6.8045e-02 (best 6.8043e-02; internal spread 3.1573e+00)
Bubble energy balance: P_in=-1.538732e+05 P_out=-1.538732e+05 resid=1.107e-16
  JFNK newton#6: gmres_m=50 inner_res/||R||=7.12e-01 ||R||=3.484e+05 ||delta||=1.455e+04 trust=0.17 mu=0.00e+00
Writing output for iteration 216...
Iteration 217
[it 217] energy J(local)=[-2.4466 42.6399 10.5931]
SigmaR resid-by-omega: peak w=6.23THz val=7.591e+02 in-band(<=46.4)=0.972 low(<=5)=0.172
Maximum Self-Energy Update: 759.1168261003367
Contact Current Difference: 0.0
Current Conservation abs: 133.2932228345635
Current Conservation rel: 0.002956294902281143
Phonon: rel Sigma^R residual 6.0485e-01; lead balance 2.2800e-02 (best 2.2800e-02; internal spread 3.1406e+00)
Bubble energy balance: P_in=-4.951463e+04 P_out=-4.951463e+04 resid=1.535e-16
Writing output for iteration 217...
Iteration 218
[it 218] energy J(local)=[-2.4467 42.6399 10.5931]
SigmaR resid-by-omega: peak w=6.23THz val=7.591e+02 in-band(<=46.4)=0.972 low(<=5)=0.172
Maximum Self-Energy Update: 759.1147129417644
Contact Current Difference: 0.0
Current Conservation abs: 133.29366045519419
Current Conservation rel: 0.002956322410775504
Phonon: rel Sigma^R residual 6.0485e-01; lead balance 2.2800e-02 (best 2.2800e-02; internal spread 3.1406e+00)
Bubble energy balance: P_in=-4.951338e+04 P_out=-4.951338e+04 resid=1.519e-16
Writing output for iteration 218...
Iteration 219
[it 219] energy J(local)=[-2.4466 42.6399 10.5931]
SigmaR resid-by-omega: peak w=6.23THz val=7.591e+02 in-band(<=46.4)=0.972 low(<=5)=0.172
Maximum Self-Energy Update: 759.1165223247659
Contact Current Difference: 0.0
Current Conservation abs: 133.29496661712255
Current Conservation rel: 0.002956339006451525
Phonon: rel Sigma^R residual 6.0485e-01; lead balance 2.2800e-02 (best 2.2800e-02; internal spread 3.1406e+00)
Bubble energy balance: P_in=-4.951413e+04 P_out=-4.951413e+04 resid=8.459e-17
Writing output for iteration 219...
Iteration 220
[it 220] energy J(local)=[-2.4466 42.64   10.5931]
SigmaR resid-by-omega: peak w=6.23THz val=7.591e+02 in-band(<=46.4)=0.972 low(<=5)=0.172
Maximum Self-Energy Update: 759.1192531617648
Contact Current Difference: 0.0
Current Conservation abs: 133.2946281867371
Current Conservation rel: 0.002956325482126732
Phonon: rel Sigma^R residual 6.0485e-01; lead balance 2.2801e-02 (best 2.2800e-02; internal spread 3.1406e+00)
Bubble energy balance: P_in=-4.951456e+04 P_out=-4.951456e+04 resid=1.517e-16
Writing output for iteration 220...
Iteration 221
[it 221] energy J(local)=[-2.4466 42.6399 10.5931]
SigmaR resid-by-omega: peak w=6.23THz val=7.591e+02 in-band(<=46.4)=0.972 low(<=5)=0.172
Maximum Self-Energy Update: 759.1174528756434
Contact Current Difference: 0.0
Current Conservation abs: 133.29518295671005
Current Conservation rel: 0.002956338132234752
Phonon: rel Sigma^R residual 6.0485e-01; lead balance 2.2800e-02 (best 2.2800e-02; internal spread 3.1406e+00)
Bubble energy balance: P_in=-4.951488e+04 P_out=-4.951488e+04 resid=1.273e-16
Writing output for iteration 221...
Iteration 222
[it 222] energy J(local)=[-2.4467 42.64   10.5931]
SigmaR resid-by-omega: peak w=6.23THz val=7.591e+02 in-band(<=46.4)=0.972 low(<=5)=0.172
Maximum Self-Energy Update: 759.1156059485165
Contact Current Difference: 0.0
Current Conservation abs: 133.29342125648327
Current Conservation rel: 0.0029563092583878383
Phonon: rel Sigma^R residual 6.0485e-01; lead balance 2.2801e-02 (best 2.2800e-02; internal spread 3.1406e+00)
Bubble energy balance: P_in=-4.951365e+04 P_out=-4.951365e+04 resid=1.046e-16
Writing output for iteration 222...
Iteration 223
[it 223] energy J(local)=[-2.4466 42.6397 10.5931]
SigmaR resid-by-omega: peak w=6.23THz val=7.591e+02 in-band(<=46.4)=0.972 low(<=5)=0.172
Maximum Self-Energy Update: 759.1168549239263
Contact Current Difference: 0.0
Current Conservation abs: 133.2983375228432
Current Conservation rel: 0.0029564287610343554
Phonon: rel Sigma^R residual 6.0484e-01; lead balance 2.2801e-02 (best 2.2800e-02; internal spread 3.1406e+00)
Bubble energy balance: P_in=-4.951312e+04 P_out=-4.951312e+04 resid=2.955e-17
Writing output for iteration 223...
Iteration 224
[it 224] energy J(local)=[-2.4466 42.6399 10.5931]
SigmaR resid-by-omega: peak w=6.23THz val=7.591e+02 in-band(<=46.4)=0.972 low(<=5)=0.172
Maximum Self-Energy Update: 759.1174266696684
Contact Current Difference: 0.0
Current Conservation abs: 133.29148808367245
Current Conservation rel: 0.0029562342256639943
Phonon: rel Sigma^R residual 6.0484e-01; lead balance 2.2800e-02 (best 2.2800e-02; internal spread 3.1406e+00)
Bubble energy balance: P_in=-4.951658e+04 P_out=-4.951658e+04 resid=5.269e-17
Writing output for iteration 224...
Iteration 225
[it 225] energy J(local)=[-2.4466 42.64   10.5931]
SigmaR resid-by-omega: peak w=6.23THz val=7.591e+02 in-band(<=46.4)=0.972 low(<=5)=0.172
Maximum Self-Energy Update: 759.1180339460046
Contact Current Difference: 0.0
Current Conservation abs: 133.3114664640998
Current Conservation rel: 0.002956699856356036
Phonon: rel Sigma^R residual 6.0485e-01; lead balance 2.2800e-02 (best 2.2800e-02; internal spread 3.1406e+00)
Bubble energy balance: P_in=-4.951484e+04 P_out=-4.951484e+04 resid=2.405e-16
Writing output for iteration 225...
Iteration 226
[it 226] energy J(local)=[-2.4466 42.6397 10.5931]
SigmaR resid-by-omega: peak w=6.23THz val=7.591e+02 in-band(<=46.4)=0.972 low(<=5)=0.172
Maximum Self-Energy Update: 759.1171178553925
Contact Current Difference: 0.0
Current Conservation abs: 133.29423840741947
Current Conservation rel: 0.0029563132621495264
Phonon: rel Sigma^R residual 6.0484e-01; lead balance 2.2801e-02 (best 2.2800e-02; internal spread 3.1406e+00)
Bubble energy balance: P_in=-4.951544e+04 P_out=-4.951544e+04 resid=2.000e-16
Writing output for iteration 226...
Iteration 227
[it 227] energy J(local)=[-2.4466 42.6398 10.5931]
SigmaR resid-by-omega: peak w=6.23THz val=7.591e+02 in-band(<=46.4)=0.972 low(<=5)=0.172
Maximum Self-Energy Update: 759.1169195513933
Contact Current Difference: 0.0
Current Conservation abs: 133.29676394421404
Current Conservation rel: 0.0029563796214841422
Phonon: rel Sigma^R residual 6.0485e-01; lead balance 2.2800e-02 (best 2.2800e-02; internal spread 3.1406e+00)
Bubble energy balance: P_in=-4.951407e+04 P_out=-4.951407e+04 resid=7.890e-17
Writing output for iteration 227...
Iteration 228
[it 228] energy J(local)=[-2.4466 42.6399 10.5931]
SigmaR resid-by-omega: peak w=6.23THz val=7.591e+02 in-band(<=46.4)=0.972 low(<=5)=0.172
Maximum Self-Energy Update: 759.1177626974733
Contact Current Difference: 0.0
Current Conservation abs: 133.2971538630227
Current Conservation rel: 0.0029563835122865516
Phonon: rel Sigma^R residual 6.0485e-01; lead balance 2.2801e-02 (best 2.2800e-02; internal spread 3.1406e+00)
Bubble energy balance: P_in=-4.951472e+04 P_out=-4.951472e+04 resid=3.681e-17
Writing output for iteration 228...
Iteration 229
[it 229] energy J(local)=[-2.4466 42.6398 10.5931]
SigmaR resid-by-omega: peak w=6.23THz val=7.591e+02 in-band(<=46.4)=0.972 low(<=5)=0.172
Maximum Self-Energy Update: 759.1136250075589
Contact Current Difference: 0.0
Current Conservation abs: 133.2968468800682
Current Conservation rel: 0.002956388154955917
Phonon: rel Sigma^R residual 6.0484e-01; lead balance 2.2801e-02 (best 2.2800e-02; internal spread 3.1406e+00)
Bubble energy balance: P_in=-4.951403e+04 P_out=-4.951403e+04 resid=1.506e-16
Writing output for iteration 229...
Iteration 230
[it 230] energy J(local)=[-2.4466 42.6399 10.5931]
SigmaR resid-by-omega: peak w=6.23THz val=7.591e+02 in-band(<=46.4)=0.972 low(<=5)=0.172
Maximum Self-Energy Update: 759.1180720375617
Contact Current Difference: 0.0
Current Conservation abs: 133.29956266469526
Current Conservation rel: 0.002956453580762941
Phonon: rel Sigma^R residual 6.0485e-01; lead balance 2.2800e-02 (best 2.2800e-02; internal spread 3.1406e+00)
Bubble energy balance: P_in=-4.951340e+04 P_out=-4.951340e+04 resid=3.640e-17
Writing output for iteration 230...
Iteration 231
[it 231] energy J(local)=[-2.4467 42.6399 10.5931]
SigmaR resid-by-omega: peak w=6.23THz val=7.591e+02 in-band(<=46.4)=0.972 low(<=5)=0.172
Maximum Self-Energy Update: 759.116640100658
Contact Current Difference: 0.0
Current Conservation abs: 133.29582886700882
Current Conservation rel: 0.002956345052095249
Phonon: rel Sigma^R residual 6.0484e-01; lead balance 2.2800e-02 (best 2.2800e-02; internal spread 3.1406e+00)
Bubble energy balance: P_in=-4.951475e+04 P_out=-4.951475e+04 resid=2.233e-16
Writing output for iteration 231...
Iteration 232
[it 232] energy J(local)=[-2.4466 42.6398 10.5931]
SigmaR resid-by-omega: peak w=6.23THz val=7.591e+02 in-band(<=46.4)=0.972 low(<=5)=0.172
Maximum Self-Energy Update: 759.1173087924152
Contact Current Difference: 0.0
Current Conservation abs: 133.30523945469758
Current Conservation rel: 0.0029565546594295983
Phonon: rel Sigma^R residual 6.0484e-01; lead balance 2.2801e-02 (best 2.2800e-02; internal spread 3.1406e+00)
Bubble energy balance: P_in=-4.951508e+04 P_out=-4.951508e+04 resid=7.495e-17
Writing output for iteration 232...
Iteration 233
[it 233] energy J(local)=[-2.4467 42.6399 10.5931]
SigmaR resid-by-omega: peak w=6.23THz val=7.591e+02 in-band(<=46.4)=0.972 low(<=5)=0.172
Maximum Self-Energy Update: 759.1133555094902
Contact Current Difference: 0.0
Current Conservation abs: 133.28800505368417
Current Conservation rel: 0.0029561966729918956
Phonon: rel Sigma^R residual 6.0485e-01; lead balance 2.2800e-02 (best 2.2800e-02; internal spread 3.1406e+00)
Bubble energy balance: P_in=-4.951311e+04 P_out=-4.951311e+04 resid=1.511e-16
Writing output for iteration 233...
Iteration 234
[it 234] energy J(local)=[-2.4466 42.64   10.5931]
SigmaR resid-by-omega: peak w=6.23THz val=7.591e+02 in-band(<=46.4)=0.972 low(<=5)=0.172
Maximum Self-Energy Update: 759.1162073107334
Contact Current Difference: 0.0
Current Conservation abs: 133.29776426255557
Current Conservation rel: 0.0029563796078836747
Phonon: rel Sigma^R residual 6.0484e-01; lead balance 2.2801e-02 (best 2.2800e-02; internal spread 3.1406e+00)
Bubble energy balance: P_in=-4.951564e+04 P_out=-4.951564e+04 resid=2.210e-16
Writing output for iteration 234...
Iteration 235
[it 235] energy J(local)=[-2.4467 42.6397 10.5931]
SigmaR resid-by-omega: peak w=6.23THz val=7.591e+02 in-band(<=46.4)=0.972 low(<=5)=0.172
Maximum Self-Energy Update: 759.1148593194134
Contact Current Difference: 0.0
Current Conservation abs: 133.2947861419416
Current Conservation rel: 0.0029563499728842858
Phonon: rel Sigma^R residual 6.0485e-01; lead balance 2.2800e-02 (best 2.2800e-02; internal spread 3.1406e+00)
Bubble energy balance: P_in=-4.951314e+04 P_out=-4.951314e+04 resid=2.782e-16
Writing output for iteration 235...
Iteration 236
[it 236] energy J(local)=[-2.4467 42.6398 10.5931]
SigmaR resid-by-omega: peak w=6.23THz val=7.591e+02 in-band(<=46.4)=0.972 low(<=5)=0.172
Maximum Self-Energy Update: 759.1165995296487
Contact Current Difference: 0.0
Current Conservation abs: 133.31343114393894
Current Conservation rel: 0.0029567465244591342
Phonon: rel Sigma^R residual 6.0484e-01; lead balance 2.2801e-02 (best 2.2800e-02; internal spread 3.1406e+00)
Bubble energy balance: P_in=-4.951433e+04 P_out=-4.951433e+04 resid=1.321e-16
Writing output for iteration 236...
Iteration 237
[it 237] energy J(local)=[-2.4467 42.6397 10.5931]
SigmaR resid-by-omega: peak w=6.23THz val=7.591e+02 in-band(<=46.4)=0.972 low(<=5)=0.172
Maximum Self-Energy Update: 759.1159026839435
Contact Current Difference: 0.0
Current Conservation abs: 133.29331639246084
Current Conservation rel: 0.0029563188344415322
Phonon: rel Sigma^R residual 6.0485e-01; lead balance 2.2800e-02 (best 2.2800e-02; internal spread 3.1406e+00)
Bubble energy balance: P_in=-4.951329e+04 P_out=-4.951329e+04 resid=3.676e-16
Writing output for iteration 237...
Iteration 238
[it 238] energy J(local)=[-2.4466 42.64   10.5931]
SigmaR resid-by-omega: peak w=6.23THz val=7.591e+02 in-band(<=46.4)=0.972 low(<=5)=0.172
Maximum Self-Energy Update: 759.1161887728902
Contact Current Difference: 0.0
Current Conservation abs: 133.29042352136094
Current Conservation rel: 0.00295623541148777
Phonon: rel Sigma^R residual 6.0485e-01; lead balance 2.2800e-02 (best 2.2800e-02; internal spread 3.1406e+00)
Bubble energy balance: P_in=-4.951448e+04 P_out=-4.951448e+04 resid=2.225e-16
Writing output for iteration 238...
Iteration 239
[it 239] energy J(local)=[-2.4466 42.6399 10.5931]
SigmaR resid-by-omega: peak w=6.23THz val=7.591e+02 in-band(<=46.4)=0.972 low(<=5)=0.172
Maximum Self-Energy Update: 759.1179687917537
Contact Current Difference: 0.0
Current Conservation abs: 133.29994591323702
Current Conservation rel: 0.002956441498314037
Phonon: rel Sigma^R residual 6.0485e-01; lead balance 2.2800e-02 (best 2.2800e-02; internal spread 3.1406e+00)
Bubble energy balance: P_in=-4.951493e+04 P_out=-4.951493e+04 resid=7.723e-17
Writing output for iteration 239...
Iteration 240
[it 240] energy J(local)=[-2.4467 42.64   10.5931]
SigmaR resid-by-omega: peak w=6.23THz val=7.591e+02 in-band(<=46.4)=0.972 low(<=5)=0.172
Maximum Self-Energy Update: 759.1190502067744
Contact Current Difference: 0.0
Current Conservation abs: 133.28777459961202
Current Conservation rel: 0.0029561519800996266
Phonon: rel Sigma^R residual 6.0485e-01; lead balance 2.2800e-02 (best 2.2800e-02; internal spread 3.1406e+00)
Bubble energy balance: P_in=-4.951592e+04 P_out=-4.951592e+04 resid=7.376e-17
Writing output for iteration 240...
Iteration 241
[it 241] energy J(local)=[-2.4466 42.6401 10.5932]
SigmaR resid-by-omega: peak w=6.23THz val=7.591e+02 in-band(<=46.4)=0.972 low(<=5)=0.172
Maximum Self-Energy Update: 759.1167455296082
Contact Current Difference: 0.0
Current Conservation abs: 133.30033038449255
Current Conservation rel: 0.002956423170005303
Phonon: rel Sigma^R residual 6.0484e-01; lead balance 2.2800e-02 (best 2.2800e-02; internal spread 3.1406e+00)
Bubble energy balance: P_in=-4.951621e+04 P_out=-4.951621e+04 resid=7.894e-17
Writing output for iteration 241...
Iteration 242
[it 242] energy J(local)=[-2.4467 42.6399 10.5931]
SigmaR resid-by-omega: peak w=6.23THz val=7.591e+02 in-band(<=46.4)=0.972 low(<=5)=0.172
Maximum Self-Energy Update: 759.1176370462783
Contact Current Difference: 0.0
Current Conservation abs: 133.2938388998482
Current Conservation rel: 0.002956299502389778
Phonon: rel Sigma^R residual 6.0485e-01; lead balance 2.2801e-02 (best 2.2800e-02; internal spread 3.1406e+00)
Bubble energy balance: P_in=-4.951514e+04 P_out=-4.951514e+04 resid=6.264e-17
Writing output for iteration 242...
Iteration 243
[it 243] energy J(local)=[-2.4467 42.6401 10.5932]
SigmaR resid-by-omega: peak w=6.23THz val=7.591e+02 in-band(<=46.4)=0.972 low(<=5)=0.172
Maximum Self-Energy Update: 759.1182889941064
Contact Current Difference: 0.0
Current Conservation abs: 133.29458200647423
Current Conservation rel: 0.0029563062939289403
Phonon: rel Sigma^R residual 6.0484e-01; lead balance 2.2801e-02 (best 2.2800e-02; internal spread 3.1406e+00)
Bubble energy balance: P_in=-4.951564e+04 P_out=-4.951564e+04 resid=7.581e-17
Writing output for iteration 243...
Iteration 244
[it 244] energy J(local)=[-2.4466 42.6399 10.5931]
SigmaR resid-by-omega: peak w=6.23THz val=7.591e+02 in-band(<=46.4)=0.972 low(<=5)=0.172
Maximum Self-Energy Update: 759.1166318072068
Contact Current Difference: 0.0
Current Conservation abs: 133.30024442819558
Current Conservation rel: 0.002956448008499359
Phonon: rel Sigma^R residual 6.0485e-01; lead balance 2.2800e-02 (best 2.2800e-02; internal spread 3.1406e+00)
Bubble energy balance: P_in=-4.951488e+04 P_out=-4.951488e+04 resid=9.628e-17
Writing output for iteration 244...
Iteration 245
[it 245] energy J(local)=[-2.4467 42.6399 10.5931]
SigmaR resid-by-omega: peak w=6.23THz val=7.591e+02 in-band(<=46.4)=0.972 low(<=5)=0.172
Maximum Self-Energy Update: 759.1154682051177
Contact Current Difference: 0.0
Current Conservation abs: 133.297247033468
Current Conservation rel: 0.002956383672354368
Phonon: rel Sigma^R residual 6.0484e-01; lead balance 2.2801e-02 (best 2.2800e-02; internal spread 3.1406e+00)
Bubble energy balance: P_in=-4.951449e+04 P_out=-4.951449e+04 resid=2.438e-16
Writing output for iteration 245...
Iteration 246
[it 246] energy J(local)=[-2.4466 42.6398 10.5931]
SigmaR resid-by-omega: peak w=6.23THz val=7.591e+02 in-band(<=46.4)=0.972 low(<=5)=0.172
Maximum Self-Energy Update: 759.1175839973255
Contact Current Difference: 0.0
Current Conservation abs: 133.29866853016938
Current Conservation rel: 0.002956432374995086
Phonon: rel Sigma^R residual 6.0485e-01; lead balance 2.2800e-02 (best 2.2800e-02; internal spread 3.1406e+00)
Bubble energy balance: P_in=-4.951358e+04 P_out=-4.951358e+04 resid=4.118e-17
Writing output for iteration 246...
Iteration 247
[it 247] energy J(local)=[-2.4467 42.6401 10.5932]
SigmaR resid-by-omega: peak w=6.23THz val=7.591e+02 in-band(<=46.4)=0.972 low(<=5)=0.172
Maximum Self-Energy Update: 759.1170925442761
Contact Current Difference: 0.0
Current Conservation abs: 133.29735945803623
Current Conservation rel: 0.0029563913951141333
Phonon: rel Sigma^R residual 6.0485e-01; lead balance 2.2800e-02 (best 2.2800e-02; internal spread 3.1406e+00)
Bubble energy balance: P_in=-4.951398e+04 P_out=-4.951398e+04 resid=9.565e-17
Writing output for iteration 247...
Iteration 248
[it 248] energy J(local)=[-2.4466 42.6399 10.5931]
SigmaR resid-by-omega: peak w=6.23THz val=7.591e+02 in-band(<=46.4)=0.972 low(<=5)=0.172
Maximum Self-Energy Update: 759.1188251019151
Contact Current Difference: 0.0
Current Conservation abs: 133.30157353375034
Current Conservation rel: 0.002956466741093931
Phonon: rel Sigma^R residual 6.0484e-01; lead balance 2.2801e-02 (best 2.2800e-02; internal spread 3.1406e+00)
Bubble energy balance: P_in=-4.951583e+04 P_out=-4.951583e+04 resid=8.575e-17
Writing output for iteration 248...
Iteration 249
[it 249] energy J(local)=[-2.4467 42.64   10.5931]
SigmaR resid-by-omega: peak w=6.23THz val=7.591e+02 in-band(<=46.4)=0.972 low(<=5)=0.172
Maximum Self-Energy Update: 759.1164336777093
Contact Current Difference: 0.0
Current Conservation abs: 133.293155633899
Current Conservation rel: 0.002956309283098177
Phonon: rel Sigma^R residual 6.0485e-01; lead balance 2.2801e-02 (best 2.2800e-02; internal spread 3.1406e+00)
Bubble energy balance: P_in=-4.951343e+04 P_out=-4.951343e+04 resid=3.025e-16
Writing output for iteration 249...
Iteration 250
[it 250] energy J(local)=[-2.4466 42.6398 10.5931]
SigmaR resid-by-omega: peak w=6.23THz val=7.591e+02 in-band(<=46.4)=0.972 low(<=5)=0.172
Maximum Self-Energy Update: 759.1165661240317
Contact Current Difference: 0.0
Current Conservation abs: 133.29193835705883
Current Conservation rel: 0.0029562684325058664
Phonon: rel Sigma^R residual 6.0485e-01; lead balance 2.2801e-02 (best 2.2800e-02; internal spread 3.1406e+00)
Bubble energy balance: P_in=-4.951477e+04 P_out=-4.951477e+04 resid=1.471e-16
Writing output for iteration 250...
Iteration 251
[it 251] energy J(local)=[-2.4467 42.64   10.5931]
SigmaR resid-by-omega: peak w=6.23THz val=7.591e+02 in-band(<=46.4)=0.972 low(<=5)=0.172
Maximum Self-Energy Update: 759.1189653356706
Contact Current Difference: 0.0
Current Conservation abs: 133.28494601972488
Current Conservation rel: 0.0029561027491039073
Phonon: rel Sigma^R residual 6.0485e-01; lead balance 2.2801e-02 (best 2.2800e-02; internal spread 3.1406e+00)
Bubble energy balance: P_in=-4.951511e+04 P_out=-4.951511e+04 resid=1.500e-16
Writing output for iteration 251...
Iteration 252
[it 252] energy J(local)=[-2.4467 42.6401 10.5932]
SigmaR resid-by-omega: peak w=6.23THz val=7.591e+02 in-band(<=46.4)=0.972 low(<=5)=0.172
Maximum Self-Energy Update: 759.1185443109226
Contact Current Difference: 0.0
Current Conservation abs: 133.30072259574808
Current Conservation rel: 0.0029564687608589378
Phonon: rel Sigma^R residual 6.0485e-01; lead balance 2.2800e-02 (best 2.2800e-02; internal spread 3.1406e+00)
Bubble energy balance: P_in=-4.951385e+04 P_out=-4.951385e+04 resid=1.722e-16
Writing output for iteration 252...
Iteration 253
[it 253] energy J(local)=[-2.4467 42.64   10.5931]
SigmaR resid-by-omega: peak w=6.23THz val=7.591e+02 in-band(<=46.4)=0.972 low(<=5)=0.172
Maximum Self-Energy Update: 759.1171423196593
Contact Current Difference: 0.0
Current Conservation abs: 133.29120516200055
Current Conservation rel: 0.002956245984077167
Phonon: rel Sigma^R residual 6.0485e-01; lead balance 2.2801e-02 (best 2.2800e-02; internal spread 3.1406e+00)
Bubble energy balance: P_in=-4.951461e+04 P_out=-4.951461e+04 resid=1.754e-17
Writing output for iteration 253...
Iteration 254
[it 254] energy J(local)=[-2.4466 42.6398 10.5931]
SigmaR resid-by-omega: peak w=6.23THz val=7.591e+02 in-band(<=46.4)=0.972 low(<=5)=0.172
Maximum Self-Energy Update: 759.1133384051359
Contact Current Difference: 0.0
Current Conservation abs: 133.28041251582545
Current Conservation rel: 0.0029560232861311655
Phonon: rel Sigma^R residual 6.0485e-01; lead balance 2.2800e-02 (best 2.2800e-02; internal spread 3.1406e+00)
Bubble energy balance: P_in=-4.951399e+04 P_out=-4.951399e+04 resid=2.466e-16
Writing output for iteration 254...
Iteration 255
[it 255] energy J(local)=[-2.4466 42.64   10.5931]
SigmaR resid-by-omega: peak w=6.23THz val=7.591e+02 in-band(<=46.4)=0.972 low(<=5)=0.172
Maximum Self-Energy Update: 759.1154714926075
Contact Current Difference: 0.0
Current Conservation abs: 133.31479797431894
Current Conservation rel: 0.002956794260268187
Phonon: rel Sigma^R residual 6.0484e-01; lead balance 2.2800e-02 (best 2.2800e-02; internal spread 3.1406e+00)
Bubble energy balance: P_in=-4.951338e+04 P_out=-4.951338e+04 resid=1.927e-16
Writing output for iteration 255...
Iteration 256
[it 256] energy J(local)=[-2.4467 42.6399 10.5931]
SigmaR resid-by-omega: peak w=6.23THz val=7.591e+02 in-band(<=46.4)=0.972 low(<=5)=0.172
Maximum Self-Energy Update: 759.1184341895188
Contact Current Difference: 0.0
Current Conservation abs: 133.2869421182586
Current Conservation rel: 0.0029561575243406972
Phonon: rel Sigma^R residual 6.0485e-01; lead balance 2.2801e-02 (best 2.2800e-02; internal spread 3.1406e+00)
Bubble energy balance: P_in=-4.951461e+04 P_out=-4.951461e+04 resid=1.682e-16
Writing output for iteration 256...
Iteration 257
[it 257] energy J(local)=[-2.4467 42.6399 10.5931]
SigmaR resid-by-omega: peak w=6.23THz val=7.591e+02 in-band(<=46.4)=0.972 low(<=5)=0.172
Maximum Self-Energy Update: 759.1164682528806
Contact Current Difference: 0.0
Current Conservation abs: 133.29302982893205
Current Conservation rel: 0.0029563070691116977
Phonon: rel Sigma^R residual 6.0485e-01; lead balance 2.2801e-02 (best 2.2800e-02; internal spread 3.1406e+00)
Bubble energy balance: P_in=-4.951361e+04 P_out=-4.951361e+04 resid=1.487e-16
Writing output for iteration 257...
Iteration 258
[it 258] energy J(local)=[-2.4466 42.64   10.5931]
SigmaR resid-by-omega: peak w=6.23THz val=7.591e+02 in-band(<=46.4)=0.972 low(<=5)=0.172
Maximum Self-Energy Update: 759.117000606555
Contact Current Difference: 0.0
Current Conservation abs: 133.2865712696148
Current Conservation rel: 0.0029561452138739085
Phonon: rel Sigma^R residual 6.0485e-01; lead balance 2.2801e-02 (best 2.2800e-02; internal spread 3.1406e+00)
Bubble energy balance: P_in=-4.951505e+04 P_out=-4.951505e+04 resid=1.774e-16
Writing output for iteration 258...
Iteration 259
[it 259] energy J(local)=[-2.4466 42.6401 10.5932]
SigmaR resid-by-omega: peak w=6.23THz val=7.591e+02 in-band(<=46.4)=0.972 low(<=5)=0.172
Maximum Self-Energy Update: 759.1187864718464
Contact Current Difference: 0.0
Current Conservation abs: 133.29824417683994
Current Conservation rel: 0.0029563981939269863
Phonon: rel Sigma^R residual 6.0485e-01; lead balance 2.2801e-02 (best 2.2800e-02; internal spread 3.1406e+00)
Bubble energy balance: P_in=-4.951537e+04 P_out=-4.951537e+04 resid=8.236e-17
Writing output for iteration 259...
Iteration 260
[it 260] energy J(local)=[-2.4467 42.64   10.5932]
SigmaR resid-by-omega: peak w=6.23THz val=7.591e+02 in-band(<=46.4)=0.972 low(<=5)=0.172
Maximum Self-Energy Update: 759.1183005572233
Contact Current Difference: 0.0
Current Conservation abs: 133.28294097300386
Current Conservation rel: 0.002956065010436011
Phonon: rel Sigma^R residual 6.0485e-01; lead balance 2.2801e-02 (best 2.2800e-02; internal spread 3.1406e+00)
Bubble energy balance: P_in=-4.951466e+04 P_out=-4.951466e+04 resid=7.569e-17
Writing output for iteration 260...
Iteration 261
[it 261] energy J(local)=[-2.4466 42.6401 10.5932]
SigmaR resid-by-omega: peak w=6.23THz val=7.591e+02 in-band(<=46.4)=0.972 low(<=5)=0.172
Maximum Self-Energy Update: 759.116895289791
Contact Current Difference: 0.0
Current Conservation abs: 133.29224857536974
Current Conservation rel: 0.0029562535666189426
Phonon: rel Sigma^R residual 6.0485e-01; lead balance 2.2800e-02 (best 2.2800e-02; internal spread 3.1406e+00)
Bubble energy balance: P_in=-4.951581e+04 P_out=-4.951581e+04 resid=2.966e-16
Writing output for iteration 261...
Iteration 262
[it 262] energy J(local)=[-2.4466 42.6399 10.5931]
SigmaR resid-by-omega: peak w=6.23THz val=7.591e+02 in-band(<=46.4)=0.972 low(<=5)=0.172
Maximum Self-Energy Update: 759.115614394625
Contact Current Difference: 0.0
Current Conservation abs: 133.29210752578365
Current Conservation rel: 0.0029562656659911125
Phonon: rel Sigma^R residual 6.0484e-01; lead balance 2.2801e-02 (best 2.2800e-02; internal spread 3.1406e+00)
Bubble energy balance: P_in=-4.951499e+04 P_out=-4.951499e+04 resid=3.022e-16
Writing output for iteration 262...
Iteration 263
[it 263] energy J(local)=[-2.4466 42.64   10.5931]
SigmaR resid-by-omega: peak w=6.23THz val=7.591e+02 in-band(<=46.4)=0.972 low(<=5)=0.172
Maximum Self-Energy Update: 759.1158702850282
Contact Current Difference: 0.0
Current Conservation abs: 133.30357842256126
Current Conservation rel: 0.0029565254954767514
Phonon: rel Sigma^R residual 6.0484e-01; lead balance 2.2800e-02 (best 2.2800e-02; internal spread 3.1406e+00)
Bubble energy balance: P_in=-4.951488e+04 P_out=-4.951488e+04 resid=1.704e-16
Writing output for iteration 263...
Iteration 264
[it 264] energy J(local)=[-2.4467 42.6399 10.5931]
SigmaR resid-by-omega: peak w=6.23THz val=7.591e+02 in-band(<=46.4)=0.972 low(<=5)=0.172
Maximum Self-Energy Update: 759.1159664220613
Contact Current Difference: 0.0
Current Conservation abs: 133.29113116826557
Current Conservation rel: 0.002956251847718568
Phonon: rel Sigma^R residual 6.0484e-01; lead balance 2.2801e-02 (best 2.2800e-02; internal spread 3.1406e+00)
Bubble energy balance: P_in=-4.951434e+04 P_out=-4.951434e+04 resid=2.511e-16
Writing output for iteration 264...
Iteration 265
[it 265] energy J(local)=[-2.4466 42.64   10.5931]
SigmaR resid-by-omega: peak w=6.23THz val=7.591e+02 in-band(<=46.4)=0.972 low(<=5)=0.172
Maximum Self-Energy Update: 759.1183678901615
Contact Current Difference: 0.0
Current Conservation abs: 133.2971691028324
Current Conservation rel: 0.0029563834018628467
Phonon: rel Sigma^R residual 6.0485e-01; lead balance 2.2800e-02 (best 2.2800e-02; internal spread 3.1406e+00)
Bubble energy balance: P_in=-4.951470e+04 P_out=-4.951470e+04 resid=1.506e-16
Writing output for iteration 265...
Iteration 266
[it 266] energy J(local)=[-2.4466 42.6399 10.5931]
SigmaR resid-by-omega: peak w=6.23THz val=7.591e+02 in-band(<=46.4)=0.972 low(<=5)=0.172
Maximum Self-Energy Update: 759.1147164531058
Contact Current Difference: 0.0
Current Conservation abs: 133.28665544239266
Current Conservation rel: 0.002956153496016475
Phonon: rel Sigma^R residual 6.0485e-01; lead balance 2.2801e-02 (best 2.2800e-02; internal spread 3.1406e+00)
Bubble energy balance: P_in=-4.951458e+04 P_out=-4.951458e+04 resid=2.254e-16
Writing output for iteration 266...
Iteration 267
[it 267] energy J(local)=[-2.4466 42.64   10.5932]
SigmaR resid-by-omega: peak w=6.23THz val=7.591e+02 in-band(<=46.4)=0.972 low(<=5)=0.172
Maximum Self-Energy Update: 759.1164215560922
Contact Current Difference: 0.0
Current Conservation abs: 133.2941694994297
Current Conservation rel: 0.002956311154675105
Phonon: rel Sigma^R residual 6.0484e-01; lead balance 2.2801e-02 (best 2.2800e-02; internal spread 3.1406e+00)
Bubble energy balance: P_in=-4.951527e+04 P_out=-4.951527e+04 resid=8.067e-17
  JFNK newton#7: gmres_m=50 inner_res/||R||=9.10e-01 ||R||=2.595e+05 ||delta||=1.653e+04 trust=0.17 mu=0.00e+00
Writing output for iteration 267...
Iteration 268
[it 268] energy J(local)=[-2.6647 45.9953 10.2128]
SigmaR resid-by-omega: peak w=11.00THz val=8.241e+02 in-band(<=46.4)=0.974 low(<=5)=0.172
Maximum Self-Energy Update: 824.1408197339391
Contact Current Difference: 0.0
Current Conservation abs: 70.1536408805805
Current Conservation rel: 0.0016469024492452686
Phonon: rel Sigma^R residual 6.3850e-01; lead balance 1.5305e-01 (best 2.2800e-02; internal spread 3.1094e+00)
Bubble energy balance: P_in=-4.991168e+04 P_out=-4.991168e+04 resid=1.103e-16
Writing output for iteration 268...
Iteration 269
[it 269] energy J(local)=[-2.6647 45.9953 10.2128]
SigmaR resid-by-omega: peak w=11.00THz val=8.241e+02 in-band(<=46.4)=0.974 low(<=5)=0.172
Maximum Self-Energy Update: 824.1411062697202
Contact Current Difference: 0.0
Current Conservation abs: 70.15335539768057
Current Conservation rel: 0.0016469016534747835
Phonon: rel Sigma^R residual 6.3850e-01; lead balance 1.5305e-01 (best 2.2800e-02; internal spread 3.1094e+00)
Bubble energy balance: P_in=-4.991114e+04 P_out=-4.991114e+04 resid=3.060e-16
Writing output for iteration 269...
Iteration 270
[it 270] energy J(local)=[-2.6647 45.9954 10.2128]
SigmaR resid-by-omega: peak w=11.00THz val=8.241e+02 in-band(<=46.4)=0.974 low(<=5)=0.172
Maximum Self-Energy Update: 824.1372821010402
Contact Current Difference: 0.0
Current Conservation abs: 70.15454331204091
Current Conservation rel: 0.0016469233215992175
Phonon: rel Sigma^R residual 6.3850e-01; lead balance 1.5305e-01 (best 2.2800e-02; internal spread 3.1094e+00)
Bubble energy balance: P_in=-4.991138e+04 P_out=-4.991138e+04 resid=1.598e-16
Writing output for iteration 270...
Iteration 271
[it 271] energy J(local)=[-2.6647 45.9953 10.2128]
SigmaR resid-by-omega: peak w=11.00THz val=8.241e+02 in-band(<=46.4)=0.974 low(<=5)=0.172
Maximum Self-Energy Update: 824.1401871798819
Contact Current Difference: 0.0
Current Conservation abs: 70.15334419460487
Current Conservation rel: 0.0016468942499676907
Phonon: rel Sigma^R residual 6.3850e-01; lead balance 1.5305e-01 (best 2.2800e-02; internal spread 3.1094e+00)
Bubble energy balance: P_in=-4.991181e+04 P_out=-4.991181e+04 resid=4.899e-17
Writing output for iteration 271...
Iteration 272
[it 272] energy J(local)=[-2.6647 45.9953 10.2128]
SigmaR resid-by-omega: peak w=11.00THz val=8.241e+02 in-band(<=46.4)=0.974 low(<=5)=0.172
Maximum Self-Energy Update: 824.138085157948
Contact Current Difference: 0.0
Current Conservation abs: 70.15369995842411
Current Conservation rel: 0.0016469046431457606
Phonon: rel Sigma^R residual 6.3850e-01; lead balance 1.5305e-01 (best 2.2800e-02; internal spread 3.1094e+00)
Bubble energy balance: P_in=-4.991165e+04 P_out=-4.991165e+04 resid=2.530e-16
Writing output for iteration 272...
Iteration 273
[it 273] energy J(local)=[-2.6647 45.9953 10.2128]
SigmaR resid-by-omega: peak w=11.00THz val=8.241e+02 in-band(<=46.4)=0.974 low(<=5)=0.172
Maximum Self-Energy Update: 824.1419928119756
Contact Current Difference: 0.0
Current Conservation abs: 70.15220595260325
Current Conservation rel: 0.0016468700797419103
Phonon: rel Sigma^R residual 6.3851e-01; lead balance 1.5305e-01 (best 2.2800e-02; internal spread 3.1094e+00)
Bubble energy balance: P_in=-4.991164e+04 P_out=-4.991164e+04 resid=3.669e-16
Writing output for iteration 273...
Iteration 274
[it 274] energy J(local)=[-2.6647 45.9953 10.2128]
SigmaR resid-by-omega: peak w=11.00THz val=8.241e+02 in-band(<=46.4)=0.974 low(<=5)=0.172
Maximum Self-Energy Update: 824.1415892071449
Contact Current Difference: 0.0
Current Conservation abs: 70.15341903754233
Current Conservation rel: 0.001646898316061364
Phonon: rel Sigma^R residual 6.3850e-01; lead balance 1.5305e-01 (best 2.2800e-02; internal spread 3.1094e+00)
Bubble energy balance: P_in=-4.991166e+04 P_out=-4.991166e+04 resid=1.727e-16
Writing output for iteration 274...
Iteration 275
[it 275] energy J(local)=[-2.6647 45.9952 10.2128]
SigmaR resid-by-omega: peak w=11.00THz val=8.241e+02 in-band(<=46.4)=0.974 low(<=5)=0.172
Maximum Self-Energy Update: 824.1395248169878
Contact Current Difference: 0.0
Current Conservation abs: 70.15427529588123
Current Conservation rel: 0.0016469170236496004
Phonon: rel Sigma^R residual 6.3850e-01; lead balance 1.5305e-01 (best 2.2800e-02; internal spread 3.1094e+00)
Bubble energy balance: P_in=-4.991217e+04 P_out=-4.991217e+04 resid=1.257e-16
Writing output for iteration 275...
Iteration 276
[it 276] energy J(local)=[-2.6647 45.9953 10.2128]
SigmaR resid-by-omega: peak w=11.00THz val=8.241e+02 in-band(<=46.4)=0.974 low(<=5)=0.172
Maximum Self-Energy Update: 824.141198930572
Contact Current Difference: 0.0
Current Conservation abs: 70.153647157269
Current Conservation rel: 0.001646904208168239
Phonon: rel Sigma^R residual 6.3851e-01; lead balance 1.5305e-01 (best 2.2800e-02; internal spread 3.1094e+00)
Bubble energy balance: P_in=-4.991159e+04 P_out=-4.991159e+04 resid=8.802e-17
Writing output for iteration 276...
Iteration 277
[it 277] energy J(local)=[-2.6647 45.9952 10.2128]
SigmaR resid-by-omega: peak w=11.00THz val=8.241e+02 in-band(<=46.4)=0.974 low(<=5)=0.172
Maximum Self-Energy Update: 824.1386731938599
Contact Current Difference: 0.0
Current Conservation abs: 70.15476274809771
Current Conservation rel: 0.0016469304392047427
Phonon: rel Sigma^R residual 6.3850e-01; lead balance 1.5305e-01 (best 2.2800e-02; internal spread 3.1094e+00)
Bubble energy balance: P_in=-4.991178e+04 P_out=-4.991178e+04 resid=1.649e-16
Writing output for iteration 277...
Iteration 278
[it 278] energy J(local)=[-2.6647 45.9954 10.2128]
SigmaR resid-by-omega: peak w=11.00THz val=8.241e+02 in-band(<=46.4)=0.974 low(<=5)=0.172
Maximum Self-Energy Update: 824.1396693887982
Contact Current Difference: 0.0
Current Conservation abs: 70.15491409915921
Current Conservation rel: 0.0016469316840666923
Phonon: rel Sigma^R residual 6.3850e-01; lead balance 1.5305e-01 (best 2.2800e-02; internal spread 3.1094e+00)
Bubble energy balance: P_in=-4.991166e+04 P_out=-4.991166e+04 resid=2.307e-16
Writing output for iteration 278...
Iteration 279
[it 279] energy J(local)=[-2.6647 45.9953 10.2128]
SigmaR resid-by-omega: peak w=11.00THz val=8.241e+02 in-band(<=46.4)=0.974 low(<=5)=0.172
Maximum Self-Energy Update: 824.1402810042543
Contact Current Difference: 0.0
Current Conservation abs: 70.15162380422043
Current Conservation rel: 0.001646854358517628
Phonon: rel Sigma^R residual 6.3850e-01; lead balance 1.5305e-01 (best 2.2800e-02; internal spread 3.1094e+00)
Bubble energy balance: P_in=-4.991176e+04 P_out=-4.991176e+04 resid=6.105e-17
Writing output for iteration 279...
Iteration 280
[it 280] energy J(local)=[-2.6647 45.9952 10.2128]
SigmaR resid-by-omega: peak w=11.00THz val=8.241e+02 in-band(<=46.4)=0.974 low(<=5)=0.172
Maximum Self-Energy Update: 824.140019021939
Contact Current Difference: 0.0
Current Conservation abs: 70.15406139507832
Current Conservation rel: 0.0016469143950297346
Phonon: rel Sigma^R residual 6.3850e-01; lead balance 1.5305e-01 (best 2.2800e-02; internal spread 3.1094e+00)
Bubble energy balance: P_in=-4.991167e+04 P_out=-4.991167e+04 resid=8.244e-17
Writing output for iteration 280...
Iteration 281
[it 281] energy J(local)=[-2.6647 45.9953 10.2128]
SigmaR resid-by-omega: peak w=11.00THz val=8.241e+02 in-band(<=46.4)=0.974 low(<=5)=0.172
Maximum Self-Energy Update: 824.1423400122932
Contact Current Difference: 0.0
Current Conservation abs: 70.15247451918913
Current Conservation rel: 0.0016468771570504967
Phonon: rel Sigma^R residual 6.3850e-01; lead balance 1.5305e-01 (best 2.2800e-02; internal spread 3.1094e+00)
Bubble energy balance: P_in=-4.991146e+04 P_out=-4.991146e+04 resid=1.090e-17
Writing output for iteration 281...
Iteration 282
[it 282] energy J(local)=[-2.6647 45.9952 10.2128]
SigmaR resid-by-omega: peak w=11.00THz val=8.241e+02 in-band(<=46.4)=0.974 low(<=5)=0.172
Maximum Self-Energy Update: 824.1406283331305
Contact Current Difference: 0.0
Current Conservation abs: 70.1534706807688
Current Conservation rel: 0.0016469008098013713
Phonon: rel Sigma^R residual 6.3850e-01; lead balance 1.5305e-01 (best 2.2800e-02; internal spread 3.1094e+00)
Bubble energy balance: P_in=-4.991160e+04 P_out=-4.991160e+04 resid=1.482e-16
Writing output for iteration 282...
Iteration 283
[it 283] energy J(local)=[-2.6647 45.9952 10.2128]
SigmaR resid-by-omega: peak w=11.00THz val=8.241e+02 in-band(<=46.4)=0.974 low(<=5)=0.172
Maximum Self-Energy Update: 824.1416254615922
Contact Current Difference: 0.0
Current Conservation abs: 70.15333197053405
Current Conservation rel: 0.0016468973450897888
Phonon: rel Sigma^R residual 6.3850e-01; lead balance 1.5305e-01 (best 2.2800e-02; internal spread 3.1094e+00)
Bubble energy balance: P_in=-4.991155e+04 P_out=-4.991155e+04 resid=6.305e-17
Writing output for iteration 283...
Iteration 284
[it 284] energy J(local)=[-2.6647 45.9952 10.2128]
SigmaR resid-by-omega: peak w=11.00THz val=8.241e+02 in-band(<=46.4)=0.974 low(<=5)=0.172
Maximum Self-Energy Update: 824.1420142012875
Contact Current Difference: 0.0
Current Conservation abs: 70.15268065893542
Current Conservation rel: 0.0016468836326209767
Phonon: rel Sigma^R residual 6.3850e-01; lead balance 1.5305e-01 (best 2.2800e-02; internal spread 3.1094e+00)
Bubble energy balance: P_in=-4.991141e+04 P_out=-4.991141e+04 resid=7.301e-17
Writing output for iteration 284...
Iteration 285
[it 285] energy J(local)=[-2.6647 45.9954 10.2128]
SigmaR resid-by-omega: peak w=11.00THz val=8.241e+02 in-band(<=46.4)=0.974 low(<=5)=0.172
Maximum Self-Energy Update: 824.1413703755815
Contact Current Difference: 0.0
Current Conservation abs: 70.15325467736693
Current Conservation rel: 0.0016468893408367665
Phonon: rel Sigma^R residual 6.3850e-01; lead balance 1.5305e-01 (best 2.2800e-02; internal spread 3.1094e+00)
Bubble energy balance: P_in=-4.991228e+04 P_out=-4.991228e+04 resid=1.014e-16
Writing output for iteration 285...
Iteration 286
[it 286] energy J(local)=[-2.6647 45.9952 10.2128]
SigmaR resid-by-omega: peak w=11.00THz val=8.241e+02 in-band(<=46.4)=0.974 low(<=5)=0.172
Maximum Self-Energy Update: 824.1421712200114
Contact Current Difference: 0.0
Current Conservation abs: 70.15113289447618
Current Conservation rel: 0.0016468505643576655
Phonon: rel Sigma^R residual 6.3850e-01; lead balance 1.5305e-01 (best 2.2800e-02; internal spread 3.1094e+00)
Bubble energy balance: P_in=-4.991101e+04 P_out=-4.991101e+04 resid=1.025e-16
Writing output for iteration 286...
Iteration 287
[it 287] energy J(local)=[-2.6647 45.9953 10.2128]
SigmaR resid-by-omega: peak w=11.00THz val=8.241e+02 in-band(<=46.4)=0.974 low(<=5)=0.172
Maximum Self-Energy Update: 824.1409529803823
Contact Current Difference: 0.0
Current Conservation abs: 70.15327666274607
Current Conservation rel: 0.0016468896586366917
Phonon: rel Sigma^R residual 6.3850e-01; lead balance 1.5305e-01 (best 2.2800e-02; internal spread 3.1094e+00)
Bubble energy balance: P_in=-4.991252e+04 P_out=-4.991252e+04 resid=2.193e-16
Writing output for iteration 287...
Iteration 288
[it 288] energy J(local)=[-2.6647 45.9951 10.2128]
SigmaR resid-by-omega: peak w=11.00THz val=8.241e+02 in-band(<=46.4)=0.974 low(<=5)=0.172
Maximum Self-Energy Update: 824.1413065911839
Contact Current Difference: 0.0
Current Conservation abs: 70.15160356632987
Current Conservation rel: 0.0016468612093038521
Phonon: rel Sigma^R residual 6.3850e-01; lead balance 1.5305e-01 (best 2.2800e-02; internal spread 3.1094e+00)
Bubble energy balance: P_in=-4.991116e+04 P_out=-4.991116e+04 resid=1.545e-16
Writing output for iteration 288...
Iteration 289
[it 289] energy J(local)=[-2.6647 45.9952 10.2128]
SigmaR resid-by-omega: peak w=11.00THz val=8.241e+02 in-band(<=46.4)=0.974 low(<=5)=0.172
Maximum Self-Energy Update: 824.140356091956
Contact Current Difference: 0.0
Current Conservation abs: 70.15482858870018
Current Conservation rel: 0.0016469322435554005
Phonon: rel Sigma^R residual 6.3850e-01; lead balance 1.5305e-01 (best 2.2800e-02; internal spread 3.1094e+00)
Bubble energy balance: P_in=-4.991170e+04 P_out=-4.991170e+04 resid=1.365e-16
Writing output for iteration 289...
Iteration 290
[it 290] energy J(local)=[-2.6647 45.9953 10.2128]
SigmaR resid-by-omega: peak w=11.00THz val=8.241e+02 in-band(<=46.4)=0.974 low(<=5)=0.172
Maximum Self-Energy Update: 824.1370062105041
Contact Current Difference: 0.0
Current Conservation abs: 70.15437535635647
Current Conservation rel: 0.0016469152527868176
Phonon: rel Sigma^R residual 6.3850e-01; lead balance 1.5305e-01 (best 2.2800e-02; internal spread 3.1094e+00)
Bubble energy balance: P_in=-4.991210e+04 P_out=-4.991210e+04 resid=7.430e-17
Writing output for iteration 290...
Iteration 291
[it 291] energy J(local)=[-2.6647 45.9951 10.2128]
SigmaR resid-by-omega: peak w=11.00THz val=8.241e+02 in-band(<=46.4)=0.974 low(<=5)=0.172
Maximum Self-Energy Update: 824.1376316297233
Contact Current Difference: 0.0
Current Conservation abs: 70.15557390551476
Current Conservation rel: 0.0016469516565531257
Phonon: rel Sigma^R residual 6.3850e-01; lead balance 1.5305e-01 (best 2.2800e-02; internal spread 3.1094e+00)
Bubble energy balance: P_in=-4.991143e+04 P_out=-4.991143e+04 resid=7.438e-17
Writing output for iteration 291...
Iteration 292
[it 292] energy J(local)=[-2.6647 45.9953 10.2128]
SigmaR resid-by-omega: peak w=11.00THz val=8.241e+02 in-band(<=46.4)=0.974 low(<=5)=0.172
Maximum Self-Energy Update: 824.1386753264031
Contact Current Difference: 0.0
Current Conservation abs: 70.15515277061058
Current Conservation rel: 0.001646937128541192
Phonon: rel Sigma^R residual 6.3850e-01; lead balance 1.5305e-01 (best 2.2800e-02; internal spread 3.1094e+00)
Bubble energy balance: P_in=-4.991162e+04 P_out=-4.991162e+04 resid=1.847e-16
Writing output for iteration 292...
Iteration 293
[it 293] energy J(local)=[-2.6647 45.9954 10.2128]
SigmaR resid-by-omega: peak w=11.00THz val=8.241e+02 in-band(<=46.4)=0.974 low(<=5)=0.172
Maximum Self-Energy Update: 824.1410394875495
Contact Current Difference: 0.0
Current Conservation abs: 70.15138854783072
Current Conservation rel: 0.0016468476643181095
Phonon: rel Sigma^R residual 6.3850e-01; lead balance 1.5305e-01 (best 2.2800e-02; internal spread 3.1094e+00)
Bubble energy balance: P_in=-4.991176e+04 P_out=-4.991176e+04 resid=6.545e-17
Writing output for iteration 293...
Iteration 294
[it 294] energy J(local)=[-2.6647 45.9953 10.2128]
SigmaR resid-by-omega: peak w=11.00THz val=8.241e+02 in-band(<=46.4)=0.974 low(<=5)=0.172
Maximum Self-Energy Update: 824.1416057073345
Contact Current Difference: 0.0
Current Conservation abs: 70.15451255821245
Current Conservation rel: 0.0016469267287140597
Phonon: rel Sigma^R residual 6.3850e-01; lead balance 1.5305e-01 (best 2.2800e-02; internal spread 3.1094e+00)
Bubble energy balance: P_in=-4.991137e+04 P_out=-4.991137e+04 resid=7.883e-17
Writing output for iteration 294...
Iteration 295
[it 295] energy J(local)=[-2.6647 45.9953 10.2128]
SigmaR resid-by-omega: peak w=11.00THz val=8.241e+02 in-band(<=46.4)=0.974 low(<=5)=0.172
Maximum Self-Energy Update: 824.141809288344
Contact Current Difference: 0.0
Current Conservation abs: 70.15229460135015
Current Conservation rel: 0.0016468737541811562
Phonon: rel Sigma^R residual 6.3850e-01; lead balance 1.5305e-01 (best 2.2800e-02; internal spread 3.1094e+00)
Bubble energy balance: P_in=-4.991128e+04 P_out=-4.991128e+04 resid=2.324e-16
Writing output for iteration 295...
Iteration 296
[it 296] energy J(local)=[-2.6647 45.9954 10.2128]
SigmaR resid-by-omega: peak w=11.00THz val=8.241e+02 in-band(<=46.4)=0.974 low(<=5)=0.172
Maximum Self-Energy Update: 824.1418964704537
Contact Current Difference: 0.0
Current Conservation abs: 70.15510717664438
Current Conservation rel: 0.0016469344962445533
Phonon: rel Sigma^R residual 6.3850e-01; lead balance 1.5305e-01 (best 2.2800e-02; internal spread 3.1094e+00)
Bubble energy balance: P_in=-4.991189e+04 P_out=-4.991189e+04 resid=3.827e-16
Writing output for iteration 296...
Iteration 297
[it 297] energy J(local)=[-2.6647 45.9954 10.2128]
SigmaR resid-by-omega: peak w=11.00THz val=8.241e+02 in-band(<=46.4)=0.974 low(<=5)=0.172
Maximum Self-Energy Update: 824.1372135434723
Contact Current Difference: 0.0
Current Conservation abs: 70.15473750082674
Current Conservation rel: 0.0016469233351108254
Phonon: rel Sigma^R residual 6.3850e-01; lead balance 1.5305e-01 (best 2.2800e-02; internal spread 3.1094e+00)
Bubble energy balance: P_in=-4.991182e+04 P_out=-4.991182e+04 resid=1.919e-16
Writing output for iteration 297...
Iteration 298
[it 298] energy J(local)=[-2.6647 45.9954 10.2128]
SigmaR resid-by-omega: peak w=11.00THz val=8.241e+02 in-band(<=46.4)=0.974 low(<=5)=0.172
Maximum Self-Energy Update: 824.1416325002608
Contact Current Difference: 0.0
Current Conservation abs: 70.15297363738864
Current Conservation rel: 0.0016468809570629357
Phonon: rel Sigma^R residual 6.3850e-01; lead balance 1.5305e-01 (best 2.2800e-02; internal spread 3.1094e+00)
Bubble energy balance: P_in=-4.991236e+04 P_out=-4.991236e+04 resid=1.557e-16
Writing output for iteration 298...
Iteration 299
[it 299] energy J(local)=[-2.6647 45.9953 10.2128]
SigmaR resid-by-omega: peak w=11.00THz val=8.241e+02 in-band(<=46.4)=0.974 low(<=5)=0.172
Maximum Self-Energy Update: 824.1394703913013
Contact Current Difference: 0.0
Current Conservation abs: 70.15579857147895
Current Conservation rel: 0.001646953082088412
Phonon: rel Sigma^R residual 6.3850e-01; lead balance 1.5305e-01 (best 2.2800e-02; internal spread 3.1094e+00)
Bubble energy balance: P_in=-4.991151e+04 P_out=-4.991151e+04 resid=1.036e-16
Writing output for iteration 299...
Iteration 300
[it 300] energy J(local)=[-2.6647 45.9954 10.2128]
SigmaR resid-by-omega: peak w=11.00THz val=8.241e+02 in-band(<=46.4)=0.974 low(<=5)=0.172
Maximum Self-Energy Update: 824.1405102293609
Contact Current Difference: 0.0
Current Conservation abs: 70.15608698398864
Current Conservation rel: 0.0016469573758188217
Phonon: rel Sigma^R residual 6.3850e-01; lead balance 1.5305e-01 (best 2.2800e-02; internal spread 3.1094e+00)
Bubble energy balance: P_in=-4.991186e+04 P_out=-4.991186e+04 resid=8.024e-17
Writing output for iteration 300...
Iteration 301
[it 301] energy J(local)=[-2.6647 45.9954 10.2128]
SigmaR resid-by-omega: peak w=11.00THz val=8.241e+02 in-band(<=46.4)=0.974 low(<=5)=0.172
Maximum Self-Energy Update: 824.1439711858159
Contact Current Difference: 0.0
Current Conservation abs: 70.15353589839651
Current Conservation rel: 0.0016468967795975908
Phonon: rel Sigma^R residual 6.3850e-01; lead balance 1.5305e-01 (best 2.2800e-02; internal spread 3.1094e+00)
Bubble energy balance: P_in=-4.991191e+04 P_out=-4.991191e+04 resid=1.307e-16
Writing output for iteration 301...
Iteration 302
[it 302] energy J(local)=[-2.6647 45.9954 10.2128]
SigmaR resid-by-omega: peak w=11.00THz val=8.241e+02 in-band(<=46.4)=0.974 low(<=5)=0.172
Maximum Self-Energy Update: 824.1391691223998
Contact Current Difference: 0.0
Current Conservation abs: 70.155721348714
Current Conservation rel: 0.001646948532958544
Phonon: rel Sigma^R residual 6.3850e-01; lead balance 1.5305e-01 (best 2.2800e-02; internal spread 3.1094e+00)
Bubble energy balance: P_in=-4.991196e+04 P_out=-4.991196e+04 resid=1.620e-16
Writing output for iteration 302...
Iteration 303
[it 303] energy J(local)=[-2.6647 45.9952 10.2128]
SigmaR resid-by-omega: peak w=11.00THz val=8.241e+02 in-band(<=46.4)=0.974 low(<=5)=0.172
Maximum Self-Energy Update: 824.1396090567439
Contact Current Difference: 0.0
Current Conservation abs: 70.15572554736355
Current Conservation rel: 0.0016469505348008407
Phonon: rel Sigma^R residual 6.3850e-01; lead balance 1.5305e-01 (best 2.2800e-02; internal spread 3.1094e+00)
Bubble energy balance: P_in=-4.991192e+04 P_out=-4.991192e+04 resid=1.474e-16
Writing output for iteration 303...
Iteration 304
[it 304] energy J(local)=[-2.6647 45.9953 10.2128]
SigmaR resid-by-omega: peak w=11.00THz val=8.241e+02 in-band(<=46.4)=0.974 low(<=5)=0.172
Maximum Self-Energy Update: 824.139857680855
Contact Current Difference: 0.0
Current Conservation abs: 70.15618751896909
Current Conservation rel: 0.001646960871663336
Phonon: rel Sigma^R residual 6.3850e-01; lead balance 1.5305e-01 (best 2.2800e-02; internal spread 3.1094e+00)
Bubble energy balance: P_in=-4.991192e+04 P_out=-4.991192e+04 resid=9.683e-17
Writing output for iteration 304...
Iteration 305
[it 305] energy J(local)=[-2.6647 45.9952 10.2128]
SigmaR resid-by-omega: peak w=11.00THz val=8.241e+02 in-band(<=46.4)=0.974 low(<=5)=0.172
Maximum Self-Energy Update: 824.1432748345728
Contact Current Difference: 0.0
Current Conservation abs: 70.15525461483048
Current Conservation rel: 0.0016469435721767792
Phonon: rel Sigma^R residual 6.3851e-01; lead balance 1.5305e-01 (best 2.2800e-02; internal spread 3.1094e+00)
Bubble energy balance: P_in=-4.991154e+04 P_out=-4.991154e+04 resid=1.015e-16
Writing output for iteration 305...
Iteration 306
[it 306] energy J(local)=[-2.6647 45.9954 10.2128]
SigmaR resid-by-omega: peak w=11.00THz val=8.241e+02 in-band(<=46.4)=0.974 low(<=5)=0.172
Maximum Self-Energy Update: 824.1416835336556
Contact Current Difference: 0.0
Current Conservation abs: 70.15498159449635
Current Conservation rel: 0.0016469360506182406
Phonon: rel Sigma^R residual 6.3850e-01; lead balance 1.5305e-01 (best 2.2800e-02; internal spread 3.1094e+00)
Bubble energy balance: P_in=-4.991135e+04 P_out=-4.991135e+04 resid=5.553e-18
Writing output for iteration 306...
Iteration 307
[it 307] energy J(local)=[-2.6647 45.9954 10.2128]
SigmaR resid-by-omega: peak w=11.00THz val=8.241e+02 in-band(<=46.4)=0.974 low(<=5)=0.172
Maximum Self-Energy Update: 824.1398534085183
Contact Current Difference: 0.0
Current Conservation abs: 70.15455309817844
Current Conservation rel: 0.0016469245955001116
Phonon: rel Sigma^R residual 6.3850e-01; lead balance 1.5305e-01 (best 2.2800e-02; internal spread 3.1094e+00)
Bubble energy balance: P_in=-4.991143e+04 P_out=-4.991143e+04 resid=8.435e-17
Writing output for iteration 307...
Iteration 308
[it 308] energy J(local)=[-2.6647 45.9952 10.2128]
SigmaR resid-by-omega: peak w=11.00THz val=8.241e+02 in-band(<=46.4)=0.974 low(<=5)=0.172
Maximum Self-Energy Update: 824.1396991830804
Contact Current Difference: 0.0
Current Conservation abs: 70.15399772161618
Current Conservation rel: 0.0016469131981894113
Phonon: rel Sigma^R residual 6.3850e-01; lead balance 1.5305e-01 (best 2.2800e-02; internal spread 3.1094e+00)
Bubble energy balance: P_in=-4.991153e+04 P_out=-4.991153e+04 resid=1.496e-16
Writing output for iteration 308...
Iteration 309
[it 309] energy J(local)=[-2.6647 45.9954 10.2128]
SigmaR resid-by-omega: peak w=11.00THz val=8.241e+02 in-band(<=46.4)=0.974 low(<=5)=0.172
Maximum Self-Energy Update: 824.138914408502
Contact Current Difference: 0.0
Current Conservation abs: 70.15278947161642
Current Conservation rel: 0.0016468791083968095
Phonon: rel Sigma^R residual 6.3850e-01; lead balance 1.5305e-01 (best 2.2800e-02; internal spread 3.1094e+00)
Bubble energy balance: P_in=-4.991187e+04 P_out=-4.991187e+04 resid=1.465e-16
Writing output for iteration 309...
Iteration 310
[it 310] energy J(local)=[-2.6647 45.9953 10.2128]
SigmaR resid-by-omega: peak w=11.00THz val=8.241e+02 in-band(<=46.4)=0.974 low(<=5)=0.172
Maximum Self-Energy Update: 824.1416829829249
Contact Current Difference: 0.0
Current Conservation abs: 70.15359969296696
Current Conservation rel: 0.0016469021534193415
Phonon: rel Sigma^R residual 6.3850e-01; lead balance 1.5305e-01 (best 2.2800e-02; internal spread 3.1094e+00)
Bubble energy balance: P_in=-4.991176e+04 P_out=-4.991176e+04 resid=2.188e-16
Writing output for iteration 310...
Iteration 311
[it 311] energy J(local)=[-2.6647 45.9954 10.2128]
SigmaR resid-by-omega: peak w=11.00THz val=8.241e+02 in-band(<=46.4)=0.974 low(<=5)=0.172
Maximum Self-Energy Update: 824.1380692119495
Contact Current Difference: 0.0
Current Conservation abs: 70.15214677109543
Current Conservation rel: 0.0016468655776770231
Phonon: rel Sigma^R residual 6.3850e-01; lead balance 1.5305e-01 (best 2.2800e-02; internal spread 3.1094e+00)
Bubble energy balance: P_in=-4.991172e+04 P_out=-4.991172e+04 resid=1.463e-16
Writing output for iteration 311...
Iteration 312
[it 312] energy J(local)=[-2.6647 45.9953 10.2128]
SigmaR resid-by-omega: peak w=11.00THz val=8.241e+02 in-band(<=46.4)=0.974 low(<=5)=0.172
Maximum Self-Energy Update: 824.1413754243225
Contact Current Difference: 0.0
Current Conservation abs: 70.15465341180243
Current Conservation rel: 0.0016469270184182353
Phonon: rel Sigma^R residual 6.3850e-01; lead balance 1.5305e-01 (best 2.2800e-02; internal spread 3.1094e+00)
Bubble energy balance: P_in=-4.991177e+04 P_out=-4.991177e+04 resid=2.192e-16
Writing output for iteration 312...
Iteration 313
[it 313] energy J(local)=[-2.6647 45.9954 10.2128]
SigmaR resid-by-omega: peak w=11.00THz val=8.241e+02 in-band(<=46.4)=0.974 low(<=5)=0.172
Maximum Self-Energy Update: 824.1430043531017
Contact Current Difference: 0.0
Current Conservation abs: 70.15138037928773
Current Conservation rel: 0.0016468468009757883
Phonon: rel Sigma^R residual 6.3851e-01; lead balance 1.5305e-01 (best 2.2800e-02; internal spread 3.1094e+00)
Bubble energy balance: P_in=-4.991176e+04 P_out=-4.991176e+04 resid=7.446e-17
Writing output for iteration 313...
Iteration 314
[it 314] energy J(local)=[-2.6647 45.9953 10.2128]
SigmaR resid-by-omega: peak w=11.00THz val=8.241e+02 in-band(<=46.4)=0.974 low(<=5)=0.172
Maximum Self-Energy Update: 824.1440182701367
Contact Current Difference: 0.0
Current Conservation abs: 70.15471830212482
Current Conservation rel: 0.0016469304976339983
Phonon: rel Sigma^R residual 6.3851e-01; lead balance 1.5305e-01 (best 2.2800e-02; internal spread 3.1094e+00)
Bubble energy balance: P_in=-4.991145e+04 P_out=-4.991145e+04 resid=3.040e-16
Writing output for iteration 314...
Iteration 315
[it 315] energy J(local)=[-2.6647 45.9954 10.2128]
SigmaR resid-by-omega: peak w=11.00THz val=8.241e+02 in-band(<=46.4)=0.974 low(<=5)=0.172
Maximum Self-Energy Update: 824.1373923974267
Contact Current Difference: 0.0
Current Conservation abs: 70.15345815782348
Current Conservation rel: 0.0016468957316386782
Phonon: rel Sigma^R residual 6.3850e-01; lead balance 1.5305e-01 (best 2.2800e-02; internal spread 3.1094e+00)
Bubble energy balance: P_in=-4.991171e+04 P_out=-4.991171e+04 resid=4.324e-17
Writing output for iteration 315...
Iteration 316
[it 316] energy J(local)=[-2.6647 45.9953 10.2128]
SigmaR resid-by-omega: peak w=11.00THz val=8.241e+02 in-band(<=46.4)=0.974 low(<=5)=0.172
Maximum Self-Energy Update: 824.1383424584582
Contact Current Difference: 0.0
Current Conservation abs: 70.15093152349073
Current Conservation rel: 0.0016468365260362038
Phonon: rel Sigma^R residual 6.3850e-01; lead balance 1.5305e-01 (best 2.2800e-02; internal spread 3.1094e+00)
Bubble energy balance: P_in=-4.991207e+04 P_out=-4.991207e+04 resid=7.329e-17
Writing output for iteration 316...
Iteration 317
[it 317] energy J(local)=[-2.6647 45.9951 10.2127]
SigmaR resid-by-omega: peak w=11.00THz val=8.241e+02 in-band(<=46.4)=0.974 low(<=5)=0.172
Maximum Self-Energy Update: 824.1413826660428
Contact Current Difference: 0.0
Current Conservation abs: 70.15455068248048
Current Conservation rel: 0.0016469260306338832
Phonon: rel Sigma^R residual 6.3850e-01; lead balance 1.5305e-01 (best 2.2800e-02; internal spread 3.1094e+00)
Bubble energy balance: P_in=-4.991191e+04 P_out=-4.991191e+04 resid=1.889e-16
Writing output for iteration 317...
Iteration 318
[it 318] energy J(local)=[-2.6647 45.9953 10.2128]
SigmaR resid-by-omega: peak w=11.00THz val=8.241e+02 in-band(<=46.4)=0.974 low(<=5)=0.172
Maximum Self-Energy Update: 824.1398081091539
Contact Current Difference: 0.0
Current Conservation abs: 70.15055851378929
Current Conservation rel: 0.0016468303960303994
Phonon: rel Sigma^R residual 6.3850e-01; lead balance 1.5305e-01 (best 2.2800e-02; internal spread 3.1094e+00)
Bubble energy balance: P_in=-4.991159e+04 P_out=-4.991159e+04 resid=1.473e-16
  JFNK newton#8: gmres_m=50 inner_res/||R||=9.60e-01 ||R||=2.378e+05 ||delta||=2.431e+04 trust=0.17 mu=0.00e+00
Writing output for iteration 318...
Iteration 319
[it 319] energy J(local)=[-2.5251 43.8243  8.2237]
SigmaR resid-by-omega: peak w=15.77THz val=6.474e+02 in-band(<=46.4)=0.975 low(<=5)=0.182
Maximum Self-Energy Update: 647.3780723358501
Contact Current Difference: 0.0
Current Conservation abs: 123.48776349352556
Current Conservation rel: 0.003253911418162257
Phonon: rel Sigma^R residual 5.5492e-01; lead balance 7.1262e-01 (best 2.2800e-02; internal spread 2.5021e+00)
Bubble energy balance: P_in=-5.927954e+04 P_out=-5.927954e+04 resid=1.557e-18
Writing output for iteration 319...
Iteration 320
[it 320] energy J(local)=[-2.5251 43.8242  8.2237]
SigmaR resid-by-omega: peak w=15.77THz val=6.474e+02 in-band(<=46.4)=0.975 low(<=5)=0.182
Maximum Self-Energy Update: 647.3778686588355
Contact Current Difference: 0.0
Current Conservation abs: 123.48756469056752
Current Conservation rel: 0.003253913081059086
Phonon: rel Sigma^R residual 5.5492e-01; lead balance 7.1262e-01 (best 2.2800e-02; internal spread 2.5021e+00)
Bubble energy balance: P_in=-5.927932e+04 P_out=-5.927932e+04 resid=1.847e-16
Writing output for iteration 320...
Iteration 321
[it 321] energy J(local)=[-2.5251 43.8244  8.2237]
SigmaR resid-by-omega: peak w=15.77THz val=6.474e+02 in-band(<=46.4)=0.975 low(<=5)=0.182
Maximum Self-Energy Update: 647.3780729620095
Contact Current Difference: 0.0
Current Conservation abs: 123.48729768879639
Current Conservation rel: 0.0032538982541415835
Phonon: rel Sigma^R residual 5.5492e-01; lead balance 7.1262e-01 (best 2.2800e-02; internal spread 2.5021e+00)
Bubble energy balance: P_in=-5.927941e+04 P_out=-5.927941e+04 resid=7.655e-17
Writing output for iteration 321...
Iteration 322
[it 322] energy J(local)=[-2.5251 43.8243  8.2237]
SigmaR resid-by-omega: peak w=15.77THz val=6.474e+02 in-band(<=46.4)=0.975 low(<=5)=0.182
Maximum Self-Energy Update: 647.3780515316901
Contact Current Difference: 0.0
Current Conservation abs: 123.48627407780805
Current Conservation rel: 0.0032538722270634445
Phonon: rel Sigma^R residual 5.5492e-01; lead balance 7.1261e-01 (best 2.2800e-02; internal spread 2.5021e+00)
Bubble energy balance: P_in=-5.927950e+04 P_out=-5.927950e+04 resid=9.057e-17
Writing output for iteration 322...
Iteration 323
[it 323] energy J(local)=[-2.5251 43.8242  8.2237]
SigmaR resid-by-omega: peak w=15.77THz val=6.474e+02 in-band(<=46.4)=0.975 low(<=5)=0.182
Maximum Self-Energy Update: 647.3779771312139
Contact Current Difference: 0.0
Current Conservation abs: 123.48472956627666
Current Conservation rel: 0.0032538361608677392
Phonon: rel Sigma^R residual 5.5492e-01; lead balance 7.1263e-01 (best 2.2800e-02; internal spread 2.5021e+00)
Bubble energy balance: P_in=-5.927939e+04 P_out=-5.927939e+04 resid=3.153e-18
Writing output for iteration 323...
Iteration 324
[it 324] energy J(local)=[-2.5251 43.8242  8.2237]
SigmaR resid-by-omega: peak w=15.77THz val=6.474e+02 in-band(<=46.4)=0.975 low(<=5)=0.182
Maximum Self-Energy Update: 647.378308733345
Contact Current Difference: 0.0
Current Conservation abs: 123.48723418458394
Current Conservation rel: 0.003253897174141343
Phonon: rel Sigma^R residual 5.5492e-01; lead balance 7.1262e-01 (best 2.2800e-02; internal spread 2.5021e+00)
Bubble energy balance: P_in=-5.927958e+04 P_out=-5.927958e+04 resid=1.341e-16
Writing output for iteration 324...
Iteration 325
[it 325] energy J(local)=[-2.5251 43.8243  8.2237]
SigmaR resid-by-omega: peak w=15.77THz val=6.474e+02 in-band(<=46.4)=0.975 low(<=5)=0.182
Maximum Self-Energy Update: 647.3778431912693
Contact Current Difference: 0.0
Current Conservation abs: 123.48392172121748
Current Conservation rel: 0.0032538135269164522
Phonon: rel Sigma^R residual 5.5492e-01; lead balance 7.1261e-01 (best 2.2800e-02; internal spread 2.5021e+00)
Bubble energy balance: P_in=-5.927939e+04 P_out=-5.927939e+04 resid=6.244e-17
Writing output for iteration 325...
Iteration 326
[it 326] energy J(local)=[-2.5251 43.8243  8.2237]
SigmaR resid-by-omega: peak w=15.77THz val=6.474e+02 in-band(<=46.4)=0.975 low(<=5)=0.182
Maximum Self-Energy Update: 647.3782218402821
Contact Current Difference: 0.0
Current Conservation abs: 123.48536358570709
Current Conservation rel: 0.0032538463713324673
Phonon: rel Sigma^R residual 5.5492e-01; lead balance 7.1261e-01 (best 2.2800e-02; internal spread 2.5021e+00)
Bubble energy balance: P_in=-5.927952e+04 P_out=-5.927952e+04 resid=2.582e-17
Writing output for iteration 326...
Iteration 327
[it 327] energy J(local)=[-2.5251 43.8243  8.2237]
SigmaR resid-by-omega: peak w=15.77THz val=6.474e+02 in-band(<=46.4)=0.975 low(<=5)=0.182
Maximum Self-Energy Update: 647.3781914694313
Contact Current Difference: 0.0
Current Conservation abs: 123.48345697291006
Current Conservation rel: 0.003253794648080817
Phonon: rel Sigma^R residual 5.5492e-01; lead balance 7.1263e-01 (best 2.2800e-02; internal spread 2.5021e+00)
Bubble energy balance: P_in=-5.927959e+04 P_out=-5.927959e+04 resid=6.711e-17
Writing output for iteration 327...
Iteration 328
[it 328] energy J(local)=[-2.5251 43.8242  8.2237]
SigmaR resid-by-omega: peak w=15.77THz val=6.474e+02 in-band(<=46.4)=0.975 low(<=5)=0.182
Maximum Self-Energy Update: 647.3781355555504
Contact Current Difference: 0.0
Current Conservation abs: 123.48618773655835
Current Conservation rel: 0.0032538728359997166
Phonon: rel Sigma^R residual 5.5492e-01; lead balance 7.1263e-01 (best 2.2800e-02; internal spread 2.5021e+00)
Bubble energy balance: P_in=-5.927942e+04 P_out=-5.927942e+04 resid=1.058e-18
Writing output for iteration 328...
Iteration 329
[it 329] energy J(local)=[-2.5251 43.8243  8.2237]
SigmaR resid-by-omega: peak w=15.77THz val=6.474e+02 in-band(<=46.4)=0.975 low(<=5)=0.182
Maximum Self-Energy Update: 647.3778666464267
Contact Current Difference: 0.0
Current Conservation abs: 123.48379612688223
Current Conservation rel: 0.0032538063959349833
Phonon: rel Sigma^R residual 5.5492e-01; lead balance 7.1260e-01 (best 2.2800e-02; internal spread 2.5021e+00)
Bubble energy balance: P_in=-5.927956e+04 P_out=-5.927956e+04 resid=6.489e-17
Writing output for iteration 329...
Iteration 330
[it 330] energy J(local)=[-2.5251 43.8243  8.2237]
SigmaR resid-by-omega: peak w=15.77THz val=6.474e+02 in-band(<=46.4)=0.975 low(<=5)=0.182
Maximum Self-Energy Update: 647.3781996411757
Contact Current Difference: 0.0
Current Conservation abs: 123.4865689045364
Current Conservation rel: 0.0032538820122756827
Phonon: rel Sigma^R residual 5.5492e-01; lead balance 7.1263e-01 (best 2.2800e-02; internal spread 2.5021e+00)
Bubble energy balance: P_in=-5.927937e+04 P_out=-5.927937e+04 resid=1.234e-16
Writing output for iteration 330...
Iteration 331
[it 331] energy J(local)=[-2.5251 43.8242  8.2237]
SigmaR resid-by-omega: peak w=15.77THz val=6.474e+02 in-band(<=46.4)=0.975 low(<=5)=0.182
Maximum Self-Energy Update: 647.3781674222688
Contact Current Difference: 0.0
Current Conservation abs: 123.48809783584147
Current Conservation rel: 0.003253921458249645
Phonon: rel Sigma^R residual 5.5492e-01; lead balance 7.1262e-01 (best 2.2800e-02; internal spread 2.5021e+00)
Bubble energy balance: P_in=-5.927953e+04 P_out=-5.927953e+04 resid=1.866e-16
Writing output for iteration 331...
Iteration 332
[it 332] energy J(local)=[-2.5251 43.8243  8.2237]
SigmaR resid-by-omega: peak w=15.77THz val=6.474e+02 in-band(<=46.4)=0.975 low(<=5)=0.182
Maximum Self-Energy Update: 647.3780816399233
Contact Current Difference: 0.0
Current Conservation abs: 123.48762601758062
Current Conservation rel: 0.003253908935288404
Phonon: rel Sigma^R residual 5.5492e-01; lead balance 7.1262e-01 (best 2.2800e-02; internal spread 2.5021e+00)
Bubble energy balance: P_in=-5.927947e+04 P_out=-5.927947e+04 resid=1.002e-16
Writing output for iteration 332...
Iteration 333
[it 333] energy J(local)=[-2.5251 43.8242  8.2237]
SigmaR resid-by-omega: peak w=15.77THz val=6.474e+02 in-band(<=46.4)=0.975 low(<=5)=0.182
Maximum Self-Energy Update: 647.377961803098
Contact Current Difference: 0.0
Current Conservation abs: 123.48513731158528
Current Conservation rel: 0.0032538467468360257
Phonon: rel Sigma^R residual 5.5492e-01; lead balance 7.1263e-01 (best 2.2800e-02; internal spread 2.5021e+00)
Bubble energy balance: P_in=-5.927944e+04 P_out=-5.927944e+04 resid=1.248e-16
Writing output for iteration 333...
Iteration 334
[it 334] energy J(local)=[-2.5251 43.8243  8.2237]
SigmaR resid-by-omega: peak w=15.77THz val=6.474e+02 in-band(<=46.4)=0.975 low(<=5)=0.182
Maximum Self-Energy Update: 647.3779042672414
Contact Current Difference: 0.0
Current Conservation abs: 123.4913823181123
Current Conservation rel: 0.003254003291439179
Phonon: rel Sigma^R residual 5.5492e-01; lead balance 7.1261e-01 (best 2.2800e-02; internal spread 2.5021e+00)
Bubble energy balance: P_in=-5.927977e+04 P_out=-5.927977e+04 resid=8.122e-17
Writing output for iteration 334...
Iteration 335
[it 335] energy J(local)=[-2.5251 43.8243  8.2237]
SigmaR resid-by-omega: peak w=15.77THz val=6.474e+02 in-band(<=46.4)=0.975 low(<=5)=0.182
Maximum Self-Energy Update: 647.3778960280308
Contact Current Difference: 0.0
Current Conservation abs: 123.48446919281196
Current Conservation rel: 0.003253823662926185
Phonon: rel Sigma^R residual 5.5492e-01; lead balance 7.1263e-01 (best 2.2800e-02; internal spread 2.5021e+00)
Bubble energy balance: P_in=-5.927946e+04 P_out=-5.927946e+04 resid=7.041e-17
Writing output for iteration 335...
Iteration 336
[it 336] energy J(local)=[-2.5251 43.8243  8.2237]
SigmaR resid-by-omega: peak w=15.77THz val=6.474e+02 in-band(<=46.4)=0.975 low(<=5)=0.182
Maximum Self-Energy Update: 647.377997112265
Contact Current Difference: 0.0
Current Conservation abs: 123.48908680806198
Current Conservation rel: 0.003253943727384986
Phonon: rel Sigma^R residual 5.5492e-01; lead balance 7.1261e-01 (best 2.2800e-02; internal spread 2.5021e+00)
Bubble energy balance: P_in=-5.927971e+04 P_out=-5.927971e+04 resid=3.975e-17
Writing output for iteration 336...
Iteration 337
[it 337] energy J(local)=[-2.5251 43.8243  8.2237]
SigmaR resid-by-omega: peak w=15.77THz val=6.474e+02 in-band(<=46.4)=0.975 low(<=5)=0.182
Maximum Self-Energy Update: 647.3779504932876
Contact Current Difference: 0.0
Current Conservation abs: 123.48656321645103
Current Conservation rel: 0.0032538795571273624
Phonon: rel Sigma^R residual 5.5492e-01; lead balance 7.1263e-01 (best 2.2800e-02; internal spread 2.5021e+00)
Bubble energy balance: P_in=-5.927954e+04 P_out=-5.927954e+04 resid=1.844e-16
Writing output for iteration 337...
Iteration 338
[it 338] energy J(local)=[-2.5251 43.8245  8.2238]
SigmaR resid-by-omega: peak w=15.77THz val=6.474e+02 in-band(<=46.4)=0.975 low(<=5)=0.182
Maximum Self-Energy Update: 647.3783391331833
Contact Current Difference: 0.0
Current Conservation abs: 123.48928852790777
Current Conservation rel: 0.003253942168825501
Phonon: rel Sigma^R residual 5.5492e-01; lead balance 7.1261e-01 (best 2.2800e-02; internal spread 2.5021e+00)
Bubble energy balance: P_in=-5.927972e+04 P_out=-5.927972e+04 resid=1.292e-16
Writing output for iteration 338...
Iteration 339
[it 339] energy J(local)=[-2.5251 43.8244  8.2237]
SigmaR resid-by-omega: peak w=15.77THz val=6.474e+02 in-band(<=46.4)=0.975 low(<=5)=0.182
Maximum Self-Energy Update: 647.3781762399689
Contact Current Difference: 0.0
Current Conservation abs: 123.48781174373653
Current Conservation rel: 0.0032539065222664068
Phonon: rel Sigma^R residual 5.5492e-01; lead balance 7.1261e-01 (best 2.2800e-02; internal spread 2.5021e+00)
Bubble energy balance: P_in=-5.927968e+04 P_out=-5.927968e+04 resid=6.159e-17
Writing output for iteration 339...
Iteration 340
[it 340] energy J(local)=[-2.5251 43.8244  8.2237]
SigmaR resid-by-omega: peak w=15.77THz val=6.474e+02 in-band(<=46.4)=0.975 low(<=5)=0.182
Maximum Self-Energy Update: 647.3782827358682
Contact Current Difference: 0.0
Current Conservation abs: 123.48988809481307
Current Conservation rel: 0.003253964076401073
Phonon: rel Sigma^R residual 5.5492e-01; lead balance 7.1261e-01 (best 2.2800e-02; internal spread 2.5021e+00)
Bubble energy balance: P_in=-5.927946e+04 P_out=-5.927946e+04 resid=6.789e-17
Writing output for iteration 340...
Iteration 341
[it 341] energy J(local)=[-2.5251 43.8245  8.2238]
SigmaR resid-by-omega: peak w=15.77THz val=6.474e+02 in-band(<=46.4)=0.975 low(<=5)=0.182
Maximum Self-Energy Update: 647.3784249477154
Contact Current Difference: 0.0
Current Conservation abs: 123.49273813687614
Current Conservation rel: 0.003254030532822987
Phonon: rel Sigma^R residual 5.5492e-01; lead balance 7.1260e-01 (best 2.2800e-02; internal spread 2.5021e+00)
Bubble energy balance: P_in=-5.927987e+04 P_out=-5.927987e+04 resid=1.029e-16
Writing output for iteration 341...
Iteration 342
[it 342] energy J(local)=[-2.5251 43.8244  8.2238]
SigmaR resid-by-omega: peak w=15.77THz val=6.474e+02 in-band(<=46.4)=0.975 low(<=5)=0.182
Maximum Self-Energy Update: 647.3781997927463
Contact Current Difference: 0.0
Current Conservation abs: 123.49091617576414
Current Conservation rel: 0.0032539905330415965
Phonon: rel Sigma^R residual 5.5492e-01; lead balance 7.1261e-01 (best 2.2800e-02; internal spread 2.5021e+00)
Bubble energy balance: P_in=-5.927949e+04 P_out=-5.927949e+04 resid=1.846e-16
Writing output for iteration 342...
Iteration 343
[it 343] energy J(local)=[-2.5251 43.8243  8.2237]
SigmaR resid-by-omega: peak w=15.77THz val=6.474e+02 in-band(<=46.4)=0.975 low(<=5)=0.182
Maximum Self-Energy Update: 647.378150480709
Contact Current Difference: 0.0
Current Conservation abs: 123.48851218657728
Current Conservation rel: 0.0032539273721924828
Phonon: rel Sigma^R residual 5.5492e-01; lead balance 7.1261e-01 (best 2.2800e-02; internal spread 2.5021e+00)
Bubble energy balance: P_in=-5.927962e+04 P_out=-5.927962e+04 resid=7.780e-17
Writing output for iteration 343...
Iteration 344
[it 344] energy J(local)=[-2.5251 43.8244  8.2237]
SigmaR resid-by-omega: peak w=15.77THz val=6.474e+02 in-band(<=46.4)=0.975 low(<=5)=0.182
Maximum Self-Energy Update: 647.3782338654382
Contact Current Difference: 0.0
Current Conservation abs: 123.49015623017112
Current Conservation rel: 0.003253972054785848
Phonon: rel Sigma^R residual 5.5492e-01; lead balance 7.1261e-01 (best 2.2800e-02; internal spread 2.5021e+00)
Bubble energy balance: P_in=-5.927953e+04 P_out=-5.927953e+04 resid=6.765e-17
Writing output for iteration 344...
Iteration 345
[it 345] energy J(local)=[-2.5251 43.8243  8.2237]
SigmaR resid-by-omega: peak w=15.77THz val=6.474e+02 in-band(<=46.4)=0.975 low(<=5)=0.182
Maximum Self-Energy Update: 647.3780921305364
Contact Current Difference: 0.0
Current Conservation abs: 123.4877604586436
Current Conservation rel: 0.0032539119029577623
Phonon: rel Sigma^R residual 5.5492e-01; lead balance 7.1262e-01 (best 2.2800e-02; internal spread 2.5021e+00)
Bubble energy balance: P_in=-5.927949e+04 P_out=-5.927949e+04 resid=5.916e-18
Writing output for iteration 345...
Iteration 346
[it 346] energy J(local)=[-2.5251 43.8243  8.2237]
SigmaR resid-by-omega: peak w=15.77THz val=6.474e+02 in-band(<=46.4)=0.975 low(<=5)=0.182
Maximum Self-Energy Update: 647.3780153488499
Contact Current Difference: 0.0
Current Conservation abs: 123.48613790553281
Current Conservation rel: 0.003253868610618939
Phonon: rel Sigma^R residual 5.5492e-01; lead balance 7.1262e-01 (best 2.2800e-02; internal spread 2.5021e+00)
Bubble energy balance: P_in=-5.927944e+04 P_out=-5.927944e+04 resid=1.271e-16
Writing output for iteration 346...
Iteration 347
[it 347] energy J(local)=[-2.5251 43.8243  8.2237]
SigmaR resid-by-omega: peak w=15.77THz val=6.474e+02 in-band(<=46.4)=0.975 low(<=5)=0.182
Maximum Self-Energy Update: 647.3779215947707
Contact Current Difference: 0.0
Current Conservation abs: 123.48641057356144
Current Conservation rel: 0.0032538810998399602
Phonon: rel Sigma^R residual 5.5492e-01; lead balance 7.1261e-01 (best 2.2800e-02; internal spread 2.5021e+00)
Bubble energy balance: P_in=-5.927924e+04 P_out=-5.927924e+04 resid=7.497e-17
Writing output for iteration 347...
Iteration 348
[it 348] energy J(local)=[-2.5251 43.8242  8.2237]
SigmaR resid-by-omega: peak w=15.77THz val=6.474e+02 in-band(<=46.4)=0.975 low(<=5)=0.182
Maximum Self-Energy Update: 647.3780209477488
Contact Current Difference: 0.0
Current Conservation abs: 123.48558432461141
Current Conservation rel: 0.0032538591485740055
Phonon: rel Sigma^R residual 5.5492e-01; lead balance 7.1263e-01 (best 2.2800e-02; internal spread 2.5021e+00)
Bubble energy balance: P_in=-5.927927e+04 P_out=-5.927927e+04 resid=1.374e-16
Writing output for iteration 348...
Iteration 349
[it 349] energy J(local)=[-2.5251 43.8243  8.2237]
SigmaR resid-by-omega: peak w=15.77THz val=6.474e+02 in-band(<=46.4)=0.975 low(<=5)=0.182
Maximum Self-Energy Update: 647.3781678532467
Contact Current Difference: 0.0
Current Conservation abs: 123.48817637214233
Current Conservation rel: 0.003253922706963958
Phonon: rel Sigma^R residual 5.5492e-01; lead balance 7.1262e-01 (best 2.2800e-02; internal spread 2.5021e+00)
Bubble energy balance: P_in=-5.927950e+04 P_out=-5.927950e+04 resid=8.158e-17
Writing output for iteration 349...
Iteration 350
[it 350] energy J(local)=[-2.5251 43.8243  8.2237]
SigmaR resid-by-omega: peak w=15.77THz val=6.474e+02 in-band(<=46.4)=0.975 low(<=5)=0.182
Maximum Self-Energy Update: 647.3781851533312
Contact Current Difference: 0.0
Current Conservation abs: 123.48761613668466
Current Conservation rel: 0.0032539050850486596
Phonon: rel Sigma^R residual 5.5492e-01; lead balance 7.1261e-01 (best 2.2800e-02; internal spread 2.5021e+00)
Bubble energy balance: P_in=-5.927956e+04 P_out=-5.927956e+04 resid=1.178e-16
Writing output for iteration 350...
Iteration 351
[it 351] energy J(local)=[-2.5251 43.8243  8.2237]
SigmaR resid-by-omega: peak w=15.77THz val=6.474e+02 in-band(<=46.4)=0.975 low(<=5)=0.182
Maximum Self-Energy Update: 647.3783094011451
Contact Current Difference: 0.0
Current Conservation abs: 123.48676082496604
Current Conservation rel: 0.003253884404688465
Phonon: rel Sigma^R residual 5.5492e-01; lead balance 7.1262e-01 (best 2.2800e-02; internal spread 2.5021e+00)
Bubble energy balance: P_in=-5.927944e+04 P_out=-5.927944e+04 resid=1.853e-16
Writing output for iteration 351...
Iteration 352
[it 352] energy J(local)=[-2.5251 43.8243  8.2237]
SigmaR resid-by-omega: peak w=15.77THz val=6.474e+02 in-band(<=46.4)=0.975 low(<=5)=0.182
Maximum Self-Energy Update: 647.378248084472
Contact Current Difference: 0.0
Current Conservation abs: 123.48747080667817
Current Conservation rel: 0.0032539032188684223
Phonon: rel Sigma^R residual 5.5492e-01; lead balance 7.1261e-01 (best 2.2800e-02; internal spread 2.5021e+00)
Bubble energy balance: P_in=-5.927947e+04 P_out=-5.927947e+04 resid=1.180e-16
Writing output for iteration 352...
Iteration 353
[it 353] energy J(local)=[-2.5251 43.8243  8.2237]
SigmaR resid-by-omega: peak w=15.77THz val=6.474e+02 in-band(<=46.4)=0.975 low(<=5)=0.182
Maximum Self-Energy Update: 647.3780418574196
Contact Current Difference: 0.0
Current Conservation abs: 123.48751751869713
Current Conservation rel: 0.0032539063277686807
Phonon: rel Sigma^R residual 5.5492e-01; lead balance 7.1261e-01 (best 2.2800e-02; internal spread 2.5021e+00)
Bubble energy balance: P_in=-5.927944e+04 P_out=-5.927944e+04 resid=1.396e-16
Writing output for iteration 353...
Iteration 354
[it 354] energy J(local)=[-2.5251 43.8243  8.2237]
SigmaR resid-by-omega: peak w=15.77THz val=6.474e+02 in-band(<=46.4)=0.975 low(<=5)=0.182
Maximum Self-Energy Update: 647.378026661201
Contact Current Difference: 0.0
Current Conservation abs: 123.48829366305654
Current Conservation rel: 0.0032539264897192472
Phonon: rel Sigma^R residual 5.5492e-01; lead balance 7.1261e-01 (best 2.2800e-02; internal spread 2.5021e+00)
Bubble energy balance: P_in=-5.927946e+04 P_out=-5.927946e+04 resid=8.127e-17
Writing output for iteration 354...
Iteration 355
[it 355] energy J(local)=[-2.5251 43.8243  8.2237]
SigmaR resid-by-omega: peak w=15.77THz val=6.474e+02 in-band(<=46.4)=0.975 low(<=5)=0.182
Maximum Self-Energy Update: 647.37811121492
Contact Current Difference: 0.0
Current Conservation abs: 123.48910028935279
Current Conservation rel: 0.0032539461902178807
Phonon: rel Sigma^R residual 5.5492e-01; lead balance 7.1262e-01 (best 2.2800e-02; internal spread 2.5021e+00)
Bubble energy balance: P_in=-5.927951e+04 P_out=-5.927951e+04 resid=1.259e-16
Writing output for iteration 355...
Iteration 356
[it 356] energy J(local)=[-2.5251 43.8243  8.2237]
SigmaR resid-by-omega: peak w=15.77THz val=6.474e+02 in-band(<=46.4)=0.975 low(<=5)=0.182
Maximum Self-Energy Update: 647.3781058693007
Contact Current Difference: 0.0
Current Conservation abs: 123.4871974433081
Current Conservation rel: 0.0032538947689690462
Phonon: rel Sigma^R residual 5.5492e-01; lead balance 7.1262e-01 (best 2.2800e-02; internal spread 2.5021e+00)
Bubble energy balance: P_in=-5.927953e+04 P_out=-5.927953e+04 resid=6.916e-18
Writing output for iteration 356...
Iteration 357
[it 357] energy J(local)=[-2.5251 43.8243  8.2237]
SigmaR resid-by-omega: peak w=15.77THz val=6.474e+02 in-band(<=46.4)=0.975 low(<=5)=0.182
Maximum Self-Energy Update: 647.3779413102206
Contact Current Difference: 0.0
Current Conservation abs: 123.48759650383727
Current Conservation rel: 0.0032539092067082036
Phonon: rel Sigma^R residual 5.5492e-01; lead balance 7.1262e-01 (best 2.2800e-02; internal spread 2.5021e+00)
Bubble energy balance: P_in=-5.927941e+04 P_out=-5.927941e+04 resid=1.777e-16
Writing output for iteration 357...
Iteration 358
[it 358] energy J(local)=[-2.5251 43.8243  8.2237]
SigmaR resid-by-omega: peak w=15.77THz val=6.474e+02 in-band(<=46.4)=0.975 low(<=5)=0.182
Maximum Self-Energy Update: 647.3779715106442
Contact Current Difference: 0.0
Current Conservation abs: 123.4883028254444
Current Conservation rel: 0.0032539270721365105
Phonon: rel Sigma^R residual 5.5492e-01; lead balance 7.1262e-01 (best 2.2800e-02; internal spread 2.5021e+00)
Bubble energy balance: P_in=-5.927949e+04 P_out=-5.927949e+04 resid=6.746e-18
Writing output for iteration 358...
Iteration 359
[it 359] energy J(local)=[-2.5251 43.8243  8.2237]
SigmaR resid-by-omega: peak w=15.77THz val=6.474e+02 in-band(<=46.4)=0.975 low(<=5)=0.182
Maximum Self-Energy Update: 647.3780263909825
Contact Current Difference: 0.0
Current Conservation abs: 123.489220871219
Current Conservation rel: 0.0032539471788019386
Phonon: rel Sigma^R residual 5.5492e-01; lead balance 7.1262e-01 (best 2.2800e-02; internal spread 2.5021e+00)
Bubble energy balance: P_in=-5.927965e+04 P_out=-5.927965e+04 resid=6.497e-17
Writing output for iteration 359...
Iteration 360
[it 360] energy J(local)=[-2.5251 43.8242  8.2237]
SigmaR resid-by-omega: peak w=15.77THz val=6.474e+02 in-band(<=46.4)=0.975 low(<=5)=0.182
Maximum Self-Energy Update: 647.3779278120342
Contact Current Difference: 0.0
Current Conservation abs: 123.48593295049432
Current Conservation rel: 0.003253865672112836
Phonon: rel Sigma^R residual 5.5492e-01; lead balance 7.1263e-01 (best 2.2800e-02; internal spread 2.5021e+00)
Bubble energy balance: P_in=-5.927951e+04 P_out=-5.927951e+04 resid=5.923e-17
Writing output for iteration 360...
Iteration 361
[it 361] energy J(local)=[-2.5251 43.8244  8.2237]
SigmaR resid-by-omega: peak w=15.77THz val=6.474e+02 in-band(<=46.4)=0.975 low(<=5)=0.182
Maximum Self-Energy Update: 647.3781616950589
Contact Current Difference: 0.0
Current Conservation abs: 123.48867619266457
Current Conservation rel: 0.0032539304461107004
Phonon: rel Sigma^R residual 5.5492e-01; lead balance 7.1262e-01 (best 2.2800e-02; internal spread 2.5021e+00)
Bubble energy balance: P_in=-5.927964e+04 P_out=-5.927964e+04 resid=2.542e-16
Writing output for iteration 361...
Iteration 362
[it 362] energy J(local)=[-2.5251 43.8243  8.2237]
SigmaR resid-by-omega: peak w=15.77THz val=6.474e+02 in-band(<=46.4)=0.975 low(<=5)=0.182
Maximum Self-Energy Update: 647.3780672612625
Contact Current Difference: 0.0
Current Conservation abs: 123.48798003314005
Current Conservation rel: 0.00325391695465847
Phonon: rel Sigma^R residual 5.5492e-01; lead balance 7.1261e-01 (best 2.2800e-02; internal spread 2.5021e+00)
Bubble energy balance: P_in=-5.927956e+04 P_out=-5.927956e+04 resid=1.253e-16
Writing output for iteration 362...
Iteration 363
[it 363] energy J(local)=[-2.5251 43.8242  8.2237]
SigmaR resid-by-omega: peak w=15.77THz val=6.474e+02 in-band(<=46.4)=0.975 low(<=5)=0.182
Maximum Self-Energy Update: 647.3780270155376
Contact Current Difference: 0.0
Current Conservation abs: 123.48729012115655
Current Conservation rel: 0.003253902201055952
Phonon: rel Sigma^R residual 5.5492e-01; lead balance 7.1262e-01 (best 2.2800e-02; internal spread 2.5021e+00)
Bubble energy balance: P_in=-5.927941e+04 P_out=-5.927941e+04 resid=7.076e-17
Writing output for iteration 363...
Iteration 364
[it 364] energy J(local)=[-2.5251 43.8242  8.2237]
SigmaR resid-by-omega: peak w=15.77THz val=6.474e+02 in-band(<=46.4)=0.975 low(<=5)=0.182
Maximum Self-Energy Update: 647.3778852854713
Contact Current Difference: 0.0
Current Conservation abs: 123.49008067354953
Current Conservation rel: 0.0032539737629978804
Phonon: rel Sigma^R residual 5.5492e-01; lead balance 7.1262e-01 (best 2.2800e-02; internal spread 2.5021e+00)
Bubble energy balance: P_in=-5.927957e+04 P_out=-5.927957e+04 resid=8.176e-17
Writing output for iteration 364...
Iteration 365
[it 365] energy J(local)=[-2.5251 43.8243  8.2237]
SigmaR resid-by-omega: peak w=15.77THz val=6.474e+02 in-band(<=46.4)=0.975 low(<=5)=0.182
Maximum Self-Energy Update: 647.378217121249
Contact Current Difference: 0.0
Current Conservation abs: 123.48818195722197
Current Conservation rel: 0.003253919867020552
Phonon: rel Sigma^R residual 5.5492e-01; lead balance 7.1262e-01 (best 2.2800e-02; internal spread 2.5021e+00)
Bubble energy balance: P_in=-5.927966e+04 P_out=-5.927966e+04 resid=1.331e-16
Writing output for iteration 365...
Iteration 366
[it 366] energy J(local)=[-2.5251 43.8243  8.2237]
SigmaR resid-by-omega: peak w=15.77THz val=6.474e+02 in-band(<=46.4)=0.975 low(<=5)=0.182
Maximum Self-Energy Update: 647.3781018820251
Contact Current Difference: 0.0
Current Conservation abs: 123.48558885226885
Current Conservation rel: 0.0032538543037583757
Phonon: rel Sigma^R residual 5.5492e-01; lead balance 7.1262e-01 (best 2.2800e-02; internal spread 2.5021e+00)
Bubble energy balance: P_in=-5.927953e+04 P_out=-5.927953e+04 resid=1.829e-17
Writing output for iteration 366...
Iteration 367
[it 367] energy J(local)=[-2.5251 43.8243  8.2237]
SigmaR resid-by-omega: peak w=15.77THz val=6.474e+02 in-band(<=46.4)=0.975 low(<=5)=0.182
Maximum Self-Energy Update: 647.378319073738
Contact Current Difference: 0.0
Current Conservation abs: 123.48501475801095
Current Conservation rel: 0.0032538386964568325
Phonon: rel Sigma^R residual 5.5492e-01; lead balance 7.1263e-01 (best 2.2800e-02; internal spread 2.5021e+00)
Bubble energy balance: P_in=-5.927942e+04 P_out=-5.927942e+04 resid=1.545e-16
Writing output for iteration 367...
Iteration 368
[it 368] energy J(local)=[-2.5251 43.8242  8.2237]
SigmaR resid-by-omega: peak w=15.77THz val=6.474e+02 in-band(<=46.4)=0.975 low(<=5)=0.182
Maximum Self-Energy Update: 647.3778275994883
Contact Current Difference: 0.0
Current Conservation abs: 123.48644460396463
Current Conservation rel: 0.0032538823409482462
Phonon: rel Sigma^R residual 5.5492e-01; lead balance 7.1262e-01 (best 2.2800e-02; internal spread 2.5021e+00)
Bubble energy balance: P_in=-5.927936e+04 P_out=-5.927936e+04 resid=1.272e-16
Writing output for iteration 368...
Iteration 369
[it 369] energy J(local)=[-2.5251 43.8244  8.2237]
SigmaR resid-by-omega: peak w=15.77THz val=6.474e+02 in-band(<=46.4)=0.975 low(<=5)=0.182
Maximum Self-Energy Update: 647.3779850679567
Contact Current Difference: 0.0
Current Conservation abs: 123.48819528173044
Current Conservation rel: 0.0032539188382020674
Phonon: rel Sigma^R residual 5.5492e-01; lead balance 7.1261e-01 (best 2.2800e-02; internal spread 2.5021e+00)
Bubble energy balance: P_in=-5.927955e+04 P_out=-5.927955e+04 resid=1.224e-16
  JFNK newton#9: gmres_m=50 inner_res/||R||=9.71e-01 ||R||=2.292e+05 ||delta||=1.394e+04 trust=0.17 mu=0.00e+00
Writing output for iteration 369...
Iteration 370
[it 370] energy J(local)=[-2.8179 42.1827  8.2534]
SigmaR resid-by-omega: peak w=0.73THz val=6.535e+02 in-band(<=46.4)=0.974 low(<=5)=0.181
Maximum Self-Energy Update: 653.5219910092617
Contact Current Difference: 0.0
Current Conservation abs: 162.644289767617
Current Conservation rel: 0.0044839350176434836
Phonon: rel Sigma^R residual 5.9764e-01; lead balance 2.0145e+00 (best 2.2800e-02; internal spread 8.3395e+00)
Bubble energy balance: P_in=-5.511598e+04 P_out=-5.511598e+04 resid=1.723e-16
Writing output for iteration 370...
Iteration 371
[it 371] energy J(local)=[-2.8179 42.1826  8.2534]
SigmaR resid-by-omega: peak w=0.73THz val=6.535e+02 in-band(<=46.4)=0.974 low(<=5)=0.181
Maximum Self-Energy Update: 653.5224321367024
Contact Current Difference: 0.0
Current Conservation abs: 162.6441604805368
Current Conservation rel: 0.004483938960673735
Phonon: rel Sigma^R residual 5.9764e-01; lead balance 2.0145e+00 (best 2.2800e-02; internal spread 8.3395e+00)
Bubble energy balance: P_in=-5.511582e+04 P_out=-5.511582e+04 resid=9.556e-18
Writing output for iteration 371...
Iteration 372
[it 372] energy J(local)=[-2.8179 42.1828  8.2534]
SigmaR resid-by-omega: peak w=0.73THz val=6.535e+02 in-band(<=46.4)=0.974 low(<=5)=0.181
Maximum Self-Energy Update: 653.5217804633392
Contact Current Difference: 0.0
Current Conservation abs: 162.6444852568311
Current Conservation rel: 0.004483939371035906
Phonon: rel Sigma^R residual 5.9764e-01; lead balance 2.0145e+00 (best 2.2800e-02; internal spread 8.3394e+00)
Bubble energy balance: P_in=-5.511592e+04 P_out=-5.511592e+04 resid=7.709e-17
Writing output for iteration 372...
Iteration 373
[it 373] energy J(local)=[-2.8179 42.1827  8.2534]
SigmaR resid-by-omega: peak w=0.73THz val=6.535e+02 in-band(<=46.4)=0.974 low(<=5)=0.181
Maximum Self-Energy Update: 653.5218446370216
Contact Current Difference: 0.0
Current Conservation abs: 162.6435033601847
Current Conservation rel: 0.004483910674959927
Phonon: rel Sigma^R residual 5.9764e-01; lead balance 2.0145e+00 (best 2.2800e-02; internal spread 8.3394e+00)
Bubble energy balance: P_in=-5.511602e+04 P_out=-5.511602e+04 resid=6.777e-17
Writing output for iteration 373...
Iteration 374
[it 374] energy J(local)=[-2.8179 42.1827  8.2534]
SigmaR resid-by-omega: peak w=0.73THz val=6.535e+02 in-band(<=46.4)=0.974 low(<=5)=0.181
Maximum Self-Energy Update: 653.5221324794152
Contact Current Difference: 0.0
Current Conservation abs: 162.64335157530513
Current Conservation rel: 0.004483908621966856
Phonon: rel Sigma^R residual 5.9764e-01; lead balance 2.0144e+00 (best 2.2800e-02; internal spread 8.3393e+00)
Bubble energy balance: P_in=-5.511597e+04 P_out=-5.511597e+04 resid=2.005e-16
Writing output for iteration 374...
Iteration 375
[it 375] energy J(local)=[-2.8179 42.1827  8.2534]
SigmaR resid-by-omega: peak w=0.73THz val=6.535e+02 in-band(<=46.4)=0.974 low(<=5)=0.181
Maximum Self-Energy Update: 653.5219368060526
Contact Current Difference: 0.0
Current Conservation abs: 162.64316290378338
Current Conservation rel: 0.004483902928793449
Phonon: rel Sigma^R residual 5.9764e-01; lead balance 2.0145e+00 (best 2.2800e-02; internal spread 8.3394e+00)
Bubble energy balance: P_in=-5.511597e+04 P_out=-5.511597e+04 resid=8.051e-17
Writing output for iteration 375...
Iteration 376
[it 376] energy J(local)=[-2.8179 42.1826  8.2533]
SigmaR resid-by-omega: peak w=0.73THz val=6.535e+02 in-band(<=46.4)=0.974 low(<=5)=0.181
Maximum Self-Energy Update: 653.5224630915327
Contact Current Difference: 0.0
Current Conservation abs: 162.64163411802292
Current Conservation rel: 0.004483869699689701
Phonon: rel Sigma^R residual 5.9764e-01; lead balance 2.0145e+00 (best 2.2800e-02; internal spread 8.3394e+00)
Bubble energy balance: P_in=-5.511586e+04 P_out=-5.511586e+04 resid=1.150e-16
Writing output for iteration 376...
Iteration 377
[it 377] energy J(local)=[-2.8179 42.1827  8.2534]
SigmaR resid-by-omega: peak w=0.73THz val=6.535e+02 in-band(<=46.4)=0.974 low(<=5)=0.181
Maximum Self-Energy Update: 653.5217070921077
Contact Current Difference: 0.0
Current Conservation abs: 162.64323109602992
Current Conservation rel: 0.004483904118532538
Phonon: rel Sigma^R residual 5.9764e-01; lead balance 2.0145e+00 (best 2.2800e-02; internal spread 8.3395e+00)
Bubble energy balance: P_in=-5.511600e+04 P_out=-5.511600e+04 resid=1.205e-16
Writing output for iteration 377...
Iteration 378
[it 378] energy J(local)=[-2.8179 42.1827  8.2534]
SigmaR resid-by-omega: peak w=0.73THz val=6.535e+02 in-band(<=46.4)=0.974 low(<=5)=0.181
Maximum Self-Energy Update: 653.5219761476843
Contact Current Difference: 0.0
Current Conservation abs: 162.64461089081306
Current Conservation rel: 0.00448393937552976
Phonon: rel Sigma^R residual 5.9764e-01; lead balance 2.0144e+00 (best 2.2800e-02; internal spread 8.3393e+00)
Bubble energy balance: P_in=-5.511602e+04 P_out=-5.511602e+04 resid=1.543e-16
Writing output for iteration 378...
Iteration 379
[it 379] energy J(local)=[-2.8179 42.1828  8.2534]
SigmaR resid-by-omega: peak w=0.73THz val=6.535e+02 in-band(<=46.4)=0.974 low(<=5)=0.181
Maximum Self-Energy Update: 653.5217855649227
Contact Current Difference: 0.0
Current Conservation abs: 162.6442885290453
Current Conservation rel: 0.00448393170016631
Phonon: rel Sigma^R residual 5.9764e-01; lead balance 2.0145e+00 (best 2.2800e-02; internal spread 8.3396e+00)
Bubble energy balance: P_in=-5.511603e+04 P_out=-5.511603e+04 resid=1.586e-16
Writing output for iteration 379...
Iteration 380
[it 380] energy J(local)=[-2.8179 42.1827  8.2534]
SigmaR resid-by-omega: peak w=0.73THz val=6.535e+02 in-band(<=46.4)=0.974 low(<=5)=0.181
Maximum Self-Energy Update: 653.5217949836893
Contact Current Difference: 0.0
Current Conservation abs: 162.64426229627497
Current Conservation rel: 0.004483929201933797
Phonon: rel Sigma^R residual 5.9764e-01; lead balance 2.0145e+00 (best 2.2800e-02; internal spread 8.3394e+00)
Bubble energy balance: P_in=-5.511608e+04 P_out=-5.511608e+04 resid=8.116e-17
Writing output for iteration 380...
Iteration 381
[it 381] energy J(local)=[-2.8179 42.1826  8.2534]
SigmaR resid-by-omega: peak w=0.73THz val=6.535e+02 in-band(<=46.4)=0.974 low(<=5)=0.181
Maximum Self-Energy Update: 653.5221549205783
Contact Current Difference: 0.0
Current Conservation abs: 162.6443748118145
Current Conservation rel: 0.0044839417927919
Phonon: rel Sigma^R residual 5.9764e-01; lead balance 2.0145e+00 (best 2.2800e-02; internal spread 8.3396e+00)
Bubble energy balance: P_in=-5.511597e+04 P_out=-5.511597e+04 resid=1.320e-16
Writing output for iteration 381...
Iteration 382
[it 382] energy J(local)=[-2.8179 42.1827  8.2534]
SigmaR resid-by-omega: peak w=0.73THz val=6.535e+02 in-band(<=46.4)=0.974 low(<=5)=0.181
Maximum Self-Energy Update: 653.5220637963362
Contact Current Difference: 0.0
Current Conservation abs: 162.64310087760168
Current Conservation rel: 0.004483900396120271
Phonon: rel Sigma^R residual 5.9764e-01; lead balance 2.0144e+00 (best 2.2800e-02; internal spread 8.3392e+00)
Bubble energy balance: P_in=-5.511605e+04 P_out=-5.511605e+04 resid=2.689e-16
Writing output for iteration 382...
Iteration 383
[it 383] energy J(local)=[-2.8179 42.1827  8.2534]
SigmaR resid-by-omega: peak w=0.73THz val=6.535e+02 in-band(<=46.4)=0.974 low(<=5)=0.181
Maximum Self-Energy Update: 653.5218176086461
Contact Current Difference: 0.0
Current Conservation abs: 162.64420567693014
Current Conservation rel: 0.004483926371152197
Phonon: rel Sigma^R residual 5.9764e-01; lead balance 2.0145e+00 (best 2.2800e-02; internal spread 8.3394e+00)
Bubble energy balance: P_in=-5.511618e+04 P_out=-5.511618e+04 resid=1.781e-16
Writing output for iteration 383...
Iteration 384
[it 384] energy J(local)=[-2.8179 42.1826  8.2534]
SigmaR resid-by-omega: peak w=0.73THz val=6.535e+02 in-band(<=46.4)=0.974 low(<=5)=0.181
Maximum Self-Energy Update: 653.522352493744
Contact Current Difference: 0.0
Current Conservation abs: 162.6433234527758
Current Conservation rel: 0.004483912903637959
Phonon: rel Sigma^R residual 5.9764e-01; lead balance 2.0145e+00 (best 2.2800e-02; internal spread 8.3395e+00)
Bubble energy balance: P_in=-5.511594e+04 P_out=-5.511594e+04 resid=9.280e-17
Writing output for iteration 384...
Iteration 385
[it 385] energy J(local)=[-2.8179 42.1827  8.2534]
SigmaR resid-by-omega: peak w=0.73THz val=6.535e+02 in-band(<=46.4)=0.974 low(<=5)=0.181
Maximum Self-Energy Update: 653.5219860927901
Contact Current Difference: 0.0
Current Conservation abs: 162.64363777266044
Current Conservation rel: 0.004483918107745895
Phonon: rel Sigma^R residual 5.9764e-01; lead balance 2.0145e+00 (best 2.2800e-02; internal spread 8.3396e+00)
Bubble energy balance: P_in=-5.511600e+04 P_out=-5.511600e+04 resid=1.141e-16
Writing output for iteration 385...
Iteration 386
[it 386] energy J(local)=[-2.8179 42.1826  8.2534]
SigmaR resid-by-omega: peak w=0.73THz val=6.535e+02 in-band(<=46.4)=0.974 low(<=5)=0.181
Maximum Self-Energy Update: 653.5225994807936
Contact Current Difference: 0.0
Current Conservation abs: 162.6419899620305
Current Conservation rel: 0.004483877786686598
Phonon: rel Sigma^R residual 5.9764e-01; lead balance 2.0145e+00 (best 2.2800e-02; internal spread 8.3394e+00)
Bubble energy balance: P_in=-5.511582e+04 P_out=-5.511582e+04 resid=9.568e-17
Writing output for iteration 386...
Iteration 387
[it 387] energy J(local)=[-2.8179 42.1827  8.2534]
SigmaR resid-by-omega: peak w=0.73THz val=6.535e+02 in-band(<=46.4)=0.974 low(<=5)=0.181
Maximum Self-Energy Update: 653.5220370542494
Contact Current Difference: 0.0
Current Conservation abs: 162.64514575318753
Current Conservation rel: 0.004483959806625127
Phonon: rel Sigma^R residual 5.9764e-01; lead balance 2.0145e+00 (best 2.2800e-02; internal spread 8.3395e+00)
Bubble energy balance: P_in=-5.511598e+04 P_out=-5.511598e+04 resid=2.081e-16
Writing output for iteration 387...
Iteration 388
[it 388] energy J(local)=[-2.8179 42.1827  8.2534]
SigmaR resid-by-omega: peak w=0.73THz val=6.535e+02 in-band(<=46.4)=0.974 low(<=5)=0.181
Maximum Self-Energy Update: 653.5219974090741
Contact Current Difference: 0.0
Current Conservation abs: 162.6440296587498
Current Conservation rel: 0.004483928608591271
Phonon: rel Sigma^R residual 5.9764e-01; lead balance 2.0145e+00 (best 2.2800e-02; internal spread 8.3395e+00)
Bubble energy balance: P_in=-5.511595e+04 P_out=-5.511595e+04 resid=7.586e-17
Writing output for iteration 388...
Iteration 389
[it 389] energy J(local)=[-2.8179 42.1827  8.2534]
SigmaR resid-by-omega: peak w=0.73THz val=6.535e+02 in-band(<=46.4)=0.974 low(<=5)=0.181
Maximum Self-Energy Update: 653.5214770532226
Contact Current Difference: 0.0
Current Conservation abs: 162.64293313521193
Current Conservation rel: 0.004483898647790385
Phonon: rel Sigma^R residual 5.9764e-01; lead balance 2.0146e+00 (best 2.2800e-02; internal spread 8.3396e+00)
Bubble energy balance: P_in=-5.511596e+04 P_out=-5.511596e+04 resid=2.036e-17
Writing output for iteration 389...
Iteration 390
[it 390] energy J(local)=[-2.8179 42.1827  8.2534]
SigmaR resid-by-omega: peak w=0.73THz val=6.535e+02 in-band(<=46.4)=0.974 low(<=5)=0.181
Maximum Self-Energy Update: 653.5219918660072
Contact Current Difference: 0.0
Current Conservation abs: 162.64393592320266
Current Conservation rel: 0.004483928784001136
Phonon: rel Sigma^R residual 5.9764e-01; lead balance 2.0145e+00 (best 2.2800e-02; internal spread 8.3395e+00)
Bubble energy balance: P_in=-5.511578e+04 P_out=-5.511578e+04 resid=1.429e-16
Writing output for iteration 390...
Iteration 391
[it 391] energy J(local)=[-2.8179 42.1826  8.2533]
SigmaR resid-by-omega: peak w=0.73THz val=6.535e+02 in-band(<=46.4)=0.974 low(<=5)=0.181
Maximum Self-Energy Update: 653.5219918200172
Contact Current Difference: 0.0
Current Conservation abs: 162.644431846129
Current Conservation rel: 0.0044839408163390585
Phonon: rel Sigma^R residual 5.9764e-01; lead balance 2.0146e+00 (best 2.2800e-02; internal spread 8.3397e+00)
Bubble energy balance: P_in=-5.511598e+04 P_out=-5.511598e+04 resid=1.947e-16
Writing output for iteration 391...
Iteration 392
[it 392] energy J(local)=[-2.8179 42.1827  8.2534]
SigmaR resid-by-omega: peak w=0.73THz val=6.535e+02 in-band(<=46.4)=0.974 low(<=5)=0.181
Maximum Self-Energy Update: 653.5221506092763
Contact Current Difference: 0.0
Current Conservation abs: 162.64304781673127
Current Conservation rel: 0.0044839105553126
Phonon: rel Sigma^R residual 5.9764e-01; lead balance 2.0145e+00 (best 2.2800e-02; internal spread 8.3396e+00)
Bubble energy balance: P_in=-5.511567e+04 P_out=-5.511567e+04 resid=7.371e-17
Writing output for iteration 392...
Iteration 393
[it 393] energy J(local)=[-2.8179 42.1827  8.2534]
SigmaR resid-by-omega: peak w=0.73THz val=6.535e+02 in-band(<=46.4)=0.974 low(<=5)=0.181
Maximum Self-Energy Update: 653.5217302208575
Contact Current Difference: 0.0
Current Conservation abs: 162.64488583232378
Current Conservation rel: 0.004483941295105661
Phonon: rel Sigma^R residual 5.9764e-01; lead balance 2.0145e+00 (best 2.2800e-02; internal spread 8.3395e+00)
Bubble energy balance: P_in=-5.511626e+04 P_out=-5.511626e+04 resid=2.711e-16
Writing output for iteration 393...
Iteration 394
[it 394] energy J(local)=[-2.8179 42.1827  8.2533]
SigmaR resid-by-omega: peak w=0.73THz val=6.535e+02 in-band(<=46.4)=0.974 low(<=5)=0.181
Maximum Self-Energy Update: 653.5217762770873
Contact Current Difference: 0.0
Current Conservation abs: 162.64206379896132
Current Conservation rel: 0.004483882750666883
Phonon: rel Sigma^R residual 5.9764e-01; lead balance 2.0145e+00 (best 2.2800e-02; internal spread 8.3395e+00)
Bubble energy balance: P_in=-5.511574e+04 P_out=-5.511574e+04 resid=6.603e-17
Writing output for iteration 394...
Iteration 395
[it 395] energy J(local)=[-2.8179 42.1826  8.2534]
SigmaR resid-by-omega: peak w=0.73THz val=6.535e+02 in-band(<=46.4)=0.974 low(<=5)=0.181
Maximum Self-Energy Update: 653.5222220148218
Contact Current Difference: 0.0
Current Conservation abs: 162.6456337615964
Current Conservation rel: 0.004483971385023634
Phonon: rel Sigma^R residual 5.9764e-01; lead balance 2.0145e+00 (best 2.2800e-02; internal spread 8.3394e+00)
Bubble energy balance: P_in=-5.511618e+04 P_out=-5.511618e+04 resid=3.140e-17
Writing output for iteration 395...
Iteration 396
[it 396] energy J(local)=[-2.8179 42.1827  8.2534]
SigmaR resid-by-omega: peak w=0.73THz val=6.535e+02 in-band(<=46.4)=0.974 low(<=5)=0.181
Maximum Self-Energy Update: 653.5220149999874
Contact Current Difference: 0.0
Current Conservation abs: 162.6439973704364
Current Conservation rel: 0.004483930376056737
Phonon: rel Sigma^R residual 5.9764e-01; lead balance 2.0145e+00 (best 2.2800e-02; internal spread 8.3395e+00)
Bubble energy balance: P_in=-5.511588e+04 P_out=-5.511588e+04 resid=1.011e-16
Writing output for iteration 396...
Iteration 397
[it 397] energy J(local)=[-2.8179 42.1827  8.2534]
SigmaR resid-by-omega: peak w=0.73THz val=6.535e+02 in-band(<=46.4)=0.974 low(<=5)=0.181
Maximum Self-Energy Update: 653.5220566575654
Contact Current Difference: 0.0
Current Conservation abs: 162.6454236551981
Current Conservation rel: 0.004483959851731495
Phonon: rel Sigma^R residual 5.9764e-01; lead balance 2.0144e+00 (best 2.2800e-02; internal spread 8.3392e+00)
Bubble energy balance: P_in=-5.511620e+04 P_out=-5.511620e+04 resid=6.612e-17
Writing output for iteration 397...
Iteration 398
[it 398] energy J(local)=[-2.8179 42.1827  8.2534]
SigmaR resid-by-omega: peak w=0.73THz val=6.535e+02 in-band(<=46.4)=0.974 low(<=5)=0.181
Maximum Self-Energy Update: 653.5216132425262
Contact Current Difference: 0.0
Current Conservation abs: 162.6429029228566
Current Conservation rel: 0.0044838992567851396
Phonon: rel Sigma^R residual 5.9764e-01; lead balance 2.0144e+00 (best 2.2800e-02; internal spread 8.3394e+00)
Bubble energy balance: P_in=-5.511597e+04 P_out=-5.511597e+04 resid=4.088e-17
Writing output for iteration 398...
Iteration 399
[it 399] energy J(local)=[-2.8179 42.1827  8.2534]
SigmaR resid-by-omega: peak w=0.73THz val=6.535e+02 in-band(<=46.4)=0.974 low(<=5)=0.181
Maximum Self-Energy Update: 653.5225809263816
Contact Current Difference: 0.0
Current Conservation abs: 162.64651728082754
Current Conservation rel: 0.004483994785918686
Phonon: rel Sigma^R residual 5.9764e-01; lead balance 2.0145e+00 (best 2.2800e-02; internal spread 8.3394e+00)
Bubble energy balance: P_in=-5.511612e+04 P_out=-5.511612e+04 resid=9.433e-18
Writing output for iteration 399...
Iteration 400
[it 400] energy J(local)=[-2.8179 42.1828  8.2534]
SigmaR resid-by-omega: peak w=0.73THz val=6.535e+02 in-band(<=46.4)=0.974 low(<=5)=0.181
Maximum Self-Energy Update: 653.5208173410424
Contact Current Difference: 0.0
Current Conservation abs: 162.64284808393495
Current Conservation rel: 0.0044838925697742804
Phonon: rel Sigma^R residual 5.9764e-01; lead balance 2.0145e+00 (best 2.2800e-02; internal spread 8.3394e+00)
Bubble energy balance: P_in=-5.511598e+04 P_out=-5.511598e+04 resid=1.325e-16
Writing output for iteration 400...
Iteration 401
[it 401] energy J(local)=[-2.8179 42.1828  8.2534]
SigmaR resid-by-omega: peak w=0.73THz val=6.535e+02 in-band(<=46.4)=0.974 low(<=5)=0.181
Maximum Self-Energy Update: 653.521198126694
Contact Current Difference: 0.0
Current Conservation abs: 162.64469935370653
Current Conservation rel: 0.004483937841897295
Phonon: rel Sigma^R residual 5.9764e-01; lead balance 2.0145e+00 (best 2.2800e-02; internal spread 8.3394e+00)
Bubble energy balance: P_in=-5.511603e+04 P_out=-5.511603e+04 resid=3.051e-17
Writing output for iteration 401...
Iteration 402
[it 402] energy J(local)=[-2.8179 42.1827  8.2534]
SigmaR resid-by-omega: peak w=0.73THz val=6.535e+02 in-band(<=46.4)=0.974 low(<=5)=0.181
Maximum Self-Energy Update: 653.5215907476575
Contact Current Difference: 0.0
Current Conservation abs: 162.64253263466526
Current Conservation rel: 0.004483889795092549
Phonon: rel Sigma^R residual 5.9764e-01; lead balance 2.0144e+00 (best 2.2800e-02; internal spread 8.3393e+00)
Bubble energy balance: P_in=-5.511593e+04 P_out=-5.511593e+04 resid=2.058e-16
Writing output for iteration 402...
Iteration 403
[it 403] energy J(local)=[-2.8179 42.1827  8.2534]
SigmaR resid-by-omega: peak w=0.73THz val=6.535e+02 in-band(<=46.4)=0.974 low(<=5)=0.181
Maximum Self-Energy Update: 653.5221031574127
Contact Current Difference: 0.0
Current Conservation abs: 162.64451810228275
Current Conservation rel: 0.004483943666806536
Phonon: rel Sigma^R residual 5.9764e-01; lead balance 2.0145e+00 (best 2.2800e-02; internal spread 8.3395e+00)
Bubble energy balance: P_in=-5.511583e+04 P_out=-5.511583e+04 resid=9.650e-18
Writing output for iteration 403...
Iteration 404
[it 404] energy J(local)=[-2.8179 42.1828  8.2534]
SigmaR resid-by-omega: peak w=0.73THz val=6.535e+02 in-band(<=46.4)=0.974 low(<=5)=0.181
Maximum Self-Energy Update: 653.5218215370138
Contact Current Difference: 0.0
Current Conservation abs: 162.64343706220097
Current Conservation rel: 0.004483913685483726
Phonon: rel Sigma^R residual 5.9764e-01; lead balance 2.0145e+00 (best 2.2800e-02; internal spread 8.3394e+00)
Bubble energy balance: P_in=-5.511581e+04 P_out=-5.511581e+04 resid=7.734e-17
Writing output for iteration 404...
Iteration 405
[it 405] energy J(local)=[-2.8179 42.1827  8.2534]
SigmaR resid-by-omega: peak w=0.73THz val=6.535e+02 in-band(<=46.4)=0.974 low(<=5)=0.181
Maximum Self-Energy Update: 653.5218893318156
Contact Current Difference: 0.0
Current Conservation abs: 162.64505798756727
Current Conservation rel: 0.0044839572451470435
Phonon: rel Sigma^R residual 5.9764e-01; lead balance 2.0146e+00 (best 2.2800e-02; internal spread 8.3396e+00)
Bubble energy balance: P_in=-5.511586e+04 P_out=-5.511586e+04 resid=6.807e-17
Writing output for iteration 405...
Iteration 406
[it 406] energy J(local)=[-2.8179 42.1826  8.2534]
SigmaR resid-by-omega: peak w=0.73THz val=6.535e+02 in-band(<=46.4)=0.974 low(<=5)=0.181
Maximum Self-Energy Update: 653.5221154335603
Contact Current Difference: 0.0
Current Conservation abs: 162.64385046133248
Current Conservation rel: 0.0044839270813394295
Phonon: rel Sigma^R residual 5.9764e-01; lead balance 2.0145e+00 (best 2.2800e-02; internal spread 8.3395e+00)
Bubble energy balance: P_in=-5.511591e+04 P_out=-5.511591e+04 resid=8.887e-17
Writing output for iteration 406...
Iteration 407
[it 407] energy J(local)=[-2.8179 42.1826  8.2534]
SigmaR resid-by-omega: peak w=0.73THz val=6.535e+02 in-band(<=46.4)=0.974 low(<=5)=0.181
Maximum Self-Energy Update: 653.5226266289308
Contact Current Difference: 0.0
Current Conservation abs: 162.64342932603904
Current Conservation rel: 0.0044839226937159705
Phonon: rel Sigma^R residual 5.9764e-01; lead balance 2.0145e+00 (best 2.2800e-02; internal spread 8.3396e+00)
Bubble energy balance: P_in=-5.511572e+04 P_out=-5.511572e+04 resid=2.364e-16
Writing output for iteration 407...
Iteration 408
[it 408] energy J(local)=[-2.8179 42.1828  8.2534]
SigmaR resid-by-omega: peak w=0.73THz val=6.535e+02 in-band(<=46.4)=0.974 low(<=5)=0.181
Maximum Self-Energy Update: 653.521468350932
Contact Current Difference: 0.0
Current Conservation abs: 162.6439199933302
Current Conservation rel: 0.004483921072054041
Phonon: rel Sigma^R residual 5.9764e-01; lead balance 2.0145e+00 (best 2.2800e-02; internal spread 8.3394e+00)
Bubble energy balance: P_in=-5.511592e+04 P_out=-5.511592e+04 resid=8.165e-18
Writing output for iteration 408...
Iteration 409
[it 409] energy J(local)=[-2.8179 42.1826  8.2534]
SigmaR resid-by-omega: peak w=0.73THz val=6.535e+02 in-band(<=46.4)=0.974 low(<=5)=0.181
Maximum Self-Energy Update: 653.5224861564003
Contact Current Difference: 0.0
Current Conservation abs: 162.64526923175436
Current Conservation rel: 0.004483966874550221
Phonon: rel Sigma^R residual 5.9764e-01; lead balance 2.0145e+00 (best 2.2800e-02; internal spread 8.3396e+00)
Bubble energy balance: P_in=-5.511591e+04 P_out=-5.511591e+04 resid=1.327e-16
Writing output for iteration 409...
Iteration 410
[it 410] energy J(local)=[-2.8179 42.1827  8.2534]
SigmaR resid-by-omega: peak w=0.73THz val=6.535e+02 in-band(<=46.4)=0.974 low(<=5)=0.181
Maximum Self-Energy Update: 653.5219682321977
Contact Current Difference: 0.0
Current Conservation abs: 162.64441548607283
Current Conservation rel: 0.004483937439705182
Phonon: rel Sigma^R residual 5.9764e-01; lead balance 2.0145e+00 (best 2.2800e-02; internal spread 8.3394e+00)
Bubble energy balance: P_in=-5.511601e+04 P_out=-5.511601e+04 resid=3.746e-18
Writing output for iteration 410...
Iteration 411
[it 411] energy J(local)=[-2.8179 42.1826  8.2534]
SigmaR resid-by-omega: peak w=0.73THz val=6.535e+02 in-band(<=46.4)=0.974 low(<=5)=0.181
Maximum Self-Energy Update: 653.5223281720066
Contact Current Difference: 0.0
Current Conservation abs: 162.64388846462316
Current Conservation rel: 0.0044839309626655095
Phonon: rel Sigma^R residual 5.9764e-01; lead balance 2.0146e+00 (best 2.2800e-02; internal spread 8.3397e+00)
Bubble energy balance: P_in=-5.511587e+04 P_out=-5.511587e+04 resid=9.071e-17
Writing output for iteration 411...
Iteration 412
[it 412] energy J(local)=[-2.8179 42.1827  8.2534]
SigmaR resid-by-omega: peak w=0.73THz val=6.535e+02 in-band(<=46.4)=0.974 low(<=5)=0.181
Maximum Self-Energy Update: 653.5219819441828
Contact Current Difference: 0.0
Current Conservation abs: 162.64418872361057
Current Conservation rel: 0.004483928970689155
Phonon: rel Sigma^R residual 5.9764e-01; lead balance 2.0145e+00 (best 2.2800e-02; internal spread 8.3394e+00)
Bubble energy balance: P_in=-5.511608e+04 P_out=-5.511608e+04 resid=1.047e-16
Writing output for iteration 412...
Iteration 413
[it 413] energy J(local)=[-2.8179 42.1826  8.2534]
SigmaR resid-by-omega: peak w=0.73THz val=6.535e+02 in-band(<=46.4)=0.974 low(<=5)=0.181
Maximum Self-Energy Update: 653.5224153859876
Contact Current Difference: 0.0
Current Conservation abs: 162.6442756093602
Current Conservation rel: 0.004483936261381382
Phonon: rel Sigma^R residual 5.9764e-01; lead balance 2.0145e+00 (best 2.2800e-02; internal spread 8.3395e+00)
Bubble energy balance: P_in=-5.511606e+04 P_out=-5.511606e+04 resid=1.433e-17
Writing output for iteration 413...
Iteration 414
[it 414] energy J(local)=[-2.8179 42.1827  8.2534]
SigmaR resid-by-omega: peak w=0.73THz val=6.535e+02 in-band(<=46.4)=0.974 low(<=5)=0.181
Maximum Self-Energy Update: 653.5219447160513
Contact Current Difference: 0.0
Current Conservation abs: 162.64571602742217
Current Conservation rel: 0.004483968751864441
Phonon: rel Sigma^R residual 5.9764e-01; lead balance 2.0144e+00 (best 2.2800e-02; internal spread 8.3393e+00)
Bubble energy balance: P_in=-5.511614e+04 P_out=-5.511614e+04 resid=3.295e-17
Writing output for iteration 414...
Iteration 415
[it 415] energy J(local)=[-2.8179 42.1828  8.2534]
SigmaR resid-by-omega: peak w=0.73THz val=6.535e+02 in-band(<=46.4)=0.974 low(<=5)=0.181
Maximum Self-Energy Update: 653.5218634392469
Contact Current Difference: 0.0
Current Conservation abs: 162.6433968933925
Current Conservation rel: 0.004483910470701508
Phonon: rel Sigma^R residual 5.9764e-01; lead balance 2.0145e+00 (best 2.2800e-02; internal spread 8.3395e+00)
Bubble energy balance: P_in=-5.511591e+04 P_out=-5.511591e+04 resid=7.639e-17
Writing output for iteration 415...
Iteration 416
[it 416] energy J(local)=[-2.8179 42.1827  8.2534]
SigmaR resid-by-omega: peak w=0.73THz val=6.535e+02 in-band(<=46.4)=0.974 low(<=5)=0.181
Maximum Self-Energy Update: 653.5221580746773
Contact Current Difference: 0.0
Current Conservation abs: 162.64376154433558
Current Conservation rel: 0.004483924508869153
Phonon: rel Sigma^R residual 5.9764e-01; lead balance 2.0145e+00 (best 2.2800e-02; internal spread 8.3394e+00)
Bubble energy balance: P_in=-5.511593e+04 P_out=-5.511593e+04 resid=1.254e-17
Writing output for iteration 416...
Iteration 417
[it 417] energy J(local)=[-2.8179 42.1827  8.2534]
SigmaR resid-by-omega: peak w=0.73THz val=6.535e+02 in-band(<=46.4)=0.974 low(<=5)=0.181
Maximum Self-Energy Update: 653.5222100179319
Contact Current Difference: 0.0
Current Conservation abs: 162.6447086703629
Current Conservation rel: 0.0044839450863327765
Phonon: rel Sigma^R residual 5.9764e-01; lead balance 2.0145e+00 (best 2.2800e-02; internal spread 8.3395e+00)
Bubble energy balance: P_in=-5.511604e+04 P_out=-5.511604e+04 resid=7.255e-17
Writing output for iteration 417...
Iteration 418
[it 418] energy J(local)=[-2.8179 42.1827  8.2534]
SigmaR resid-by-omega: peak w=0.73THz val=6.535e+02 in-band(<=46.4)=0.974 low(<=5)=0.181
Maximum Self-Energy Update: 653.5220049181796
Contact Current Difference: 0.0
Current Conservation abs: 162.64584638257293
Current Conservation rel: 0.004483972449491609
Phonon: rel Sigma^R residual 5.9764e-01; lead balance 2.0144e+00 (best 2.2800e-02; internal spread 8.3393e+00)
Bubble energy balance: P_in=-5.511619e+04 P_out=-5.511619e+04 resid=8.043e-17
Writing output for iteration 418...
Iteration 419
[it 419] energy J(local)=[-2.8179 42.1829  8.2534]
SigmaR resid-by-omega: peak w=0.73THz val=6.535e+02 in-band(<=46.4)=0.974 low(<=5)=0.181
Maximum Self-Energy Update: 653.5213169759529
Contact Current Difference: 0.0
Current Conservation abs: 162.6447540004956
Current Conservation rel: 0.004483939888385463
Phonon: rel Sigma^R residual 5.9764e-01; lead balance 2.0145e+00 (best 2.2800e-02; internal spread 8.3395e+00)
Bubble energy balance: P_in=-5.511598e+04 P_out=-5.511598e+04 resid=1.037e-17
Writing output for iteration 419...
Iteration 420
[it 420] energy J(local)=[-2.8179 42.1828  8.2534]
SigmaR resid-by-omega: peak w=0.73THz val=6.535e+02 in-band(<=46.4)=0.974 low(<=5)=0.181
Maximum Self-Energy Update: 653.5211249062655
Contact Current Difference: 0.0
Current Conservation abs: 162.64432313367797
Current Conservation rel: 0.0044839325674231505
Phonon: rel Sigma^R residual 5.9764e-01; lead balance 2.0145e+00 (best 2.2800e-02; internal spread 8.3394e+00)
Bubble energy balance: P_in=-5.511597e+04 P_out=-5.511597e+04 resid=1.328e-16
  JFNK newton#10: gmres_m=50 inner_res/||R||=9.34e-01 ||R||=2.243e+05 ||delta||=4.161e+04 trust=0.17 mu=0.00e+00
Writing output for iteration 420...
Iteration 421
[it 421] energy J(local)=[-1.3331 35.0216  5.8338]
SigmaR resid-by-omega: peak w=10.27THz val=6.543e+02 in-band(<=46.4)=0.974 low(<=5)=0.185
Maximum Self-Energy Update: 654.3478463092592
Contact Current Difference: 0.0
Current Conservation abs: 442.69861574999595
Current Conservation rel: 0.014901537777268702
Phonon: rel Sigma^R residual 5.3592e-01; lead balance 1.4723e-01 (best 2.2800e-02; internal spread 3.3641e+00)
Bubble energy balance: P_in=-3.347931e+04 P_out=-3.347931e+04 resid=1.360e-16
Writing output for iteration 421...
Iteration 422
[it 422] energy J(local)=[-1.3331 35.0215  5.8338]
SigmaR resid-by-omega: peak w=10.27THz val=6.543e+02 in-band(<=46.4)=0.974 low(<=5)=0.185
Maximum Self-Energy Update: 654.3487325621127
Contact Current Difference: 0.0
Current Conservation abs: 442.69674044975
Current Conservation rel: 0.014901523041441005
Phonon: rel Sigma^R residual 5.3592e-01; lead balance 1.4723e-01 (best 2.2800e-02; internal spread 3.3641e+00)
Bubble energy balance: P_in=-3.347904e+04 P_out=-3.347904e+04 resid=1.089e-16
Writing output for iteration 422...
Iteration 423
[it 423] energy J(local)=[-1.3331 35.0216  5.8338]
SigmaR resid-by-omega: peak w=10.27THz val=6.543e+02 in-band(<=46.4)=0.974 low(<=5)=0.185
Maximum Self-Energy Update: 654.3481050004409
Contact Current Difference: 0.0
Current Conservation abs: 442.6972286341934
Current Conservation rel: 0.014901509051288724
Phonon: rel Sigma^R residual 5.3592e-01; lead balance 1.4723e-01 (best 2.2800e-02; internal spread 3.3641e+00)
Bubble energy balance: P_in=-3.347920e+04 P_out=-3.347920e+04 resid=2.173e-16
Writing output for iteration 423...
Iteration 424
[it 424] energy J(local)=[-1.3331 35.0216  5.8338]
SigmaR resid-by-omega: peak w=10.27THz val=6.543e+02 in-band(<=46.4)=0.974 low(<=5)=0.185
Maximum Self-Energy Update: 654.3475384707775
Contact Current Difference: 0.0
Current Conservation abs: 442.69733717505915
Current Conservation rel: 0.014901498419064255
Phonon: rel Sigma^R residual 5.3592e-01; lead balance 1.4723e-01 (best 2.2800e-02; internal spread 3.3641e+00)
Bubble energy balance: P_in=-3.347935e+04 P_out=-3.347935e+04 resid=8.013e-17
Writing output for iteration 424...
Iteration 425
[it 425] energy J(local)=[-1.3331 35.0215  5.8338]
SigmaR resid-by-omega: peak w=10.27THz val=6.543e+02 in-band(<=46.4)=0.974 low(<=5)=0.185
Maximum Self-Energy Update: 654.3477635983076
Contact Current Difference: 0.0
Current Conservation abs: 442.6977622287468
Current Conservation rel: 0.01490152204769807
Phonon: rel Sigma^R residual 5.3592e-01; lead balance 1.4723e-01 (best 2.2800e-02; internal spread 3.3641e+00)
Bubble energy balance: P_in=-3.347933e+04 P_out=-3.347933e+04 resid=3.274e-16
Writing output for iteration 425...
Iteration 426
[it 426] energy J(local)=[-1.3331 35.0215  5.8338]
SigmaR resid-by-omega: peak w=10.27THz val=6.543e+02 in-band(<=46.4)=0.974 low(<=5)=0.185
Maximum Self-Energy Update: 654.3483347653925
Contact Current Difference: 0.0
Current Conservation abs: 442.6998688115691
Current Conservation rel: 0.014901589270507911
Phonon: rel Sigma^R residual 5.3592e-01; lead balance 1.4723e-01 (best 2.2800e-02; internal spread 3.3641e+00)
Bubble energy balance: P_in=-3.347917e+04 P_out=-3.347917e+04 resid=1.147e-16
Writing output for iteration 426...
Iteration 427
[it 427] energy J(local)=[-1.3331 35.0217  5.8338]
SigmaR resid-by-omega: peak w=10.27THz val=6.543e+02 in-band(<=46.4)=0.974 low(<=5)=0.185
Maximum Self-Energy Update: 654.3476138484148
Contact Current Difference: 0.0
Current Conservation abs: 442.70147280677884
Current Conservation rel: 0.014901589890430673
Phonon: rel Sigma^R residual 5.3592e-01; lead balance 1.4723e-01 (best 2.2800e-02; internal spread 3.3641e+00)
Bubble energy balance: P_in=-3.347927e+04 P_out=-3.347927e+04 resid=2.294e-16
Writing output for iteration 427...
Iteration 428
[it 428] energy J(local)=[-1.3331 35.0215  5.8338]
SigmaR resid-by-omega: peak w=10.27THz val=6.543e+02 in-band(<=46.4)=0.974 low(<=5)=0.185
Maximum Self-Energy Update: 654.3484110111555
Contact Current Difference: 0.0
Current Conservation abs: 442.70001665751806
Current Conservation rel: 0.014901578523781371
Phonon: rel Sigma^R residual 5.3592e-01; lead balance 1.4723e-01 (best 2.2800e-02; internal spread 3.3641e+00)
Bubble energy balance: P_in=-3.347929e+04 P_out=-3.347929e+04 resid=2.980e-17
Writing output for iteration 428...
Iteration 429
[it 429] energy J(local)=[-1.3331 35.0214  5.8338]
SigmaR resid-by-omega: peak w=10.27THz val=6.543e+02 in-band(<=46.4)=0.974 low(<=5)=0.185
Maximum Self-Energy Update: 654.347317256807
Contact Current Difference: 0.0
Current Conservation abs: 442.697716461269
Current Conservation rel: 0.014901548098056619
Phonon: rel Sigma^R residual 5.3592e-01; lead balance 1.4724e-01 (best 2.2800e-02; internal spread 3.3641e+00)
Bubble energy balance: P_in=-3.347916e+04 P_out=-3.347916e+04 resid=3.285e-16
Writing output for iteration 429...
Iteration 430
[it 430] energy J(local)=[-1.3331 35.0216  5.8338]
SigmaR resid-by-omega: peak w=10.27THz val=6.543e+02 in-band(<=46.4)=0.974 low(<=5)=0.185
Maximum Self-Energy Update: 654.3471708780115
Contact Current Difference: 0.0
Current Conservation abs: 442.69974778294636
Current Conservation rel: 0.014901558921391379
Phonon: rel Sigma^R residual 5.3592e-01; lead balance 1.4724e-01 (best 2.2800e-02; internal spread 3.3641e+00)
Bubble energy balance: P_in=-3.347924e+04 P_out=-3.347924e+04 resid=3.770e-16
Writing output for iteration 430...
Iteration 431
[it 431] energy J(local)=[-1.3331 35.0217  5.8338]
SigmaR resid-by-omega: peak w=10.27THz val=6.543e+02 in-band(<=46.4)=0.974 low(<=5)=0.185
Maximum Self-Energy Update: 654.347410231697
Contact Current Difference: 0.0
Current Conservation abs: 442.70060929731517
Current Conservation rel: 0.014901573624929993
Phonon: rel Sigma^R residual 5.3592e-01; lead balance 1.4724e-01 (best 2.2800e-02; internal spread 3.3641e+00)
Bubble energy balance: P_in=-3.347935e+04 P_out=-3.347935e+04 resid=2.421e-16
Writing output for iteration 431...
Iteration 432
[it 432] energy J(local)=[-1.3331 35.0214  5.8338]
SigmaR resid-by-omega: peak w=10.27THz val=6.543e+02 in-band(<=46.4)=0.974 low(<=5)=0.185
Maximum Self-Energy Update: 654.3473797074126
Contact Current Difference: 0.0
Current Conservation abs: 442.6983712798119
Current Conservation rel: 0.014901538214093586
Phonon: rel Sigma^R residual 5.3592e-01; lead balance 1.4723e-01 (best 2.2800e-02; internal spread 3.3641e+00)
Bubble energy balance: P_in=-3.347945e+04 P_out=-3.347945e+04 resid=2.211e-16
Writing output for iteration 432...
Iteration 433
[it 433] energy J(local)=[-1.3331 35.0215  5.8338]
SigmaR resid-by-omega: peak w=10.27THz val=6.543e+02 in-band(<=46.4)=0.974 low(<=5)=0.185
Maximum Self-Energy Update: 654.348034528446
Contact Current Difference: 0.0
Current Conservation abs: 442.69964950964095
Current Conservation rel: 0.01490158335679281
Phonon: rel Sigma^R residual 5.3592e-01; lead balance 1.4723e-01 (best 2.2800e-02; internal spread 3.3641e+00)
Bubble energy balance: P_in=-3.347926e+04 P_out=-3.347926e+04 resid=2.272e-16
Writing output for iteration 433...
Iteration 434
[it 434] energy J(local)=[-1.3331 35.0216  5.8338]
SigmaR resid-by-omega: peak w=10.27THz val=6.543e+02 in-band(<=46.4)=0.974 low(<=5)=0.185
Maximum Self-Energy Update: 654.3477156872127
Contact Current Difference: 0.0
Current Conservation abs: 442.6984261464604
Current Conservation rel: 0.014901549261858911
Phonon: rel Sigma^R residual 5.3592e-01; lead balance 1.4723e-01 (best 2.2800e-02; internal spread 3.3641e+00)
Bubble energy balance: P_in=-3.347920e+04 P_out=-3.347920e+04 resid=2.606e-16
Writing output for iteration 434...
Iteration 435
[it 435] energy J(local)=[-1.3331 35.0215  5.8338]
SigmaR resid-by-omega: peak w=10.27THz val=6.543e+02 in-band(<=46.4)=0.974 low(<=5)=0.185
Maximum Self-Energy Update: 654.3480200606035
Contact Current Difference: 0.0
Current Conservation abs: 442.6990607855041
Current Conservation rel: 0.014901560270091575
Phonon: rel Sigma^R residual 5.3592e-01; lead balance 1.4723e-01 (best 2.2800e-02; internal spread 3.3641e+00)
Bubble energy balance: P_in=-3.347924e+04 P_out=-3.347924e+04 resid=1.270e-16
Writing output for iteration 435...
Iteration 436
[it 436] energy J(local)=[-1.3331 35.0216  5.8338]
SigmaR resid-by-omega: peak w=10.27THz val=6.543e+02 in-band(<=46.4)=0.974 low(<=5)=0.185
Maximum Self-Energy Update: 654.348494662153
Contact Current Difference: 0.0
Current Conservation abs: 442.6999436155984
Current Conservation rel: 0.014901571730466315
Phonon: rel Sigma^R residual 5.3592e-01; lead balance 1.4723e-01 (best 2.2800e-02; internal spread 3.3641e+00)
Bubble energy balance: P_in=-3.347924e+04 P_out=-3.347924e+04 resid=2.177e-16
Writing output for iteration 436...
Iteration 437
[it 437] energy J(local)=[-1.3331 35.0216  5.8338]
SigmaR resid-by-omega: peak w=10.27THz val=6.543e+02 in-band(<=46.4)=0.974 low(<=5)=0.185
Maximum Self-Energy Update: 654.3474153927167
Contact Current Difference: 0.0
Current Conservation abs: 442.69983286259776
Current Conservation rel: 0.01490156690146176
Phonon: rel Sigma^R residual 5.3592e-01; lead balance 1.4724e-01 (best 2.2800e-02; internal spread 3.3641e+00)
Bubble energy balance: P_in=-3.347931e+04 P_out=-3.347931e+04 resid=1.760e-16
Writing output for iteration 437...
Iteration 438
[it 438] energy J(local)=[-1.3331 35.0216  5.8338]
SigmaR resid-by-omega: peak w=10.27THz val=6.543e+02 in-band(<=46.4)=0.974 low(<=5)=0.185
Maximum Self-Energy Update: 654.3491445784973
Contact Current Difference: 0.0
Current Conservation abs: 442.69973218230007
Current Conservation rel: 0.014901581203318219
Phonon: rel Sigma^R residual 5.3592e-01; lead balance 1.4723e-01 (best 2.2800e-02; internal spread 3.3641e+00)
Bubble energy balance: P_in=-3.347916e+04 P_out=-3.347916e+04 resid=2.387e-16
Writing output for iteration 438...
Iteration 439
[it 439] energy J(local)=[-1.3331 35.0216  5.8338]
SigmaR resid-by-omega: peak w=10.27THz val=6.543e+02 in-band(<=46.4)=0.974 low(<=5)=0.185
Maximum Self-Energy Update: 654.3476147297923
Contact Current Difference: 0.0
Current Conservation abs: 442.69919450037196
Current Conservation rel: 0.014901563811291468
Phonon: rel Sigma^R residual 5.3592e-01; lead balance 1.4723e-01 (best 2.2800e-02; internal spread 3.3641e+00)
Bubble energy balance: P_in=-3.347922e+04 P_out=-3.347922e+04 resid=1.136e-16
Writing output for iteration 439...
Iteration 440
[it 440] energy J(local)=[-1.3331 35.0216  5.8338]
SigmaR resid-by-omega: peak w=10.27THz val=6.543e+02 in-band(<=46.4)=0.974 low(<=5)=0.185
Maximum Self-Energy Update: 654.3484108865704
Contact Current Difference: 0.0
Current Conservation abs: 442.6987810677929
Current Conservation rel: 0.014901538155641242
Phonon: rel Sigma^R residual 5.3592e-01; lead balance 1.4723e-01 (best 2.2800e-02; internal spread 3.3641e+00)
Bubble energy balance: P_in=-3.347924e+04 P_out=-3.347924e+04 resid=4.016e-16
Writing output for iteration 440...
Iteration 441
[it 441] energy J(local)=[-1.3331 35.0216  5.8338]
SigmaR resid-by-omega: peak w=10.27THz val=6.543e+02 in-band(<=46.4)=0.974 low(<=5)=0.185
Maximum Self-Energy Update: 654.347206455063
Contact Current Difference: 0.0
Current Conservation abs: 442.69873897258003
Current Conservation rel: 0.014901516945599108
Phonon: rel Sigma^R residual 5.3592e-01; lead balance 1.4723e-01 (best 2.2800e-02; internal spread 3.3641e+00)
Bubble energy balance: P_in=-3.347944e+04 P_out=-3.347944e+04 resid=1.103e-16
Writing output for iteration 441...
Iteration 442
[it 442] energy J(local)=[-1.3331 35.0215  5.8338]
SigmaR resid-by-omega: peak w=10.27THz val=6.543e+02 in-band(<=46.4)=0.974 low(<=5)=0.185
Maximum Self-Energy Update: 654.3481073451
Contact Current Difference: 0.0
Current Conservation abs: 442.6981174436023
Current Conservation rel: 0.014901522279688911
Phonon: rel Sigma^R residual 5.3592e-01; lead balance 1.4724e-01 (best 2.2800e-02; internal spread 3.3641e+00)
Bubble energy balance: P_in=-3.347934e+04 P_out=-3.347934e+04 resid=2.175e-16
Writing output for iteration 442...
Iteration 443
[it 443] energy J(local)=[-1.3331 35.0216  5.8338]
SigmaR resid-by-omega: peak w=10.27THz val=6.543e+02 in-band(<=46.4)=0.974 low(<=5)=0.185
Maximum Self-Energy Update: 654.3477256493596
Contact Current Difference: 0.0
Current Conservation abs: 442.697977252923
Current Conservation rel: 0.014901501260654202
Phonon: rel Sigma^R residual 5.3592e-01; lead balance 1.4723e-01 (best 2.2800e-02; internal spread 3.3641e+00)
Bubble energy balance: P_in=-3.347939e+04 P_out=-3.347939e+04 resid=3.815e-16
Writing output for iteration 443...
Iteration 444
[it 444] energy J(local)=[-1.3331 35.0216  5.8338]
SigmaR resid-by-omega: peak w=10.27THz val=6.543e+02 in-band(<=46.4)=0.974 low(<=5)=0.185
Maximum Self-Energy Update: 654.3480700399772
Contact Current Difference: 0.0
Current Conservation abs: 442.69737470887776
Current Conservation rel: 0.01490150336780092
Phonon: rel Sigma^R residual 5.3592e-01; lead balance 1.4723e-01 (best 2.2800e-02; internal spread 3.3641e+00)
Bubble energy balance: P_in=-3.347926e+04 P_out=-3.347926e+04 resid=3.286e-16
Writing output for iteration 444...
Iteration 445
[it 445] energy J(local)=[-1.3331 35.0215  5.8338]
SigmaR resid-by-omega: peak w=10.27THz val=6.543e+02 in-band(<=46.4)=0.974 low(<=5)=0.185
Maximum Self-Energy Update: 654.3476764521123
Contact Current Difference: 0.0
Current Conservation abs: 442.6973147104527
Current Conservation rel: 0.014901498426293912
Phonon: rel Sigma^R residual 5.3592e-01; lead balance 1.4723e-01 (best 2.2800e-02; internal spread 3.3641e+00)
Bubble energy balance: P_in=-3.347935e+04 P_out=-3.347935e+04 resid=1.088e-16
Writing output for iteration 445...
Iteration 446
[it 446] energy J(local)=[-1.3331 35.0215  5.8338]
SigmaR resid-by-omega: peak w=10.27THz val=6.543e+02 in-band(<=46.4)=0.974 low(<=5)=0.185
Maximum Self-Energy Update: 654.3476555682819
Contact Current Difference: 0.0
Current Conservation abs: 442.6985400221074
Current Conservation rel: 0.014901535501522227
Phonon: rel Sigma^R residual 5.3592e-01; lead balance 1.4723e-01 (best 2.2800e-02; internal spread 3.3641e+00)
Bubble energy balance: P_in=-3.347934e+04 P_out=-3.347934e+04 resid=6.021e-17
Writing output for iteration 446...
Iteration 447
[it 447] energy J(local)=[-1.3331 35.0215  5.8338]
SigmaR resid-by-omega: peak w=10.27THz val=6.543e+02 in-band(<=46.4)=0.974 low(<=5)=0.185
Maximum Self-Energy Update: 654.3479023157644
Contact Current Difference: 0.0
Current Conservation abs: 442.69981710437605
Current Conservation rel: 0.014901571613223091
Phonon: rel Sigma^R residual 5.3592e-01; lead balance 1.4723e-01 (best 2.2800e-02; internal spread 3.3641e+00)
Bubble energy balance: P_in=-3.347935e+04 P_out=-3.347935e+04 resid=1.864e-16
Writing output for iteration 447...
Iteration 448
[it 448] energy J(local)=[-1.3331 35.0216  5.8338]
SigmaR resid-by-omega: peak w=10.27THz val=6.543e+02 in-band(<=46.4)=0.974 low(<=5)=0.185
Maximum Self-Energy Update: 654.3477702076364
Contact Current Difference: 0.0
Current Conservation abs: 442.6992626663832
Current Conservation rel: 0.01490154561180776
Phonon: rel Sigma^R residual 5.3592e-01; lead balance 1.4723e-01 (best 2.2800e-02; internal spread 3.3641e+00)
Bubble energy balance: P_in=-3.347940e+04 P_out=-3.347940e+04 resid=1.328e-16
Writing output for iteration 448...
Iteration 449
[it 449] energy J(local)=[-1.3331 35.0215  5.8338]
SigmaR resid-by-omega: peak w=10.27THz val=6.543e+02 in-band(<=46.4)=0.974 low(<=5)=0.185
Maximum Self-Energy Update: 654.3482252239157
Contact Current Difference: 0.0
Current Conservation abs: 442.6988281422473
Current Conservation rel: 0.014901543068320552
Phonon: rel Sigma^R residual 5.3592e-01; lead balance 1.4723e-01 (best 2.2800e-02; internal spread 3.3641e+00)
Bubble energy balance: P_in=-3.347934e+04 P_out=-3.347934e+04 resid=2.230e-16
Writing output for iteration 449...
Iteration 450
[it 450] energy J(local)=[-1.3331 35.0216  5.8338]
SigmaR resid-by-omega: peak w=10.27THz val=6.543e+02 in-band(<=46.4)=0.974 low(<=5)=0.185
Maximum Self-Energy Update: 654.3484138001211
Contact Current Difference: 0.0
Current Conservation abs: 442.69842586838604
Current Conservation rel: 0.014901531354935884
Phonon: rel Sigma^R residual 5.3592e-01; lead balance 1.4723e-01 (best 2.2800e-02; internal spread 3.3641e+00)
Bubble energy balance: P_in=-3.347930e+04 P_out=-3.347930e+04 resid=2.364e-16
Writing output for iteration 450...
Iteration 451
[it 451] energy J(local)=[-1.3331 35.0215  5.8338]
SigmaR resid-by-omega: peak w=10.27THz val=6.543e+02 in-band(<=46.4)=0.974 low(<=5)=0.185
Maximum Self-Energy Update: 654.3480999741109
Contact Current Difference: 0.0
Current Conservation abs: 442.69852003386404
Current Conservation rel: 0.014901540366961952
Phonon: rel Sigma^R residual 5.3592e-01; lead balance 1.4723e-01 (best 2.2800e-02; internal spread 3.3641e+00)
Bubble energy balance: P_in=-3.347933e+04 P_out=-3.347933e+04 resid=3.272e-16
Writing output for iteration 451...
Iteration 452
[it 452] energy J(local)=[-1.3331 35.0216  5.8338]
SigmaR resid-by-omega: peak w=10.27THz val=6.543e+02 in-band(<=46.4)=0.974 low(<=5)=0.185
Maximum Self-Energy Update: 654.3479162009435
Contact Current Difference: 0.0
Current Conservation abs: 442.6984282986541
Current Conservation rel: 0.014901528214325263
Phonon: rel Sigma^R residual 5.3592e-01; lead balance 1.4723e-01 (best 2.2800e-02; internal spread 3.3641e+00)
Bubble energy balance: P_in=-3.347938e+04 P_out=-3.347938e+04 resid=1.087e-16
Writing output for iteration 452...
Iteration 453
[it 453] energy J(local)=[-1.3331 35.0215  5.8338]
SigmaR resid-by-omega: peak w=10.27THz val=6.543e+02 in-band(<=46.4)=0.974 low(<=5)=0.185
Maximum Self-Energy Update: 654.3482412069686
Contact Current Difference: 0.0
Current Conservation abs: 442.6983222089948
Current Conservation rel: 0.014901531169895003
Phonon: rel Sigma^R residual 5.3592e-01; lead balance 1.4723e-01 (best 2.2800e-02; internal spread 3.3641e+00)
Bubble energy balance: P_in=-3.347937e+04 P_out=-3.347937e+04 resid=9.048e-19
Writing output for iteration 453...
Iteration 454
[it 454] energy J(local)=[-1.3331 35.0216  5.8338]
SigmaR resid-by-omega: peak w=10.27THz val=6.543e+02 in-band(<=46.4)=0.974 low(<=5)=0.185
Maximum Self-Energy Update: 654.3477317217786
Contact Current Difference: 0.0
Current Conservation abs: 442.69878252174385
Current Conservation rel: 0.014901522395290702
Phonon: rel Sigma^R residual 5.3592e-01; lead balance 1.4723e-01 (best 2.2800e-02; internal spread 3.3641e+00)
Bubble energy balance: P_in=-3.347946e+04 P_out=-3.347946e+04 resid=2.288e-16
Writing output for iteration 454...
Iteration 455
[it 455] energy J(local)=[-1.3331 35.0216  5.8338]
SigmaR resid-by-omega: peak w=10.27THz val=6.543e+02 in-band(<=46.4)=0.974 low(<=5)=0.185
Maximum Self-Energy Update: 654.3483896689752
Contact Current Difference: 0.0
Current Conservation abs: 442.6994631095131
Current Conservation rel: 0.014901561555751494
Phonon: rel Sigma^R residual 5.3592e-01; lead balance 1.4723e-01 (best 2.2800e-02; internal spread 3.3641e+00)
Bubble energy balance: P_in=-3.347930e+04 P_out=-3.347930e+04 resid=1.496e-17
Writing output for iteration 455...
Iteration 456
[it 456] energy J(local)=[-1.3331 35.0216  5.8338]
SigmaR resid-by-omega: peak w=10.27THz val=6.543e+02 in-band(<=46.4)=0.974 low(<=5)=0.185
Maximum Self-Energy Update: 654.3476627147484
Contact Current Difference: 0.0
Current Conservation abs: 442.69953471647386
Current Conservation rel: 0.014901549663628635
Phonon: rel Sigma^R residual 5.3592e-01; lead balance 1.4723e-01 (best 2.2800e-02; internal spread 3.3641e+00)
Bubble energy balance: P_in=-3.347937e+04 P_out=-3.347937e+04 resid=1.106e-16
Writing output for iteration 456...
Iteration 457
[it 457] energy J(local)=[-1.3331 35.0216  5.8338]
SigmaR resid-by-omega: peak w=10.27THz val=6.543e+02 in-band(<=46.4)=0.974 low(<=5)=0.185
Maximum Self-Energy Update: 654.3483198605311
Contact Current Difference: 0.0
Current Conservation abs: 442.6992612197264
Current Conservation rel: 0.014901548329673843
Phonon: rel Sigma^R residual 5.3592e-01; lead balance 1.4723e-01 (best 2.2800e-02; internal spread 3.3641e+00)
Bubble energy balance: P_in=-3.347929e+04 P_out=-3.347929e+04 resid=2.142e-16
Writing output for iteration 457...
Iteration 458
[it 458] energy J(local)=[-1.3331 35.0215  5.8338]
SigmaR resid-by-omega: peak w=10.27THz val=6.543e+02 in-band(<=46.4)=0.974 low(<=5)=0.185
Maximum Self-Energy Update: 654.3482032411746
Contact Current Difference: 0.0
Current Conservation abs: 442.69820796315616
Current Conservation rel: 0.014901534802342567
Phonon: rel Sigma^R residual 5.3592e-01; lead balance 1.4723e-01 (best 2.2800e-02; internal spread 3.3641e+00)
Bubble energy balance: P_in=-3.347923e+04 P_out=-3.347923e+04 resid=2.300e-16
Writing output for iteration 458...
Iteration 459
[it 459] energy J(local)=[-1.3331 35.0216  5.8338]
SigmaR resid-by-omega: peak w=10.27THz val=6.543e+02 in-band(<=46.4)=0.974 low(<=5)=0.185
Maximum Self-Energy Update: 654.3482587729426
Contact Current Difference: 0.0
Current Conservation abs: 442.7000622644737
Current Conservation rel: 0.01490157131357834
Phonon: rel Sigma^R residual 5.3592e-01; lead balance 1.4723e-01 (best 2.2800e-02; internal spread 3.3641e+00)
Bubble energy balance: P_in=-3.347935e+04 P_out=-3.347935e+04 resid=2.253e-16
Writing output for iteration 459...
Iteration 460
[it 460] energy J(local)=[-1.3331 35.0215  5.8338]
SigmaR resid-by-omega: peak w=10.27THz val=6.543e+02 in-band(<=46.4)=0.974 low(<=5)=0.185
Maximum Self-Energy Update: 654.3485014501514
Contact Current Difference: 0.0
Current Conservation abs: 442.69912486396424
Current Conservation rel: 0.01490156304512843
Phonon: rel Sigma^R residual 5.3592e-01; lead balance 1.4723e-01 (best 2.2800e-02; internal spread 3.3641e+00)
Bubble energy balance: P_in=-3.347923e+04 P_out=-3.347923e+04 resid=1.093e-16
Writing output for iteration 460...
Iteration 461
[it 461] energy J(local)=[-1.3331 35.0216  5.8338]
SigmaR resid-by-omega: peak w=10.27THz val=6.543e+02 in-band(<=46.4)=0.974 low(<=5)=0.185
Maximum Self-Energy Update: 654.3481258463794
Contact Current Difference: 0.0
Current Conservation abs: 442.6986110180296
Current Conservation rel: 0.01490153506607643
Phonon: rel Sigma^R residual 5.3592e-01; lead balance 1.4723e-01 (best 2.2800e-02; internal spread 3.3641e+00)
Bubble energy balance: P_in=-3.347931e+04 P_out=-3.347931e+04 resid=2.259e-16
Writing output for iteration 461...
Iteration 462
[it 462] energy J(local)=[-1.3331 35.0216  5.8338]
SigmaR resid-by-omega: peak w=10.27THz val=6.543e+02 in-band(<=46.4)=0.974 low(<=5)=0.185
Maximum Self-Energy Update: 654.3479352524571
Contact Current Difference: 0.0
Current Conservation abs: 442.6978314936696
Current Conservation rel: 0.014901516812799491
Phonon: rel Sigma^R residual 5.3592e-01; lead balance 1.4723e-01 (best 2.2800e-02; internal spread 3.3641e+00)
Bubble energy balance: P_in=-3.347926e+04 P_out=-3.347926e+04 resid=6.053e-16
Writing output for iteration 462...
Iteration 463
[it 463] energy J(local)=[-1.3331 35.0216  5.8338]
SigmaR resid-by-omega: peak w=10.27THz val=6.543e+02 in-band(<=46.4)=0.974 low(<=5)=0.185
Maximum Self-Energy Update: 654.3477924553777
Contact Current Difference: 0.0
Current Conservation abs: 442.6988977663186
Current Conservation rel: 0.014901517735899712
Phonon: rel Sigma^R residual 5.3592e-01; lead balance 1.4723e-01 (best 2.2800e-02; internal spread 3.3641e+00)
Bubble energy balance: P_in=-3.347944e+04 P_out=-3.347944e+04 resid=1.227e-16
Writing output for iteration 463...
Iteration 464
[it 464] energy J(local)=[-1.3331 35.0216  5.8338]
SigmaR resid-by-omega: peak w=10.27THz val=6.543e+02 in-band(<=46.4)=0.974 low(<=5)=0.185
Maximum Self-Energy Update: 654.3478019735246
Contact Current Difference: 0.0
Current Conservation abs: 442.6994360489225
Current Conservation rel: 0.014901554820788783
Phonon: rel Sigma^R residual 5.3592e-01; lead balance 1.4723e-01 (best 2.2800e-02; internal spread 3.3641e+00)
Bubble energy balance: P_in=-3.347935e+04 P_out=-3.347935e+04 resid=1.088e-16
Writing output for iteration 464...
Iteration 465
[it 465] energy J(local)=[-1.3331 35.0216  5.8338]
SigmaR resid-by-omega: peak w=10.27THz val=6.543e+02 in-band(<=46.4)=0.974 low(<=5)=0.185
Maximum Self-Energy Update: 654.3480158250092
Contact Current Difference: 0.0
Current Conservation abs: 442.6997340512953
Current Conservation rel: 0.014901560616809965
Phonon: rel Sigma^R residual 5.3592e-01; lead balance 1.4723e-01 (best 2.2800e-02; internal spread 3.3641e+00)
Bubble energy balance: P_in=-3.347931e+04 P_out=-3.347931e+04 resid=2.413e-16
Writing output for iteration 465...
Iteration 466
[it 466] energy J(local)=[-1.3331 35.0216  5.8338]
SigmaR resid-by-omega: peak w=10.27THz val=6.543e+02 in-band(<=46.4)=0.974 low(<=5)=0.185
Maximum Self-Energy Update: 654.3482508207383
Contact Current Difference: 0.0
Current Conservation abs: 442.6996981031116
Current Conservation rel: 0.014901567199158272
Phonon: rel Sigma^R residual 5.3592e-01; lead balance 1.4723e-01 (best 2.2800e-02; internal spread 3.3641e+00)
Bubble energy balance: P_in=-3.347932e+04 P_out=-3.347932e+04 resid=1.546e-16
Writing output for iteration 466...
Iteration 467
[it 467] energy J(local)=[-1.3331 35.0216  5.8338]
SigmaR resid-by-omega: peak w=10.27THz val=6.543e+02 in-band(<=46.4)=0.974 low(<=5)=0.185
Maximum Self-Energy Update: 654.348419391565
Contact Current Difference: 0.0
Current Conservation abs: 442.69823636936053
Current Conservation rel: 0.014901520478533563
Phonon: rel Sigma^R residual 5.3592e-01; lead balance 1.4723e-01 (best 2.2800e-02; internal spread 3.3641e+00)
Bubble energy balance: P_in=-3.347933e+04 P_out=-3.347933e+04 resid=4.046e-17
Writing output for iteration 467...
Iteration 468
[it 468] energy J(local)=[-1.3331 35.0216  5.8338]
SigmaR resid-by-omega: peak w=10.27THz val=6.543e+02 in-band(<=46.4)=0.974 low(<=5)=0.185
Maximum Self-Energy Update: 654.3480737502908
Contact Current Difference: 0.0
Current Conservation abs: 442.69897655000386
Current Conservation rel: 0.014901542326731028
Phonon: rel Sigma^R residual 5.3592e-01; lead balance 1.4723e-01 (best 2.2800e-02; internal spread 3.3641e+00)
Bubble energy balance: P_in=-3.347931e+04 P_out=-3.347931e+04 resid=1.125e-16
Writing output for iteration 468...
Iteration 469
[it 469] energy J(local)=[-1.3331 35.0215  5.8338]
SigmaR resid-by-omega: peak w=10.27THz val=6.543e+02 in-band(<=46.4)=0.974 low(<=5)=0.185
Maximum Self-Energy Update: 654.3481821026587
Contact Current Difference: 0.0
Current Conservation abs: 442.6987644437577
Current Conservation rel: 0.014901544569459888
Phonon: rel Sigma^R residual 5.3592e-01; lead balance 1.4723e-01 (best 2.2800e-02; internal spread 3.3641e+00)
Bubble energy balance: P_in=-3.347929e+04 P_out=-3.347929e+04 resid=5.439e-16
Writing output for iteration 469...
Iteration 470
[it 470] energy J(local)=[-1.3331 35.0216  5.8338]
SigmaR resid-by-omega: peak w=10.27THz val=6.543e+02 in-band(<=46.4)=0.974 low(<=5)=0.185
Maximum Self-Energy Update: 654.34771714633
Contact Current Difference: 0.0
Current Conservation abs: 442.6989993301231
Current Conservation rel: 0.014901551911156856
Phonon: rel Sigma^R residual 5.3592e-01; lead balance 1.4724e-01 (best 2.2800e-02; internal spread 3.3641e+00)
Bubble energy balance: P_in=-3.347924e+04 P_out=-3.347924e+04 resid=1.159e-16
Writing output for iteration 470...
Iteration 471
[it 471] energy J(local)=[-1.3331 35.0216  5.8338]
SigmaR resid-by-omega: peak w=10.27THz val=6.543e+02 in-band(<=46.4)=0.974 low(<=5)=0.185
Maximum Self-Energy Update: 654.3481072689406
Contact Current Difference: 0.0
Current Conservation abs: 442.6978894763906
Current Conservation rel: 0.014901526823018324
Phonon: rel Sigma^R residual 5.3592e-01; lead balance 1.4723e-01 (best 2.2800e-02; internal spread 3.3641e+00)
Bubble energy balance: P_in=-3.347922e+04 P_out=-3.347922e+04 resid=3.683e-16
  JFNK newton#11: gmres_m=50 inner_res/||R||=9.17e-01 ||R||=2.172e+05 ||delta||=2.793e+04 trust=0.17 mu=0.00e+00
Writing output for iteration 471...
Iteration 472
[it 472] energy J(local)=[-2.1251 23.6429  2.1741]
SigmaR resid-by-omega: peak w=0.73THz val=6.124e+02 in-band(<=46.4)=0.974 low(<=5)=0.187
Maximum Self-Energy Update: 612.374183833058
Contact Current Difference: 0.0
Current Conservation abs: 248.11702138829605
Current Conservation rel: 0.009109792448212061
Phonon: rel Sigma^R residual 5.2229e-01; lead balance 2.9764e-01 (best 2.2800e-02; internal spread 3.3698e+00)
Bubble energy balance: P_in=-6.071794e+04 P_out=-6.071794e+04 resid=2.657e-17
Writing output for iteration 472...
Iteration 473
[it 473] energy J(local)=[-2.1251 23.6428  2.1741]
SigmaR resid-by-omega: peak w=0.73THz val=6.124e+02 in-band(<=46.4)=0.974 low(<=5)=0.187
Maximum Self-Energy Update: 612.3744892312708
Contact Current Difference: 0.0
Current Conservation abs: 248.11638753352236
Current Conservation rel: 0.009109793792391565
Phonon: rel Sigma^R residual 5.2230e-01; lead balance 2.9764e-01 (best 2.2800e-02; internal spread 3.3698e+00)
Bubble energy balance: P_in=-6.071765e+04 P_out=-6.071765e+04 resid=1.923e-16
Writing output for iteration 473...
Iteration 474
[it 474] energy J(local)=[-2.1251 23.6429  2.1741]
SigmaR resid-by-omega: peak w=0.73THz val=6.124e+02 in-band(<=46.4)=0.974 low(<=5)=0.187
Maximum Self-Energy Update: 612.3742144304435
Contact Current Difference: 0.0
Current Conservation abs: 248.11671664046844
Current Conservation rel: 0.009109786709946234
Phonon: rel Sigma^R residual 5.2229e-01; lead balance 2.9764e-01 (best 2.2800e-02; internal spread 3.3698e+00)
Bubble energy balance: P_in=-6.071784e+04 P_out=-6.071784e+04 resid=2.767e-17
Writing output for iteration 474...
Iteration 475
[it 475] energy J(local)=[-2.1251 23.6429  2.1741]
SigmaR resid-by-omega: peak w=0.73THz val=6.124e+02 in-band(<=46.4)=0.974 low(<=5)=0.187
Maximum Self-Energy Update: 612.3740933236159
Contact Current Difference: 0.0
Current Conservation abs: 248.11658900397015
Current Conservation rel: 0.009109763783603427
Phonon: rel Sigma^R residual 5.2229e-01; lead balance 2.9764e-01 (best 2.2800e-02; internal spread 3.3698e+00)
Bubble energy balance: P_in=-6.071815e+04 P_out=-6.071815e+04 resid=3.232e-18
Writing output for iteration 475...
Iteration 476
[it 476] energy J(local)=[-2.1251 23.6429  2.1741]
SigmaR resid-by-omega: peak w=0.73THz val=6.124e+02 in-band(<=46.4)=0.974 low(<=5)=0.187
Maximum Self-Energy Update: 612.3742016372378
Contact Current Difference: 0.0
Current Conservation abs: 248.11598137621695
Current Conservation rel: 0.009109746371010786
Phonon: rel Sigma^R residual 5.2229e-01; lead balance 2.9764e-01 (best 2.2800e-02; internal spread 3.3698e+00)
Bubble energy balance: P_in=-6.071811e+04 P_out=-6.071811e+04 resid=1.802e-16
Writing output for iteration 476...
Iteration 477
[it 477] energy J(local)=[-2.1251 23.6429  2.1741]
SigmaR resid-by-omega: peak w=0.73THz val=6.124e+02 in-band(<=46.4)=0.974 low(<=5)=0.187
Maximum Self-Energy Update: 612.3742807280901
Contact Current Difference: 0.0
Current Conservation abs: 248.11699048455375
Current Conservation rel: 0.009109793318148924
Phonon: rel Sigma^R residual 5.2230e-01; lead balance 2.9764e-01 (best 2.2800e-02; internal spread 3.3698e+00)
Bubble energy balance: P_in=-6.071794e+04 P_out=-6.071794e+04 resid=6.251e-17
Writing output for iteration 477...
Iteration 478
[it 478] energy J(local)=[-2.1251 23.6429  2.1741]
SigmaR resid-by-omega: peak w=0.73THz val=6.124e+02 in-band(<=46.4)=0.974 low(<=5)=0.187
Maximum Self-Energy Update: 612.3741919285135
Contact Current Difference: 0.0
Current Conservation abs: 248.11680940663064
Current Conservation rel: 0.009109776719450072
Phonon: rel Sigma^R residual 5.2229e-01; lead balance 2.9764e-01 (best 2.2800e-02; internal spread 3.3698e+00)
Bubble energy balance: P_in=-6.071796e+04 P_out=-6.071796e+04 resid=1.199e-16
Writing output for iteration 478...
Iteration 479
[it 479] energy J(local)=[-2.1251 23.6429  2.1741]
SigmaR resid-by-omega: peak w=0.73THz val=6.124e+02 in-band(<=46.4)=0.974 low(<=5)=0.187
Maximum Self-Energy Update: 612.3740367488891
Contact Current Difference: 0.0
Current Conservation abs: 248.11747381560235
Current Conservation rel: 0.009109804861627187
Phonon: rel Sigma^R residual 5.2229e-01; lead balance 2.9764e-01 (best 2.2800e-02; internal spread 3.3698e+00)
Bubble energy balance: P_in=-6.071791e+04 P_out=-6.071791e+04 resid=4.967e-19
Writing output for iteration 479...
Iteration 480
[it 480] energy J(local)=[-2.1251 23.6429  2.1741]
SigmaR resid-by-omega: peak w=0.73THz val=6.124e+02 in-band(<=46.4)=0.974 low(<=5)=0.187
Maximum Self-Energy Update: 612.3741569069398
Contact Current Difference: 0.0
Current Conservation abs: 248.11551253244033
Current Conservation rel: 0.009109711005323139
Phonon: rel Sigma^R residual 5.2229e-01; lead balance 2.9764e-01 (best 2.2800e-02; internal spread 3.3698e+00)
Bubble energy balance: P_in=-6.071841e+04 P_out=-6.071841e+04 resid=7.166e-18
Writing output for iteration 480...
Iteration 481
[it 481] energy J(local)=[-2.1251 23.6429  2.1741]
SigmaR resid-by-omega: peak w=0.73THz val=6.124e+02 in-band(<=46.4)=0.974 low(<=5)=0.187
Maximum Self-Energy Update: 612.3741497931375
Contact Current Difference: 0.0
Current Conservation abs: 248.1164925258454
Current Conservation rel: 0.009109770532417225
Phonon: rel Sigma^R residual 5.2229e-01; lead balance 2.9764e-01 (best 2.2800e-02; internal spread 3.3698e+00)
Bubble energy balance: P_in=-6.071804e+04 P_out=-6.071804e+04 resid=1.924e-18
Writing output for iteration 481...
Iteration 482
[it 482] energy J(local)=[-2.1251 23.6429  2.1741]
SigmaR resid-by-omega: peak w=0.73THz val=6.124e+02 in-band(<=46.4)=0.974 low(<=5)=0.187
Maximum Self-Energy Update: 612.374275108747
Contact Current Difference: 0.0
Current Conservation abs: 248.11758133003423
Current Conservation rel: 0.009109815420065514
Phonon: rel Sigma^R residual 5.2230e-01; lead balance 2.9764e-01 (best 2.2800e-02; internal spread 3.3698e+00)
Bubble energy balance: P_in=-6.071794e+04 P_out=-6.071794e+04 resid=1.252e-16
Writing output for iteration 482...
Iteration 483
[it 483] energy J(local)=[-2.1251 23.6429  2.1741]
SigmaR resid-by-omega: peak w=0.73THz val=6.124e+02 in-band(<=46.4)=0.974 low(<=5)=0.187
Maximum Self-Energy Update: 612.3741537529787
Contact Current Difference: 0.0
Current Conservation abs: 248.11844732043573
Current Conservation rel: 0.009109856193337849
Phonon: rel Sigma^R residual 5.2229e-01; lead balance 2.9764e-01 (best 2.2800e-02; internal spread 3.3698e+00)
Bubble energy balance: P_in=-6.071765e+04 P_out=-6.071765e+04 resid=1.202e-16
Writing output for iteration 483...
Iteration 484
[it 484] energy J(local)=[-2.1251 23.6429  2.1741]
SigmaR resid-by-omega: peak w=0.73THz val=6.124e+02 in-band(<=46.4)=0.974 low(<=5)=0.187
Maximum Self-Energy Update: 612.3742452837362
Contact Current Difference: 0.0
Current Conservation abs: 248.1156995869551
Current Conservation rel: 0.009109727106733533
Phonon: rel Sigma^R residual 5.2229e-01; lead balance 2.9764e-01 (best 2.2800e-02; internal spread 3.3698e+00)
Bubble energy balance: P_in=-6.071826e+04 P_out=-6.071826e+04 resid=1.201e-16
Writing output for iteration 484...
Iteration 485
[it 485] energy J(local)=[-2.1251 23.6429  2.1741]
SigmaR resid-by-omega: peak w=0.73THz val=6.124e+02 in-band(<=46.4)=0.974 low(<=5)=0.187
Maximum Self-Energy Update: 612.3743744186338
Contact Current Difference: 0.0
Current Conservation abs: 248.11615964399607
Current Conservation rel: 0.009109768810104665
Phonon: rel Sigma^R residual 5.2230e-01; lead balance 2.9764e-01 (best 2.2800e-02; internal spread 3.3698e+00)
Bubble energy balance: P_in=-6.071786e+04 P_out=-6.071786e+04 resid=1.323e-16
Writing output for iteration 485...
Iteration 486
[it 486] energy J(local)=[-2.1251 23.6429  2.1741]
SigmaR resid-by-omega: peak w=0.73THz val=6.124e+02 in-band(<=46.4)=0.974 low(<=5)=0.187
Maximum Self-Energy Update: 612.3741651911379
Contact Current Difference: 0.0
Current Conservation abs: 248.11753401446367
Current Conservation rel: 0.009109805821683992
Phonon: rel Sigma^R residual 5.2229e-01; lead balance 2.9764e-01 (best 2.2800e-02; internal spread 3.3698e+00)
Bubble energy balance: P_in=-6.071795e+04 P_out=-6.071795e+04 resid=1.251e-16
Writing output for iteration 486...
Iteration 487
[it 487] energy J(local)=[-2.1251 23.6429  2.1741]
SigmaR resid-by-omega: peak w=0.73THz val=6.124e+02 in-band(<=46.4)=0.974 low(<=5)=0.187
Maximum Self-Energy Update: 612.3743282534538
Contact Current Difference: 0.0
Current Conservation abs: 248.1175806133524
Current Conservation rel: 0.00910981316136495
Phonon: rel Sigma^R residual 5.2230e-01; lead balance 2.9764e-01 (best 2.2800e-02; internal spread 3.3698e+00)
Bubble energy balance: P_in=-6.071783e+04 P_out=-6.071783e+04 resid=2.146e-16
Writing output for iteration 487...
Iteration 488
[it 488] energy J(local)=[-2.1251 23.6429  2.1741]
SigmaR resid-by-omega: peak w=0.73THz val=6.124e+02 in-band(<=46.4)=0.974 low(<=5)=0.187
Maximum Self-Energy Update: 612.3741162919167
Contact Current Difference: 0.0
Current Conservation abs: 248.11666902626894
Current Conservation rel: 0.009109767672479955
Phonon: rel Sigma^R residual 5.2229e-01; lead balance 2.9764e-01 (best 2.2800e-02; internal spread 3.3698e+00)
Bubble energy balance: P_in=-6.071816e+04 P_out=-6.071816e+04 resid=1.239e-16
Writing output for iteration 488...
Iteration 489
[it 489] energy J(local)=[-2.1251 23.6429  2.1741]
SigmaR resid-by-omega: peak w=0.73THz val=6.124e+02 in-band(<=46.4)=0.974 low(<=5)=0.187
Maximum Self-Energy Update: 612.3743520981478
Contact Current Difference: 0.0
Current Conservation abs: 248.11486662052994
Current Conservation rel: 0.009109701415495176
Phonon: rel Sigma^R residual 5.2230e-01; lead balance 2.9764e-01 (best 2.2800e-02; internal spread 3.3698e+00)
Bubble energy balance: P_in=-6.071821e+04 P_out=-6.071821e+04 resid=1.835e-16
Writing output for iteration 489...
Iteration 490
[it 490] energy J(local)=[-2.1251 23.6429  2.1741]
SigmaR resid-by-omega: peak w=0.73THz val=6.124e+02 in-band(<=46.4)=0.974 low(<=5)=0.187
Maximum Self-Energy Update: 612.3742510478553
Contact Current Difference: 0.0
Current Conservation abs: 248.11616997879355
Current Conservation rel: 0.009109759814193069
Phonon: rel Sigma^R residual 5.2230e-01; lead balance 2.9764e-01 (best 2.2800e-02; internal spread 3.3698e+00)
Bubble energy balance: P_in=-6.071801e+04 P_out=-6.071801e+04 resid=6.026e-17
Writing output for iteration 490...
Iteration 491
[it 491] energy J(local)=[-2.1251 23.6429  2.1741]
SigmaR resid-by-omega: peak w=0.73THz val=6.124e+02 in-band(<=46.4)=0.974 low(<=5)=0.187
Maximum Self-Energy Update: 612.3741818873083
Contact Current Difference: 0.0
Current Conservation abs: 248.1167715638876
Current Conservation rel: 0.00910977763134129
Phonon: rel Sigma^R residual 5.2229e-01; lead balance 2.9764e-01 (best 2.2800e-02; internal spread 3.3698e+00)
Bubble energy balance: P_in=-6.071800e+04 P_out=-6.071800e+04 resid=1.808e-16
Writing output for iteration 491...
Iteration 492
[it 492] energy J(local)=[-2.1251 23.6429  2.1741]
SigmaR resid-by-omega: peak w=0.73THz val=6.124e+02 in-band(<=46.4)=0.974 low(<=5)=0.187
Maximum Self-Energy Update: 612.3740925629139
Contact Current Difference: 0.0
Current Conservation abs: 248.1172709415714
Current Conservation rel: 0.009109787483357962
Phonon: rel Sigma^R residual 5.2229e-01; lead balance 2.9764e-01 (best 2.2800e-02; internal spread 3.3698e+00)
Bubble energy balance: P_in=-6.071811e+04 P_out=-6.071811e+04 resid=1.925e-16
Writing output for iteration 492...
Iteration 493
[it 493] energy J(local)=[-2.1251 23.6429  2.1741]
SigmaR resid-by-omega: peak w=0.73THz val=6.124e+02 in-band(<=46.4)=0.974 low(<=5)=0.187
Maximum Self-Energy Update: 612.3742039169307
Contact Current Difference: 0.0
Current Conservation abs: 248.1169603546059
Current Conservation rel: 0.009109794694222796
Phonon: rel Sigma^R residual 5.2229e-01; lead balance 2.9764e-01 (best 2.2800e-02; internal spread 3.3698e+00)
Bubble energy balance: P_in=-6.071795e+04 P_out=-6.071795e+04 resid=8.755e-17
Writing output for iteration 493...
Iteration 494
[it 494] energy J(local)=[-2.1251 23.6429  2.1741]
SigmaR resid-by-omega: peak w=0.73THz val=6.124e+02 in-band(<=46.4)=0.974 low(<=5)=0.187
Maximum Self-Energy Update: 612.374205471621
Contact Current Difference: 0.0
Current Conservation abs: 248.11681348199636
Current Conservation rel: 0.009109787018081806
Phonon: rel Sigma^R residual 5.2230e-01; lead balance 2.9764e-01 (best 2.2800e-02; internal spread 3.3698e+00)
Bubble energy balance: P_in=-6.071800e+04 P_out=-6.071800e+04 resid=1.338e-16
Writing output for iteration 494...
Iteration 495
[it 495] energy J(local)=[-2.1251 23.6429  2.1741]
SigmaR resid-by-omega: peak w=0.73THz val=6.124e+02 in-band(<=46.4)=0.974 low(<=5)=0.187
Maximum Self-Energy Update: 612.3742760606584
Contact Current Difference: 0.0
Current Conservation abs: 248.11685962859156
Current Conservation rel: 0.00910979903255603
Phonon: rel Sigma^R residual 5.2230e-01; lead balance 2.9764e-01 (best 2.2800e-02; internal spread 3.3698e+00)
Bubble energy balance: P_in=-6.071776e+04 P_out=-6.071776e+04 resid=1.342e-16
Writing output for iteration 495...
Iteration 496
[it 496] energy J(local)=[-2.1251 23.6429  2.1741]
SigmaR resid-by-omega: peak w=0.73THz val=6.124e+02 in-band(<=46.4)=0.974 low(<=5)=0.187
Maximum Self-Energy Update: 612.3742285637389
Contact Current Difference: 0.0
Current Conservation abs: 248.11701182218349
Current Conservation rel: 0.009109797693322565
Phonon: rel Sigma^R residual 5.2229e-01; lead balance 2.9764e-01 (best 2.2800e-02; internal spread 3.3698e+00)
Bubble energy balance: P_in=-6.071799e+04 P_out=-6.071799e+04 resid=1.858e-16
Writing output for iteration 496...
Iteration 497
[it 497] energy J(local)=[-2.1251 23.643   2.1741]
SigmaR resid-by-omega: peak w=0.73THz val=6.124e+02 in-band(<=46.4)=0.974 low(<=5)=0.187
Maximum Self-Energy Update: 612.373989976786
Contact Current Difference: 0.0
Current Conservation abs: 248.11706032894108
Current Conservation rel: 0.009109788279293693
Phonon: rel Sigma^R residual 5.2229e-01; lead balance 2.9764e-01 (best 2.2800e-02; internal spread 3.3698e+00)
Bubble energy balance: P_in=-6.071789e+04 P_out=-6.071789e+04 resid=6.513e-17
Writing output for iteration 497...
Iteration 498
[it 498] energy J(local)=[-2.1251 23.6429  2.1741]
SigmaR resid-by-omega: peak w=0.73THz val=6.124e+02 in-band(<=46.4)=0.974 low(<=5)=0.187
Maximum Self-Energy Update: 612.3741126129086
Contact Current Difference: 0.0
Current Conservation abs: 248.11700734746955
Current Conservation rel: 0.009109780712191259
Phonon: rel Sigma^R residual 5.2229e-01; lead balance 2.9764e-01 (best 2.2800e-02; internal spread 3.3698e+00)
Bubble energy balance: P_in=-6.071821e+04 P_out=-6.071821e+04 resid=2.402e-16
Writing output for iteration 498...
Iteration 499
[it 499] energy J(local)=[-2.1251 23.6429  2.1741]
SigmaR resid-by-omega: peak w=0.73THz val=6.124e+02 in-band(<=46.4)=0.974 low(<=5)=0.187
Maximum Self-Energy Update: 612.3741170044266
Contact Current Difference: 0.0
Current Conservation abs: 248.11670674167362
Current Conservation rel: 0.009109770267484048
Phonon: rel Sigma^R residual 5.2229e-01; lead balance 2.9764e-01 (best 2.2800e-02; internal spread 3.3698e+00)
Bubble energy balance: P_in=-6.071809e+04 P_out=-6.071809e+04 resid=2.404e-16
Writing output for iteration 499...
Iteration 500
[it 500] energy J(local)=[-2.1251 23.6429  2.1741]
SigmaR resid-by-omega: peak w=0.73THz val=6.124e+02 in-band(<=46.4)=0.974 low(<=5)=0.187
Maximum Self-Energy Update: 612.3741509099992
Contact Current Difference: 0.0
Current Conservation abs: 248.11659381836398
Current Conservation rel: 0.009109762153245018
Phonon: rel Sigma^R residual 5.2229e-01; lead balance 2.9764e-01 (best 2.2800e-02; internal spread 3.3698e+00)
Bubble energy balance: P_in=-6.071828e+04 P_out=-6.071828e+04 resid=6.622e-17
Writing output for iteration 500...
Iteration 501
[it 501] energy J(local)=[-2.1251 23.6429  2.1741]
SigmaR resid-by-omega: peak w=0.73THz val=6.124e+02 in-band(<=46.4)=0.974 low(<=5)=0.187
Maximum Self-Energy Update: 612.3742667607061
Contact Current Difference: 0.0
Current Conservation abs: 248.11663413774477
Current Conservation rel: 0.00910978173602158
Phonon: rel Sigma^R residual 5.2230e-01; lead balance 2.9764e-01 (best 2.2800e-02; internal spread 3.3698e+00)
Bubble energy balance: P_in=-6.071790e+04 P_out=-6.071790e+04 resid=6.928e-18
Writing output for iteration 501...
Iteration 502
[it 502] energy J(local)=[-2.1251 23.6429  2.1741]
SigmaR resid-by-omega: peak w=0.73THz val=6.124e+02 in-band(<=46.4)=0.974 low(<=5)=0.187
Maximum Self-Energy Update: 612.3740486566494
Contact Current Difference: 0.0
Current Conservation abs: 248.11648825631528
Current Conservation rel: 0.009109764612137913
Phonon: rel Sigma^R residual 5.2229e-01; lead balance 2.9764e-01 (best 2.2800e-02; internal spread 3.3698e+00)
Bubble energy balance: P_in=-6.071809e+04 P_out=-6.071809e+04 resid=1.814e-16
Writing output for iteration 502...
Iteration 503
[it 503] energy J(local)=[-2.1251 23.6429  2.1741]
SigmaR resid-by-omega: peak w=0.73THz val=6.124e+02 in-band(<=46.4)=0.974 low(<=5)=0.187
Maximum Self-Energy Update: 612.3743373403285
Contact Current Difference: 0.0
Current Conservation abs: 248.11656932045116
Current Conservation rel: 0.009109777444463072
Phonon: rel Sigma^R residual 5.2230e-01; lead balance 2.9764e-01 (best 2.2800e-02; internal spread 3.3698e+00)
Bubble energy balance: P_in=-6.071789e+04 P_out=-6.071789e+04 resid=1.024e-16
Writing output for iteration 503...
Iteration 504
[it 504] energy J(local)=[-2.1251 23.6429  2.1741]
SigmaR resid-by-omega: peak w=0.73THz val=6.124e+02 in-band(<=46.4)=0.974 low(<=5)=0.187
Maximum Self-Energy Update: 612.3739549537106
Contact Current Difference: 0.0
Current Conservation abs: 248.11613208930612
Current Conservation rel: 0.009109747035375735
Phonon: rel Sigma^R residual 5.2229e-01; lead balance 2.9764e-01 (best 2.2800e-02; internal spread 3.3698e+00)
Bubble energy balance: P_in=-6.071811e+04 P_out=-6.071811e+04 resid=1.740e-16
Writing output for iteration 504...
Iteration 505
[it 505] energy J(local)=[-2.1251 23.6429  2.1741]
SigmaR resid-by-omega: peak w=0.73THz val=6.124e+02 in-band(<=46.4)=0.974 low(<=5)=0.187
Maximum Self-Energy Update: 612.3742607310484
Contact Current Difference: 0.0
Current Conservation abs: 248.1168895499177
Current Conservation rel: 0.009109778776040245
Phonon: rel Sigma^R residual 5.2229e-01; lead balance 2.9764e-01 (best 2.2800e-02; internal spread 3.3698e+00)
Bubble energy balance: P_in=-6.071812e+04 P_out=-6.071812e+04 resid=9.141e-17
Writing output for iteration 505...
Iteration 506
[it 506] energy J(local)=[-2.1251 23.6429  2.1741]
SigmaR resid-by-omega: peak w=0.73THz val=6.124e+02 in-band(<=46.4)=0.974 low(<=5)=0.187
Maximum Self-Energy Update: 612.3739672135488
Contact Current Difference: 0.0
Current Conservation abs: 248.1161289308784
Current Conservation rel: 0.00910974628738134
Phonon: rel Sigma^R residual 5.2229e-01; lead balance 2.9764e-01 (best 2.2800e-02; internal spread 3.3698e+00)
Bubble energy balance: P_in=-6.071822e+04 P_out=-6.071822e+04 resid=6.355e-17
Writing output for iteration 506...
Iteration 507
[it 507] energy J(local)=[-2.1251 23.6429  2.1741]
SigmaR resid-by-omega: peak w=0.73THz val=6.124e+02 in-band(<=46.4)=0.974 low(<=5)=0.187
Maximum Self-Energy Update: 612.3744034263477
Contact Current Difference: 0.0
Current Conservation abs: 248.11616771835907
Current Conservation rel: 0.009109773211742235
Phonon: rel Sigma^R residual 5.2230e-01; lead balance 2.9764e-01 (best 2.2800e-02; internal spread 3.3698e+00)
Bubble energy balance: P_in=-6.071785e+04 P_out=-6.071785e+04 resid=1.014e-17
Writing output for iteration 507...
Iteration 508
[it 508] energy J(local)=[-2.1251 23.6429  2.1741]
SigmaR resid-by-omega: peak w=0.73THz val=6.124e+02 in-band(<=46.4)=0.974 low(<=5)=0.187
Maximum Self-Energy Update: 612.3741059100767
Contact Current Difference: 0.0
Current Conservation abs: 248.11681816912278
Current Conservation rel: 0.009109784817378305
Phonon: rel Sigma^R residual 5.2229e-01; lead balance 2.9764e-01 (best 2.2800e-02; internal spread 3.3698e+00)
Bubble energy balance: P_in=-6.071795e+04 P_out=-6.071795e+04 resid=1.887e-16
Writing output for iteration 508...
Iteration 509
[it 509] energy J(local)=[-2.1251 23.6429  2.1741]
SigmaR resid-by-omega: peak w=0.73THz val=6.124e+02 in-band(<=46.4)=0.974 low(<=5)=0.187
Maximum Self-Energy Update: 612.3741717733101
Contact Current Difference: 0.0
Current Conservation abs: 248.11717653906453
Current Conservation rel: 0.009109808058353975
Phonon: rel Sigma^R residual 5.2229e-01; lead balance 2.9764e-01 (best 2.2800e-02; internal spread 3.3698e+00)
Bubble energy balance: P_in=-6.071776e+04 P_out=-6.071776e+04 resid=6.129e-17
Writing output for iteration 509...
Iteration 510
[it 510] energy J(local)=[-2.1251 23.6429  2.1741]
SigmaR resid-by-omega: peak w=0.73THz val=6.124e+02 in-band(<=46.4)=0.974 low(<=5)=0.187
Maximum Self-Energy Update: 612.3740658692354
Contact Current Difference: 0.0
Current Conservation abs: 248.11772801818552
Current Conservation rel: 0.009109816068958963
Phonon: rel Sigma^R residual 5.2229e-01; lead balance 2.9764e-01 (best 2.2800e-02; internal spread 3.3698e+00)
Bubble energy balance: P_in=-6.071797e+04 P_out=-6.071797e+04 resid=6.242e-17
Writing output for iteration 510...
Iteration 511
[it 511] energy J(local)=[-2.1251 23.6429  2.1741]
SigmaR resid-by-omega: peak w=0.73THz val=6.124e+02 in-band(<=46.4)=0.974 low(<=5)=0.187
Maximum Self-Energy Update: 612.3741803517996
Contact Current Difference: 0.0
Current Conservation abs: 248.1171679724048
Current Conservation rel: 0.00910979794412059
Phonon: rel Sigma^R residual 5.2229e-01; lead balance 2.9764e-01 (best 2.2800e-02; internal spread 3.3698e+00)
Bubble energy balance: P_in=-6.071797e+04 P_out=-6.071797e+04 resid=1.847e-17
Writing output for iteration 511...
Iteration 512
[it 512] energy J(local)=[-2.1251 23.6429  2.1741]
SigmaR resid-by-omega: peak w=0.73THz val=6.124e+02 in-band(<=46.4)=0.974 low(<=5)=0.187
Maximum Self-Energy Update: 612.3741750120204
Contact Current Difference: 0.0
Current Conservation abs: 248.11751073000414
Current Conservation rel: 0.009109814074874734
Phonon: rel Sigma^R residual 5.2230e-01; lead balance 2.9764e-01 (best 2.2800e-02; internal spread 3.3698e+00)
Bubble energy balance: P_in=-6.071789e+04 P_out=-6.071789e+04 resid=6.131e-17
Writing output for iteration 512...
Iteration 513
[it 513] energy J(local)=[-2.1251 23.6429  2.1741]
SigmaR resid-by-omega: peak w=0.73THz val=6.124e+02 in-band(<=46.4)=0.974 low(<=5)=0.187
Maximum Self-Energy Update: 612.3741773616294
Contact Current Difference: 0.0
Current Conservation abs: 248.11642834933264
Current Conservation rel: 0.009109772583681163
Phonon: rel Sigma^R residual 5.2229e-01; lead balance 2.9764e-01 (best 2.2800e-02; internal spread 3.3698e+00)
Bubble energy balance: P_in=-6.071797e+04 P_out=-6.071797e+04 resid=4.201e-18
Writing output for iteration 513...
Iteration 514
[it 514] energy J(local)=[-2.1251 23.6429  2.1741]
SigmaR resid-by-omega: peak w=0.73THz val=6.124e+02 in-band(<=46.4)=0.974 low(<=5)=0.187
Maximum Self-Energy Update: 612.3742139428714
Contact Current Difference: 0.0
Current Conservation abs: 248.11758061092223
Current Conservation rel: 0.009109816354227501
Phonon: rel Sigma^R residual 5.2229e-01; lead balance 2.9764e-01 (best 2.2800e-02; internal spread 3.3698e+00)
Bubble energy balance: P_in=-6.071786e+04 P_out=-6.071786e+04 resid=1.289e-16
Writing output for iteration 514...
Iteration 515
[it 515] energy J(local)=[-2.1251 23.6429  2.1741]
SigmaR resid-by-omega: peak w=0.73THz val=6.124e+02 in-band(<=46.4)=0.974 low(<=5)=0.187
Maximum Self-Energy Update: 612.3740438058433
Contact Current Difference: 0.0
Current Conservation abs: 248.11754427239066
Current Conservation rel: 0.009109817775258152
Phonon: rel Sigma^R residual 5.2229e-01; lead balance 2.9764e-01 (best 2.2800e-02; internal spread 3.3698e+00)
Bubble energy balance: P_in=-6.071778e+04 P_out=-6.071778e+04 resid=1.238e-16
Writing output for iteration 515...
Iteration 516
[it 516] energy J(local)=[-2.1251 23.6429  2.1741]
SigmaR resid-by-omega: peak w=0.73THz val=6.124e+02 in-band(<=46.4)=0.974 low(<=5)=0.187
Maximum Self-Energy Update: 612.3742723854499
Contact Current Difference: 0.0
Current Conservation abs: 248.11674393577232
Current Conservation rel: 0.009109785590798593
Phonon: rel Sigma^R residual 5.2229e-01; lead balance 2.9764e-01 (best 2.2800e-02; internal spread 3.3698e+00)
Bubble energy balance: P_in=-6.071791e+04 P_out=-6.071791e+04 resid=1.365e-16
Writing output for iteration 516...
Iteration 517
[it 517] energy J(local)=[-2.1251 23.6429  2.1741]
SigmaR resid-by-omega: peak w=0.73THz val=6.124e+02 in-band(<=46.4)=0.974 low(<=5)=0.187
Maximum Self-Energy Update: 612.3740837487999
Contact Current Difference: 0.0
Current Conservation abs: 248.11785550738387
Current Conservation rel: 0.009109824462608876
Phonon: rel Sigma^R residual 5.2229e-01; lead balance 2.9764e-01 (best 2.2800e-02; internal spread 3.3698e+00)
Bubble energy balance: P_in=-6.071793e+04 P_out=-6.071793e+04 resid=1.851e-16
Writing output for iteration 517...
Iteration 518
[it 518] energy J(local)=[-2.1251 23.6429  2.1741]
SigmaR resid-by-omega: peak w=0.73THz val=6.124e+02 in-band(<=46.4)=0.974 low(<=5)=0.187
Maximum Self-Energy Update: 612.3741156788291
Contact Current Difference: 0.0
Current Conservation abs: 248.11709833623172
Current Conservation rel: 0.009109794611730103
Phonon: rel Sigma^R residual 5.2229e-01; lead balance 2.9764e-01 (best 2.2800e-02; internal spread 3.3698e+00)
Bubble energy balance: P_in=-6.071793e+04 P_out=-6.071793e+04 resid=3.047e-16
Writing output for iteration 518...
Iteration 519
[it 519] energy J(local)=[-2.1251 23.6429  2.1741]
SigmaR resid-by-omega: peak w=0.73THz val=6.124e+02 in-band(<=46.4)=0.974 low(<=5)=0.187
Maximum Self-Energy Update: 612.3741081022041
Contact Current Difference: 0.0
Current Conservation abs: 248.11689655959344
Current Conservation rel: 0.009109791098188748
Phonon: rel Sigma^R residual 5.2229e-01; lead balance 2.9764e-01 (best 2.2800e-02; internal spread 3.3698e+00)
Bubble energy balance: P_in=-6.071793e+04 P_out=-6.071793e+04 resid=1.202e-16
Writing output for iteration 519...
SCBA did not converge after 519 iterations.
SAVED /usr/scratch/mont-fort11/pfischill/quatrex/phonon/studies/out/conv1e10/sinw_d5a_L2_nf181_jfnk_k50_eta0.npz  final_heat=[-2.125 23.643  2.174]  best=[ -21.48  -683.426   26.635]  best_cons=0.022799570749877294
